# Blender 5.1.0
# www.blender.org
o FAH_-_Proteus_3_Final_Assembly.prt-1_Main_Hull_Mount_Right_Side.prt-2
v 94.331764 25.744766 -3.010779
v 94.489967 30.286972 -2.044227
v 89.034737 32.369141 -3.010778
v 87.039925 28.527969 -2.622197
v 93.118019 34.889374 -2.392889
v 95.949471 33.764542 -0.478452
v 94.120796 30.427872 0.968443
v 92.297157 35.164246 1.543289
v 90.290993 31.889648 0.019791
v 1.141214 73.885986 -19.511274
v 13.367838 73.342422 16.663736
v 13.438181 73.373642 -17.115297
v 12.546473 71.625229 -18.024862
v 1.141214 71.279556 -18.118010
v 116.160225 -4.913069 19.709244
v 97.082771 28.412218 19.334044
v 111.160194 -32.715248 19.615435
v 147.871597 -51.571609 18.911114
v 145.361343 -39.254494 19.256542
v 188.568283 -51.091652 18.515209
v 187.841660 -39.616562 18.355080
v 15.736872 78.587265 19.685102
v 13.162638 73.762344 18.696558
v 119.161232 -55.669937 19.488571
v 34.376076 47.785461 19.680439
v 87.432198 33.030228 19.608183
v 146.008347 2.021440 19.175415
v 71.544411 22.222017 19.675627
v 85.843452 28.909960 19.540918
v 104.961372 -49.016235 18.381241
v 132.692001 0.919740 19.229347
v 147.436722 14.193574 18.734869
v 1.146219 52.509430 19.481937
v 132.381393 -44.254883 19.233170
v 48.186943 -130.006775 19.501703
v 188.200607 2.527772 18.055607
v 188.327744 14.019883 18.743940
v 1.141214 72.444504 17.876421
v 32.919380 -126.506729 19.682947
v 90.252388 -16.569822 18.356195
v 1.583810 -129.080994 19.156630
v 1.642557 -141.347351 19.539352
v 90.502388 -61.209709 18.576401
v 71.487221 -96.730835 18.730000
v 20.417185 -139.143768 18.721191
v 21.255732 62.664413 1.753744
v 23.250345 60.836044 -1.471559
v 16.403711 62.391479 -20.254955
v 16.536356 62.517212 19.490223
v 20.159494 64.557785 -0.985268
v 19.743555 61.815552 -18.435184
v 18.427591 66.447037 -11.717306
v 19.144312 68.528122 -0.295943
v 18.468103 66.394852 11.230640
v 20.676767 61.766724 14.997823
v 32.624092 58.164352 17.703072
v 32.669701 58.150452 -18.329388
v 13.569864 73.692230 -20.316523
v 14.089808 78.351974 -20.314894
v 16.089823 78.351974 -20.314894
v 146.138168 -39.316292 -19.502281
v 147.257889 14.198820 -19.379583
v 145.347763 2.064909 -19.908974
v 188.568283 13.999342 -19.144991
v 187.857162 2.472838 -18.997261
v 147.849533 -51.536781 -19.663845
v 1.151697 52.073608 -19.954453
v 188.334305 -51.091652 -19.378960
v 8.543558 66.010544 -20.118174
v 121.017311 -35.360321 -20.334608
v 108.707069 -29.133135 -20.300077
v 109.439461 -47.353622 -20.290894
v 108.081459 13.804213 -20.106272
v 5.523263 65.959076 -20.008280
v 7.589654 68.863113 -19.922869
v 1.586328 -129.587509 -19.924383
v 25.143030 -128.528137 -20.314066
v 59.044044 -108.661621 -19.241848
v 52.726067 -126.934128 -19.799948
v 77.150246 -87.418495 -18.868605
v 75.220863 12.572829 -18.868725
v 46.700523 43.009048 -20.294590
v 90.507576 -16.271334 -19.328970
v 1.669717 -143.100418 -19.200157
v 90.309669 -60.941360 -18.985973
v 17.373926 -139.967102 -20.188862
v 22.004984 -138.713806 -20.162176
v 107.895851 13.861986 19.305643
v 118.975685 -55.908043 -20.104111
v 1.649469 -142.453064 0.739811
v 1.693857 -147.969803 3.258206
v 1.643793 -141.299255 -2.657844
v 1.633905 -139.282425 1.982410
v 1.627740 -138.026276 -1.180441
v 34.332924 -135.253021 -0.259323
v 167.111282 -51.021736 5.298470
v 175.131699 -50.892387 2.334542
v 173.287918 -51.022789 -4.808091
v 163.320633 -50.917656 0.413922
v 167.839005 -50.964211 -6.060441
v 175.456955 -39.158981 0.533051
v 188.123947 -39.629990 -18.799671
v 164.492508 -39.204727 2.695452
v 163.780014 -39.270309 -1.799599
v 170.146347 -39.284714 5.731449
v 173.350021 -39.356651 -5.205557
v 167.154861 -39.204727 -5.668385
v 164.227951 2.039505 2.427825
v 174.392563 2.054825 -3.619035
v 168.855484 2.082551 5.398192
v 174.753891 2.125412 2.824034
v 168.714218 2.150665 -6.130532
v 164.636612 2.054367 -3.779550
v 175.456955 14.000549 0.533047
v 163.300461 13.812195 0.450977
v 170.146347 13.874817 5.731441
v 167.154861 13.954803 -5.668385
v 173.350021 13.802872 -5.205559
v 60.871056 47.110458 -0.749299
v 58.693733 48.055313 -1.922412
v 57.543633 48.531372 0.304694
v 59.789360 47.562531 1.221105
v 1.368997 63.030502 -2.414774
v 1.368783 64.623306 -0.041214
v 1.377267 62.175613 1.883652
v 1.391077 60.494064 -0.896255
v 106.701851 -45.816849 -17.150955
v 108.149330 -38.597580 16.654747
v 106.019112 -30.704142 -17.375338
v 104.257454 -28.992956 16.638426
v 17.084192 -139.988770 19.567558
v 18.275415 -144.505890 10.910271
v 18.966379 -146.267365 -3.833971
v 18.268320 -143.488510 -13.585356
v 16.353632 67.340240 11.709404
v 19.278330 -145.933365 0.355332
v 21.512659 -139.732346 -5.118889
v 23.151499 -138.724960 4.065922
v 20.236200 -140.345291 -14.010771
v 19.611490 -143.377945 3.312237
v 19.767145 -140.936615 13.669797
v 52.495140 -112.533829 16.657677
v 25.252054 -125.370300 -17.287439
v 21.299540 -126.064545 16.666113
v 24.872034 47.733948 16.657513
v 25.773706 47.481827 -17.287304
v 55.286491 32.384094 16.666006
v 55.938576 31.883863 -17.295797
v 75.314735 11.202226 16.666016
v 6.359170 -137.866135 -1.696125
v 6.420770 -139.462326 2.216866
v 6.474908 -142.365707 1.029257
v 6.454935 -142.168503 -2.173069
v 6.615457 -135.546265 -2.731081
v 6.634531 -139.403336 4.501986
v 6.659738 -144.529129 1.691281
v 6.653497 -143.251465 -4.229507
v 129.710953 5.280900 19.245262
v 132.368942 2.213820 -19.835522
v 129.493362 5.145873 -19.374687
v 132.384354 -44.260269 -19.871815
v 15.403131 78.027695 -4.934438
v 16.190485 69.846832 -4.046069
v 16.011683 70.524857 4.183650
v 15.489832 78.051971 4.316789
v 16.448206 67.232834 -12.445776
v 12.076777 71.505020 17.455027
v 12.742258 73.332031 -18.379705
v 8.757639 67.717529 -7.914889
v 5.422525 66.401596 -7.914893
v 60.868187 41.444778 -0.847618
v 57.565407 41.449265 -1.009800
v 58.801842 41.447601 1.212965
v 164.890701 -51.925919 -2.277532
v 169.211105 -51.925919 -6.148463
v 170.221207 -38.825920 -6.015574
v 173.816299 -51.925919 -3.129386
v 175.159988 -38.825920 -0.452509
v 174.097183 -51.925919 1.825549
v 168.737869 -38.825920 5.794086
v 171.891068 -51.925919 3.945346
v 166.067673 -51.925919 3.484078
v 164.059158 -38.825920 -1.850481
v 167.590439 -38.325920 -4.715126
v 173.748215 -38.325920 -1.189903
v 171.537521 -38.325920 3.459829
v 166.131912 -38.325920 2.565836
v 179.731125 -38.639877 0.519634
v 175.203842 -38.565918 8.434307
v 163.764908 -38.567856 8.635756
v 159.181137 -38.630264 -1.436754
v 164.348618 -38.552338 -9.476522
v 176.423843 -38.543663 -8.441500
v -9.773230 77.991776 -24.314898
v -10.448538 74.026810 -24.314898
v 12.635019 74.070679 -24.314898
v -13.239294 80.014557 -24.314898
v -0.106650 72.354187 -24.314898
v 12.171137 78.210464 -24.314898
v 4.938455 67.207825 -24.060247
v 15.134012 79.549438 -24.314898
v 3.682550 61.012299 -24.314896
v 7.246210 65.003250 -24.112226
v 13.717630 66.322067 -24.314898
v 8.923517 68.379028 -23.920530
v 12.276712 77.918488 23.685106
v -10.352606 74.070679 23.685106
v 12.730951 74.026810 23.685106
v -12.891699 79.609573 23.685106
v 2.310007 72.310913 23.685106
v -9.990652 78.170547 23.685106
v -2.859564 68.107681 23.212732
v 15.530512 80.027206 23.685106
v -1.127142 61.641205 23.685108
v -5.794669 65.107605 23.438894
v -9.112249 62.411697 23.685108
v -10.423468 69.490997 23.685106
v -6.596976 67.988876 23.467016
v -6.941016 69.688110 19.885103
v -8.593222 72.392868 16.980410
v -8.589758 72.410431 -17.618223
v 12.470636 70.447906 -20.514894
v 10.884760 72.624786 17.086306
v 10.903055 73.596420 -18.174994
v 9.332529 71.707703 7.582735
v 9.690805 71.551971 -18.014894
v 2.371118 71.836990 8.195930
v -4.487540 71.687271 13.300126
v 0.093454 71.728958 9.410724
v -6.646750 71.846191 6.891859
v 6.672220 71.760117 13.341082
v 2.306482 71.673950 -10.361484
v 9.580805 71.720093 -10.423911
v -7.239417 71.718277 -11.357093
v -2.875433 71.830017 -6.428977
v 6.379175 71.653320 -6.620255
v 6.431207 71.669769 -13.952968
v -1.796515 71.759369 -13.718879
v -12.314047 79.170166 -4.996034
v -12.607412 78.351974 6.066789
v -13.226492 71.244858 3.967603
v -12.809805 81.397064 4.107554
v -1.915061 81.114029 -9.325881
v -5.238944 81.122238 8.364579
v -3.844870 81.028870 11.742063
v 7.984308 81.163864 -10.502982
v 5.436883 81.147385 7.782052
v 4.507471 81.041626 -8.782409
v 4.343942 81.201889 10.772306
v -5.809638 81.136230 -9.841922
v 5.815073 81.172928 -12.204032
v -3.130164 81.153061 -12.144149
v 7.968866 81.068832 10.468089
v -2.000494 81.163284 8.756394
v 15.473932 71.251740 -4.601899
v 15.000666 81.414810 -4.760326
v 15.521021 71.242462 3.966047
v 14.585016 79.175644 -5.004320
v -13.238623 71.242462 -4.595835
v 14.089808 78.351974 6.066791
v 15.107462 81.346664 4.163207
v -12.717169 81.416214 -4.759601
v -12.314123 79.262115 4.215098
v 14.582026 79.268723 4.226536
v -0.095374 72.430115 -20.514894
v 2.688043 72.363449 19.885103
v -6.675833 66.072556 19.885118
v -11.366171 65.857025 19.885103
v -3.466727 60.647018 19.885105
v -3.006125 66.358261 19.885103
v 8.029840 68.985474 -20.514826
v 10.029902 61.205872 -20.514893
v 7.706506 65.222855 -20.514894
v 2.631753 62.684891 -20.514893
v 5.268823 66.687592 -20.514894
v -1.177939 74.999847 9.243188
v -3.222800 75.101715 7.410432
v -6.095847 75.013596 9.574727
v -3.543616 74.950333 12.151958
v -1.322821 75.018158 -10.593303
v -3.575842 75.061874 -12.596713
v -6.095847 75.013596 -10.425277
v -3.543616 74.950333 -7.848044
v 8.338449 74.992401 9.585065
v 6.293237 75.037674 7.229951
v 3.705347 75.040588 10.163756
v 6.436822 74.966537 11.998100
v 9.323236 75.052063 -12.266406
v 5.879861 75.114853 -12.706492
v 3.846490 75.077454 -9.642085
v 7.309686 75.094772 -8.235316
v 53.379768 112.935623 19.684643
v 67.508308 146.740158 19.683331
v 64.024727 139.669022 0.377489
v 67.386635 146.758530 -20.314163
v 60.866661 132.953293 0.224314
v 53.116035 113.893906 -20.313745
v 62.531471 136.949539 -1.896051
v -65.057076 146.745987 19.684376
v -11.919989 83.196732 19.685102
v -47.201988 107.266068 -20.313438
v -50.023613 110.182205 19.684219
v -12.554083 82.988388 -20.314898
v -5.323508 81.747711 10.794938
v 14.522074 82.537491 -20.314898
v 1.510660 80.860153 -8.991981
v -5.436438 81.740570 -11.254844
v 5.977945 81.617126 -8.367869
v 7.273050 81.711563 -11.762202
v -2.999167 81.597549 -8.536574
v 1.016489 80.242279 9.818676
v -3.732611 85.172607 9.780722
v 7.153329 81.703735 8.099778
v 6.291009 81.650772 11.520171
v 64.234703 146.833145 -0.278344
v 61.502251 146.798965 -1.951865
v 61.838463 146.772049 1.520481
v -56.295830 147.124649 -20.314903
v -60.586082 144.953629 19.685097
v -11.744650 87.408798 -20.314898
v 15.333597 85.420654 19.685102
v 38.881432 102.573410 19.685101
v 61.143410 146.459641 -20.314903
v 60.872246 146.639755 19.685097
v -59.968498 146.779343 1.464910
v -61.918808 146.756088 -0.178845
v -58.911308 146.649887 -1.698367
v -65.252380 146.731033 -20.312675
v -59.093590 134.487106 -1.871544
v -59.456184 135.265060 1.198708
v -61.747116 139.651108 -0.034622
v 6.066537 86.351974 -10.340557
v 6.066537 86.351974 9.659442
v -3.683081 86.351974 -10.340561
v 46.441231 212.267227 17.685097
v 46.778557 210.659683 17.685097
v 46.893196 209.021103 17.685097
v 45.000160 217.368271 17.685095
v 27.653742 230.474686 17.685095
v 42.094383 226.663589 20.185091
v 38.459007 222.130844 17.685095
v -25.597113 230.402542 17.685095
v -42.907967 217.249161 17.685095
v -40.526863 226.014542 20.185091
v -36.689125 227.760300 17.685095
v -44.335197 212.144241 17.685097
v -44.778358 208.896927 17.685097
v -44.668144 210.535782 17.685097
v -36.429848 190.391281 17.685097
v -37.535835 191.041183 20.051414
v -36.973305 189.994308 17.685097
v -37.575645 189.694046 17.685097
v -38.219765 189.499039 17.685097
v -38.887489 189.414810 17.685099
v -39.559868 189.443680 17.685099
v -40.217918 189.584885 17.685097
v -40.842949 189.834427 17.685097
v -41.417290 190.185226 17.685097
v -41.924721 190.627335 17.685097
v -42.350822 191.148270 17.685097
v -42.683586 191.733261 17.685097
v -42.913521 192.365768 17.685097
v -43.034172 193.027878 17.685097
v -43.042122 193.700851 17.685097
v 38.594856 190.492905 17.685097
v 39.751213 191.931198 17.685097
v -1.921698 207.928513 19.136707
v 45.198128 193.820389 17.685097
v 45.192009 193.147415 17.685097
v 45.073158 192.484970 17.685097
v 44.844963 191.851852 17.685097
v 44.513817 191.265945 17.685097
v 44.089119 190.743881 17.685097
v 43.582909 190.300369 17.685097
v 43.009453 189.948013 17.685097
v 42.385124 189.696793 17.685097
v 41.727470 189.553818 17.685097
v 41.055168 189.523117 17.685097
v 40.387245 189.605545 17.685097
v 39.742531 189.798813 17.685097
v 39.139412 190.097427 17.685097
v -43.368660 191.837723 19.856148
v 44.924507 189.659988 19.983479
v 1.317117 228.691360 18.903589
v 2.024042 225.629318 19.013533
v 42.040504 192.037613 19.004189
v 42.039421 195.051559 18.978649
v -30.548529 219.213821 18.535093
v -0.320380 225.990921 18.963915
v 35.424629 214.663528 17.685097
v -37.979744 195.053177 17.685097
v -40.750618 193.643295 18.991104
v -38.557365 191.625107 17.685097
v -39.462059 197.116562 20.264183
v 33.018410 219.043564 20.185091
v 39.201057 193.509903 19.810478
v -16.082785 242.735092 -19.879910
v 43.080345 202.485733 -19.159164
v 62.008812 147.445236 -10.549195
v 67.584908 147.924057 -20.315277
v 48.424294 192.088547 -20.316414
v -51.266350 182.644516 -15.153613
v -61.351425 147.928787 -12.827779
v -58.599388 151.699692 0.057551
v -61.943558 151.703415 2.395509
v -61.628799 150.564651 -1.821195
v -58.231865 147.573746 10.531020
v -65.109497 147.768173 19.685337
v -44.944740 191.952072 18.935844
v -39.324394 188.815994 19.685099
v 40.278084 189.360458 19.685099
v 65.547234 149.002640 19.684464
v 46.681557 192.478287 18.946274
v -36.335350 227.353561 17.685095
v 38.701103 227.114120 17.685095
v -21.228476 212.634262 6.297228
v -44.959068 196.108139 17.685097
v 38.155907 226.896469 -18.814909
v 29.981012 200.380997 9.756362
v 65.451073 151.737991 -0.186660
v 63.086967 150.104202 1.514876
v 61.527519 150.787277 -2.150056
v 59.462349 165.099899 1.538988
v 6.626962 -139.750519 2.852993
v 6.760507 -143.081070 1.968006
v 6.631235 -138.727570 1.246103
v 6.762933 -136.762192 0.719377
v 6.633188 -139.124741 -2.390217
v 6.693597 -137.961655 -3.037357
v 6.743677 -142.792053 -3.052107
v 6.648843 -142.315186 -0.957201
v 10.544321 -140.534134 3.216452
v 10.574884 -143.875702 0.256695
v 10.532175 -141.088608 -3.892586
v 10.517603 -140.796875 1.328770
v -3.171683 -142.016602 0.985197
v -3.142478 -138.311920 0.334473
v -3.276175 -140.612122 -2.305990
v 10.497797 -137.016327 -1.894802
v 10.515070 -137.395493 1.743000
v 10.370081 -138.869247 -1.348906
v 10.567225 -138.515015 0.193840
v 10.531641 -141.920654 -0.703003
v 10.468103 -140.743286 -1.938578
v 8.391062 -140.725632 1.371559
v -3.957739 65.455704 -2.700627
v -3.858801 64.704437 -0.375380
v -3.902884 64.521820 2.786758
v -3.858801 61.346436 1.884037
v -3.858801 61.764938 -2.554644
v -3.920493 59.572296 -2.692093
v -4.013968 60.033447 2.285273
v -7.759299 65.576965 -2.366987
v -7.775046 61.083771 -3.608259
v -7.709128 58.894119 -0.018831
v -7.734976 63.259979 -1.885864
v 5.948007 64.077957 -1.498572
v 6.034341 63.998642 0.936439
v 5.994226 61.330231 1.192398
v 5.959772 60.836899 -1.634085
v -7.799048 61.947342 3.234928
v -7.764014 65.393692 1.718380
v -7.596900 62.786301 1.379719
v -7.795783 64.112289 0.515663
v -7.743491 61.040024 -1.205519
v -7.685736 61.028473 0.501360
v -5.608801 63.348450 -1.859886
v -88.086166 31.424591 -0.628793
v -86.885818 29.017899 -0.542625
v -88.915428 31.411209 1.503462
v -88.148087 28.547455 1.671967
v -90.300415 30.577347 1.772833
v -89.819679 27.939941 1.751233
v -91.756927 30.028549 0.563784
v -91.002960 27.464096 0.398352
v -91.005730 27.476852 -1.094142
v -91.977600 30.226562 -1.329847
v -89.796059 28.217682 -2.301622
v -89.845352 31.017929 -2.578989
v -87.748047 29.001495 -1.772228
v -90.196075 30.925079 -4.251873
v -88.881973 28.191666 -4.260352
v -93.263680 29.772751 -2.366956
v -90.709213 27.396088 -3.343335
v -91.835251 26.981339 2.059388
v -93.454300 29.789627 1.294768
v -92.330650 26.814713 -1.916377
v -88.684532 28.203583 3.557835
v -90.350578 30.963364 3.641518
v -85.845299 29.416931 1.595601
v -86.872375 32.284424 1.376124
v -88.671776 31.670334 2.836430
v -85.844666 29.403885 -2.226344
v -87.218666 32.166855 -2.566711
v -91.704163 30.466995 1.716290
v -87.784279 31.963165 -0.914676
v -88.999580 28.092621 -2.877740
v 90.355232 31.427567 -0.005243
v 89.672340 28.885635 0.936171
v 89.227180 28.986481 -0.517900
v 91.170601 31.120193 -2.008426
v 90.493568 28.542313 -2.316697
v 92.853920 30.760956 -2.427251
v 92.173042 27.908051 -2.306216
v 94.263802 30.237564 -1.346204
v 93.295570 27.458725 -1.071231
v 94.038765 30.002838 0.818654
v 93.094582 27.520264 0.904198
v 92.321358 28.120804 1.525672
v 91.742989 30.900009 1.693161
v 91.447823 28.131409 1.962035
v 94.142799 30.289841 3.156807
v 93.134865 27.704224 3.283967
v 94.870094 26.719452 0.322259
v 96.100868 29.555344 -0.075225
v 93.591469 27.215073 -3.310071
v 94.381050 30.281677 -3.710195
v 89.869057 28.650665 -3.925645
v 90.461159 31.812241 -3.534873
v 87.756172 29.437134 -0.960920
v 88.795326 32.421616 -0.223939
v 89.118843 28.936615 2.831727
v 90.778969 31.679092 3.121796
v 91.140816 28.104141 3.210158
v 90.414436 31.824997 -1.839160
v 90.823433 31.682449 1.522692
v 93.895790 30.499130 1.813933
v -92.284035 30.257797 -1.641151
v -84.693085 28.552567 -2.470836
v -86.035591 32.642685 -2.464874
v -143.858124 -39.280464 18.866932
v -95.189957 29.188463 19.545572
v -93.657578 25.056276 19.540922
v -83.539047 28.794130 19.594839
v -105.610695 13.862658 19.339937
v -144.968155 14.182405 18.837217
v -143.111237 2.055727 19.202698
v -11.274221 73.691864 19.686735
v -13.645971 78.486511 19.685102
v -14.123648 62.325104 19.676033
v -145.556763 -51.542877 19.032951
v -186.285843 13.999345 18.515192
v -185.574738 2.472826 18.367458
v -186.045319 -51.112198 18.743938
v -85.095566 33.057510 19.616503
v -112.650574 -1.986311 19.699772
v -6.176550 65.793350 19.449041
v -3.572989 65.763489 19.467867
v 1.130105 52.091309 19.354202
v -107.157082 -47.353607 19.661118
v -88.225166 -16.271315 18.699194
v -5.991614 68.282562 19.400484
v -118.370285 -39.760490 19.697746
v 1.141214 73.885986 18.881483
v -3.491827 68.339371 19.418348
v -70.514114 19.620409 19.683573
v 0.571237 -141.369080 19.639732
v 0.696115 -129.587509 19.294619
v -22.860571 -128.528122 19.684286
v -106.424683 -29.133184 19.670294
v -39.628975 44.953552 19.674759
v -77.030075 -83.790077 18.407484
v -42.998695 -132.007523 19.597769
v -58.434868 -110.035843 19.680485
v -88.027184 -60.941429 18.356186
v -10.916220 73.066513 16.969362
v -10.972967 73.247574 -17.160559
v -9.809729 71.494370 17.447229
v -9.909536 71.469345 -18.074228
v -13.110952 78.070068 4.325831
v -13.359655 78.531082 -20.314898
v -13.781637 70.033997 -4.717247
v -13.314947 77.986084 -4.913629
v -19.106512 62.026230 -5.095188
v -19.569555 61.692108 4.298735
v -17.069784 67.814957 0.196569
v -16.782537 67.377808 -7.821013
v -17.098166 61.730347 -19.660366
v -19.919226 61.026077 -15.518644
v -14.188528 62.309250 -20.292133
v -15.648535 63.297928 -17.720705
v -18.097555 61.472183 18.698856
v -16.771063 63.631149 14.981828
v -30.743216 57.981064 17.727886
v -29.749395 58.250595 1.426447
v -30.691595 58.009613 -18.349442
v -29.277792 58.394287 -2.298158
v -145.589172 -51.571609 -19.540886
v -143.078918 -39.254494 -19.886318
v -186.285843 -51.091660 -19.144970
v -185.574722 -39.665131 -18.997234
v -143.712830 2.056136 -19.835800
v -11.245749 73.849304 -20.314898
v -185.904144 2.472823 -18.667828
v -186.051865 13.999342 -19.378962
v -144.862427 14.227278 -19.295519
v -116.730499 -55.856346 -20.125389
v -115.592476 -9.153399 -20.341743
v 1.141214 51.966782 -20.127811
v -42.731743 -132.116776 -20.266096
v -66.143639 26.344404 -20.296041
v 1.141214 72.444504 -18.506212
v -88.005089 -16.545626 -19.073385
v -107.136932 -30.105112 -20.293558
v -22.463781 50.887527 -20.309647
v -106.447830 -48.327446 -20.297798
v -88.219948 -61.209732 -19.206169
v 0.682092 -129.764847 -20.165384
v -70.700996 -97.132217 -20.313145
v -39.967186 -122.530777 -20.307352
v 0.639993 -141.347351 -20.169113
v -116.693260 -55.908028 19.474323
v -105.566162 13.943174 -20.050764
v -126.862190 5.611861 -19.900036
v 0.407602 -138.347031 0.775698
v 0.332391 -139.852844 -2.531420
v 0.350839 -142.365173 -0.478138
v 0.582040 -148.146561 -2.783704
v 0.581338 -146.619476 9.825042
v 0.440500 -140.820679 1.654137
v -21.114370 -138.591522 1.344841
v -173.236176 -50.968483 1.146052
v -162.343765 -51.012360 -3.686275
v -162.191879 -50.979774 2.981883
v -169.156952 -50.904465 -6.202140
v -167.742126 -51.005745 5.447946
v -172.467438 -39.255356 2.522480
v -185.841522 -39.629982 18.169868
v -162.394821 -39.304733 -3.708851
v -161.942932 -39.249023 2.645767
v -171.509720 -39.314095 -4.479919
v -167.214935 -39.339432 5.569853
v -166.788086 -39.252357 -6.115442
v -173.236176 2.091049 1.146047
v -162.343765 2.047180 -3.686275
v -162.191879 2.079758 2.981875
v -169.156952 2.155075 -6.202140
v -167.742126 2.053788 5.447940
v -161.942932 13.910507 2.645761
v -172.467438 13.904175 2.522474
v -171.509720 13.845428 -4.479921
v -162.394821 13.854797 -3.708853
v -167.214935 13.820099 5.569847
v -166.788086 13.907166 -6.115442
v -93.646355 33.772461 0.043726
v -89.680702 35.301056 1.148173
v -91.282196 34.723801 -2.511617
v -58.540932 47.106308 0.253913
v -56.494102 48.009949 1.250320
v -55.152168 48.536804 -0.630116
v -57.362267 47.629410 -1.918998
v 0.946374 64.687073 -1.765091
v 0.867105 62.988663 2.454807
v 1.141214 71.279556 17.488218
v 0.905084 60.246536 -1.882782
v -104.400841 -31.650301 -17.150965
v -102.058334 -29.019712 16.722822
v -105.867271 -38.865898 16.654732
v -103.757851 -46.764656 -17.375343
v -102.000549 -48.480591 16.638435
v -130.099457 -42.919724 -19.138065
v -16.411047 67.135529 8.952400
v -14.171179 68.163406 9.898025
v -16.111349 -144.446304 -11.452223
v -15.010717 -139.997482 -20.163807
v -16.899496 -146.239868 0.385853
v -15.997503 -143.963959 11.974919
v -14.318609 -140.027481 19.596931
v -19.474508 -139.938690 -2.404230
v -17.910131 -142.195663 -0.060697
v -19.254522 -138.674011 19.540800
v -17.554815 -140.972580 13.453712
v -17.401632 -139.342148 -19.884068
v -22.969702 -125.370285 16.657679
v -33.089897 -121.887207 -17.287439
v -57.204292 -107.129578 16.657681
v -68.441505 -96.243835 -17.274227
v -68.258614 18.727129 16.644205
v -73.032249 11.202346 -17.295799
v -53.004250 32.383972 -17.295805
v -28.317053 46.370041 16.644199
v -22.589636 47.733948 -17.287304
v -3.615210 64.181259 -2.566494
v -3.551856 59.747147 -0.230488
v -3.653952 63.983521 1.946855
v -3.858832 67.265732 -0.230641
v -3.858496 62.276596 -5.414770
v -3.858817 57.890778 0.376530
v -3.858664 63.018005 4.582922
v -129.863831 -44.149170 18.567146
v -130.388306 -44.150810 19.461342
v -128.366714 4.622728 19.203369
v -130.151825 0.846239 18.641476
v -130.210068 -44.537498 -20.005512
v -130.255676 1.616942 -19.840469
v -13.814840 70.009705 4.192976
v -14.355597 68.773071 -7.146513
v -11.296301 73.446793 17.617826
v -10.939749 73.356766 -18.175138
v -5.516486 65.422150 7.285105
v -3.241080 67.718124 7.285104
v -5.820639 68.269547 7.285104
v -89.196655 31.436188 -2.417118
v -89.580925 31.289536 1.963793
v -92.323097 25.640289 -3.096644
v -55.249153 41.449310 -0.316099
v -57.403648 41.446274 1.320234
v -57.601097 41.446106 -1.912695
vn 0.7892 -0.5789 0.2050
vn 0.4950 0.2114 0.8428
vn -0.5872 -0.1143 0.8013
vn -0.8921 0.4328 -0.1296
vn -0.5090 -0.0921 -0.8558
vn 0.3169 0.2336 -0.9193
vn 0.0279 0.9806 0.1943
vn -0.8905 0.4549 -0.0014
vn 0.0858 0.9963 0.0045
vn -0.0300 0.9990 -0.0323
vn -0.8200 0.5723 -0.0089
vn 0.0096 0.0146 0.9998
vn 0.0213 -0.0235 0.9995
vn 0.0210 -0.0237 0.9995
vn 0.0223 -0.0212 0.9995
vn -0.3137 -0.0271 0.9491
vn 0.0041 -0.0041 1.0000
vn 0.0022 0.0030 1.0000
vn 0.0208 -0.0243 0.9995
vn 0.0192 -0.0199 0.9996
vn 0.0208 -0.0241 0.9995
vn 0.0179 -0.0191 0.9997
vn -0.0958 -0.0389 0.9946
vn 0.0051 0.0004 1.0000
vn 0.0035 -0.0000 1.0000
vn 0.0003 0.0006 1.0000
vn -0.0194 0.0001 0.9998
vn 0.0770 0.0553 0.9955
vn 0.0045 0.0026 1.0000
vn 0.0028 0.0001 1.0000
vn -0.0188 0.0441 0.9988
vn 0.0218 -0.0206 0.9996
vn 0.0220 -0.0208 0.9995
vn 0.0272 -0.0601 0.9978
vn -0.0001 0.0362 0.9993
vn -0.0050 0.0069 1.0000
vn 0.0075 0.0219 0.9997
vn 0.0635 0.1567 0.9856
vn -0.0118 -0.0839 0.9964
vn 0.0214 0.0337 0.9992
vn -0.0733 0.0483 0.9961
vn -0.0527 0.0802 0.9954
vn 0.0193 -0.0247 0.9995
vn 0.0025 0.0015 1.0000
vn -0.0018 0.0001 1.0000
vn -0.0688 -0.0112 0.9976
vn -0.0012 -0.0072 1.0000
vn -0.0193 0.0311 0.9993
vn -0.0452 0.0695 0.9966
vn -0.0364 0.0238 0.9991
vn -0.0897 0.0858 0.9923
vn 0.0148 0.0128 0.9998
vn -0.0045 -0.0714 0.9974
vn 0.3170 -0.3797 0.8691
vn 0.8824 0.4500 -0.1374
vn 0.9692 0.2458 0.0116
vn 0.8416 0.5202 0.1456
vn 0.7390 0.6692 0.0777
vn 0.6067 0.6555 0.4497
vn -0.0732 -0.1887 0.9793
vn 0.8624 0.4833 -0.1504
vn 0.8123 0.5784 0.0747
vn 0.2728 0.9621 -0.0008
vn 0.2474 0.9688 -0.0161
vn 0.2693 0.9590 0.0879
vn 0.2887 0.9574 -0.0000
vn 0.0018 -0.0007 -1.0000
vn -0.0000 0.0003 -1.0000
vn 0.0062 -0.0031 -1.0000
vn 0.0213 0.0402 -0.9990
vn 0.0215 0.0402 -0.9990
vn 0.0056 -0.0132 -0.9999
vn 0.0210 0.0403 -0.9990
vn 0.0171 0.0508 -0.9986
vn 0.0069 0.0142 -0.9999
vn -0.0357 -0.0397 -0.9986
vn 0.0302 -0.0092 -0.9995
vn -0.0057 0.0008 -1.0000
vn 0.0087 -0.0121 -0.9999
vn 0.0210 0.0162 -0.9996
vn -0.0007 0.0040 -1.0000
vn -0.0031 -0.0006 -1.0000
vn -0.0027 -0.0000 -1.0000
vn -0.0949 0.0364 -0.9948
vn -0.0061 -0.0361 -0.9993
vn 0.0155 0.0323 -0.9994
vn -0.0805 -0.1777 -0.9808
vn -0.0225 -0.0111 -0.9997
vn 0.0073 -0.0036 -1.0000
vn -0.0263 0.0481 -0.9985
vn -0.0765 0.0202 -0.9969
vn -0.0005 0.0045 -1.0000
vn -0.0647 -0.0013 -0.9979
vn -0.0375 -0.0039 -0.9993
vn -0.0346 -0.0791 -0.9963
vn -0.0078 -0.0014 -1.0000
vn -0.1179 0.1178 -0.9860
vn -0.0506 0.0038 -0.9987
vn 0.0610 0.1217 -0.9907
vn -0.0141 -0.0536 -0.9985
vn -0.0701 0.0367 -0.9969
vn -0.0591 0.0509 -0.9970
vn 0.0185 -0.0215 -0.9996
vn 0.0148 0.0029 -0.9999
vn -0.0418 0.0164 -0.9990
vn 0.0107 -0.0182 -0.9998
vn 0.0130 -0.0189 -0.9997
vn 0.0183 -0.0205 -0.9996
vn 0.0198 -0.0210 -0.9996
vn 0.0172 0.0246 -0.9995
vn -0.0294 -0.0545 -0.9981
vn 0.9951 -0.0989 -0.0041
vn 0.9954 0.0585 0.0762
vn 0.9642 0.2540 -0.0762
vn 0.9152 0.4029 0.0037
vn -0.3661 -0.9306 -0.0004
vn -0.3672 -0.9301 0.0004
vn -0.3738 -0.9275 0.0046
vn -0.3750 -0.9270 0.0054
vn -0.9999 0.0069 0.0085
vn -1.0000 0.0002 0.0001
vn -0.9999 0.0067 0.0079
vn -1.0000 -0.0003 -0.0001
vn -1.0000 -0.0068 -0.0021
vn -1.0000 -0.0076 -0.0008
vn -1.0000 -0.0080 0.0020
vn -1.0000 -0.0075 0.0012
vn -1.0000 -0.0051 -0.0001
vn -1.0000 -0.0049 -0.0000
vn -1.0000 -0.0048 -0.0000
vn -1.0000 -0.0061 0.0022
vn -1.0000 -0.0065 -0.0003
vn 0.3469 -0.9364 -0.0521
vn 0.7052 -0.6288 -0.3275
vn 0.3582 -0.9331 -0.0316
vn 0.3077 -0.9510 0.0306
vn 0.3077 -0.9510 0.0307
vn 0.3115 -0.9496 0.0337
vn 0.3070 -0.9512 0.0301
vn 0.6184 -0.7858 0.0100
vn 0.6206 -0.7841 0.0014
vn 0.6190 -0.7853 0.0076
vn 0.6212 -0.7837 -0.0011
vn 0.0092 -0.9996 -0.0275
vn 0.0087 -0.9996 -0.0281
vn 0.0085 -0.9997 -0.0212
vn -0.0149 -0.9999 0.0001
vn 0.0105 -0.9998 0.0155
vn 0.0107 -0.9998 0.0157
vn 0.0108 -0.9998 0.0159
vn 0.0161 -0.9997 0.0184
vn 0.0412 -0.9992 -0.0009
vn 0.0093 -0.9998 -0.0202
vn 0.0089 -0.9998 -0.0197
vn 0.0109 -0.9998 0.0160
vn -0.0307 -0.9957 0.0870
vn 0.9980 0.0633 0.0076
vn 0.9998 0.0187 -0.0062
vn 0.0370 0.9993 -0.0001
vn 0.0077 0.9999 0.0119
vn 0.0143 0.9998 -0.0169
vn -0.0041 1.0000 -0.0017
vn 0.0019 0.9997 0.0236
vn 0.0009 0.9997 0.0251
vn 0.0016 0.9997 0.0242
vn 0.0088 0.9999 0.0139
vn -0.0105 0.9999 0.0078
vn 0.0078 0.9998 -0.0199
vn 0.0241 0.9997 0.0061
vn -0.0099 0.9995 -0.0308
vn 0.9997 -0.0156 0.0201
vn 0.9997 0.0189 -0.0169
vn 0.0070 -0.9999 0.0072
vn 0.0059 -1.0000 0.0053
vn 0.0090 -0.9999 0.0072
vn 0.0285 -0.9996 0.0012
vn 0.0409 -0.9991 0.0087
vn -0.0035 -0.9995 -0.0302
vn 0.0011 -1.0000 -0.0020
vn 0.0014 -1.0000 -0.0023
vn 0.0012 -1.0000 -0.0020
vn -0.0000 -1.0000 -0.0011
vn 0.0134 -0.9998 0.0147
vn 0.0136 -0.9998 0.0144
vn 0.0098 -0.9999 -0.0104
vn 0.0133 -0.9998 -0.0162
vn 0.0130 -0.9998 -0.0158
vn 0.0138 -0.9998 -0.0171
vn 0.9981 -0.0617 -0.0092
vn 0.9999 -0.0114 0.0064
vn -0.0007 1.0000 -0.0005
vn 0.0042 0.9998 -0.0171
vn 0.0042 0.9998 -0.0172
vn 0.0241 0.9997 -0.0000
vn -0.0146 0.9999 0.0093
vn 0.0043 0.9998 -0.0171
vn -0.0015 0.9998 0.0201
vn -0.0026 0.9998 0.0216
vn -0.0020 0.9998 0.0213
vn 0.0048 0.9999 0.0109
vn 0.0217 0.9991 0.0378
vn -0.0332 0.9992 -0.0222
vn 0.3559 0.9345 -0.0019
vn 0.3557 0.9346 0.0001
vn 0.3558 0.9346 -0.0015
vn 0.3608 0.9325 0.0142
vn 0.3602 0.9328 0.0118
vn 0.3594 0.9331 0.0121
vn 0.3572 0.9340 0.0084
vn 0.3561 0.9345 -0.0023
vn 0.3606 0.9327 0.0001
vn 0.3609 0.9326 -0.0004
vn 0.3651 0.9309 -0.0069
vn 0.3464 0.9319 0.1077
vn 0.3553 0.9348 0.0007
vn 0.3668 0.9303 -0.0094
vn 0.3574 0.9339 0.0080
vn 0.3575 0.9339 0.0076
vn 0.3587 0.9333 -0.0172
vn 0.3585 0.9334 -0.0163
vn 0.3584 0.9334 -0.0156
vn 0.3577 0.9338 -0.0111
vn 0.3829 0.9230 0.0374
vn -0.9999 -0.0013 0.0132
vn -0.9999 -0.0009 0.0130
vn -0.9999 -0.0009 0.0136
vn -0.9999 -0.0078 -0.0097
vn -0.9999 -0.0100 -0.0083
vn -0.9999 -0.0068 -0.0142
vn -0.9999 -0.0122 0.0081
vn -0.9999 -0.0095 0.0095
vn -0.9996 0.0295 -0.0005
vn -0.9999 0.0071 -0.0092
vn -0.9999 0.0049 -0.0104
vn -1.0000 -0.0005 -0.0009
vn -0.9995 -0.0314 0.0010
vn -0.6535 0.7569 -0.0002
vn -0.6539 0.7566 -0.0004
vn -0.6554 0.7553 -0.0014
vn -0.6558 0.7550 -0.0015
vn -0.9570 0.2894 -0.0208
vn -0.9977 -0.0443 0.0522
vn -0.9264 -0.3754 -0.0291
vn -0.8255 -0.5643 0.0066
vn -0.7152 -0.6987 -0.0172
vn 0.1375 -0.9797 0.1456
vn 0.1261 -0.9896 0.0695
vn 0.0717 -0.9579 -0.2781
vn 0.1424 -0.8653 -0.4807
vn 0.0765 -0.8796 0.4695
vn 0.0196 -0.9261 0.3768
vn 0.0093 -0.9772 -0.2119
vn 0.4470 0.7650 0.4637
vn 0.4361 0.8799 0.1884
vn 0.4214 0.8871 -0.1881
vn 0.3985 0.7785 -0.4849
vn 0.4664 0.7683 -0.4384
vn 0.6855 -0.6025 0.4087
vn 0.3028 -0.9098 0.2839
vn 0.7783 -0.6137 0.1329
vn 0.7664 -0.6301 0.1250
vn 0.8672 -0.4759 0.1468
vn 0.9879 -0.1535 0.0213
vn 0.9564 -0.2880 -0.0483
vn 0.8152 -0.5390 -0.2120
vn 0.7585 -0.5268 -0.3837
vn 0.2580 -0.9497 -0.1777
vn 0.6123 -0.7899 -0.0334
vn 0.9041 -0.4151 -0.1012
vn -0.8816 0.4720 0.0079
vn -0.8953 0.4448 -0.0247
vn -0.6428 0.7605 0.0915
vn -0.7587 0.6479 -0.0685
vn -0.4424 0.8967 0.0160
vn -0.3978 0.9171 -0.0276
vn -0.1509 0.9885 0.0026
vn -0.1740 0.9847 -0.0128
vn -0.1961 -0.9805 0.0108
vn -0.1836 -0.9830 0.0024
vn -0.4506 -0.8927 -0.0053
vn -0.4549 -0.8905 -0.0005
vn -0.4593 -0.8883 0.0043
vn -0.7266 -0.6870 -0.0038
vn -0.7084 -0.7053 -0.0253
vn -0.8802 -0.4744 -0.0160
vn -0.8804 -0.4739 -0.0158
vn -0.8836 -0.4680 -0.0102
vn -0.8836 -0.4681 -0.0097
vn -0.6797 0.7327 0.0327
vn -0.6446 0.7645 0.0088
vn -0.6805 -0.7327 -0.0104
vn -0.6634 -0.7483 0.0033
vn -0.0088 -0.9294 -0.3691
vn -0.0096 -0.9290 -0.3698
vn -0.0162 -0.9261 -0.3769
vn -0.0163 -0.9259 -0.3774
vn 0.0592 0.3645 -0.9293
vn 0.0486 0.3789 -0.9242
vn -0.0218 0.9979 0.0616
vn 0.1374 0.9380 0.3183
vn -0.1196 -0.1120 0.9865
vn 0.1126 -0.4083 0.9059
vn 0.9863 -0.1445 -0.0797
vn 0.9805 -0.1759 -0.0872
vn 0.9939 0.0572 -0.0944
vn 0.9940 0.0565 -0.0939
vn 0.9939 0.0569 -0.0942
vn 0.9940 0.0563 -0.0937
vn 0.9728 -0.0040 0.2318
vn 0.9944 -0.0153 0.1041
vn 0.9964 0.0848 -0.0010
vn 0.9911 0.1303 0.0271
vn 0.1033 -0.1894 0.9765
vn -0.1179 0.6807 0.7230
vn 0.1300 0.9692 0.2090
vn 0.0148 0.7557 -0.6548
vn 0.0668 0.4800 -0.8747
vn -0.0335 0.1846 -0.9822
vn 0.0171 -0.8008 -0.5987
vn 0.0512 -0.8812 -0.4700
vn -0.0608 -0.6489 0.7584
vn 0.0564 0.1706 -0.9837
vn 0.3290 0.8874 -0.3229
vn 0.2638 0.7042 0.6592
vn -0.3994 0.0696 -0.9141
vn -0.6951 -0.0963 -0.7124
vn -0.9332 0.1206 0.3385
vn -0.9951 -0.0807 0.0567
vn -0.4017 0.0875 0.9116
vn -0.0756 -0.0490 0.9959
vn 0.4987 0.0320 0.8662
vn 0.8433 -0.0945 0.5290
vn 0.9938 0.0893 0.0656
vn 0.5382 -0.0982 -0.8371
vn 0.6104 -0.0445 -0.7908
vn -0.3457 0.1237 -0.9301
vn -0.6956 -0.0902 -0.7128
vn -0.9367 0.0784 0.3412
vn -0.9682 0.0137 0.2497
vn -0.2235 0.0344 0.9741
vn -0.0754 -0.0376 0.9964
vn 0.8198 0.0286 0.5719
vn 0.7494 0.0950 0.6553
vn 0.9855 -0.0684 -0.1552
vn 0.7898 0.0402 -0.6121
vn 0.4702 -0.0892 -0.8780
vn -0.0270 0.8553 -0.5175
vn -0.0245 0.8631 -0.5044
vn -0.0310 -0.8280 -0.5599
vn 0.0101 -0.6181 -0.7860
vn 0.0251 -0.8301 0.5571
vn -0.0602 -0.1783 0.9821
vn 0.0145 0.5137 0.8578
vn -0.1526 -0.2978 0.9424
vn -0.0808 0.8933 0.4422
vn -0.2046 0.4723 0.8574
vn -0.5814 0.7424 -0.3331
vn -0.9046 0.3229 0.2783
vn -0.4736 -0.1904 0.8599
vn -0.5657 -0.6984 0.4385
vn -0.7916 -0.3976 0.4639
vn -0.3842 -0.3633 0.8488
vn -0.5458 -0.7936 0.2687
vn -0.2581 -0.5109 0.8200
vn -0.1300 -0.8964 0.4239
vn -0.3609 0.6518 -0.6670
vn -0.0430 0.6921 -0.7205
vn -0.4554 0.5759 -0.6789
vn -0.7240 -0.0429 -0.6885
vn -0.7608 -0.0309 -0.6482
vn -0.4354 -0.5630 -0.7025
vn -0.1933 -0.9755 0.1054
vn -0.2160 -0.4173 -0.8827
vn -0.6820 -0.6544 -0.3267
vn 0.9938 0.1007 0.0465
vn 0.9987 0.0496 0.0073
vn 0.9989 0.0442 0.0169
vn 0.9975 0.0681 -0.0177
vn 0.9976 0.0668 -0.0171
vn 0.9977 0.0671 -0.0114
vn 0.9996 0.0196 -0.0178
vn 0.9975 0.0694 -0.0141
vn -0.0000 0.9998 0.0211
vn 0.2977 0.9546 -0.0053
vn 0.7551 0.6547 -0.0349
vn 0.6144 0.7585 -0.2172
vn 0.9912 0.1317 0.0107
vn 0.2377 0.9596 0.1502
vn 0.9975 0.0693 -0.0095
vn 0.9952 0.0973 0.0136
vn -0.9297 0.3683 -0.0016
vn -0.9146 -0.4042 -0.0088
vn -0.8814 0.4723 -0.0100
vn -0.9930 0.1108 0.0402
vn -0.0634 0.4705 0.8801
vn -0.0142 0.2051 0.9786
vn 0.0073 0.4792 -0.8777
vn -0.8399 0.5084 -0.1898
vn -0.2176 0.9721 0.0878
vn -0.8618 0.1961 0.4679
vn 0.8141 -0.5801 0.0280
vn 0.3642 -0.9231 -0.1235
vn -0.9453 -0.3203 0.0614
vn -0.3643 0.9232 -0.1227
vn -0.0184 0.9992 -0.0367
vn 0.9312 -0.3600 0.0565
vn 0.8880 -0.4535 0.0762
vn -0.3597 -0.9331 0.0015
vn -0.3566 -0.9343 -0.0000
vn -0.3570 -0.9341 0.0002
vn -0.3603 -0.9329 0.0017
vn -0.4319 -0.9019 -0.0105
vn -0.3460 -0.9371 -0.0470
vn -0.4828 -0.8755 -0.0182
vn -0.9926 0.0088 0.1212
vn 0.0416 0.9915 -0.1235
vn 0.3567 0.9342 0.0032
vn -0.2424 -0.1938 0.9506
vn 0.0763 0.0610 0.9952
vn 0.8778 -0.0848 0.4714
vn -0.0483 0.1448 0.9883
vn -0.4793 -0.0150 0.8775
vn -0.8757 0.0088 -0.4828
vn -0.7014 0.1142 -0.7035
vn 0.3563 -0.0563 -0.9327
vn 0.8702 0.0925 -0.4840
vn 0.0014 1.0000 -0.0000
vn -0.6672 -0.0181 -0.7447
vn -0.5593 0.0515 -0.8274
vn 0.5480 -0.0338 -0.8358
vn 0.7465 0.0589 -0.6628
vn 0.9943 -0.0905 -0.0564
vn 0.6951 0.0676 0.7157
vn 0.6956 0.0679 0.7152
vn 0.6924 0.0656 0.7185
vn 0.6914 0.0649 0.7196
vn -0.0780 -0.1577 0.9844
vn -0.8501 0.0815 0.5203
vn -0.9775 -0.0686 0.1997
vn 0.9683 -0.1574 0.1940
vn 0.0938 0.1576 0.9830
vn -0.4929 -0.1253 0.8610
vn -0.9983 -0.0131 0.0566
vn -0.6822 -0.1749 -0.7100
vn -0.9024 -0.0388 -0.4291
vn 0.1631 -0.0310 -0.9861
vn 0.0788 -0.0675 -0.9946
vn 0.9796 -0.0181 -0.2001
vn -0.0000 -1.0000 -0.0000
vn 0.0398 0.9990 0.0189
vn 0.0403 0.9990 0.0187
vn 0.0408 0.9990 0.0187
vn 0.0473 0.9987 0.0177
vn -0.0544 0.9983 0.0186
vn 0.0551 0.9984 -0.0096
vn -0.0394 0.9992 -0.0086
vn -0.0428 0.9989 -0.0173
vn -0.0392 0.9992 -0.0079
vn -0.0062 0.9993 0.0374
vn 0.0008 0.9989 0.0473
vn -0.0052 0.9992 0.0389
vn 0.0007 0.9989 0.0477
vn 0.0142 0.9996 -0.0248
vn 0.0036 0.9987 -0.0499
vn -0.0432 0.9989 -0.0181
vn 0.0087 -0.9956 -0.0935
vn 0.0337 -0.9990 -0.0300
vn 0.0448 -0.9986 -0.0282
vn 0.0353 -0.9989 -0.0298
vn 0.0466 -0.9985 -0.0279
vn -0.0432 -0.9984 -0.0375
vn -0.0249 -0.9990 -0.0368
vn 0.0290 -0.9992 0.0292
vn 0.0345 -0.9990 0.0291
vn 0.0335 -0.9990 0.0291
vn 0.0283 -0.9992 0.0291
vn -0.0383 -0.9990 0.0236
vn -0.0382 -0.9990 0.0234
vn -0.0381 -0.9990 0.0233
vn 0.0018 -0.9956 0.0936
vn -0.0000 -0.0000 -1.0000
vn -0.3986 -0.9135 -0.0809
vn 0.0385 -0.0117 -0.9992
vn 0.0763 0.0255 -0.9968
vn 0.0140 0.0382 -0.9992
vn -0.0506 0.0957 -0.9941
vn -0.0475 0.0801 -0.9956
vn -0.0000 -0.0000 1.0000
vn 0.0338 -0.1526 0.9877
vn -0.1228 0.0395 0.9916
vn 0.0076 0.0809 0.9967
vn 0.0019 0.0734 0.9973
vn 0.0023 0.0738 0.9973
vn 0.0079 0.0814 0.9967
vn 0.0644 0.0119 0.9979
vn 0.0605 0.0077 0.9981
vn 0.0602 0.0073 0.9982
vn 0.0596 0.0068 0.9982
vn 0.0670 0.0260 0.9974
vn -0.7377 0.0368 -0.6741
vn -0.9071 -0.3933 0.1498
vn -0.9782 -0.2077 -0.0002
vn -0.9729 -0.2312 -0.0035
vn 0.9750 0.1268 0.1823
vn 0.9176 0.2028 0.3419
vn 0.9690 -0.2469 -0.0063
vn 0.9630 -0.2696 -0.0038
vn 0.4542 -0.8908 0.0118
vn 0.1381 -0.9877 0.0728
vn 0.1107 -0.9866 0.1198
vn -0.1474 -0.9888 0.0251
vn 0.5136 -0.5301 0.6747
vn -0.0375 -0.9992 0.0164
vn 0.0105 -0.9768 0.2137
vn -0.2729 -0.9621 -0.0005
vn -0.0112 -0.9999 -0.0117
vn -0.5399 -0.8414 0.0234
vn 0.0184 -0.9998 0.0064
vn -0.0256 -0.9997 0.0059
vn 0.0204 -0.9998 -0.0004
vn -0.9994 -0.0308 -0.0138
vn -0.0087 -0.9997 0.0220
vn -0.0148 -0.9901 -0.1396
vn -0.0471 -0.9989 -0.0088
vn -0.0367 -0.9941 -0.1020
vn 0.0630 -0.9976 0.0294
vn -0.0372 -0.9993 -0.0093
vn -0.0179 -0.9998 0.0076
vn -0.0152 -0.9999 -0.0004
vn -0.0167 -0.9999 -0.0018
vn -0.0112 -0.9999 0.0035
vn -0.0096 -0.9999 0.0050
vn 0.8596 -0.5108 -0.0136
vn -0.3760 0.9248 0.0584
vn 0.9597 0.2811 -0.0046
vn 0.0203 0.9975 0.0670
vn 0.0281 0.9996 -0.0080
vn 0.0412 0.9976 0.0550
vn -0.0100 0.9950 0.0996
vn -0.0093 0.9951 0.0986
vn -0.0103 0.9949 0.1000
vn -0.0146 0.9941 0.1071
vn -0.0364 0.9952 0.0907
vn -0.0333 0.9994 0.0037
vn -0.0241 0.9997 -0.0038
vn -0.0307 0.9995 0.0016
vn -0.0684 0.9976 0.0122
vn -0.0424 0.9991 0.0081
vn 0.0418 0.9946 -0.0946
vn 0.0678 0.9944 -0.0811
vn 0.0270 0.9995 0.0165
vn -0.0225 0.9997 -0.0051
vn 0.0062 1.0000 0.0007
vn 0.0106 0.9999 0.0077
vn 0.0075 1.0000 0.0001
vn -0.0119 0.9974 -0.0712
vn -0.0504 0.9974 -0.0514
vn 0.0864 0.9827 -0.1637
vn 0.0394 0.9992 0.0011
vn 0.0424 0.9991 0.0026
vn 0.0412 0.9991 0.0020
vn -0.0071 0.9993 0.0360
vn 0.0163 0.9926 -0.1205
vn -0.0101 0.9999 -0.0106
vn -0.0113 0.9999 -0.0111
vn -0.0040 1.0000 -0.0080
vn 0.0056 1.0000 0.0006
vn 0.0365 0.9993 -0.0004
vn -0.0035 1.0000 -0.0082
vn -0.0170 0.9993 0.0345
vn 0.0105 0.9999 0.0093
vn 0.9989 0.0461 -0.0113
vn 0.9989 0.0463 -0.0116
vn 0.9991 0.0413 -0.0058
vn 0.9991 0.0410 -0.0054
vn 0.9824 -0.1850 0.0243
vn -0.9973 -0.0733 -0.0109
vn -0.9986 0.0510 -0.0103
vn -0.9992 0.0410 0.0014
vn 0.9371 -0.3462 -0.0437
vn 0.9586 -0.2839 0.0218
vn -0.7569 0.6536 -0.0003
vn -0.9828 -0.1805 0.0392
vn -0.9064 -0.4224 0.0030
vn -0.9083 -0.4183 0.0024
vn -0.9071 -0.4209 0.0028
vn -0.9090 -0.4167 0.0022
vn 0.9961 -0.0879 0.0048
vn 0.9858 -0.1679 -0.0018
vn 0.9062 -0.4228 -0.0033
vn 0.9089 -0.4171 -0.0025
vn 0.9072 -0.4207 -0.0030
vn 0.9098 -0.4150 -0.0022
vn -0.9934 -0.1146 0.0018
vn -0.9933 -0.1159 0.0019
vn -0.9936 -0.1126 0.0016
vn -0.9938 -0.1114 0.0015
vn -0.9937 -0.1117 0.0008
vn -0.9938 -0.1114 0.0008
vn -0.9932 -0.1162 0.0051
vn -0.9932 -0.1164 0.0053
vn 0.9936 -0.1131 -0.0012
vn 0.9933 -0.1158 0.0012
vn 0.9934 -0.1143 -0.0002
vn 0.9936 -0.1130 -0.0014
vn -0.9536 0.3012 -0.0030
vn -0.9371 -0.2308 -0.2619
vn 0.9612 -0.2388 0.1381
vn 0.8852 -0.4653 0.0050
vn -0.2286 -0.0040 0.9735
vn -0.4655 0.0096 -0.8850
vn 0.1677 -0.0124 0.9858
vn 0.4727 0.0083 -0.8812
vn 0.1847 -0.6647 -0.7240
vn 0.0122 -0.9983 -0.0575
vn 0.0281 -0.9995 -0.0110
vn 0.4213 -0.7487 0.5118
vn -0.0985 -0.6247 0.7746
vn 0.0649 -0.9808 0.1837
vn 0.0091 -0.9998 0.0200
vn -0.4261 -0.7306 -0.5336
vn -0.0246 -0.0635 -0.9977
vn -0.5709 0.6595 -0.4890
vn -0.9072 -0.1680 0.3857
vn -0.5057 -0.7668 -0.3953
vn -0.0915 -0.9481 0.3044
vn 0.8152 -0.4282 -0.3899
vn 0.9480 -0.3054 0.0901
vn 0.9500 0.2661 -0.1633
vn -0.0745 0.9575 0.2785
vn -0.6907 0.6522 -0.3124
vn -0.5935 -0.7013 0.3948
vn -0.0004 -0.9035 -0.4286
vn 0.9955 0.0730 -0.0610
vn 0.8311 -0.2195 0.5110
vn 0.3766 -0.7118 -0.5929
vn -0.1834 -0.9174 0.3531
vn -0.9527 -0.2666 -0.1461
vn -0.9484 -0.3169 0.0091
vn -0.9602 0.0825 -0.2667
vn -0.8941 0.4393 0.0876
vn 0.5115 0.8512 -0.1174
vn 0.6906 0.7220 0.0416
vn 0.6304 -0.7575 -0.1699
vn 0.2664 -0.9345 0.2363
vn 0.7103 -0.0123 -0.7038
vn 0.9034 -0.2017 -0.3785
vn 0.5986 0.0740 0.7976
vn -0.1154 -0.1931 0.9744
vn -0.6680 -0.0304 0.7436
vn -0.8376 -0.1532 -0.5243
vn -0.7726 -0.0808 -0.6297
vn -0.5675 0.4916 0.6605
vn -0.3500 -0.0883 0.9326
vn -0.7334 -0.3159 -0.6019
vn -0.6447 -0.0810 -0.7602
vn 0.6420 -0.4130 -0.6459
vn 0.9434 0.1030 -0.3153
vn 0.4877 -0.6121 0.6225
vn 0.7106 0.0337 -0.7028
vn 0.6502 -0.1023 0.7528
vn 0.6505 -0.1021 0.7526
vn 0.6488 -0.1033 0.7539
vn 0.6486 -0.1035 0.7541
vn -0.9174 0.0377 0.3961
vn -0.6513 -0.2146 0.7278
vn -0.7770 0.0549 -0.6272
vn 0.1253 -0.2625 -0.9568
vn -0.5720 -0.5229 0.6319
vn -0.9505 0.2757 -0.1433
vn -0.7028 -0.4137 -0.5787
vn 0.6985 -0.1669 -0.6959
vn 0.7475 -0.0727 -0.6603
vn 0.3722 -0.3699 0.8513
vn 0.6489 0.0930 0.7552
vn 0.5578 0.0241 -0.8296
vn 0.9305 -0.1303 0.3425
vn 0.7492 0.0453 0.6608
vn -0.7204 -0.1619 0.6744
vn -0.7490 -0.1397 0.6477
vn -0.7849 0.0421 -0.6181
vn -0.0896 -0.2210 -0.9711
vn 0.0896 0.1855 0.9785
vn -0.6451 -0.5305 0.5500
vn -0.7787 0.1375 -0.6122
vn -0.8832 -0.2349 -0.4059
vn 0.5272 -0.2951 -0.7969
vn 0.7657 0.0736 -0.6390
vn 0.6087 -0.5836 0.5375
vn 0.3744 0.0915 -0.9228
vn 0.8222 -0.1695 0.5435
vn 0.9342 -0.0196 0.3563
vn -0.6157 -0.0717 0.7847
vn -0.9300 0.2148 0.2984
vn -0.4184 -0.2767 -0.8651
vn -0.0184 -0.9998 0.0014
vn -0.1249 -0.3552 0.9264
vn -0.7149 0.2952 0.6338
vn -0.8546 -0.3003 -0.4237
vn -0.7607 -0.0956 -0.6420
vn 0.3336 -0.4729 -0.8155
vn 0.6686 -0.1485 -0.7286
vn 0.7495 -0.4431 0.4919
vn 0.6475 -0.1655 0.7439
vn 0.9219 -0.3853 -0.0417
vn 0.9046 -0.4261 -0.0071
vn 0.9050 -0.4254 -0.0075
vn 0.9048 -0.4258 -0.0072
vn 0.9170 -0.3982 0.0235
vn 0.9317 -0.3629 -0.0148
vn 0.9316 -0.3593 0.0542
vn 0.9002 -0.4355 -0.0029
vn 0.8826 -0.4699 -0.0176
vn -0.5738 -0.8189 0.0134
vn -0.5780 -0.8159 0.0184
vn -0.5741 -0.8187 0.0135
vn -0.5779 -0.8159 0.0187
vn 0.1684 -0.9846 0.0476
vn -0.0558 -0.9764 -0.2087
vn -0.0165 -0.9922 -0.1237
vn 0.1708 -0.9849 -0.0279
vn 0.3323 -0.9408 0.0672
vn 0.3321 -0.9408 0.0674
vn 0.3403 -0.9383 0.0607
vn 0.3304 -0.9413 0.0687
vn 0.2287 -0.9734 -0.0112
vn -0.1826 -0.9832 0.0080
vn -0.2127 -0.9771 0.0014
vn -0.1649 -0.9856 -0.0367
vn -0.7166 -0.6894 0.1059
vn 0.1135 -0.9935 0.0003
vn 0.0728 -0.9973 -0.0000
vn -0.0593 -0.9982 0.0006
vn 0.9135 -0.3909 0.1129
vn -0.2331 -0.9723 -0.0145
vn 0.1083 -0.9043 0.4128
vn 0.0763 -0.9347 0.3471
vn 0.6304 -0.7759 -0.0227
vn 0.5854 -0.8094 0.0465
vn 0.0261 0.9997 0.0004
vn 0.0027 1.0000 0.0074
vn -0.4690 0.8832 -0.0072
vn -0.0093 0.9999 -0.0052
vn -0.0478 0.9987 -0.0175
vn -0.0184 0.9998 0.0075
vn -0.0196 0.9998 0.0079
vn -0.0162 0.9998 0.0068
vn -0.0151 0.9999 0.0065
vn 0.9684 0.2209 0.1159
vn 0.4081 0.7287 -0.5500
vn 0.7836 0.6175 0.0685
vn -0.0809 0.9913 0.1040
vn -0.5392 0.7402 0.4018
vn -0.3750 0.9184 0.1265
vn -0.9355 0.2306 -0.2677
vn -0.8947 0.4465 -0.0081
vn -0.0105 0.9999 -0.0010
vn -0.0099 1.0000 -0.0010
vn -0.0054 1.0000 -0.0003
vn 0.6505 0.7514 0.1106
vn 0.4233 0.9000 0.1045
vn 0.3700 0.9231 0.1050
vn -0.0109 0.9999 -0.0012
vn 0.0320 0.9995 -0.0065
vn -0.0439 0.9988 0.0193
vn 0.0001 -0.0001 -1.0000
vn -0.0002 -0.0001 -1.0000
vn 0.0002 -0.0001 1.0000
vn 0.0010 -0.0013 1.0000
vn 0.0003 -0.0001 1.0000
vn 0.0004 -0.0006 1.0000
vn 0.0017 -0.0023 1.0000
vn -0.0002 -0.0001 1.0000
vn -0.0001 -0.0000 1.0000
vn -0.9090 -0.4158 0.0275
vn -0.8902 -0.4556 -0.0052
vn -0.9013 -0.4332 0.0046
vn -0.8881 -0.4593 0.0162
vn -0.9240 -0.3799 -0.0440
vn -0.9314 -0.3635 -0.0179
vn -0.9248 -0.3785 -0.0376
vn -0.5985 -0.0556 -0.7992
vn -0.8702 0.0701 0.4876
vn -0.5212 -0.0496 0.8520
vn 0.7075 0.0779 0.7024
vn 0.9935 -0.0608 -0.0967
vn -0.1738 0.1041 -0.9793
vn -0.9925 0.0166 -0.1214
vn 0.4503 -0.0195 0.8927
vn 0.6087 0.0308 0.7928
vn 0.6445 0.0001 -0.7646
vn -0.9483 -0.0349 -0.3155
vn 0.5367 0.0434 -0.8427
vn -0.9250 -0.1313 -0.3566
vn 0.1909 -0.3806 -0.9048
vn 0.4465 -0.1540 0.8814
vn -0.9593 -0.1424 -0.2440
vn 0.3681 -0.3269 -0.8704
vn 0.3137 -0.2353 0.9199
vn -0.3167 -0.0672 0.9461
vn -0.1530 -0.3697 -0.9165
vn 0.7326 -0.1468 -0.6646
vn -0.1942 -0.1945 -0.9615
vn 0.8686 0.1823 0.4607
vn 0.5738 0.0401 0.8180
vn 0.5731 0.0398 0.8185
vn 0.9568 0.2703 0.1071
vn 0.2416 0.3129 -0.9186
vn 0.2332 0.3195 -0.9184
vn 0.2329 0.3197 -0.9185
vn 0.2328 0.3198 -0.9184
vn -0.0007 0.5465 0.8374
vn -0.0040 0.5052 0.8630
vn -0.6191 0.3663 -0.6946
vn -0.2205 0.9255 0.3079
vn -0.9627 0.2692 -0.0268
vn -0.6296 0.0431 0.7757
vn -0.6295 0.0431 0.7758
vn -0.6272 0.0422 0.7777
vn -0.9193 0.1903 0.3446
vn 0.5281 -0.7230 0.4454
vn 0.3987 -0.7998 0.4486
vn 0.2550 -0.8422 0.4751
vn 0.1068 -0.8468 0.5210
vn -0.0350 -0.8142 0.5796
vn -0.1607 -0.7488 0.6430
vn -0.1265 -0.7744 0.6200
vn -0.3412 -0.8546 0.3916
vn -0.5126 -0.8399 0.1783
vn -0.6568 -0.7539 -0.0166
vn -0.7641 -0.6250 -0.1597
vn -0.8432 -0.4796 -0.2430
vn -0.9050 -0.3290 -0.2697
vn -0.9545 -0.1739 -0.2424
vn -0.9873 -0.0117 -0.1585
vn -0.3026 0.2433 0.9215
vn -0.3596 -0.9270 -0.1067
vn 0.3991 -0.8194 0.4116
vn 0.9947 -0.0090 0.1021
vn 0.9729 -0.1746 -0.1516
vn 0.8863 -0.3194 -0.3353
vn 0.7789 -0.4402 -0.4468
vn 0.6712 -0.5460 -0.5014
vn 0.5665 -0.6466 -0.5109
vn 0.4601 -0.7488 -0.4772
vn 0.3433 -0.8531 -0.3929
vn 0.2061 -0.9479 -0.2429
vn 0.0456 -0.9988 -0.0173
vn -0.1184 -0.9593 0.2564
vn -0.2474 -0.8249 0.5082
vn -0.3223 -0.6509 0.6873
vn -0.3540 -0.4874 0.7982
vn 0.9905 -0.1105 -0.0820
vn -0.9646 -0.1102 -0.2397
vn 0.0008 -0.5719 -0.8203
vn -0.0420 -0.0528 -0.9977
vn -0.0424 -0.0550 -0.9976
vn -0.0411 -0.0476 -0.9980
vn -0.0078 -0.1045 -0.9945
vn -0.3819 -0.0072 -0.9242
vn -0.3857 0.0007 -0.9226
vn -0.3816 -0.0080 -0.9243
vn -0.3650 0.0407 -0.9301
vn 0.0224 0.0386 -0.9990
vn -0.3872 0.0035 -0.9220
vn -0.4068 0.0730 -0.9106
vn -0.4128 0.1488 -0.8986
vn -0.4021 0.2273 -0.8869
vn -0.3730 0.3034 -0.8768
vn -0.3254 0.3714 -0.8696
vn 0.0421 -0.0478 -0.9980
vn -0.0407 -0.0452 -0.9981
vn -0.0388 -0.0788 -0.9961
vn 0.0428 -0.0072 -0.9991
vn 0.0599 0.7998 -0.5973
vn 0.0931 0.7004 0.7077
vn 0.0914 0.3234 -0.9418
vn -0.2615 0.4256 -0.8663
vn -0.1857 0.4615 -0.8675
vn 0.4174 0.4920 -0.7640
vn 0.1092 -0.0204 -0.9938
vn -0.0102 0.0383 -0.9992
vn 0.2313 -0.8657 -0.4439
vn 0.0290 -0.1216 -0.9922
vn 0.0311 0.0256 -0.9992
vn 0.4953 0.0059 -0.8687
vn 0.4768 0.0869 -0.8747
vn 0.4394 0.1597 -0.8840
vn 0.3872 0.2203 -0.8953
vn 0.3254 0.2662 -0.9073
vn 0.2589 0.2972 -0.9190
vn -0.1907 0.3788 -0.9056
vn -0.0253 -0.0743 -0.9969
vn -0.0200 -0.1036 -0.9944
vn 0.0304 0.0039 0.9995
vn 0.0038 -0.4791 -0.8778
vn -0.0300 0.0308 0.9991
vn -0.0300 0.0290 0.9991
vn -0.0301 0.0341 0.9990
vn 0.0290 0.3179 0.9477
vn 0.2125 0.5813 0.7855
vn -0.2996 -0.8328 0.4655
vn -0.3157 0.0079 0.9488
vn -0.6710 -0.0227 0.7411
vn -0.7857 -0.3220 0.5282
vn 0.0043 -0.0051 1.0000
vn 0.0367 -0.0233 0.9991
vn -0.0301 0.0359 0.9989
vn 0.0251 -0.2007 0.9793
vn -0.0258 0.0563 0.9981
vn 0.3365 -0.0370 0.9410
vn 0.0244 0.4029 0.9149
vn 0.1691 0.0089 0.9856
vn 0.2615 -0.8628 0.4327
vn -0.0235 -0.0204 0.9995
vn 0.2568 0.0480 0.9653
vn -0.8936 0.1506 0.4229
vn 0.6445 0.7592 -0.0909
vn 0.5592 -0.4602 0.6896
vn -0.9119 -0.2786 -0.3013
vn 0.2674 0.8054 -0.5290
vn 0.5114 -0.6212 0.5938
vn 0.5713 0.0392 0.8198
vn -0.6360 0.0455 0.7703
vn -0.5020 0.2040 -0.8405
vn -0.1327 0.4353 -0.8904
vn 0.0177 0.0709 0.9973
vn 0.0180 -0.6482 -0.7613
vn -0.1319 -0.1763 0.9755
vn 0.7744 -0.4853 -0.4059
vn -0.3790 -0.0923 -0.9208
vn -0.1003 0.6433 -0.7590
vn -0.8061 -0.3497 -0.4774
vn 0.9578 -0.2514 0.1394
vn -0.5859 0.4651 0.6637
vn -0.9594 0.2494 0.1319
vn -0.2443 -0.9051 -0.3480
vn 0.8225 0.5615 -0.0902
vn 0.2114 -0.9493 0.2327
vn 0.1750 0.9526 0.2489
vn -0.8899 0.4025 -0.2145
vn -0.9556 0.2765 0.1017
vn -0.9569 0.2710 -0.1044
vn -0.9513 0.2885 -0.1085
vn 0.9326 -0.3449 0.1061
vn -0.2452 -0.9555 -0.1639
vn 0.7505 -0.3328 0.5709
vn -0.1991 -0.1245 0.9720
vn -0.6539 -0.7298 -0.1998
vn 0.1058 -0.9401 0.3241
vn 0.9496 -0.2847 -0.1311
vn 0.9007 -0.3585 -0.2452
vn 0.4744 -0.8803 -0.0067
vn 0.1650 -0.9740 0.1552
vn -0.4254 -0.8929 -0.1475
vn -0.8297 -0.5195 -0.2044
vn -0.9564 -0.2636 0.1255
vn 0.8860 0.4459 -0.1267
vn 0.9975 0.0698 0.0091
vn 0.9770 0.2050 -0.0579
vn 0.0880 0.0551 0.9946
vn -0.8597 0.2403 -0.4508
vn -0.0013 0.9502 0.3116
vn -0.2652 0.9340 0.2395
vn -0.8172 0.5315 -0.2229
vn -0.8502 0.1760 -0.4961
vn -0.8167 0.0549 -0.5744
vn 0.9581 0.2707 -0.0937
vn 0.8076 0.5220 -0.2745
vn 0.5346 0.6852 -0.4947
vn 0.2909 0.9564 -0.0266
vn 0.3415 0.2719 0.8997
vn 0.2871 0.2287 0.9302
vn 0.0425 0.4321 0.9008
vn 0.0007 -0.5395 0.8420
vn -0.4607 0.0042 0.8876
vn -0.4316 0.0774 0.8987
vn -0.4000 0.1442 0.9051
vn -0.3656 0.2066 0.9076
vn -0.3275 0.2664 0.9065
vn -0.2848 0.3250 0.9018
vn -0.2359 0.3839 0.8927
vn -0.1787 0.4441 0.8780
vn -0.1102 0.5067 0.8551
vn -0.0261 0.5720 0.8198
vn 0.0789 0.6391 0.7651
vn 0.2108 0.7032 0.6790
vn 0.3721 0.7515 0.5449
vn 0.5510 0.7587 0.3476
vn 0.4361 -0.0062 0.8999
vn 0.0828 0.3858 0.9189
vn 0.0184 0.4289 0.9031
vn -0.0600 0.4760 0.8774
vn -0.1598 0.5280 0.8341
vn -0.2909 0.5836 0.7581
vn -0.4629 0.6337 0.6198
vn 0.4591 0.0054 0.8884
vn 0.4083 0.0744 0.9098
vn 0.3618 0.1315 0.9229
vn 0.3179 0.1808 0.9307
vn 0.2751 0.2250 0.9347
vn 0.2319 0.2661 0.9356
vn 0.1867 0.3057 0.9336
vn 0.1378 0.3451 0.9284
vn 0.4389 -0.0295 0.8980
vn 0.4418 -0.0914 0.8924
vn 0.4408 -0.1232 0.8891
vn 0.4042 -0.2629 0.8761
vn 0.1444 -0.5085 0.8488
vn -0.0995 -0.3272 0.9397
vn -0.3255 -0.1697 0.9302
vn -0.3846 -0.0807 0.9195
vn -0.4122 -0.0288 0.9106
vn -0.4539 0.0735 0.8880
vn 0.1789 -0.5615 -0.8079
vn 0.5452 0.0064 0.8383
vn 0.5083 0.0926 0.8562
vn 0.4894 0.1779 0.8537
vn 0.4855 0.2762 0.8294
vn 0.4236 0.8401 0.3387
vn 0.7103 0.5810 -0.3973
vn 0.6475 0.7432 -0.1688
vn 0.5209 0.8528 0.0387
vn 0.3642 0.9122 0.1880
vn 0.2019 0.9410 0.2716
vn 0.0410 0.9547 0.2948
vn -0.1208 0.9579 0.2604
vn -0.2858 0.9440 0.1646
vn -0.4461 0.8950 0.0028
vn -0.5764 0.7891 -0.2126
vn 0.5872 0.8086 -0.0364
vn 0.4424 0.8935 0.0774
vn 0.2846 0.9495 0.1319
vn 0.1215 0.9844 0.1273
vn -0.0455 0.9969 0.0634
vn -0.2121 0.9754 -0.0594
vn -0.3632 0.9027 -0.2308
vn -0.4415 0.8211 -0.3618
vn -0.5148 0.8378 -0.1820
vn -0.6276 0.7163 0.3050
vn -0.6275 0.5105 0.5879
vn -0.6084 0.3439 0.7152
vn -0.6018 0.2169 0.7686
vn -0.6130 0.1100 0.7824
vn -0.6446 0.0059 0.7645
vn -0.0252 -0.0192 0.9995
vn -0.1691 -0.6301 -0.7578
vn 0.2344 -0.9721 0.0023
vn -0.9801 -0.1979 0.0158
vn -0.8513 0.3838 -0.3577
vn -0.9830 0.0139 0.1831
vn -0.8499 0.4806 -0.2163
vn 0.9990 -0.0094 0.0444
vn -0.6197 0.7762 -0.1157
vn 0.0390 -0.9277 0.3714
vn -0.5214 -0.1247 -0.8442
vn 0.9116 0.2209 -0.3467
vn 0.9138 0.4030 0.0510
vn 0.9141 0.4023 0.0504
vn 0.9139 0.4027 0.0507
vn -0.3977 -0.9175 -0.0018
vn -0.4254 -0.9050 0.0027
vn 0.3724 -0.9128 0.1679
vn 0.9464 0.3207 0.0396
vn 0.8914 0.3867 0.2363
vn -0.1360 0.9707 -0.1983
vn 0.9514 0.1981 -0.2359
vn 0.9161 0.3983 0.0461
vn 0.9142 0.4035 0.0366
vn -0.9844 0.0476 0.1695
vn 0.2186 0.9611 0.1690
vn -0.9957 0.0796 0.0480
vn -0.9979 0.0648 -0.0076
vn -0.9986 0.0528 0.0016
vn -0.9858 -0.1680 -0.0064
vn -0.9986 -0.0469 0.0258
vn -0.9989 -0.0229 -0.0400
vn -0.9938 -0.0100 -0.1107
vn -0.1217 0.5804 0.8052
vn 0.0010 0.4250 0.9052
vn -0.1406 -0.2595 0.9555
vn 0.1945 -0.6494 0.7352
vn -0.2273 -0.9723 -0.0552
vn 0.2413 -0.8044 -0.5428
vn -0.1045 -0.9159 -0.3875
vn 0.0850 -0.8263 0.5567
vn -0.2851 0.8089 0.5142
vn -0.0842 0.1730 0.9813
vn 0.0523 0.9927 -0.1084
vn -0.1183 0.7517 -0.6488
vn 0.0536 -0.4089 -0.9110
vn -0.2169 0.0007 -0.9762
vn 0.1578 0.4360 -0.8860
vn -0.1448 0.9434 -0.2985
vn 0.1384 0.9851 0.1020
vn 0.9897 -0.0988 -0.1038
vn 0.9989 0.0464 0.0001
vn 0.9996 0.0188 0.0201
vn 0.9996 -0.0269 -0.0104
vn 0.9995 0.0247 -0.0176
vn 0.9998 0.0201 -0.0042
vn 0.9997 0.0251 0.0057
vn 0.9998 0.0207 -0.0034
vn 0.9997 0.0255 0.0068
vn 0.9970 0.0743 0.0196
vn 0.9987 0.0444 0.0249
vn 0.9944 -0.0397 0.0980
vn 0.8404 -0.1222 0.5280
vn 0.7272 0.5152 0.4536
vn 0.0196 0.8750 -0.4838
vn 0.7280 -0.6827 0.0637
vn -0.0329 -0.4445 -0.8952
vn -0.9992 0.0145 0.0379
vn 0.8809 0.0049 -0.4734
vn 0.9778 0.2082 0.0257
vn 0.9998 0.0098 0.0145
vn 0.9991 0.0254 -0.0343
vn 0.9937 -0.1087 0.0287
vn 0.9996 -0.0280 -0.0026
vn 0.9747 -0.0485 0.2182
vn -0.0759 0.2658 -0.9610
vn 0.2313 0.0001 -0.9729
vn -0.2077 -0.8368 -0.5066
vn -0.0850 -0.9920 -0.0935
vn 0.0972 0.0419 -0.9944
vn -0.0539 0.5947 -0.8021
vn 0.0672 0.9973 0.0301
vn -0.0700 0.5569 0.8276
vn 0.0699 0.0942 0.9931
vn 0.0104 -0.9851 0.1718
vn 0.2393 -0.9664 0.0940
vn -0.1953 -0.7179 0.6682
vn 0.1873 -0.1137 0.9757
vn -0.1598 0.3990 0.9029
vn 0.1740 0.9711 0.1635
vn 0.0358 0.9984 0.0448
vn -0.9281 -0.2908 -0.2326
vn -0.9998 0.0148 0.0106
vn -0.9997 0.0248 -0.0000
vn -0.9997 -0.0147 -0.0201
vn -0.9996 -0.0045 0.0289
vn -0.9999 0.0079 0.0133
vn -0.9999 -0.0088 0.0130
vn -0.9994 0.0027 0.0338
vn -0.9985 0.0229 -0.0491
vn -0.9939 0.0851 -0.0698
vn -0.8398 0.2760 -0.4675
vn -0.7297 0.6831 0.0293
vn -0.0239 0.2930 0.9558
vn -0.7246 -0.4492 -0.5226
vn 0.0351 -0.9415 0.3350
vn 0.9994 0.0051 -0.0353
vn 0.9998 -0.0159 -0.0094
vn -0.8401 -0.4308 -0.3295
vn -0.8175 -0.2496 -0.5190
vn -0.1351 -0.0942 -0.9863
vn -0.0472 -0.0004 -0.9989
vn 0.6078 0.1172 -0.7854
vn 0.6852 0.2457 -0.6857
vn 0.9594 0.2820 0.0006
vn 0.9422 0.3265 -0.0757
vn 0.5903 0.2737 0.7593
vn 0.5914 0.2718 0.7592
vn 0.5905 0.2733 0.7593
vn 0.4767 0.0950 0.8739
vn -0.2813 0.0897 0.9554
vn -0.6376 -0.3997 0.6585
vn -0.7614 -0.3605 0.5388
vn -0.5689 -0.2963 -0.7672
vn -0.3780 -0.1789 -0.9084
vn -0.4746 -0.1541 -0.8666
vn -0.9505 -0.3071 -0.0481
vn -0.8739 -0.4688 0.1285
vn -0.3420 -0.2341 0.9101
vn -0.5729 -0.1091 0.8123
vn 0.5538 0.2589 0.7913
vn 0.5086 0.1736 0.8433
vn 0.3588 0.1889 0.9141
vn 0.8961 0.4343 -0.0917
vn 0.9415 0.3371 -0.0010
vn 0.4168 0.2031 -0.8860
vn 0.5087 0.1485 -0.8481
vn -0.3267 0.9372 -0.1225
vn -0.3772 0.9258 0.0265
vn -0.3329 0.9430 0.0004
vn -0.3273 0.9449 -0.0021
vn -0.3253 0.9456 -0.0031
vn -0.5437 0.8369 -0.0633
vn -0.3353 0.9421 0.0014
vn -0.3643 0.9312 0.0160
vn -0.3518 0.9351 -0.0422
vn -0.3176 0.9480 -0.0209
vn -0.4007 0.9156 0.0332
vn -0.3435 0.9390 0.0151
vn -0.3393 0.9405 0.0180
vn -0.3429 0.9392 0.0155
vn -0.3382 0.9409 0.0187
vn -0.4005 0.9160 -0.0242
vn 0.3525 -0.9358 0.0032
vn 0.3530 -0.9356 0.0029
vn 0.3522 -0.9359 0.0033
vn 0.4512 -0.8924 -0.0085
vn 0.4225 -0.9049 -0.0513
vn 0.3503 -0.9340 -0.0707
vn 0.3533 -0.9355 0.0026
vn 0.4692 -0.8828 -0.0215
vn 0.2097 -0.6698 -0.7123
vn 0.3851 -0.9210 -0.0584
vn 0.3640 -0.9313 0.0116
vn 0.4270 -0.9038 -0.0284
vn 0.3572 -0.9306 0.0805
vn 0.3849 -0.9224 -0.0333
vn 0.4023 -0.9115 0.0858
vn 0.5917 0.2712 0.7592
vn 0.2063 -0.8575 0.4714
vn -0.7526 0.4009 0.5224
vn -0.6488 0.6072 0.4587
vn 0.9846 0.1436 -0.0997
vn -0.0592 0.9339 -0.3526
vn 0.0688 -0.4083 -0.9103
vn -0.8854 0.3145 -0.3424
vn 0.8892 -0.3486 -0.2964
vn 0.7996 -0.4524 0.3949
vn 0.7548 -0.2697 0.5980
vn 0.2039 -0.1689 0.9643
vn 0.0090 0.0402 0.9991
vn -0.5598 0.1680 0.8114
vn -0.6508 0.2959 0.6992
vn -0.9444 0.3228 -0.0632
vn -0.9307 0.3503 -0.1056
vn -0.5315 0.1736 -0.8291
vn -0.3625 -0.0193 -0.9318
vn -0.4469 -0.0391 -0.8937
vn 0.4525 -0.1339 -0.8816
vn 0.6386 -0.4122 -0.6498
vn 0.7852 -0.2789 0.5528
vn 0.7954 -0.2691 0.5430
vn 0.8396 -0.4137 -0.3520
vn 0.8459 -0.2772 -0.4556
vn 0.0033 0.1221 -0.9925
vn 0.1028 -0.1547 -0.9826
vn -0.7911 0.3915 -0.4701
vn -0.7664 0.2182 -0.6041
vn -0.7483 0.3967 0.5317
vn -0.9064 0.2278 0.3557
vn 0.0085 0.0458 0.9989
vn -0.0327 0.0214 0.9992
vn -0.1816 0.0059 0.9834
vn 0.3638 0.9315 0.0030
vn 0.3471 0.9378 0.0015
vn 0.3440 0.9390 -0.0020
vn 0.3447 0.9387 -0.0012
vn 0.3480 0.9375 0.0025
vn 0.3338 0.9426 0.0113
vn 0.4295 0.8848 0.1807
vn 0.3250 0.9451 0.0338
vn 0.3253 0.9450 0.0336
vn 0.3270 0.9444 0.0337
vn 0.3273 0.9443 0.0339
vn 0.3685 0.9290 -0.0340
vn 0.3800 0.9220 0.0738
vn 0.4357 0.8981 0.0598
vn 0.3584 0.9335 0.0119
vn -0.2864 -0.9578 -0.0235
vn -0.1588 -0.9871 -0.0198
vn -0.3663 -0.9269 -0.0820
vn -0.3733 -0.9213 0.1086
vn -0.4130 -0.9097 0.0444
vn -0.3527 -0.9328 0.0741
vn -0.2889 -0.9562 0.0477
vn -0.2996 -0.9538 0.0246
vn -0.3376 -0.9356 -0.1035
vn -0.4290 -0.8946 -0.1251
vn -0.4598 -0.8607 -0.2186
vn -0.4149 -0.9098 -0.0139
vn -0.4516 -0.8914 0.0373
vn -0.1998 -0.9588 0.2018
vn -0.4176 0.3359 -0.8442
vn 0.6483 0.6934 -0.3143
vn 0.0195 -0.1909 -0.9814
vn 0.1890 0.8894 -0.4163
vn -0.9918 -0.0649 -0.1101
vn 0.2481 0.0336 0.9682
vn 0.6920 0.7006 0.1742
vn 0.7443 -0.6573 -0.1184
vn -0.0074 -0.0039 1.0000
vn 0.0021 -0.0200 0.9998
vn 0.0021 -0.0201 0.9998
vn 0.0022 -0.0202 0.9998
vn 0.0023 -0.0205 0.9998
vn -0.0017 -0.0005 1.0000
vn -0.0077 -0.0133 0.9999
vn -0.0196 0.0274 0.9994
vn -0.0194 0.0272 0.9994
vn -0.0222 0.0270 0.9994
vn -0.0467 -0.0073 0.9989
vn -0.0010 0.0053 1.0000
vn -0.0170 0.0502 0.9986
vn -0.0070 0.0145 0.9999
vn 0.0031 -0.0181 0.9998
vn -0.0223 0.0267 0.9994
vn -0.0406 0.0876 0.9953
vn -0.0521 0.1242 0.9909
vn -0.0373 0.0187 0.9991
vn -0.0063 0.0797 0.9968
vn -0.0066 -0.0145 0.9999
vn 0.0028 -0.0006 1.0000
vn 0.0027 -0.0005 1.0000
vn 0.0459 0.0087 0.9989
vn 0.0435 0.0046 0.9990
vn 0.0430 0.0036 0.9991
vn 0.0325 -0.0091 0.9994
vn 0.0687 0.0144 0.9975
vn 0.0896 0.0216 0.9957
vn 0.0731 0.0169 0.9972
vn -0.0058 -0.0246 0.9997
vn -0.0092 -0.0034 1.0000
vn -0.0128 -0.0086 0.9999
vn -0.0095 -0.0038 0.9999
vn -0.0140 -0.0102 0.9999
vn -0.0020 0.0028 1.0000
vn 0.1196 0.1324 0.9840
vn 0.0465 0.0096 0.9989
vn -0.0071 0.0222 0.9997
vn 0.0942 -0.2303 0.9685
vn -0.0017 -0.0148 0.9999
vn -0.0030 -0.0076 1.0000
vn -0.0021 -0.0128 0.9999
vn -0.0033 -0.0060 1.0000
vn -0.0058 -0.0585 0.9983
vn 0.0640 0.0431 0.9970
vn 0.0088 -0.0053 0.9999
vn 0.0178 0.0291 0.9994
vn -0.0038 -0.0104 0.9999
vn -0.0179 -0.0153 0.9997
vn -0.0203 -0.0180 0.9996
vn -0.0193 -0.0188 0.9996
vn -0.0178 -0.0156 0.9997
vn -0.0184 -0.0203 0.9996
vn 0.0430 0.0229 0.9988
vn 0.0294 -0.0545 0.9981
vn -0.0169 -0.0201 0.9997
vn 0.7095 0.7047 0.0026
vn 0.9792 -0.2025 0.0103
vn -0.0231 0.9928 -0.1174
vn 0.0195 0.9993 0.0323
vn -0.0879 0.9961 -0.0005
vn 0.8181 0.5750 -0.0027
vn 0.8585 0.5128 0.0013
vn -0.9958 0.0842 -0.0353
vn -0.9955 0.0875 -0.0370
vn -0.9958 0.0841 -0.0352
vn -0.9959 0.0839 -0.0351
vn -0.9980 0.0509 -0.0377
vn -0.9654 0.2390 0.1041
vn -0.9983 0.0587 0.0050
vn -0.9993 0.0295 0.0225
vn -0.3777 0.8400 -0.3894
vn -0.3846 0.8371 -0.3890
vn -0.3821 0.8382 -0.3892
vn -0.3300 0.9418 -0.0646
vn -0.2698 0.8375 -0.4752
vn -0.9321 0.3358 -0.1354
vn -0.9256 0.3747 -0.0536
vn -0.9618 0.2577 0.0924
vn -0.7733 0.6278 0.0886
vn -0.2857 0.8694 0.4030
vn -0.8774 0.4567 0.1470
vn -0.2637 0.9646 -0.0001
vn -0.2556 0.9668 0.0004
vn -0.2586 0.9660 0.0003
vn -0.2797 0.9601 0.0016
vn -0.3346 0.9423 0.0069
vn -0.2511 0.9652 -0.0730
vn -0.2655 0.9640 -0.0169
vn -0.2661 0.9639 -0.0003
vn -0.3321 0.9420 0.0483
vn -0.0096 0.0135 -0.9999
vn -0.0210 -0.0236 -0.9995
vn -0.0207 -0.0238 -0.9995
vn -0.0215 -0.0195 -0.9996
vn -0.0028 -0.0013 -1.0000
vn -0.0282 -0.0619 -0.9977
vn 0.0018 0.0445 -0.9990
vn -0.0231 0.0422 -0.9988
vn -0.0001 -0.0174 -0.9998
vn -0.0006 -0.0151 -0.9999
vn -0.0008 -0.0142 -0.9999
vn -0.0068 -0.0041 -1.0000
vn -0.0055 -0.0045 -1.0000
vn -0.0138 -0.0014 -0.9999
vn -0.0102 0.0142 -0.9998
vn -0.0117 0.0172 -0.9998
vn -0.0099 0.0138 -0.9999
vn -0.0000 -0.0181 -0.9998
vn -0.0081 0.0029 -1.0000
vn -0.0096 -0.0009 -1.0000
vn -0.0044 -0.0013 -1.0000
vn -0.0192 -0.0168 -0.9997
vn -0.0213 -0.0190 -0.9996
vn 0.1402 -0.0377 -0.9894
vn 0.0638 0.0788 -0.9948
vn -0.0117 0.0173 -0.9998
vn -0.0118 0.0177 -0.9998
vn 0.0337 -0.0456 -0.9984
vn -0.0003 0.0012 -1.0000
vn -0.0061 0.0031 -1.0000
vn 0.0079 -0.0042 -1.0000
vn -0.0020 0.0030 -1.0000
vn 0.0508 0.0182 -0.9985
vn -0.0165 -0.0004 -0.9999
vn 0.0418 0.0511 -0.9978
vn -0.0187 -0.0163 -0.9997
vn -0.0027 -0.0035 -1.0000
vn 0.0128 -0.0080 -0.9999
vn 0.0003 -0.0006 -1.0000
vn 0.0025 -0.0040 -1.0000
vn -0.0003 0.0003 -1.0000
vn 0.0222 -0.0532 -0.9983
vn 0.0027 -0.0043 -1.0000
vn -0.1851 -0.2722 -0.9443
vn -0.9169 0.3992 -0.0009
vn -0.9173 0.3982 -0.0002
vn -0.9145 0.4045 -0.0045
vn -0.9139 0.4058 -0.0055
vn -0.9877 0.1496 0.0458
vn -0.9984 0.0241 -0.0508
vn -0.9946 -0.1033 0.0008
vn 0.3762 -0.9265 -0.0090
vn 0.3643 -0.9313 -0.0015
vn 1.0000 0.0064 -0.0060
vn 1.0000 0.0038 -0.0026
vn 1.0000 0.0064 -0.0056
vn 1.0000 0.0035 -0.0026
vn 0.9992 -0.0397 -0.0032
vn 0.9991 -0.0414 -0.0039
vn 0.9995 -0.0325 -0.0002
vn 0.9993 0.0293 0.0251
vn 0.9992 0.0293 0.0268
vn 0.9993 0.0293 0.0243
vn 0.9991 0.0420 -0.0050
vn 0.9994 -0.0173 -0.0295
vn 0.9999 0.0147 -0.0068
vn 0.9999 -0.0108 -0.0076
vn 0.9998 0.0066 -0.0187
vn 0.9998 -0.0036 0.0177
vn 0.9994 0.0296 0.0149
vn -0.2741 -0.9616 -0.0139
vn -0.2702 -0.9625 0.0233
vn -0.2876 -0.9578 0.0007
vn -0.6173 -0.7867 0.0011
vn -0.6167 -0.7872 -0.0014
vn -0.6171 -0.7869 0.0004
vn -0.6165 -0.7873 -0.0020
vn 0.0121 -0.9999 -0.0018
vn 0.0123 -0.9999 -0.0019
vn 0.0133 -0.9999 -0.0057
vn 0.0013 -1.0000 -0.0072
vn -0.0346 -0.9994 0.0008
vn -0.0275 -0.9996 0.0060
vn -0.0281 -0.9996 0.0055
vn -0.0208 -0.9997 0.0129
vn -0.0208 -0.9997 0.0133
vn -0.0115 -0.9995 0.0297
vn -0.0002 -1.0000 -0.0083
vn -0.0079 -0.9996 -0.0266
vn -0.0075 -0.9996 -0.0273
vn -0.0080 -0.9996 -0.0265
vn -0.0105 -0.9997 -0.0224
vn -0.9980 0.0622 -0.0072
vn -0.9998 0.0181 0.0064
vn -0.0094 0.9999 -0.0081
vn -0.0079 0.9999 -0.0068
vn -0.0072 1.0000 -0.0062
vn 0.0011 1.0000 0.0007
vn -0.0294 0.9996 -0.0012
vn -0.0149 0.9998 -0.0098
vn -0.0143 0.9998 -0.0103
vn -0.0151 0.9998 -0.0095
vn -0.0152 0.9998 -0.0099
vn 0.0014 0.9997 0.0251
vn -0.0100 0.9998 -0.0174
vn 0.0062 0.9999 0.0105
vn -0.0096 0.9999 0.0126
vn -0.0099 0.9999 0.0130
vn -0.0097 0.9999 0.0126
vn -0.0085 0.9999 0.0105
vn -0.9997 0.0179 0.0154
vn -0.9997 -0.0153 -0.0201
vn -0.0090 -0.9999 -0.0133
vn -0.0108 -0.9999 -0.0135
vn -0.0088 -0.9999 -0.0136
vn -0.0305 -0.9995 0.0003
vn 0.0046 -1.0000 0.0048
vn 0.0033 -1.0000 0.0038
vn 0.0029 -1.0000 0.0032
vn 0.0017 -1.0000 -0.0036
vn -0.0148 -0.9998 0.0122
vn -0.0155 -0.9998 0.0111
vn -0.0151 -0.9998 0.0119
vn -0.0109 -0.9999 -0.0130
vn -0.0110 -0.9999 -0.0132
vn 0.0026 -1.0000 -0.0046
vn -0.0102 -0.9998 0.0184
vn -0.9981 -0.0617 0.0089
vn -0.9999 -0.0132 -0.0062
vn -0.0273 0.9996 -0.0068
vn -0.0239 0.9997 -0.0043
vn -0.0252 0.9997 -0.0052
vn -0.0168 0.9999 0.0008
vn 0.0152 0.9999 -0.0037
vn 0.0150 0.9999 -0.0051
vn 0.0119 0.9999 0.0042
vn 0.0168 0.9998 -0.0061
vn 0.0130 0.9999 0.0052
vn -0.0036 0.9998 0.0220
vn -0.0007 0.9997 0.0231
vn -0.0016 0.9998 0.0216
vn -0.0071 0.9998 0.0173
vn -0.0068 0.9998 0.0168
vn -0.0167 0.9999 0.0007
vn -0.0043 0.9998 -0.0201
vn -0.3580 0.9337 -0.0057
vn -0.3520 0.9360 0.0051
vn -0.3580 0.9337 -0.0041
vn -0.3610 0.9326 0.0002
vn -0.3611 0.9325 0.0003
vn -0.3583 0.9336 -0.0053
vn -0.3595 0.9331 0.0082
vn -0.3591 0.9332 0.0116
vn -0.3559 0.9344 0.0128
vn -0.3556 0.9346 0.0126
vn -0.3619 0.9322 0.0014
vn -0.3551 0.9281 -0.1123
vn -0.3535 0.9349 0.0333
vn -0.3715 0.9283 -0.0165
vn -0.3552 0.9347 0.0139
vn 0.9998 0.0190 -0.0033
vn 0.9998 0.0202 -0.0029
vn 0.9998 0.0206 -0.0027
vn 0.9996 0.0281 0.0002
vn 0.9993 -0.0371 0.0026
vn 0.9992 -0.0388 0.0032
vn 0.9993 -0.0364 0.0024
vn 1.0000 -0.0005 0.0009
vn 0.9996 -0.0270 -0.0009
vn 0.9999 -0.0095 0.0072
vn 0.9999 -0.0091 0.0072
vn 0.9999 -0.0075 0.0087
vn 0.9999 -0.0011 0.0134
vn 0.9999 -0.0022 -0.0170
vn 0.6660 0.7460 0.0003
vn 0.6429 0.7658 -0.0135
vn 0.9321 -0.3603 -0.0365
vn 0.9978 0.0417 0.0522
vn 0.9274 0.3730 -0.0291
vn 0.9979 -0.0638 -0.0083
vn 0.9047 -0.4260 -0.0110
vn 0.7622 -0.6472 0.0130
vn -0.1352 -0.9783 -0.1572
vn -0.0862 -0.9891 0.1198
vn -0.1295 -0.9710 0.2008
vn -0.0799 -0.8790 0.4702
vn -0.0798 -0.8790 0.4701
vn -0.0804 -0.8784 0.4712
vn -0.0805 -0.8783 0.4713
vn -0.0173 -0.9312 -0.3642
vn -0.0764 -0.8840 -0.4611
vn -0.4504 0.8869 0.1027
vn -0.4393 0.7704 0.4621
vn -0.2414 0.9697 0.0373
vn -0.4837 0.8728 -0.0649
vn -0.3753 0.8411 -0.3896
vn -0.2570 -0.9256 0.2778
vn -0.7314 -0.6782 0.0717
vn -0.6824 -0.7262 0.0837
vn -0.8931 -0.4322 -0.1249
vn -0.9668 -0.2483 -0.0605
vn -0.9703 -0.2373 0.0470
vn -0.8382 -0.5190 0.1672
vn -0.7720 -0.6255 -0.1129
vn -0.2842 -0.8388 -0.4643
vn -0.7586 -0.6419 -0.1119
vn -0.6826 -0.5770 0.4484
vn 0.1759 0.9844 -0.0045
vn 0.2296 0.9728 0.0314
vn 0.4697 0.8815 -0.0496
vn 0.5859 0.8077 0.0651
vn 0.7598 0.6487 -0.0435
vn 0.8991 0.4329 0.0653
vn 0.8710 0.4913 -0.0080
vn 0.8688 -0.4951 0.0087
vn 0.8804 -0.4739 -0.0188
vn 0.7257 -0.6862 0.0501
vn 0.5675 -0.8200 -0.0749
vn 0.4502 -0.8920 0.0401
vn 0.1914 -0.9815 -0.0072
vn 0.1760 -0.9844 0.0032
vn 0.6803 0.7329 -0.0087
vn 0.6653 0.7465 0.0033
vn 0.6780 -0.7350 0.0101
vn 0.6782 -0.7348 0.0102
vn 0.6770 -0.7359 0.0094
vn 0.6769 -0.7360 0.0093
vn -0.1703 -0.0245 0.9851
vn 0.2650 0.4524 0.8515
vn -0.2815 0.8100 -0.5145
vn 0.1972 0.4519 -0.8700
vn -0.2099 -0.9767 -0.0446
vn 0.1658 -0.9159 -0.3655
vn -0.9804 -0.1476 -0.1302
vn -0.9975 -0.0700 -0.0116
vn -0.9272 -0.2699 0.2597
vn -0.9973 0.0226 0.0700
vn -0.9641 0.2119 0.1604
vn -0.9831 0.1162 -0.1416
vn -0.9973 0.0133 -0.0726
vn 0.0265 -0.6795 0.7332
vn -0.0075 -0.7205 0.6934
vn -0.0525 -0.7488 -0.6607
vn 0.0631 -0.5732 -0.8170
vn -0.0483 0.7203 -0.6920
vn -0.0225 0.6341 -0.7729
vn 0.0155 0.9991 0.0405
vn -0.0477 0.7963 0.6030
vn 0.0070 0.5978 0.8016
vn -0.0211 -0.3348 -0.9420
vn 0.0550 0.4048 -0.9127
vn -0.0059 0.8100 -0.5864
vn 0.0224 0.7275 0.6857
vn 0.0022 0.6328 0.7743
vn 0.0063 -0.9402 0.3406
vn 0.0213 -0.9101 0.4139
vn -0.2269 0.6110 0.7584
vn -0.2990 0.8037 0.5145
vn -0.2796 0.7473 -0.6028
vn -0.2505 0.6683 -0.7005
vn -0.4060 0.0277 -0.9135
vn -0.4848 -0.0146 -0.8745
vn -0.9972 0.0230 0.0707
vn -0.9997 -0.0043 0.0228
vn -0.3464 0.0003 0.9381
vn -0.4777 0.0898 0.8739
vn 0.3273 -0.0729 0.9421
vn 0.8692 0.1037 0.4834
vn 0.9875 -0.0801 0.1357
vn 0.5015 0.0679 -0.8625
vn 0.6163 -0.0195 -0.7873
vn -0.4060 0.0279 -0.9135
vn -0.4848 -0.0148 -0.8745
vn -0.9972 0.0232 0.0707
vn -0.4776 0.0906 0.8739
vn 0.3273 -0.0735 0.9421
vn 0.8691 0.1046 0.4834
vn 0.9874 -0.0808 0.1357
vn 0.5015 0.0684 -0.8625
vn 0.6163 -0.0196 -0.7873
vn 0.6080 0.7086 0.3579
vn 0.8621 -0.0331 0.5056
vn 0.2936 0.0035 -0.9559
vn 0.9916 0.0014 -0.1291
vn 0.1709 -0.9676 0.1857
vn 0.2836 -0.4098 0.8670
vn 0.5202 -0.6339 0.5723
vn 0.6954 -0.3602 0.6219
vn 0.4585 -0.5993 0.6562
vn 0.5499 -0.2183 0.8062
vn 0.9531 -0.0385 0.3003
vn 0.5282 0.2110 0.8225
vn 0.4900 0.6322 0.6002
vn 0.5886 0.4496 0.6719
vn 0.3259 0.6117 0.7208
vn 0.3412 0.6565 0.6727
vn 0.0430 0.6921 0.7205
vn 0.1511 0.8389 -0.5229
vn 0.3242 0.4473 -0.8336
vn 0.5222 0.6317 -0.5729
vn 0.6959 0.3586 -0.6222
vn 0.4381 0.5603 -0.7029
vn 0.7241 0.0410 -0.6885
vn 0.7609 0.0289 -0.6482
vn 0.4530 -0.5781 -0.6787
vn 0.8533 -0.4428 -0.2755
vn 0.3530 -0.3338 -0.8741
vn 0.4438 -0.8792 -0.1736
vn 0.3659 -0.6515 -0.6646
vn 0.0372 -0.6922 -0.7207
vn -0.9182 0.3959 0.0167
vn -0.7140 -0.7001 -0.0059
vn -0.5173 0.7530 0.4068
vn -0.9689 0.2467 0.0193
vn -0.9085 0.4179 -0.0022
vn -0.1706 0.8834 -0.4365
vn -0.9980 0.0591 0.0215
vn -0.9962 0.0871 -0.0035
vn 0.9114 0.4115 0.0023
vn 0.8963 0.4434 0.0069
vn 0.9957 -0.0926 0.0003
vn 0.8356 0.5493 0.0069
vn 0.0794 0.9739 0.2128
vn 0.0327 0.0711 0.9969
vn 0.0125 0.4714 -0.8818
vn 0.0943 0.1577 -0.9830
vn 0.7951 0.5951 0.1170
vn 0.8731 0.4809 0.0803
vn 0.0117 0.9995 -0.0299
vn -0.7072 0.7009 0.0932
vn -0.9993 0.0311 -0.0222
vn -0.2088 -0.9769 0.0457
vn 0.0227 -0.9997 0.0014
vn 0.9942 0.1062 0.0139
vn 0.9958 -0.0729 0.0563
vn -0.9951 -0.0428 -0.0887
vn -0.7739 -0.4790 0.4142
vn 0.1879 0.1471 0.9711
vn 0.7401 -0.0351 0.6716
vn 0.6036 0.5226 -0.6021
vn 0.3278 -0.1804 -0.9274
vn 0.9357 0.3469 0.0641
vn 0.9898 -0.0504 0.1332
vn -0.9383 -0.3428 0.0464
vn -0.9488 -0.3115 0.0530
vn 0.3557 -0.9346 0.0018
vn 0.3549 -0.9349 0.0015
vn 0.3578 -0.9338 0.0001
vn 0.3577 -0.9338 0.0011
vn 0.3566 -0.9343 -0.0000
vn 0.3586 -0.9335 0.0023
vn -0.3465 0.9380 0.0079
vn -0.3484 0.9373 0.0071
vn -0.3547 0.9350 0.0041
vn -0.3568 0.9342 0.0031
vn 0.0139 0.0031 0.9999
vn -0.0467 -0.0914 0.9947
vn 0.3348 -0.2859 0.8979
vn -0.8119 -0.0147 -0.5836
vn -0.6032 0.0751 -0.7941
vn 0.4626 -0.0735 -0.8835
vn 0.9808 0.1858 -0.0599
vn 0.8819 -0.0336 0.4703
vn -0.5100 0.0206 0.8600
vn -0.5611 0.0443 0.8265
vn -0.0014 1.0000 -0.0000
s 1
f 8//1 9//1 5//1
f 5//2 9//2 2//2
f 5//3 2//3 6//3
f 6//4 2//4 7//4
f 6//5 7//5 8//5
f 8//6 7//6 9//6
f 58//7 10//7 168//7
f 11//8 12//8 13//8
f 167//9 13//9 38//9
f 38//10 13//10 14//10
f 13//11 167//11 11//11
f 20//12 21//12 18//12
f 18//13 21//14 19//15
f 22//16 23//16 49//16
f 15//17 17//17 24//17
f 25//18 28//18 26//18
f 26//19 28//20 29//21
f 29//21 28//20 16//22
f 17//23 30//23 24//23
f 27//24 158//25 31//26
f 15//27 16//27 17//27
f 16//28 15//28 88//28
f 16//29 88//30 158//25
f 34//31 24//31 19//31
f 19//15 24//32 35//33
f 19//15 35//33 18//13
f 36//34 37//34 27//34
f 27//35 37//35 32//35
f 33//36 25//36 49//36
f 49//37 25//37 26//37
f 49//38 26//38 32//38
f 32//39 26//39 16//39
f 32//40 16//40 27//40
f 27//24 16//29 158//25
f 49//41 23//41 38//41
f 49//42 38//42 33//42
f 16//22 28//20 40//43
f 27//24 31//26 19//44
f 19//44 31//26 34//45
f 16//46 40//46 17//46
f 131//47 39//47 42//47
f 42//48 39//48 41//48
f 24//49 30//49 43//49
f 43//50 44//50 24//50
f 24//51 44//51 35//51
f 44//52 39//52 35//52
f 35//53 39//53 45//53
f 45//54 39//54 131//54
f 51//55 52//55 53//55
f 50//56 53//56 55//56
f 55//57 53//57 54//57
f 55//58 47//58 46//58
f 55//59 54//59 49//59
f 53//60 50//60 47//60
f 53//61 47//61 51//61
f 46//62 50//62 55//62
f 51//63 47//63 57//63
f 57//64 47//64 55//64
f 55//65 49//65 56//65
f 55//66 56//66 57//66
f 58//67 59//68 60//69
f 62//70 63//70 48//71
f 64//72 65//72 62//72
f 62//70 65//73 63//70
f 102//74 68//74 61//74
f 61//75 68//75 66//75
f 48//76 74//76 69//76
f 61//77 161//77 63//77
f 63//78 161//78 159//78
f 89//79 72//79 70//79
f 66//80 161//80 61//80
f 70//81 72//82 71//83
f 69//84 75//84 58//84
f 159//85 73//85 63//85
f 63//86 73//86 74//86
f 63//87 74//87 48//87
f 48//88 69//88 58//88
f 48//89 58//67 60//69
f 75//90 74//90 10//90
f 10//91 74//91 67//91
f 70//81 71//83 73//92
f 58//93 75//93 10//93
f 73//94 83//94 81//94
f 73//95 81//95 82//95
f 67//96 74//96 82//96
f 80//97 89//97 78//97
f 71//98 83//98 73//98
f 73//99 82//99 74//99
f 84//100 76//100 77//100
f 84//101 77//101 86//101
f 79//102 78//102 89//102
f 79//103 89//103 66//103
f 66//104 89//104 161//104
f 80//105 85//105 89//105
f 86//106 77//107 87//108
f 87//108 77//107 79//109
f 79//110 77//110 78//110
f 89//111 85//111 72//111
f 24//112 89//112 70//112
f 24//113 70//113 15//113
f 15//114 70//114 73//114
f 15//115 73//115 88//115
f 88//116 73//117 158//118
f 158//118 73//117 160//119
f 31//120 159//121 34//122
f 34//122 159//121 161//123
f 92//124 84//125 91//126
f 92//124 91//126 90//127
f 76//128 94//129 41//130
f 41//130 94//129 93//131
f 41//130 93//131 42//132
f 42//132 93//131 91//126
f 91//126 93//131 90//127
f 84//125 92//124 76//128
f 92//124 94//129 76//128
f 137//133 87//133 95//133
f 35//134 95//134 87//134
f 35//135 87//135 79//135
f 45//136 95//137 35//138
f 45//136 138//139 95//137
f 35//140 79//141 18//142
f 18//142 79//141 66//143
f 18//144 99//145 96//146
f 20//147 97//147 68//147
f 97//148 98//149 68//150
f 66//151 100//151 99//151
f 66//152 99//152 18//152
f 18//144 96//146 20//153
f 20//153 96//146 97//154
f 68//150 98//149 66//155
f 66//156 98//156 100//156
f 21//157 20//157 102//157
f 102//158 20//158 68//158
f 102//159 101//159 21//159
f 19//160 105//160 103//160
f 104//161 61//161 103//161
f 103//162 61//162 19//162
f 21//163 101//164 105//165
f 21//163 105//165 19//166
f 61//167 104//167 107//167
f 61//168 107//168 102//168
f 102//169 107//169 106//169
f 106//170 101//170 102//170
f 19//171 61//171 27//171
f 27//172 61//172 63//172
f 27//173 108//174 110//175
f 36//176 111//176 65//176
f 65//177 111//177 109//177
f 65//178 109//178 112//178
f 63//179 113//180 108//181
f 63//179 108//181 27//182
f 27//173 110//175 36//183
f 36//183 110//175 111//184
f 65//185 112//186 63//187
f 63//187 112//186 113//188
f 65//189 64//189 36//189
f 36//190 64//190 37//190
f 64//191 114//191 37//191
f 32//192 116//192 115//193
f 32//194 115//194 62//194
f 114//195 116//195 37//195
f 37//196 116//192 32//192
f 62//197 115//198 117//199
f 62//197 117//199 64//200
f 64//201 117//201 118//201
f 118//202 114//202 64//202
f 6//203 32//204 62//205
f 6//206 62//207 5//208
f 57//209 5//208 62//207
f 32//204 6//203 8//210
f 56//211 121//212 57//213
f 120//214 119//214 8//214
f 8//210 119//215 32//204
f 57//213 121//212 120//216
f 5//208 57//209 8//217
f 8//217 57//209 120//218
f 119//219 122//220 32//221
f 32//221 122//220 56//222
f 56//223 122//223 121//223
f 67//224 126//225 123//226
f 38//227 124//228 125//229
f 123//226 124//230 14//231
f 33//232 126//232 67//232
f 125//229 126//233 33//234
f 123//226 14//231 67//224
f 67//235 14//235 10//235
f 124//236 38//236 14//236
f 38//227 125//229 33//234
f 34//237 161//238 24//239
f 24//239 161//238 89//240
f 127//241 30//241 128//241
f 127//242 128//242 129//242
f 129//243 128//243 130//243
f 158//244 160//244 31//244
f 31//245 160//245 159//245
f 132//246 91//246 136//246
f 136//247 91//247 133//247
f 133//248 84//248 134//248
f 134//249 84//249 86//249
f 131//250 42//250 132//250
f 132//251 42//251 91//251
f 133//252 91//252 84//252
f 135//253 49//253 54//253
f 53//254 135//254 54//254
f 166//255 53//255 52//255
f 166//256 51//256 48//256
f 51//257 166//257 52//257
f 132//258 141//258 131//258
f 131//259 141//259 45//259
f 141//260 140//260 138//260
f 141//261 138//261 45//261
f 141//262 132//262 136//262
f 141//263 136//263 140//263
f 136//264 133//264 139//264
f 139//265 133//265 134//265
f 139//266 134//266 86//266
f 139//267 86//267 87//267
f 87//268 137//268 139//268
f 136//269 139//269 137//269
f 43//270 85//270 44//270
f 44//271 85//271 80//271
f 44//272 80//272 142//272
f 142//273 80//273 78//273
f 142//274 78//274 143//274
f 142//275 143//275 144//275
f 144//276 143//276 41//276
f 41//277 143//277 76//277
f 33//278 67//278 145//278
f 145//279 67//279 146//279
f 145//280 146//281 147//281
f 147//281 146//281 148//282
f 147//283 148//283 149//283
f 149//284 148//284 81//284
f 149//285 81//286 40//287
f 40//287 81//286 83//288
f 30//289 127//289 85//289
f 30//290 85//290 43//290
f 40//291 83//291 129//291
f 40//292 129//292 130//292
f 94//293 150//294 93//295
f 93//295 150//294 151//296
f 93//297 151//297 90//297
f 90//298 151//298 152//298
f 90//299 152//299 153//299
f 90//300 153//300 92//300
f 92//301 153//301 150//301
f 92//302 150//302 94//302
f 150//303 154//303 155//303
f 150//304 155//304 151//304
f 151//305 155//306 152//307
f 152//307 155//306 156//308
f 154//309 150//309 153//309
f 154//310 153//310 157//310
f 152//311 156//311 153//311
f 153//312 156//312 157//312
f 157//313 137//313 154//313
f 157//314 136//314 137//314
f 136//315 157//315 156//315
f 136//316 156//316 140//316
f 140//317 156//317 155//317
f 155//318 138//318 140//318
f 138//319 155//319 95//319
f 95//320 155//320 154//320
f 154//321 137//321 95//321
f 51//322 57//322 62//322
f 51//323 62//323 48//323
f 32//324 56//324 49//324
f 110//325 116//325 111//325
f 111//326 116//326 114//326
f 111//327 114//327 118//327
f 111//328 118//328 109//328
f 109//329 118//329 112//329
f 112//330 118//330 117//330
f 112//331 117//331 113//331
f 113//332 117//332 115//332
f 113//333 115//333 108//333
f 108//334 115//334 110//334
f 110//335 115//335 116//335
f 96//336 105//336 97//336
f 97//337 105//337 101//337
f 97//338 101//338 106//338
f 97//339 106//339 98//339
f 98//340 106//340 100//340
f 100//341 106//341 107//341
f 100//342 107//342 99//342
f 99//343 107//343 104//343
f 99//344 104//344 103//344
f 99//345 103//345 96//345
f 96//346 103//346 105//346
f 125//347 47//347 126//347
f 47//348 125//348 46//348
f 50//349 46//349 124//349
f 124//350 46//350 125//350
f 50//351 124//351 123//351
f 50//352 123//352 47//352
f 126//353 47//353 123//353
f 73//354 159//354 160//354
f 144//355 41//355 39//355
f 144//356 39//356 142//356
f 142//357 39//357 44//357
f 128//358 30//358 17//358
f 128//359 17//359 130//359
f 40//360 130//360 17//360
f 149//361 40//361 28//361
f 149//362 28//362 147//362
f 147//363 28//363 25//363
f 147//364 25//364 145//364
f 145//365 25//365 33//365
f 143//366 78//366 77//366
f 143//367 77//367 76//367
f 85//368 127//368 72//368
f 129//369 71//369 127//369
f 127//370 71//370 72//370
f 71//371 129//371 83//371
f 146//372 67//372 82//372
f 146//373 82//373 148//373
f 148//374 82//374 81//374
f 60//375 162//375 163//375
f 135//376 22//376 49//376
f 163//377 166//377 60//377
f 22//378 135//379 164//380
f 60//381 166//381 48//381
f 22//378 164//380 165//382
f 162//383 60//383 59//383
f 162//384 59//384 165//384
f 165//385 59//385 22//385
f 53//386 166//386 163//386
f 163//387 164//387 135//387
f 163//388 135//388 53//388
f 165//382 164//380 162//389
f 162//390 164//390 163//390
f 58//391 12//391 11//391
f 58//392 11//392 23//392
f 23//393 22//393 58//393
f 58//394 22//394 59//394
f 10//395 14//395 168//395
f 168//396 14//396 13//396
f 167//397 38//397 23//397
f 23//398 11//398 167//398
f 12//399 58//399 168//399
f 13//400 12//400 168//400
f 170//401 74//401 75//401
f 170//402 75//402 169//402
f 169//403 75//403 69//403
f 169//404 69//404 170//404
f 170//405 69//405 74//405
f 29//406 4//406 26//406
f 26//407 4//407 3//407
f 3//408 2//409 9//410
f 3//408 9//410 26//411
f 26//412 9//412 16//412
f 16//413 9//413 7//413
f 7//414 2//414 16//414
f 16//415 2//415 1//415
f 16//416 1//416 29//416
f 1//417 4//417 29//417
f 2//418 3//418 1//418
f 1//419 3//419 4//419
f 121//420 172//420 120//420
f 171//421 120//421 172//421
f 119//422 120//422 171//422
f 119//423 171//423 122//423
f 173//424 122//424 171//424
f 122//425 173//425 121//425
f 121//426 173//426 172//426
f 171//427 172//427 173//427
f 174//428 183//428 175//428
f 175//429 183//429 176//429
f 175//430 176//430 177//430
f 177//431 176//431 178//431
f 177//432 178//432 179//432
f 179//433 178//434 180//435
f 179//433 180//435 181//436
f 181//437 180//437 182//437
f 182//438 180//438 183//438
f 182//439 183//439 174//439
f 187//440 174//440 184//440
f 184//441 174//441 177//441
f 184//442 177//442 185//442
f 185//443 177//443 179//443
f 185//444 179//444 181//444
f 185//445 181//445 186//445
f 186//446 181//446 187//446
f 187//447 181//447 182//447
f 187//448 182//448 174//448
f 174//449 175//449 177//449
f 186//450 189//451 185//452
f 185//452 189//451 188//453
f 187//454 191//454 190//454
f 185//455 188//455 193//455
f 184//456 191//457 187//458
f 187//459 190//460 186//461
f 186//461 190//460 189//462
f 185//463 193//463 184//463
f 184//464 193//464 192//464
f 184//456 192//465 191//457
f 176//466 192//466 193//466
f 176//467 193//468 178//469
f 178//469 193//468 188//470
f 191//471 192//471 183//471
f 183//472 192//472 176//472
f 178//473 188//474 189//475
f 178//473 189//475 180//476
f 180//477 191//478 183//479
f 180//477 190//477 191//478
f 180//480 189//480 190//480
f 204//481 198//481 199//481
f 197//481 194//481 195//481
f 199//481 198//481 194//481
f 196//481 199//481 201//481
f 201//481 199//481 194//481
f 201//481 194//481 197//481
f 204//482 205//482 198//482
f 198//483 205//483 200//483
f 198//484 200//484 202//484
f 202//485 200//485 203//485
f 202//486 203//486 204//486
f 204//487 203//487 205//487
f 211//488 209//488 207//488
f 217//488 210//488 211//488
f 211//488 210//488 206//488
f 209//488 211//488 213//488
f 213//488 211//488 206//488
f 208//488 213//488 206//488
f 217//489 212//489 210//489
f 210//490 212//490 214//490
f 214//491 212//492 215//493
f 214//491 215//493 216//494
f 216//495 215//496 217//497
f 217//497 215//496 218//498
f 217//499 218//499 212//499
f 219//500 217//500 211//500
f 219//501 211//501 220//501
f 194//502 221//502 220//502
f 194//503 220//503 211//503
f 222//504 204//504 199//504
f 222//505 199//505 224//505
f 223//506 224//506 206//506
f 206//507 224//507 199//507
f 225//508 226//508 223//508
f 225//509 223//509 231//509
f 227//510 228//510 229//510
f 230//511 228//511 220//511
f 228//512 227//512 220//512
f 220//513 227//513 231//513
f 220//514 231//514 223//514
f 221//515 230//515 220//515
f 237//516 232//516 238//516
f 234//517 230//517 221//517
f 230//518 234//518 235//518
f 238//519 232//519 235//519
f 236//520 233//520 225//520
f 225//521 233//521 226//521
f 226//522 233//522 237//522
f 237//523 238//523 221//523
f 237//524 221//524 226//524
f 221//525 238//525 234//525
f 227//526 229//526 236//526
f 235//527 232//527 230//527
f 236//528 225//528 227//528
f 236//529 229//530 230//531
f 236//529 230//531 232//532
f 224//533 223//533 226//533
f 239//534 197//534 240//534
f 240//535 197//535 209//535
f 261//536 253//536 213//536
f 249//537 247//537 248//537
f 213//538 253//538 249//538
f 213//539 249//540 245//541
f 213//539 245//541 209//542
f 245//543 242//543 209//543
f 246//544 248//545 261//546
f 251//547 197//547 248//547
f 246//548 261//548 256//548
f 246//549 256//549 201//549
f 246//550 201//550 251//550
f 245//551 244//551 242//551
f 261//546 248//545 247//552
f 244//553 248//554 243//555
f 262//556 250//556 197//556
f 197//557 250//557 252//557
f 197//558 252//558 248//558
f 250//559 262//560 242//561
f 247//562 253//562 261//562
f 197//563 251//563 201//563
f 248//564 244//565 254//566
f 243//555 250//567 244//553
f 244//568 250//559 242//561
f 248//564 254//566 249//569
f 249//570 254//570 245//570
f 248//554 252//571 243//555
f 255//572 256//573 261//574
f 257//575 255//572 261//574
f 258//576 201//576 256//576
f 240//577 209//577 242//577
f 242//578 262//578 259//578
f 242//579 259//579 241//579
f 260//580 261//580 213//580
f 201//581 258//581 260//581
f 201//582 260//582 213//582
f 262//583 197//583 239//583
f 197//584 195//585 209//586
f 209//586 195//585 207//587
f 194//588 211//588 207//588
f 194//589 207//589 195//589
f 213//590 208//591 201//592
f 201//592 208//591 196//593
f 196//594 208//595 206//596
f 196//594 206//596 199//597
f 264//598 258//599 255//600
f 255//600 257//601 264//598
f 259//602 239//603 263//604
f 259//602 263//604 241//605
f 263//606 239//606 240//606
f 263//607 240//607 242//607
f 264//608 261//608 260//608
f 264//609 260//609 258//609
f 263//610 242//610 241//610
f 239//611 259//611 262//611
f 264//612 257//612 261//612
f 258//613 256//613 255//613
f 219//614 220//614 266//614
f 266//615 220//615 223//615
f 266//616 223//616 210//616
f 210//617 223//617 206//617
f 222//618 224//618 265//618
f 265//619 224//619 221//619
f 265//620 221//620 198//620
f 198//621 221//621 194//621
f 221//622 224//622 226//622
f 266//481 270//481 219//481
f 219//481 267//481 268//481
f 268//481 267//481 269//481
f 269//481 267//481 270//481
f 269//481 270//481 266//481
f 217//623 219//623 268//623
f 217//624 268//624 216//624
f 216//625 268//625 269//625
f 216//626 269//626 214//626
f 214//627 269//627 266//627
f 214//628 266//628 210//628
f 267//629 218//629 215//629
f 267//630 215//630 270//630
f 270//631 215//631 212//631
f 270//632 212//632 219//632
f 219//633 212//633 218//633
f 219//634 218//634 267//634
f 265//488 275//488 271//488
f 265//488 271//488 222//488
f 222//488 271//488 272//488
f 272//488 271//488 273//488
f 272//488 273//488 274//488
f 274//488 273//488 275//488
f 274//488 275//488 265//488
f 204//635 222//635 272//635
f 204//636 272//636 202//636
f 202//637 272//637 274//637
f 202//638 274//638 265//638
f 202//639 265//639 198//639
f 271//640 205//640 273//640
f 273//641 205//641 203//641
f 273//642 203//642 275//642
f 275//643 203//643 200//643
f 275//644 200//644 271//644
f 271//645 200//645 205//645
f 245//646 279//646 278//646
f 245//647 278//647 244//647
f 244//648 278//648 277//648
f 244//649 277//649 254//649
f 254//650 277//650 276//650
f 254//651 276//651 245//651
f 245//652 276//652 279//652
f 277//653 230//653 276//653
f 276//654 230//654 229//654
f 276//655 229//655 279//655
f 279//656 229//656 228//656
f 279//657 228//657 278//657
f 278//658 228//658 230//658
f 278//659 230//659 277//659
f 250//660 283//660 282//660
f 250//661 282//662 281//663
f 250//661 281//663 252//664
f 252//665 281//665 243//665
f 243//666 281//666 280//666
f 243//667 280//667 283//667
f 243//668 283//668 250//668
f 281//669 238//669 280//669
f 280//670 238//670 235//670
f 280//671 235//671 283//671
f 283//672 235//672 282//672
f 282//673 235//673 234//673
f 282//674 234//674 238//674
f 282//675 238//675 281//675
f 249//676 287//676 286//676
f 249//677 286//677 247//677
f 247//678 286//678 285//678
f 247//679 285//679 253//679
f 253//680 285//680 284//680
f 253//681 284//681 287//681
f 253//682 287//682 249//682
f 285//683 227//683 225//683
f 285//684 225//684 284//684
f 284//685 225//685 287//685
f 287//686 225//686 231//686
f 287//687 231//687 286//687
f 286//688 231//688 227//688
f 286//689 227//689 285//689
f 248//690 291//690 290//690
f 248//691 290//691 289//691
f 248//692 289//692 251//692
f 251//693 289//693 246//693
f 246//694 289//694 291//694
f 246//695 291//695 248//695
f 288//696 291//696 289//696
f 289//697 237//697 288//697
f 288//698 237//698 233//698
f 288//699 233//699 291//699
f 291//700 233//700 236//700
f 291//701 236//701 290//701
f 290//702 236//702 232//702
f 290//703 232//703 289//703
f 289//704 232//704 237//704
f 292//705 296//705 293//705
f 293//706 296//707 294//708
f 295//709 296//709 297//709
f 296//710 292//710 297//710
f 295//711 298//711 296//711
f 293//706 294//708 295//712
f 294//713 298//713 295//713
f 303//714 300//715 301//716
f 301//716 300//715 302//717
f 305//718 309//718 306//718
f 305//719 306//719 307//719
f 305//720 307//720 303//720
f 306//721 308//721 311//721
f 321//722 313//723 305//724
f 314//725 313//723 321//722
f 308//726 313//726 311//726
f 303//727 307//727 300//727
f 300//728 307//728 304//728
f 306//729 311//729 310//729
f 310//730 311//730 312//730
f 309//731 305//731 313//731
f 309//732 313//732 308//732
f 307//733 310//733 304//733
f 312//734 304//734 310//734
f 304//735 311//735 300//735
f 300//736 311//736 314//736
f 300//737 314//737 321//737
f 297//738 292//738 305//738
f 305//739 292//739 321//739
f 315//740 293//740 295//740
f 317//741 316//741 324//741
f 324//742 316//742 323//742
f 295//743 316//743 315//743
f 323//744 316//744 295//744
f 293//745 315//746 317//747
f 293//745 317//747 324//748
f 318//749 319//749 301//749
f 301//750 319//750 320//750
f 320//751 319//751 300//751
f 320//752 300//752 321//752
f 320//753 321//753 322//753
f 320//754 322//754 297//754
f 297//755 322//755 323//755
f 323//756 322//756 324//756
f 299//757 326//758 328//759
f 318//760 327//760 319//760
f 319//761 327//761 325//761
f 319//762 325//762 299//762
f 299//757 325//763 326//758
f 326//764 327//764 328//764
f 328//765 327//765 318//765
f 323//766 295//766 297//766
f 320//481 305//481 303//481
f 297//481 305//481 320//481
f 318//767 301//767 328//767
f 320//481 303//481 301//481
f 324//768 292//769 293//770
f 322//771 321//772 292//769
f 322//771 292//769 324//768
f 319//773 299//773 302//774
f 319//773 302//774 300//774
f 301//775 329//775 328//775
f 328//776 329//776 331//776
f 328//777 331//777 299//777
f 299//778 331//778 330//778
f 299//779 330//779 302//779
f 302//780 330//780 329//780
f 302//781 329//781 301//781
f 315//782 294//782 317//782
f 294//783 315//783 298//783
f 298//784 315//784 316//784
f 298//785 316//785 296//785
f 317//786 296//786 316//786
f 317//787 294//787 296//787
f 327//788 329//788 330//788
f 329//789 327//789 326//789
f 329//790 326//790 331//790
f 325//791 331//791 326//791
f 327//792 330//792 325//792
f 325//793 330//793 331//793
f 332//794 309//794 308//794
f 332//795 308//795 306//795
f 332//796 306//796 309//796
f 333//797 313//797 314//797
f 333//798 314//798 311//798
f 333//799 311//799 313//799
f 334//800 307//800 306//800
f 334//801 306//801 310//801
f 334//802 310//802 307//802
f 312//803 311//803 304//803
f 335//804 340//804 336//804
f 336//805 340//806 337//806
f 335//807 338//807 340//807
f 339//808 340//809 341//810
f 341//810 340//809 338//811
f 339//812 342//812 340//812
f 340//813 342//813 344//813
f 343//814 344//814 345//814
f 345//815 344//815 342//815
f 343//816 346//816 344//816
f 347//817 344//818 348//819
f 348//820 344//820 346//820
f 349//821 350//821 351//821
f 351//822 350//822 352//822
f 352//823 350//823 353//823
f 353//824 350//824 354//824
f 354//825 350//825 355//825
f 355//826 350//826 356//826
f 356//827 350//827 382//827
f 356//828 382//828 357//828
f 357//829 382//829 358//829
f 358//830 382//830 359//830
f 359//831 382//831 360//831
f 360//832 382//832 361//832
f 361//833 382//833 362//833
f 362//834 382//834 363//834
f 363//835 382//835 364//835
f 365//836 383//836 366//836
f 366//837 383//837 367//837
f 349//838 367//838 350//838
f 368//839 383//839 369//839
f 369//840 383//840 370//840
f 370//841 383//841 371//841
f 371//842 383//842 372//842
f 372//843 383//843 373//843
f 373//844 383//844 374//844
f 374//845 383//845 375//845
f 375//846 383//846 376//846
f 376//847 383//847 377//847
f 377//848 383//848 378//848
f 378//849 383//849 379//849
f 379//850 383//850 380//850
f 380//851 383//851 381//851
f 381//852 383//852 365//852
f 348//481 346//481 345//481
f 337//853 383//853 368//853
f 348//481 345//481 347//481
f 347//481 345//481 364//481
f 347//854 364//854 382//854
f 346//481 343//481 345//481
f 339//855 384//855 342//855
f 384//856 339//857 341//858
f 341//859 388//859 345//859
f 368//860 386//861 387//862
f 368//863 387//863 337//863
f 349//864 393//864 367//864
f 386//861 368//860 369//865
f 386//866 369//866 370//866
f 386//867 370//867 371//867
f 386//868 371//868 372//868
f 386//869 372//869 373//869
f 386//870 373//870 374//870
f 342//871 384//871 389//871
f 336//481 337//481 390//481
f 384//856 341//858 385//872
f 337//873 387//873 390//873
f 367//874 393//874 391//874
f 345//875 389//875 341//875
f 341//876 389//876 385//876
f 387//877 366//877 367//877
f 390//481 341//481 338//481
f 390//481 338//481 335//481
f 390//481 335//481 336//481
f 374//878 375//878 386//878
f 386//879 375//879 376//879
f 386//880 376//880 366//880
f 366//481 376//481 377//481
f 366//481 377//481 378//481
f 366//481 378//481 379//481
f 366//481 379//481 380//481
f 366//481 380//481 381//481
f 366//481 381//481 365//481
f 345//881 388//881 364//881
f 364//882 388//882 391//882
f 364//883 391//883 392//883
f 389//884 345//884 342//884
f 367//885 391//885 388//885
f 364//886 392//886 363//886
f 363//887 392//887 362//887
f 362//888 392//888 361//888
f 361//889 392//889 360//889
f 360//890 392//890 359//890
f 359//891 392//891 358//891
f 358//892 392//892 393//892
f 358//481 393//481 357//481
f 357//481 393//481 356//481
f 356//481 393//481 355//481
f 355//481 393//481 354//481
f 354//481 393//481 353//481
f 353//481 393//481 352//481
f 352//481 393//481 351//481
f 351//481 393//481 349//481
f 390//893 387//893 367//893
f 390//894 367//894 388//894
f 389//895 384//895 344//895
f 344//896 384//896 340//896
f 340//897 384//898 385//899
f 344//900 385//900 389//900
f 383//901 386//901 367//901
f 367//902 386//902 396//902
f 383//903 387//903 386//903
f 392//904 394//904 344//904
f 395//905 387//905 383//905
f 395//906 383//906 340//906
f 367//907 394//907 350//907
f 385//899 395//908 340//897
f 385//909 344//909 388//909
f 385//910 388//910 395//910
f 382//911 392//911 344//911
f 382//912 350//912 392//912
f 388//913 344//913 394//913
f 394//914 367//914 395//914
f 367//915 396//915 395//915
f 395//916 396//916 387//916
f 350//917 391//917 393//917
f 350//918 393//918 392//918
f 392//919 391//919 394//919
f 394//920 391//920 350//920
f 386//921 366//921 396//921
f 396//922 366//922 387//922
f 340//806 383//923 337//806
f 382//924 344//818 347//817
f 395//925 341//925 390//925
f 395//926 390//926 394//926
f 394//927 390//927 388//927
f 395//928 388//928 341//928
f 397//929 401//929 398//929
f 397//930 416//930 402//930
f 398//931 401//931 416//931
f 416//932 401//932 402//932
f 399//933 401//933 400//933
f 406//934 402//934 405//934
f 404//935 402//935 406//935
f 404//936 403//936 407//936
f 404//937 407//937 405//937
f 405//938 407//938 406//938
f 406//939 403//939 404//939
f 404//940 405//940 408//940
f 409//941 404//941 408//941
f 404//942 409//942 402//942
f 403//943 405//943 402//943
f 405//944 403//944 408//944
f 403//945 406//945 408//945
f 408//946 406//946 407//946
f 408//947 407//947 409//947
f 410//948 409//948 407//948
f 401//949 365//949 419//949
f 401//950 419//950 402//950
f 407//951 403//951 402//951
f 407//952 402//952 410//952
f 410//953 402//953 349//953
f 349//954 402//954 419//954
f 411//955 365//955 401//955
f 411//956 401//956 412//956
f 412//957 401//957 399//957
f 412//958 399//958 422//958
f 337//959 401//959 336//959
f 336//960 401//960 335//960
f 412//961 413//961 411//961
f 343//962 397//962 346//962
f 339//963 397//963 342//963
f 342//964 397//964 414//964
f 414//965 397//965 343//965
f 346//966 397//966 348//966
f 348//967 397//967 347//967
f 335//968 401//968 338//968
f 338//969 401//969 415//969
f 415//970 401//970 397//970
f 415//971 397//971 339//971
f 417//972 409//972 364//972
f 417//973 364//973 416//973
f 416//974 349//974 419//974
f 342//975 416//975 339//975
f 368//976 419//976 369//976
f 369//977 419//977 370//977
f 370//978 419//978 371//978
f 371//979 419//979 372//979
f 372//980 419//980 373//980
f 373//981 419//981 374//981
f 374//982 419//982 375//982
f 375//983 419//983 376//983
f 376//984 419//984 377//984
f 377//985 419//985 378//985
f 378//986 419//986 379//986
f 379//987 419//987 380//987
f 380//988 419//988 381//988
f 381//989 419//989 365//989
f 417//990 416//990 347//990
f 416//991 356//991 355//991
f 416//992 355//992 354//992
f 416//993 354//993 353//993
f 416//994 353//994 352//994
f 416//995 352//995 351//995
f 416//996 351//996 349//996
f 416//997 364//997 363//997
f 416//998 363//998 362//998
f 416//999 362//999 361//999
f 416//1000 361//1000 360//1000
f 416//1001 360//1001 359//1001
f 416//1002 359//1002 358//1002
f 416//1003 358//1003 357//1003
f 416//1004 357//1004 356//1004
f 347//1005 416//1005 348//1005
f 348//1006 416//1006 346//1006
f 346//1007 416//1007 343//1007
f 343//1008 416//1008 414//1008
f 342//1009 414//1009 416//1009
f 339//1010 416//1010 415//1010
f 338//488 415//488 335//488
f 335//1011 415//1011 419//1011
f 335//1012 419//1012 336//1012
f 336//1013 419//1013 337//1013
f 337//1014 419//1014 413//1014
f 413//1015 419//1015 368//1015
f 364//1016 409//1016 363//1016
f 363//1017 409//1017 362//1017
f 362//1018 409//1018 361//1018
f 361//1019 409//1019 360//1019
f 360//1020 409//1020 410//1020
f 360//1021 410//1021 359//1021
f 359//1022 410//1022 358//1022
f 358//1023 410//1023 357//1023
f 357//1024 410//1024 356//1024
f 356//1025 410//1025 355//1025
f 355//1026 410//1026 354//1026
f 354//1027 410//1027 353//1027
f 353//1028 410//1028 352//1028
f 352//1029 410//1029 351//1029
f 351//1030 410//1030 349//1030
f 365//1031 411//1031 381//1031
f 381//1032 411//1032 380//1032
f 380//1033 411//1033 379//1033
f 379//1034 411//1034 378//1034
f 378//1035 411//1035 377//1035
f 377//1036 411//1036 376//1036
f 376//1037 411//1037 375//1037
f 375//1038 411//1038 413//1038
f 375//1039 413//1039 374//1039
f 374//1040 413//1040 373//1040
f 373//1041 413//1041 372//1041
f 372//1042 413//1042 371//1042
f 371//1043 413//1043 370//1043
f 370//1044 413//1044 369//1044
f 369//1045 413//1045 368//1045
f 398//1046 418//1046 397//1046
f 397//1047 418//1047 416//1047
f 416//1048 418//1048 415//1048
f 418//1049 398//1049 415//1049
f 415//1050 398//1050 419//1050
f 417//1051 347//1051 402//1051
f 402//1052 347//1052 397//1052
f 413//1053 401//1053 337//1053
f 421//1054 420//1054 399//1054
f 399//1055 420//1055 422//1055
f 421//1056 423//1056 420//1056
f 422//1057 423//1057 421//1057
f 420//1058 423//1059 412//1060
f 422//1061 421//1061 412//1061
f 412//1062 421//1062 400//1062
f 400//1063 421//1063 399//1063
f 420//1064 412//1064 400//1064
f 401//1065 422//1065 400//1065
f 422//1066 420//1066 400//1066
f 423//1067 422//1067 401//1067
f 412//1060 423//1059 413//1068
f 401//1069 413//1069 423//1069
f 417//1070 402//1070 409//1070
f 398//1071 416//1071 419//1071
f 426//1072 424//1072 427//1072
f 426//1073 427//1073 428//1073
f 428//1074 427//1074 429//1074
f 431//1075 430//1075 425//1075
f 431//1076 425//1076 424//1076
f 428//1077 430//1077 431//1077
f 428//1078 429//1078 430//1078
f 440//1079 427//1079 424//1079
f 440//1080 424//1080 432//1080
f 432//1081 424//1081 425//1081
f 432//1082 425//1082 433//1082
f 433//1083 425//1083 430//1083
f 433//1084 430//1084 434//1084
f 438//1085 431//1085 436//1085
f 436//1086 431//1086 424//1086
f 436//1087 424//1087 426//1087
f 436//1088 426//1088 437//1088
f 437//1089 426//1089 428//1089
f 437//1090 428//1090 438//1090
f 438//1091 428//1091 431//1091
f 434//1092 430//1092 429//1092
f 434//1093 429//1093 439//1093
f 439//1094 429//1094 427//1094
f 439//1095 427//1095 440//1095
f 441//1096 439//1096 442//1096
f 442//1097 439//1097 440//1097
f 442//1098 440//1098 432//1098
f 442//1099 432//1099 435//1099
f 432//1100 433//1100 435//1100
f 435//1101 433//1102 443//1103
f 443//1103 433//1102 434//1104
f 443//1105 434//1105 444//1105
f 444//1106 434//1106 441//1106
f 441//1107 434//1107 439//1107
f 441//1108 445//1108 444//1108
f 444//1109 445//1109 443//1109
f 435//1110 443//1110 445//1110
f 441//1111 442//1111 445//1111
f 445//1112 442//1112 435//1112
f 436//1113 437//1113 438//1113
f 450//1114 451//1114 446//1114
f 447//1115 446//1115 448//1115
f 447//1116 448//1116 449//1116
f 450//1117 446//1117 447//1117
f 449//1118 452//1118 451//1118
f 449//1119 451//1119 450//1119
f 449//1120 448//1120 452//1120
f 453//1121 446//1121 454//1121
f 454//1122 446//1122 451//1122
f 454//1123 451//1123 455//1123
f 460//1124 449//1124 450//1124
f 460//1125 450//1125 457//1125
f 457//1126 450//1126 447//1126
f 457//1127 447//1127 458//1127
f 458//1128 447//1128 449//1128
f 458//1129 449//1129 459//1129
f 459//1130 449//1130 460//1130
f 455//1131 451//1131 452//1131
f 455//1132 452//1132 461//1132
f 461//1133 452//1133 448//1133
f 461//1134 448//1134 462//1134
f 462//1135 448//1135 446//1135
f 462//1136 446//1136 453//1136
f 463//1137 461//1137 464//1137
f 464//1138 461//1138 462//1138
f 464//1139 462//1139 453//1139
f 464//1140 453//1140 456//1140
f 453//1141 454//1141 456//1141
f 456//1142 454//1142 465//1142
f 465//1143 454//1143 455//1143
f 465//1144 455//1144 466//1144
f 466//1145 455//1145 461//1145
f 466//1146 461//1146 463//1146
f 463//1147 467//1147 466//1147
f 466//1148 467//1148 465//1148
f 456//1149 465//1149 467//1149
f 463//1150 464//1150 467//1150
f 467//1151 464//1151 456//1151
f 458//1152 460//1152 457//1152
f 459//1153 460//1153 458//1153
f 468//1154 469//1154 470//1154
f 470//1155 469//1155 471//1155
f 470//1156 471//1156 472//1156
f 472//1157 471//1157 473//1157
f 472//1158 473//1158 474//1158
f 474//1159 473//1159 475//1159
f 474//1160 475//1160 476//1160
f 474//1161 476//1161 477//1161
f 477//1162 476//1163 478//1164
f 477//1165 478//1165 479//1165
f 479//1166 478//1166 480//1166
f 479//1167 480//1167 468//1167
f 468//1168 480//1168 469//1168
f 483//1169 484//1169 487//1169
f 482//1170 484//1170 481//1170
f 481//1171 484//1171 483//1171
f 487//1172 486//1172 483//1172
f 485//1173 486//1173 487//1173
f 489//1174 485//1174 488//1174
f 486//1175 485//1175 489//1175
f 490//1176 491//1176 492//1176
f 490//1177 492//1177 488//1177
f 489//1178 488//1178 492//1178
f 493//1179 494//1179 491//1179
f 490//1180 493//1180 491//1180
f 482//1181 481//1181 494//1181
f 493//1182 482//1182 494//1182
f 492//1183 470//1183 495//1183
f 492//1184 495//1184 489//1184
f 491//1185 496//1186 492//1187
f 492//1188 496//1188 470//1188
f 494//1189 496//1186 491//1185
f 489//1190 495//1190 486//1190
f 486//1191 495//1191 477//1191
f 486//1192 477//1192 483//1192
f 481//1193 479//1193 494//1193
f 483//1194 477//1195 481//1196
f 481//1196 477//1195 479//1197
f 494//1198 479//1198 496//1198
f 490//1199 469//1200 493//1201
f 487//1202 476//1202 475//1202
f 485//1203 475//1203 473//1203
f 488//1204 471//1204 490//1204
f 490//1199 471//1205 469//1200
f 487//1206 475//1206 485//1206
f 485//1207 473//1207 471//1207
f 485//1208 471//1208 488//1208
f 493//1209 469//1209 482//1209
f 482//1210 469//1210 497//1210
f 484//1211 497//1211 476//1211
f 482//1212 497//1212 484//1212
f 484//1213 476//1213 487//1213
f 478//1164 476//1163 497//1214
f 478//1215 497//1215 480//1215
f 480//1216 497//1216 469//1216
f 468//1217 496//1217 479//1217
f 474//1218 477//1218 495//1218
f 474//1219 495//1219 472//1219
f 472//1220 495//1220 470//1220
f 470//1221 496//1221 468//1221
f 498//1222 499//1222 500//1222
f 498//1223 500//1223 501//1223
f 501//1224 500//1224 502//1224
f 501//1225 502//1225 503//1225
f 503//1226 502//1226 504//1226
f 503//1227 504//1227 505//1227
f 505//1228 504//1228 506//1228
f 505//1229 506//1229 507//1229
f 507//1230 506//1230 508//1230
f 507//1231 508//1231 509//1231
f 507//1232 509//1232 510//1232
f 510//1233 509//1233 511//1233
f 510//1234 511//1234 499//1234
f 510//1235 499//1235 498//1235
f 513//1236 514//1236 512//1236
f 512//1237 514//1237 515//1237
f 516//1238 515//1238 514//1238
f 516//1239 517//1239 515//1239
f 517//1240 518//1240 519//1240
f 517//1241 516//1241 518//1241
f 520//1242 521//1242 519//1242
f 518//1243 520//1243 519//1243
f 522//1244 523//1244 521//1244
f 521//1245 520//1245 522//1245
f 513//1246 512//1246 523//1246
f 513//1247 523//1247 524//1247
f 522//1248 524//1248 523//1248
f 519//1249 525//1249 517//1249
f 521//1250 526//1251 525//1252
f 521//1250 525//1252 519//1253
f 523//1254 526//1254 521//1254
f 525//1255 503//1255 517//1255
f 503//1256 505//1257 517//1258
f 517//1258 505//1257 515//1259
f 515//1260 505//1260 527//1260
f 512//1261 527//1261 523//1261
f 515//1262 527//1262 512//1262
f 523//1263 527//1263 526//1263
f 520//1264 500//1264 522//1264
f 522//1265 500//1265 499//1265
f 522//1266 499//1266 524//1266
f 516//1267 504//1267 518//1267
f 516//1268 506//1268 504//1268
f 518//1269 504//1269 502//1269
f 518//1270 502//1270 520//1270
f 520//1271 502//1271 500//1271
f 524//1272 499//1272 511//1272
f 524//1273 511//1273 514//1273
f 514//1274 511//1274 508//1274
f 514//1275 508//1275 506//1275
f 514//1276 506//1276 516//1276
f 514//1277 513//1277 524//1277
f 509//1278 508//1278 511//1278
f 498//1279 526//1279 510//1279
f 510//1280 526//1280 527//1280
f 510//1281 527//1281 507//1281
f 507//1282 527//1282 505//1282
f 501//1283 503//1283 525//1283
f 501//1284 525//1284 498//1284
f 498//1285 525//1285 526//1285
f 532//1286 692//1286 533//1286
f 533//1287 692//1288 534//1289
f 534//1289 692//1288 535//1290
f 538//1291 539//1291 540//1291
f 542//1292 543//1292 536//1292
f 536//1293 543//1294 537//1295
f 531//1296 691//1296 537//1296
f 537//1297 691//1297 692//1297
f 628//1298 544//1298 531//1298
f 531//1299 544//1299 541//1299
f 537//1300 692//1300 532//1300
f 537//1295 532//1301 536//1293
f 536//1302 532//1302 545//1302
f 536//1303 545//1303 540//1303
f 541//1304 691//1304 531//1304
f 548//1305 547//1305 540//1305
f 612//1306 550//1306 553//1306
f 553//1307 560//1308 546//1308
f 546//1309 551//1310 535//1311
f 540//1312 547//1312 538//1312
f 538//1313 547//1313 552//1313
f 554//1314 555//1314 549//1314
f 549//1315 555//1315 548//1315
f 535//1316 551//1316 556//1316
f 535//1317 556//1318 534//1319
f 534//1319 556//1318 545//1320
f 553//1307 550//1307 560//1308
f 545//1321 556//1321 561//1321
f 612//1322 564//1322 562//1322
f 546//1309 560//1323 551//1310
f 545//1324 561//1324 548//1324
f 545//1325 548//1325 540//1325
f 671//1326 559//1327 563//1328
f 559//1327 564//1329 563//1328
f 538//1330 552//1330 555//1330
f 538//1331 555//1331 554//1331
f 549//1332 548//1332 561//1332
f 557//1333 558//1333 559//1333
f 557//1334 559//1334 668//1334
f 563//1335 564//1336 612//1337
f 563//1335 612//1337 541//1338
f 541//1338 612//1337 691//1339
f 612//1340 562//1340 565//1340
f 612//1341 565//1341 550//1341
f 671//1342 668//1342 559//1342
f 698//1343 566//1343 567//1343
f 699//1344 698//1344 567//1344
f 538//1345 554//1345 698//1345
f 654//1346 602//1346 568//1346
f 568//1347 602//1347 569//1347
f 568//1348 569//1348 566//1348
f 566//1349 569//1349 567//1349
f 539//1350 570//1351 696//1352
f 696//1352 663//1353 539//1350
f 571//1354 580//1354 697//1354
f 697//1355 572//1355 571//1355
f 571//1356 572//1356 573//1356
f 539//1357 663//1357 540//1357
f 581//1358 578//1359 577//1360
f 579//1361 574//1361 578//1361
f 578//1362 581//1362 580//1362
f 577//1363 578//1363 574//1363
f 577//1364 574//1364 576//1364
f 583//1365 662//1365 576//1365
f 582//1366 583//1366 575//1366
f 583//1367 582//1367 540//1367
f 576//1368 575//1368 583//1368
f 585//1369 586//1370 584//1371
f 585//1372 587//1372 586//1372
f 587//1373 574//1373 586//1373
f 586//1374 574//1374 579//1374
f 586//1375 579//1375 578//1375
f 585//1369 584//1371 582//1376
f 585//1377 582//1377 575//1377
f 590//1378 591//1378 588//1378
f 588//1379 591//1380 589//1381
f 571//1382 593//1382 580//1382
f 594//1383 595//1383 592//1383
f 592//1384 595//1384 596//1384
f 592//1385 596//1385 580//1385
f 592//1386 614//1387 695//1388
f 597//1389 598//1390 604//1391
f 580//1392 613//1393 592//1394
f 592//1386 613//1395 614//1387
f 694//1396 597//1397 589//1398
f 589//1381 597//1399 600//1400
f 589//1381 600//1400 588//1379
f 580//1401 593//1401 602//1401
f 580//1402 602//1402 599//1402
f 613//1393 601//1403 598//1404
f 598//1405 601//1405 603//1405
f 592//1406 695//1407 589//1398
f 589//1398 695//1407 694//1396
f 599//1408 605//1408 580//1408
f 580//1409 605//1409 601//1409
f 580//1392 601//1403 613//1393
f 598//1410 603//1410 604//1410
f 604//1391 606//1411 597//1389
f 607//1412 609//1412 597//1412
f 597//1399 609//1413 600//1400
f 600//1414 609//1414 610//1414
f 610//1415 673//1415 600//1415
f 665//1416 608//1417 611//1418
f 606//1419 607//1419 597//1419
f 608//1417 665//1416 610//1420
f 610//1421 665//1421 673//1421
f 535//1422 613//1423 598//1424
f 535//1422 598//1424 546//1425
f 546//1426 598//1426 553//1426
f 553//1427 598//1427 597//1427
f 553//1428 597//1428 612//1428
f 692//1429 614//1429 535//1429
f 535//1430 614//1430 613//1430
f 690//1431 661//1432 693//1433
f 693//1433 661//1432 695//1434
f 608//1435 615//1435 616//1436
f 558//1437 615//1435 608//1435
f 616//1438 617//1439 618//1440
f 618//1441 617//1441 619//1441
f 619//1442 617//1442 620//1442
f 619//1443 620//1443 557//1443
f 557//1444 620//1444 558//1444
f 558//1445 620//1445 615//1445
f 608//1446 616//1446 611//1446
f 611//1447 616//1438 618//1440
f 600//1448 673//1448 621//1448
f 563//1449 621//1449 671//1449
f 563//1450 600//1450 621//1450
f 541//1451 588//1452 563//1453
f 563//1453 588//1452 600//1454
f 590//1455 625//1456 622//1457
f 590//1455 622//1457 544//1458
f 541//1459 624//1459 588//1459
f 588//1460 624//1461 623//1462
f 623//1462 625//1463 588//1460
f 588//1464 625//1464 590//1464
f 544//1458 622//1457 626//1465
f 626//1466 624//1467 541//1468
f 544//1469 626//1466 541//1468
f 591//1470 590//1470 628//1470
f 628//1471 590//1471 544//1471
f 629//1472 630//1473 589//1474
f 589//1474 630//1473 531//1475
f 628//1476 627//1476 591//1476
f 591//1477 627//1478 631//1479
f 591//1477 631//1479 633//1480
f 632//1481 627//1481 628//1481
f 591//1477 633//1480 589//1482
f 589//1483 633//1483 629//1483
f 531//1484 630//1485 632//1486
f 531//1484 632//1486 628//1487
f 537//1488 592//1488 531//1488
f 531//1489 592//1489 589//1489
f 594//1490 637//1491 634//1492
f 594//1493 634//1493 543//1493
f 635//1494 592//1495 636//1496
f 636//1496 592//1495 537//1497
f 543//1498 634//1499 638//1500
f 592//1501 635//1502 637//1491
f 592//1501 637//1491 594//1490
f 638//1503 636//1496 537//1497
f 543//1498 638//1500 537//1504
f 543//1505 542//1505 594//1505
f 594//1506 542//1506 595//1506
f 642//1507 639//1508 596//1509
f 596//1509 639//1508 536//1510
f 640//1511 595//1512 542//1513
f 640//1511 641//1514 595//1512
f 643//1515 640//1511 542//1513
f 644//1516 642//1517 596//1518
f 641//1519 644//1516 595//1520
f 595//1520 644//1516 596//1518
f 639//1508 643//1521 536//1510
f 536//1522 643//1522 542//1522
f 646//1523 645//1524 536//1525
f 586//1526 650//1527 584//1528
f 584//1528 646//1523 536//1525
f 536//1525 645//1524 596//1529
f 645//1524 647//1530 596//1529
f 596//1529 647//1530 586//1531
f 647//1530 646//1532 586//1531
f 584//1528 650//1527 649//1533
f 646//1523 584//1528 649//1533
f 646//1534 649//1534 648//1534
f 646//1535 648//1535 651//1535
f 651//1536 650//1536 586//1536
f 646//1532 651//1537 586//1531
f 653//1538 549//1539 655//1540
f 599//1541 655//1540 549//1539
f 654//1542 653//1543 652//1544
f 654//1545 554//1545 549//1545
f 654//1542 652//1544 602//1546
f 652//1547 655//1548 602//1549
f 602//1549 655//1548 599//1550
f 549//1551 653//1551 654//1551
f 612//1552 597//1552 690//1552
f 690//1553 597//1553 694//1553
f 656//1554 657//1554 658//1554
f 656//1555 658//1555 659//1555
f 659//1556 658//1556 660//1556
f 690//1557 694//1557 661//1557
f 693//1558 695//1558 692//1558
f 692//1559 695//1559 614//1559
f 664//1560 618//1560 666//1560
f 666//1561 618//1561 619//1561
f 666//1562 619//1562 667//1562
f 667//1563 619//1564 557//1565
f 667//1563 557//1565 668//1566
f 618//1567 664//1567 611//1567
f 664//1568 665//1568 611//1568
f 662//1569 663//1569 576//1569
f 663//1570 583//1570 540//1570
f 576//1571 663//1571 697//1571
f 576//1572 697//1572 577//1572
f 577//1360 697//1573 581//1358
f 671//1574 672//1574 668//1574
f 671//1575 621//1575 670//1575
f 671//1576 670//1576 672//1576
f 673//1577 664//1577 666//1577
f 673//1578 666//1578 670//1578
f 670//1579 666//1579 672//1579
f 672//1580 666//1580 667//1580
f 621//1581 673//1581 669//1581
f 673//1582 665//1582 664//1582
f 669//1583 673//1583 670//1583
f 672//1584 667//1584 668//1584
f 558//1585 608//1585 674//1585
f 674//1586 608//1586 675//1586
f 674//1587 675//1587 676//1587
f 676//1588 675//1588 677//1588
f 676//1589 677//1589 562//1589
f 562//1590 677//1590 565//1590
f 565//1591 677//1591 607//1591
f 551//1592 603//1592 678//1592
f 678//1593 603//1593 679//1593
f 678//1594 679//1594 680//1594
f 678//1595 680//1595 681//1595
f 681//1596 680//1596 682//1596
f 681//1597 682//1597 549//1597
f 549//1598 682//1598 599//1598
f 565//1599 607//1599 659//1599
f 565//1600 659//1600 660//1600
f 657//1601 656//1602 603//1603
f 657//1601 603//1603 551//1604
f 652//1605 683//1605 655//1605
f 655//1606 683//1606 684//1606
f 655//1607 684//1607 653//1607
f 653//1608 684//1608 685//1608
f 653//1609 685//1609 683//1609
f 653//1610 683//1610 652//1610
f 685//1611 689//1611 686//1611
f 685//1612 686//1612 683//1612
f 683//1613 686//1613 687//1613
f 683//1614 687//1614 684//1614
f 684//1615 687//1615 688//1615
f 684//1616 688//1616 689//1616
f 684//1617 689//1617 685//1617
f 687//1618 576//1618 574//1618
f 686//1619 576//1619 687//1619
f 576//1620 686//1620 689//1620
f 689//1621 575//1621 576//1621
f 575//1622 689//1622 585//1622
f 585//1623 689//1623 688//1623
f 587//1624 585//1624 688//1624
f 687//1625 587//1625 688//1625
f 574//1626 587//1626 687//1626
f 620//1627 621//1627 615//1627
f 670//1628 621//1628 620//1628
f 617//1629 670//1629 620//1629
f 670//1630 617//1630 669//1630
f 669//1631 617//1631 616//1631
f 669//1632 616//1632 621//1632
f 621//1633 616//1633 615//1633
f 582//1634 584//1634 536//1634
f 582//1635 536//1635 540//1635
f 596//1636 578//1636 580//1636
f 596//1637 586//1637 578//1637
f 638//1638 643//1638 636//1638
f 636//1639 643//1639 639//1639
f 636//1640 639//1640 642//1640
f 636//1641 642//1641 635//1641
f 635//1642 642//1642 637//1642
f 637//1643 642//1643 644//1643
f 637//1644 644//1644 641//1644
f 637//1645 641//1645 634//1645
f 634//1646 641//1646 640//1646
f 634//1647 640//1647 643//1647
f 634//1648 643//1648 638//1648
f 626//1649 632//1649 624//1649
f 624//1650 632//1650 630//1650
f 624//1651 630//1651 629//1651
f 624//1641 629//1641 623//1641
f 623//1642 629//1642 625//1642
f 625//1652 629//1652 633//1652
f 625//1653 633//1653 631//1653
f 625//1654 631//1654 622//1654
f 622//1655 631//1655 627//1655
f 622//1656 627//1656 632//1656
f 622//1657 632//1657 626//1657
f 612//1658 690//1658 691//1658
f 692//1659 691//1659 690//1659
f 692//1660 690//1660 693//1660
f 694//1661 695//1661 661//1661
f 681//1662 549//1662 561//1662
f 681//1663 561//1663 678//1663
f 678//1664 561//1664 556//1664
f 678//1665 556//1665 551//1665
f 560//1666 657//1666 551//1666
f 657//1667 560//1667 658//1667
f 658//1668 560//1668 550//1668
f 658//1669 550//1669 660//1669
f 565//1670 660//1670 550//1670
f 676//1671 562//1671 564//1671
f 676//1672 564//1672 674//1672
f 674//1673 564//1673 559//1673
f 674//1674 559//1674 558//1674
f 675//1675 608//1675 610//1675
f 675//1676 610//1676 677//1676
f 677//1677 610//1677 609//1677
f 677//1678 609//1678 607//1678
f 606//1679 659//1679 607//1679
f 659//1680 606//1680 656//1680
f 656//1681 606//1681 604//1681
f 603//1682 656//1682 604//1682
f 679//1683 603//1683 601//1683
f 679//1684 601//1684 680//1684
f 680//1685 601//1685 682//1685
f 682//1686 601//1686 605//1686
f 682//1687 605//1687 599//1687
f 571//1688 573//1688 570//1688
f 571//1689 570//1689 539//1689
f 662//1690 583//1690 663//1690
f 697//1691 663//1691 696//1691
f 697//1692 696//1692 572//1692
f 581//1693 697//1693 580//1693
f 573//1694 572//1694 570//1694
f 570//1695 572//1695 696//1695
f 593//1696 571//1696 538//1696
f 538//1697 571//1697 539//1697
f 538//1698 698//1698 593//1698
f 698//1699 699//1699 593//1699
f 699//1700 602//1700 593//1700
f 569//1701 602//1701 699//1701
f 554//1702 654//1702 568//1702
f 554//1703 568//1703 698//1703
f 566//1704 698//1704 568//1704
f 567//1705 569//1705 699//1705
f 700//1706 547//1706 548//1706
f 700//1707 548//1707 701//1707
f 701//1708 548//1708 555//1708
f 701//1709 555//1709 702//1709
f 702//1710 555//1710 552//1710
f 702//1711 552//1711 700//1711
f 700//1712 552//1712 547//1712
f 702//488 700//488 701//488
f 704//1713 646//1713 703//1713
f 703//1714 646//1714 647//1714
f 703//1715 647//1715 528//1715
f 528//1716 647//1716 645//1716
f 528//1717 645//1717 704//1717
f 704//1718 645//1718 646//1718
f 533//1719 705//1719 532//1719
f 532//1720 705//1720 528//1720
f 545//1721 530//1721 534//1721
f 534//1722 530//1722 529//1722
f 532//1723 528//1724 704//1725
f 530//1726 704//1725 703//1727
f 704//1725 530//1726 545//1728
f 532//1723 704//1725 545//1728
f 534//1729 529//1730 533//1731
f 705//1732 533//1731 529//1730
f 530//1733 703//1733 529//1733
f 529//1734 703//1734 705//1734
f 703//1735 528//1735 705//1735
f 650//1736 706//1736 649//1736
f 649//1737 706//1737 707//1737
f 707//1738 648//1738 649//1738
f 708//1739 648//1739 707//1739
f 708//1740 651//1740 648//1740
f 651//1741 708//1741 650//1741
f 650//1742 708//1742 706//1742
f 708//1743 707//1743 706//1743
