# Blender 5.1.0
# www.blender.org
o Low_poly_proty
v 167.920059 -289.821259 6.442279
v 170.379257 -291.214172 2.983981
v 183.423782 -269.945251 3.011430
v 186.473587 -272.807800 6.251024
v 185.553970 -271.878571 3.011354
v 182.583939 -268.863953 6.169847
v 181.819565 -273.350922 6.179704
v 180.428726 -271.054199 21.138369
v 182.746689 -268.446289 17.814348
v 150.513016 -270.610992 3.012086
v 153.685684 -271.027527 3.011308
v 155.012955 -271.113098 6.170518
v 152.163193 -273.468475 3.011446
v 150.900833 -269.255157 6.175371
v 155.737930 -271.126312 21.461428
v 152.996750 -275.009094 17.690538
v 167.825516 -272.138031 28.561785
v 158.276108 -288.350800 6.525897
v 159.537643 -289.036377 2.993274
v 158.062393 -268.570618 23.738283
v 169.190842 -252.637115 7.858292
v 155.378403 -288.054047 3.021884
v 164.901108 -290.992554 2.867312
v 167.896347 -291.834198 7.005389
v 162.826065 -290.767761 6.449389
v 149.549332 -261.935730 3.022156
v 149.920273 -274.276825 11.513353
v 148.142197 -277.004333 3.100100
v 157.401260 -255.343750 10.139282
v 164.368912 -251.725311 3.011444
v 152.204880 -261.773468 13.050614
v 159.350754 -286.098083 16.072924
v 152.590469 -281.539093 13.155291
v 164.057480 -256.231049 17.930283
v 158.671158 -276.954559 23.361528
v 165.676254 -265.539886 26.125078
v 167.195450 -255.970673 7.737687
v 174.328903 -289.577026 2.983462
v 177.510605 -288.264069 6.477817
v 174.258133 -272.826538 26.254091
v 171.720657 -251.640686 3.076950
v 173.026108 -290.049133 6.432635
v 175.494247 -253.694061 9.838760
v 184.455246 -259.787109 3.039521
v 188.514450 -270.276093 3.109483
v 180.183670 -288.621460 3.038577
v 180.735123 -285.698853 11.506839
v 182.039749 -261.499756 15.364076
v 171.730698 -286.742432 18.385698
v 171.832626 -258.481781 20.310181
v 175.722305 -280.551544 22.399996
v 174.650223 -266.507477 25.062746
v 167.426529 -279.372131 25.805513
v 171.598129 -257.342743 3.084122
v 164.308243 -257.342957 3.147095
v 182.614395 -273.143921 3.012208
v 187.170517 -271.079376 6.477006
v 186.936234 -274.681122 10.137819
v 185.630356 -268.807739 12.610856
v 185.893082 -274.140564 10.666216
v 182.270126 -274.932770 18.775972
v 187.511887 -272.297302 6.375001
v 148.172440 -270.741180 6.348161
v 152.292709 -268.290009 16.507967
v 148.665726 -272.278778 6.489213
v 149.040024 -270.625977 6.504014
v 151.154373 -274.204956 6.178819
v 166.045700 -252.805115 7.310547
v 163.227127 -289.198273 6.442279
v 168.214310 -256.560913 8.413544
v 185.494766 -271.894775 7.962495
v 181.231857 -269.861572 6.608415
v 185.201431 -268.955933 6.471864
v 186.636948 -273.378967 6.392580
v 182.146011 -274.368622 6.276597
v 184.024094 -273.636963 7.759569
v 182.347427 -272.089325 -1.533522
v 185.303970 -272.106323 5.956132
v 182.854752 -273.032135 5.810777
v 184.985001 -272.525391 4.981813
v 182.993393 -272.941742 5.001482
v 185.180893 -271.049774 4.425935
v 183.851791 -273.234009 4.028673
v 185.178329 -271.069366 3.738679
v 182.538345 -272.256104 3.424165
v 184.409164 -273.011261 2.929338
v 182.794388 -272.685974 2.567186
v 185.278610 -271.430878 2.542650
v 183.740952 -273.119171 1.776735
v 182.285690 -271.628967 1.622316
v 185.287277 -272.146393 1.142183
v 182.450912 -271.047546 0.939500
v 183.181137 -273.008362 0.577745
v 185.302963 -271.974792 0.117540
v 183.340897 -273.159546 -0.278471
v 185.377762 -271.496277 -1.090010
v 182.473648 -271.119995 6.122972
v 184.439774 -270.311615 5.936967
v 184.451736 -270.296143 5.178529
v 182.634506 -270.898071 4.985185
v 182.235123 -271.439056 4.186021
v 183.349655 -270.170410 4.049089
v 183.182205 -270.372345 3.238786
v 183.795029 -270.175110 2.241563
v 182.379654 -271.146240 2.623094
v 184.408066 -270.254822 1.510560
v 184.133652 -270.243805 0.414766
v 182.876877 -270.455872 -0.053298
v 182.332291 -271.941833 -0.586607
v 184.350632 -270.091919 -0.569380
v 183.721024 -270.164673 -1.376891
v 184.737503 -272.720551 -1.736693
v 184.466171 -273.047424 -1.067564
v 183.881516 -270.329803 7.851106
v 182.360977 -272.038086 7.978151
v 151.359756 -270.495636 7.915956
v 152.367538 -274.697083 6.591798
v 152.316055 -268.670624 6.619600
v 153.711807 -271.628357 7.982790
v 148.752853 -271.567474 6.470949
v 150.976028 -272.746460 7.954027
v 151.952042 -270.305145 -1.736693
v 153.544083 -272.152344 -1.468398
v 153.474869 -272.351440 5.863725
v 151.017319 -270.622192 5.876817
v 152.849991 -270.450623 5.774293
v 153.554855 -271.289276 4.552858
v 150.620712 -272.629761 4.692262
v 151.562332 -270.363464 4.762544
v 150.641129 -271.505005 4.065156
v 152.152939 -270.172516 3.862916
v 153.311813 -270.745087 3.151597
v 150.873550 -270.799133 3.080263
v 153.424667 -272.200897 2.269685
v 152.165085 -270.128876 2.332582
v 150.924454 -270.683563 1.600496
v 152.994644 -270.602661 1.620302
v 153.198257 -272.531006 1.234621
v 150.780197 -271.019836 1.105150
v 152.907578 -270.439056 0.807756
v 151.051163 -270.558716 0.117525
v 153.377213 -271.010254 0.168382
v 150.858261 -272.596924 0.319017
v 153.605087 -271.465332 -0.450896
v 150.638443 -271.535034 -1.258605
v 151.152786 -272.742432 5.626939
v 152.928116 -272.909027 5.149171
v 152.951340 -272.866211 3.816896
v 151.400894 -272.975616 3.403825
v 152.598923 -273.087616 2.648851
v 150.561539 -271.902252 2.472291
v 151.251297 -272.956787 1.758470
v 152.172653 -273.178131 0.980318
v 152.239853 -273.244324 0.093797
v 152.011948 -273.225647 -0.681197
v 151.946243 -273.218018 -1.338179
v 152.237534 -270.145020 -1.104949
v 155.370071 -271.759888 6.228349
v 151.695114 266.777405 6.635245
v 153.713181 262.450684 5.126334
v 149.043442 264.310730 4.883842
v 150.944168 263.666504 6.457313
v 151.006607 268.034180 5.143424
v 151.673508 263.727905 -3.004251
v 153.383987 265.868225 -2.978677
v 151.128372 263.997681 4.581580
v 151.122910 266.359802 4.567603
v 153.352463 266.013000 4.381370
v 150.595749 265.046387 3.841926
v 152.014481 266.545166 3.786292
v 150.784622 265.893188 3.217490
v 150.845169 264.210938 2.809272
v 153.181412 266.116333 3.100211
v 151.447006 266.482605 2.288215
v 153.526962 265.471497 2.153022
v 150.744736 264.506226 1.707007
v 151.469864 266.513000 1.380164
v 153.372513 265.702087 1.371161
v 151.054245 266.193542 0.546073
v 150.624619 265.349304 -0.056069
v 153.123520 266.146973 0.089988
v 151.808273 266.508057 -0.502404
v 150.599411 265.325623 -1.344522
v 152.673050 266.408936 -1.219979
v 151.496994 266.500244 -2.071389
v 150.469040 265.109253 -2.504510
v 153.215652 264.323059 4.336646
v 152.032578 263.633850 3.775489
v 153.493942 264.626526 2.862159
v 152.018448 263.624146 2.536781
v 152.764175 263.760193 1.468574
v 151.218430 263.842041 1.050864
v 153.407333 264.638184 0.403937
v 151.862564 263.669495 0.142676
v 153.246048 264.410767 -0.562402
v 151.544632 263.704956 -1.106683
v 153.563522 265.498352 -2.010507
v 153.002121 263.868713 -1.469140
v 152.314896 263.516357 -2.362496
v 151.138351 266.241943 -3.052331
v 153.256271 264.076172 6.589103
v 154.969284 266.447388 4.880363
v 186.759872 266.274048 4.846274
v 184.945267 266.088074 6.549262
v 182.736008 262.233093 4.807319
v 182.717300 263.784973 6.451270
v 180.698898 265.869751 4.899451
v 185.572159 262.784607 5.400794
v 183.251785 263.586609 4.548362
v 182.410416 265.321838 4.403159
v 184.976944 264.148010 4.332419
v 182.647781 264.207397 3.609672
v 185.090408 265.904541 3.393622
v 184.347672 263.686157 3.433067
v 183.955917 263.619873 2.621970
v 182.589706 264.272583 2.426978
v 185.301590 264.763916 2.508399
v 185.305893 264.957031 1.577689
v 184.151566 263.722717 1.749366
v 182.528580 264.238708 1.449302
v 184.910294 264.116699 0.823722
v 184.194839 263.652222 -0.226922
v 182.590469 264.098633 0.477866
v 185.255569 265.465088 -0.074868
v 182.489426 265.493164 -0.438439
v 182.530746 264.333252 -0.929101
v 184.816666 263.986694 -1.301019
v 185.241257 265.090271 -1.964028
v 183.687485 263.575928 -2.184624
v 182.334274 265.000183 -2.755013
v 183.473526 266.473511 4.471793
v 185.069748 265.786316 4.470801
v 182.587967 265.815491 3.374396
v 183.746109 266.534119 2.982810
v 182.910629 266.352600 2.221213
v 184.646866 266.293701 1.883765
v 183.103500 266.386414 1.301474
v 184.674606 266.221863 0.746924
v 182.694901 266.033997 0.433524
v 183.845749 266.547791 -0.473092
v 185.208939 265.898254 -0.843728
v 182.314865 265.021484 -1.676553
v 183.021988 266.400513 -2.252526
v 183.863388 266.631042 -1.570443
v 184.497330 266.498230 -2.976266
v 185.245377 264.529602 -2.930581
v 183.563217 263.714539 -2.973138
v 182.997818 267.704529 5.784034
v -6.884665 -154.522034 49.945503
v -8.122703 -157.829956 51.499001
v -5.335654 -157.773834 50.500755
v -4.188621 -157.828247 53.275322
v -3.789542 -154.533875 52.285439
v -6.249991 -144.525879 51.026466
v -6.049125 -144.442749 53.870277
v -6.978782 -157.805481 54.622368
v -7.441428 -154.408539 54.956093
v 6.738626 -106.792778 55.096867
v 3.270944 -106.661003 52.552799
v 5.395516 -103.712151 54.428761
v 8.629983 -103.648369 53.466404
v 4.921517 -116.772087 53.709354
v 6.675088 -116.655357 51.292622
v 6.404763 -106.742798 49.855595
v 2.734323 -103.653069 52.076603
v 5.969491 -103.625793 50.485493
v -6.884665 110.277954 49.945484
v -8.222648 106.998421 51.588734
v -5.335685 107.026184 50.500751
v -4.188621 106.971779 53.275318
v -3.789542 110.266151 52.285419
v -6.249564 120.244942 51.008564
v -6.052878 120.444679 53.820042
v -7.037070 106.979622 54.610920
v -7.441398 110.391457 54.956074
v 6.738595 158.007202 55.096832
v 3.270944 158.138977 52.552780
v 5.481149 161.123962 54.458374
v 8.629983 161.151642 53.466400
v 4.921548 148.027924 53.709335
v 6.675088 148.144653 51.292587
v 6.404763 158.057220 49.855591
v 2.734292 161.146942 52.076584
v 5.920907 161.152161 50.476288
v 6.354135 126.637489 60.483704
v 2.408486 125.688179 60.554295
v 3.065743 125.825142 57.334782
v 7.831552 124.381569 57.488956
v 6.656106 122.824898 60.591343
v 4.447946 125.810188 70.487877
v 3.102212 122.256172 60.578175
v 4.871652 122.714516 70.705605
v 3.661904 122.255836 57.346790
v 6.106484 124.350136 57.695866
v -2.212089 124.366341 60.477711
v -4.317740 126.535133 60.582077
v -7.647727 124.365059 60.608784
v -6.638267 126.866280 57.498779
v -2.087852 123.170784 57.464985
v -3.657310 123.515816 70.539909
v -6.594230 124.855415 70.559624
v -5.112388 121.675911 60.590473
v -6.934623 123.042732 57.431904
v -3.993888 123.301826 57.745152
v -4.934287 125.586586 57.788227
v -3.908256 146.360107 60.599854
v -7.827353 144.981201 60.653549
v -8.264853 144.790283 57.389252
v -4.125724 146.025482 57.359589
v -6.414084 144.041138 57.864883
v -6.605826 144.290314 70.650490
v -4.063834 141.592438 60.633896
v -3.583793 144.084106 70.555824
v -3.345267 142.666748 57.261993
v 3.982736 146.813293 60.628998
v 3.427407 145.999390 57.359741
v 6.523293 145.076782 57.407700
v 3.070779 143.872772 70.497581
v 2.539041 142.801147 60.597244
v 5.954934 144.496063 70.740227
v 6.985055 142.966949 60.709152
v 6.851480 142.359344 57.552933
v 3.196633 142.434753 57.355942
v 6.391213 -118.542290 60.770802
v 2.019753 -121.004906 60.618977
v 2.948556 -118.992607 57.312748
v 6.995645 -120.614128 57.233753
v 4.902780 -119.034538 70.603249
v 4.445870 -122.239799 70.529762
v 5.851602 -122.778313 60.586414
v 3.813363 -122.551628 57.386219
v -2.907371 -119.785637 60.590595
v -5.958518 -118.082054 60.632710
v -7.936210 -122.102654 57.469166
v -4.938437 -118.463676 57.413029
v -3.027488 -121.565086 57.359119
v -6.450004 -121.149467 57.756458
v -4.094382 -119.953667 70.801582
v -6.573997 -121.449669 70.353172
v -4.316276 -123.119133 60.661259
v -7.498069 -120.881279 60.584705
v 4.572762 -138.053406 60.606102
v 2.234262 -140.655212 60.589989
v 2.606973 -139.596497 57.374702
v 7.253121 -138.827393 57.460670
v 3.394326 -141.023865 70.831322
v 6.954019 -141.315460 60.630226
v 6.146249 -140.050507 70.443016
v 4.666726 -143.610901 60.459892
v 4.449441 -142.784180 57.361900
v 6.106484 -140.449890 57.695885
v -2.655356 -140.707886 60.590782
v -5.705832 -138.073303 60.632240
v -4.703483 -137.472168 57.479515
v -3.583732 -142.301392 57.308876
v -6.272941 -139.431946 70.448128
v -4.110190 -141.685211 70.671944
v -6.655478 -142.891266 60.717995
v -7.197715 -141.340149 57.365456
v -4.934257 -139.213440 57.788231
v 14.248849 110.186409 65.648338
v 10.731881 110.186409 63.435535
v 11.341775 110.186409 59.492268
v -11.741782 110.186409 59.536152
v 3.278604 112.309944 58.871647
v -11.015281 110.186409 63.778812
v -5.812369 110.553169 54.719044
v -14.240592 110.186409 65.014839
v -1.302543 110.186401 48.196003
v -10.939414 110.186409 56.394169
v -4.562308 110.433998 51.322392
v -7.863090 110.482704 51.046894
v -11.121604 110.186401 48.024189
v 4.669869 157.954590 54.374344
v -11.837729 158.186401 59.492264
v 11.183663 158.186401 61.850021
v -12.043662 158.186401 63.824615
v 14.284951 158.186401 65.823990
v 7.409036 157.829285 53.821335
v 12.331887 158.186401 49.960907
v 5.006814 157.811127 50.367111
v -3.660026 158.186401 58.817505
v 0.806619 158.186401 48.196014
v 9.485848 116.859352 57.927845
v 9.511605 153.315918 58.302902
v -10.021171 115.275642 58.169407
v -9.992209 151.587585 58.090271
v 7.008767 121.577400 57.171085
v 7.660134 126.408638 57.189926
v 8.200814 143.717041 57.105789
v -1.336326 145.115906 57.262787
v -8.646079 126.084206 57.344868
v 4.219369 148.088928 57.212585
v -0.715568 125.318245 56.814762
v -3.953177 120.569191 57.271824
v -5.364341 140.618958 57.172653
v 1.794137 121.585182 57.187580
v 2.404397 140.919922 57.409454
v -8.727744 145.928406 57.300461
v 13.207314 129.505249 64.635658
v 12.700662 140.568085 63.817429
v 13.774575 138.622437 66.750252
v 14.119729 138.468903 56.710281
v 6.444924 123.380013 66.577629
v 3.266885 145.631042 66.586708
v -7.189628 124.721779 66.543724
v -3.689139 145.453369 66.646355
v 6.158456 145.349670 66.626060
v -3.380973 125.210915 66.628899
v 3.589242 122.577492 66.672829
v -4.384055 122.404640 66.606499
v -4.201560 142.348633 66.629402
v 4.668557 142.079285 66.486244
v 3.766519 126.103951 66.466942
v -7.074882 144.891785 66.463234
v -13.996573 140.568115 63.817429
v -14.513907 129.890808 56.730316
v -14.683463 138.460175 56.696930
v -14.170249 129.756744 66.868080
v -13.584678 138.772766 66.242363
v -13.691794 129.497101 64.641136
v 13.612496 129.742218 66.875557
v 14.131845 129.905487 56.707901
v 13.207467 138.716278 64.727486
v -1.794791 154.386414 57.828903
v 7.264199 154.386414 53.846008
v 11.445840 154.386414 49.861053
v 5.839456 154.386414 50.552795
v 4.359994 154.386414 46.112473
v 3.863351 154.386414 53.109283
v -4.212211 113.986397 53.347507
v -1.432609 113.986389 48.066090
v -6.789298 113.986397 50.757450
v -11.361716 113.986389 48.302402
v -7.959617 113.986397 53.199238
v 5.649697 142.010834 60.603531
v 2.353768 143.463623 60.500809
v 8.154702 144.585297 60.517426
v 4.907205 146.615662 60.579437
v 6.457894 125.762276 60.584614
v 3.841439 121.898323 60.602604
v 6.889535 121.258125 60.517460
v 2.943765 125.890266 60.492069
v -7.378348 144.146759 60.454010
v -4.772696 141.660767 60.462387
v -2.742759 144.878876 60.500824
v -5.386924 146.487671 60.539932
v -6.918723 122.465828 60.463963
v -6.535178 126.024300 60.466740
v -3.658256 122.359505 60.603947
v -3.412162 125.847176 60.445866
v -14.628318 -106.613579 65.480003
v -11.837729 -106.613579 59.492283
v 11.329415 -106.613579 59.489429
v 10.586404 -106.613579 63.725925
v 4.669869 -106.845421 54.374378
v 7.409036 -106.970757 53.821354
v 12.331887 -106.613586 49.960926
v -11.227805 -106.613579 63.435566
v 13.938149 -106.613579 65.304512
v 5.006814 -106.988892 50.367115
v -3.660026 -106.613579 58.817524
v 0.806619 -106.613586 48.196033
v -11.741782 -154.613586 59.536171
v -5.812369 -154.246826 54.719048
v -11.950522 -154.613586 63.914558
v 14.264199 -154.613586 65.670578
v 3.278604 -152.490051 58.871666
v 11.295205 -154.613586 61.735756
v -1.302543 -154.613586 48.196022
v -10.939414 -154.613586 56.394188
v -4.562339 -154.365997 51.322411
v -7.863090 -154.317322 51.046928
v -11.121604 -154.613586 48.024208
v -9.975272 -113.341179 57.808201
v -10.010917 -149.542999 58.256920
v 9.504403 -111.465202 58.407169
v 9.496285 -148.014771 58.090294
v -0.227744 -141.301727 56.698219
v -6.400229 -144.060364 57.210258
v -8.592826 -139.577881 57.145226
v -0.226005 -119.964958 56.717442
v -8.093955 -117.986839 57.225056
v 3.742776 -136.894226 57.254021
v -5.572959 -124.421959 57.266880
v -3.415305 -137.192871 57.154610
v 8.060220 -142.589111 57.296471
v 5.707711 -117.148155 57.183567
v 7.101968 -123.725182 57.440556
v -13.703208 -125.932426 64.635689
v -13.996573 -136.995270 63.817451
v -14.201255 -135.035461 66.855385
v -14.615684 -134.896088 56.710304
v -5.287314 -118.509148 66.586510
v 5.652505 -118.883049 66.605324
v 2.589211 -121.174767 66.500648
v -4.026511 -139.066345 66.669518
v -4.241569 -142.526611 66.448006
v -3.400992 -121.559044 66.621101
v 5.284036 -138.654572 66.600533
v 5.564858 -142.465332 66.531624
v 6.053323 -121.930840 66.687981
v -6.901725 -139.645721 66.619698
v -6.600516 -122.005547 66.621162
v 2.688729 -140.584961 66.656517
v 14.017983 -126.317986 56.730354
v 14.187539 -134.887360 56.696938
v 13.673074 -126.183586 66.871834
v 13.662545 -135.105530 66.821617
v 13.195840 -125.924187 64.641151
v -14.106345 -126.168877 66.881676
v -14.627799 -126.332634 56.707909
v 12.700662 -136.995300 63.817451
v -13.703361 -135.143555 64.727531
v 13.192880 -135.155029 64.734138
v -1.794791 -110.413567 57.828922
v -4.212211 -150.813599 53.347527
v -1.432609 -150.813599 48.066109
v -6.789298 -150.813599 50.757469
v -11.361716 -150.813599 48.302422
v -7.959617 -150.813599 53.199257
v 7.264199 -110.413597 53.846027
v 11.445840 -110.413574 49.861073
v 5.839456 -110.413567 50.552814
v 4.359994 -110.413574 46.112492
v 3.863351 -110.413567 53.109303
v -5.132407 -142.959473 60.465736
v -5.379905 -138.281616 60.500008
v -7.505118 -141.346680 60.453743
v -2.727408 -140.445984 60.497719
v -6.154044 -118.441216 60.458561
v -2.760978 -122.076103 60.503437
v -2.924216 -119.875542 60.537540
v -7.132255 -122.003349 60.507481
v 3.965920 -138.284424 60.638054
v 2.281014 -141.471100 60.433434
v 5.603066 -142.660034 60.484276
v 6.961556 -139.437256 60.406273
v 6.698892 -121.858513 60.614780
v 5.120645 -118.369255 60.493183
v 2.224099 -120.517326 60.571522
v 3.910317 -124.462517 60.517445
v 164.014664 -130.762756 -70.816612
v 161.802017 -134.368286 -66.462059
v 169.841843 -123.125771 -66.296715
v 160.972244 -127.711617 -66.042366
v 168.347580 -134.256226 -70.558388
v 166.032669 -126.212440 -70.268059
v 165.429428 -137.290527 -67.123451
v 170.683273 -136.957886 -67.683998
v 174.684067 -134.144165 -66.087532
v 165.120071 -126.837776 -65.960457
v 166.946884 -135.002625 -65.960457
v 168.732590 -135.049561 -41.096313
v 172.653732 -130.445312 -65.960457
v 171.297745 -128.050110 -41.102188
v 164.530533 -128.317566 -41.163246
v 172.324722 -127.686775 -69.919502
v 171.874161 -131.282898 -70.802620
v 175.093948 -128.631470 -66.352577
v 168.177017 -127.679543 -69.979134
v 165.247574 133.605042 -70.199104
v 173.893173 138.371796 -67.187553
v 169.799759 141.303894 -66.707191
v 161.729538 131.048584 -66.450142
v 163.266953 135.117249 -70.159081
v 169.308426 130.731110 -70.586586
v 165.961411 127.023766 -66.172005
v 172.292740 128.290680 -67.151024
v 165.743149 129.697021 -69.991478
v 162.257950 139.120148 -66.565651
v 164.828384 131.709106 -41.285416
v 170.374283 130.772400 -41.191223
v 172.450546 132.833069 -65.960472
v 171.404160 136.764191 -41.289963
v 165.746109 138.538147 -65.960472
v 165.576248 137.253540 -41.107033
v 167.618576 138.232483 -70.319313
v 171.456924 136.083771 -70.533958
v 175.268448 133.498505 -67.077553
v -165.155167 -132.256134 -70.749016
v -174.214005 -135.708252 -66.246056
v -166.515167 -137.602112 -66.630363
v -161.875412 -133.483521 -66.697731
v -171.298508 -128.193237 -70.764275
v -167.487335 -125.894417 -70.210197
v -168.850479 -135.497620 -70.193169
v -161.825790 -127.970222 -66.988014
v -168.378662 -122.854561 -66.455345
v -168.517838 -135.051147 -65.960457
v -164.384140 -131.786804 -41.072937
v -164.269348 -128.742889 -65.960457
v -170.648331 -126.819336 -40.980751
v -172.965805 -128.551147 -65.960457
v -171.299545 -133.931213 -41.306183
v -173.531693 -131.940063 -70.123802
v -175.377106 -127.528847 -66.255806
v -169.795120 -133.298767 -69.979134
v -167.705246 -127.885719 -69.999886
v 5.189462 135.366959 -151.355026
v 5.111306 130.706161 -155.024155
v 5.233895 137.341232 -155.283600
v 5.183602 134.960007 -157.764709
v 9.597970 131.768051 -153.697144
v 9.191262 131.867203 -157.697784
v 9.188882 137.777054 -156.261856
v -4.567008 132.174118 -154.913071
v -4.672263 134.811081 -152.903625
v -4.548301 135.255234 -156.707932
v 9.225869 134.680710 -151.145355
v 8.846047 135.746506 -153.953995
v 8.968698 133.411270 -156.367874
v -5.300071 133.825470 44.265076
v -5.215476 130.945740 47.891953
v -5.098563 134.753387 51.435745
v -5.171500 136.887115 46.577164
v -9.135215 137.470734 46.760208
v -9.475059 134.109558 45.487350
v -8.965720 135.755920 48.897720
v 4.833779 136.154480 47.701553
v 4.480233 133.261780 49.915573
v 4.470895 132.788269 46.404984
v -9.479209 131.524780 47.665314
v -9.247153 135.309784 51.810928
v 5.157968 -133.209732 -156.251282
v 5.103768 -129.287338 -157.880966
v 5.259255 -132.812546 -151.580688
v 5.170327 -128.416275 -152.501953
v 9.195565 -134.421890 -155.762146
v 9.206735 -128.673965 -157.906876
v 8.874642 -131.757767 -156.036835
v -4.748740 -131.814255 -156.520401
v -4.624442 -130.941879 -152.753494
v -4.580131 -128.623978 -155.080505
v 9.493356 -130.663956 -152.161316
v 9.495309 -128.188461 -154.406158
v -5.112266 -130.614960 44.446602
v -5.137565 -133.635010 49.564034
v -5.118644 -127.772247 49.637947
v -9.279105 -128.167297 44.751564
v -8.995261 -129.231720 49.079735
v 4.760751 -128.496643 48.202599
v 4.857858 -132.667908 47.676338
v -9.181846 -134.450317 48.034630
v -9.214438 -129.387268 51.570045
v -8.977134 -132.306885 48.234688
v -9.004691 -130.233765 46.291222
v 163.625626 137.032318 -66.460472
v 162.376724 134.475403 -53.360466
v 170.735672 139.993469 -53.360466
v 171.552200 138.412689 -66.460472
v 170.143784 128.147034 -53.360466
v 171.736557 130.669739 -66.460472
v 165.280777 129.960632 -66.460472
v 165.589096 138.042755 -52.860466
v 172.121445 136.107361 -52.860466
v 167.181015 129.166016 -52.860466
v 177.943863 131.010193 -53.110466
v 171.929428 124.613060 -53.116276
v 161.605240 125.828911 -53.089275
v 157.824356 135.721222 -53.146179
v 164.957840 144.316498 -53.136330
v 176.042923 141.238739 -53.089279
v 162.544876 -130.331055 -53.360443
v 165.051376 -126.550117 -66.460457
v 167.535385 -124.801521 -53.360447
v 171.286087 -126.276009 -66.460457
v 173.954178 -130.469940 -53.360443
v 171.388870 -134.843262 -66.460457
v 167.374649 -136.509613 -53.360443
v 163.189346 -132.833771 -66.460457
v 165.327225 -127.055946 -52.860443
v 172.466263 -128.907898 -52.860443
v 166.390701 -135.281982 -52.860443
v 176.816422 -137.059540 -53.074730
v 164.700638 -140.532562 -53.143463
v 157.368637 -130.974030 -53.103088
v 163.753616 -121.186653 -53.115765
v 176.403610 -123.359871 -53.136089
v 38.841347 154.704849 175.933517
v -40.953804 163.128143 88.355286
v 57.167793 -110.613609 132.785049
v 57.175270 -150.612869 132.770126
v 57.091255 -160.487656 119.576401
v 57.407936 154.185226 132.667770
v 57.086189 114.186409 132.703568
v 57.347298 163.009628 140.922440
v -2.222251 -160.502563 74.440903
v -17.101921 -157.532288 76.759674
v -15.167533 -153.451538 77.141693
v -2.645713 -150.610840 74.687447
v 56.174599 -150.610764 111.314278
v 32.752815 -160.488556 84.598328
v 22.147652 -150.613586 77.609673
v -23.366112 -150.640137 78.843086
v -40.666191 -153.424225 91.593201
v -55.290306 -150.604477 107.168861
v -47.463905 -160.495422 99.000107
v -40.158119 -157.574158 90.072815
v -27.982628 -160.491486 81.772659
v -58.307503 -160.483871 131.076401
v -57.897163 -150.611618 132.666946
v -57.686317 154.185898 132.778549
v -57.651741 114.186409 132.794205
v -57.666634 -110.613609 132.700943
v -57.849648 163.009323 124.275589
v -55.321373 114.189949 107.792809
v -52.680000 -110.613579 108.277809
v -36.144310 114.186409 84.212364
v -37.740700 -110.613579 85.292061
v -21.451775 114.186409 77.197838
v -17.253716 -110.613579 73.751549
v 19.178596 114.186409 76.130852
v 20.160835 -110.613579 76.711952
v 37.584023 114.186409 85.503883
v 49.787483 -110.613579 101.663918
v 54.935921 114.189125 108.092918
v -52.530998 154.184616 107.830704
v -17.120995 157.018036 75.144226
v -22.857445 154.181122 77.521286
v -42.272743 157.012299 91.363281
v 16.347389 154.177551 73.695084
v -15.024467 162.923798 75.553345
v 52.184029 163.011429 108.277725
v 56.152657 154.184067 110.444901
v 35.772530 154.186401 84.402405
v 30.448433 163.011414 83.092773
v 10.824471 156.365250 189.340225
v 37.898537 154.403000 179.551437
v 41.816750 157.003647 173.665512
v -48.625969 163.010635 166.057602
v -38.724388 154.388382 177.560257
v -13.208274 163.011429 189.379257
v -56.031898 154.196274 155.749130
v -56.207603 -110.609909 155.308212
v -48.613426 114.186417 166.709824
v -33.248802 -110.613571 180.588669
v -13.208274 114.186417 189.379257
v 7.977548 -110.613571 190.838943
v 29.036079 114.186417 183.609512
v 48.117470 -110.613571 166.709854
v 55.717659 114.182755 155.274857
v 55.798073 154.194626 155.054184
v -39.179451 -151.101181 175.917923
v -41.653862 -160.485703 175.162155
v 3.616372 -160.495224 190.642746
v 2.120492 -151.104324 190.499374
v 14.934182 -153.280563 188.027878
v 17.334816 -153.464401 189.227707
v 40.322731 -153.449051 173.202164
v 38.844093 -151.122818 175.696487
v 29.206917 -158.144821 183.062363
v 55.535835 -150.623459 155.749496
v 49.583046 -160.500565 163.385422
v -56.762459 -150.622055 154.239761
v -38.495491 -148.613571 185.117355
v -31.937675 -149.543076 204.679337
v -0.282340 -148.613571 205.185226
v -44.918968 -148.613571 191.713882
v -7.946494 -148.613571 213.430161
v -37.478752 -148.613571 212.261337
v 37.299965 -148.613571 211.959061
v 31.778542 -148.613571 204.343430
v 37.431221 -148.613571 184.140518
v 44.219978 -148.613571 192.819504
v 8.977304 -148.613571 213.994858
v -0.318686 -148.613571 197.867355
v -38.623528 -148.469955 178.607071
v -40.672890 -148.484726 180.696640
v -41.937004 -148.402695 177.645523
v -0.430808 -148.412888 210.486557
v 0.814340 -148.442490 213.965317
v -2.018302 -148.505539 212.871201
v 37.999580 152.186417 185.117325
v 32.943367 152.710587 203.166702
v 44.423042 152.186417 191.713852
v 36.982796 152.186417 212.261307
v 7.450570 152.186417 213.430130
v 0.972909 152.186417 205.629349
v -37.795921 152.186417 211.959030
v -32.274498 152.186417 204.343399
v -37.927147 152.186417 184.140457
v -6.656272 152.186417 213.152786
v -44.715904 152.186417 192.819443
v -0.177238 152.186417 197.867325
v 41.530251 152.029434 177.771896
v 38.313576 152.026413 178.070511
v 39.527107 152.021744 180.693954
v 1.242288 153.169968 211.291183
v -1.135123 152.201981 211.041672
v 0.058389 151.972672 214.376572
v -44.688652 114.186417 203.620285
v -44.252678 154.686417 205.715256
v -33.373711 114.186417 215.152115
v -31.318474 154.686417 215.605850
v 44.041176 114.186417 204.434769
v 44.652473 154.686417 203.014084
v 33.101387 154.686417 215.062027
v 32.420631 114.186417 215.286728
v 44.437111 153.951767 176.970535
v -40.198418 154.436234 174.540787
v -41.485573 152.054581 180.319626
v -41.165810 152.066757 177.240555
v -38.556236 151.968887 179.642532
v 41.983498 154.241531 179.613785
v -38.758400 154.263412 180.313736
v -2.177604 154.240189 212.643234
v -32.353386 154.686417 204.255875
v 30.571358 154.686417 205.226273
v 0.236123 154.276291 214.472794
v -42.543938 154.266647 179.147018
v 46.352364 114.186417 176.148636
v 0.583230 115.686386 197.899857
v 34.234810 115.105759 200.040634
v -0.277427 115.686417 205.249161
v -32.319756 115.061417 204.293198
v 6.683084 -160.483704 83.709518
v -26.170006 -160.538208 89.663101
v -48.960579 -160.704330 121.772263
v -47.175240 -160.486191 147.274368
v -27.666161 -161.070419 173.875137
v -10.206168 -160.739883 181.292618
v 19.750221 -160.486496 177.941910
v 48.574440 -160.521713 140.270584
v -39.510506 -160.500839 162.251907
v 35.829201 -160.507568 97.976395
v 14.784768 163.000656 189.500107
v 40.472816 163.106766 176.813522
v 30.532082 115.043564 205.210861
v -44.779930 153.853989 177.547897
v -56.730293 114.185471 156.248306
v -66.695915 114.186531 133.388290
v -64.137550 131.703934 137.469315
v -66.682610 154.185837 133.424973
v -63.863472 135.887314 137.248672
v -62.382713 132.467331 132.977676
v -62.013817 136.172806 132.977219
v -59.868340 133.621597 132.974289
v -58.373253 135.373550 151.704910
v -61.491524 131.744278 136.904617
v -59.077919 135.297897 137.028244
v -36.711006 115.686417 184.186172
v -2.125236 115.686417 196.501938
v -44.683342 115.686417 190.926285
v -7.727408 115.686417 213.450668
v -37.262733 115.686417 212.361893
v 36.621681 115.686417 184.148270
v 37.514900 115.686417 211.857040
v 44.269417 115.686417 190.914993
v 7.323464 115.686417 213.473312
v 66.148170 154.185989 133.214615
v 59.171669 133.482956 132.812973
v 66.151070 114.186897 133.183090
v 62.371193 132.958572 132.808640
v 61.904549 135.940109 132.809311
v 63.811195 131.887192 137.262253
v 57.815651 134.533035 152.141800
v 64.003700 135.511398 136.856247
v 61.865883 136.050613 136.629471
v 58.693977 135.263809 136.836746
v 59.151283 132.167679 136.837845
v -39.394203 136.186417 177.574692
v -41.215858 136.186417 180.361893
v 0.530435 136.186417 210.857620
v -0.793937 136.186417 213.912582
v 40.572945 136.186417 177.430618
v 39.287178 136.186417 180.396652
v 44.192726 -110.613571 203.620316
v 43.756752 -151.113571 205.715256
v 32.877754 -110.613571 215.152145
v 30.822548 -151.113571 215.605881
v -44.537117 -110.613571 204.434769
v -39.015266 -151.113571 213.128769
v -32.916557 -110.613571 215.286758
v -46.123436 -151.113571 195.816025
v -44.515694 -150.874130 176.720291
v 38.033455 -148.405014 179.667801
v 40.953987 -148.478195 180.405380
v 40.820351 -148.484085 177.360886
v 31.857460 -151.113571 204.255936
v -0.091361 -150.702408 214.499985
v -2.266440 -150.752151 211.623978
v 1.280648 -150.668289 211.065048
v -38.788231 -150.641037 180.272263
v -34.716148 -151.113571 200.031265
v -42.514351 -150.734299 178.377640
v 41.846931 -150.650894 179.722153
v 38.105080 -150.770889 180.142441
v -47.096153 -148.609329 173.278336
v -46.848289 -110.613571 176.148636
v -1.079185 -112.113571 197.899887
v -34.730705 -111.532944 200.040665
v -0.218467 -112.113571 205.249191
v 31.823830 -111.488571 204.293228
v -31.028038 -111.470749 205.210892
v 44.295967 -150.358994 177.458023
v 56.234352 -110.612656 156.248276
v 66.199928 -110.613701 133.388168
v 64.246895 -131.372604 137.222641
v 61.204536 -127.450066 142.747971
v 66.199593 -150.612991 133.392044
v 60.795479 -128.829269 132.976212
v 62.957619 -130.748337 132.979141
v 59.478615 -131.965469 132.974442
v 57.877296 -131.800705 151.704971
v 61.220436 -128.240768 136.718063
v 58.556190 -131.803574 136.987473
v 36.215065 -112.113571 184.186203
v 1.629312 -112.113571 196.501968
v 44.187416 -112.113571 190.926315
v 7.231484 -112.113571 213.450699
v 36.766792 -112.113571 212.361923
v -37.117607 -112.113571 184.148300
v -38.010826 -112.113571 211.857040
v -44.765373 -112.113571 190.915024
v -7.819419 -112.113571 213.473373
v -66.644112 -150.613144 133.214676
v -62.257225 -128.919357 132.809525
v -66.646996 -110.614067 133.183121
v -63.017403 -131.835739 132.808487
v -59.572899 -130.929001 132.813187
v -63.355949 -128.270370 137.073929
v -58.751976 -129.061020 150.702225
v -64.429848 -131.047409 137.012009
v -60.309227 -133.701584 145.587784
v -58.805061 -130.723984 136.902298
v -60.939812 -132.968185 136.819077
v 41.335915 -132.613571 179.475967
v 38.501198 -132.613571 178.559341
v -0.241874 -132.613571 214.044388
v -0.472892 -132.613571 210.722702
v -39.577782 -132.613571 177.384781
v -41.308479 -132.613571 180.373459
v -37.445839 -174.884201 102.690811
v -31.911278 -193.009476 111.385880
v -11.323813 -205.998032 115.803024
v -22.540245 -204.859940 139.531601
v 4.662972 -210.645157 135.792343
v 16.286385 -199.752518 159.185593
v -0.307273 -192.166122 170.897659
v 19.519722 -178.500595 174.797379
v -11.539359 -202.181870 157.109940
v -34.063164 -196.364975 126.193039
v 0.883920 -175.067978 179.868484
v -47.350716 -176.078812 130.582748
v -23.390007 -185.585983 168.993881
v -38.634102 -188.903946 146.363632
v -45.978218 -173.026535 146.511520
v -39.623650 -173.451859 159.619797
v 46.612984 -161.171432 116.538956
v 38.663277 -170.013596 103.992386
v 23.872017 -174.581696 91.389954
v 38.611214 -183.133591 111.350632
v 47.352699 -173.944504 137.456345
v 39.726265 -190.649307 134.870956
v 16.213203 -192.071289 97.455612
v 25.250832 -199.579727 115.673965
v -0.216239 -174.981598 84.942429
v 6.011209 -201.946335 105.730392
v 39.070107 -160.986099 163.232346
v 20.257515 -205.431931 142.196426
v 35.183876 -184.994553 157.067978
v -15.289512 -188.241089 93.893051
v -30.036766 -153.466553 80.918091
v -40.532906 -153.471008 89.127579
v -17.760277 -153.463135 75.968811
v -30.092705 -156.831055 81.311737
v 29.551369 -153.480637 184.279678
v 39.685432 -157.528610 175.109421
v 16.659584 -157.504440 188.449692
v 40.028236 -153.462387 176.083023
v 18.688271 157.014633 190.669113
v 66.122597 114.189400 132.215103
v 62.433998 135.011612 124.772392
v 59.448616 134.786362 118.380486
v 61.689339 132.645523 123.512901
v -65.652077 154.186417 132.586533
v -39.814003 154.186401 84.823441
v -61.509422 154.188797 121.296341
v -14.712546 154.186401 66.901337
v 2.741189 124.645210 67.189690
v 3.223336 143.028839 67.012749
v -3.492759 125.110573 67.160591
v -4.750236 122.460487 67.076622
v -3.299674 144.104797 67.137901
v 14.132394 154.186401 66.889496
v -6.218314 145.681946 67.275948
v -5.637137 142.405975 67.016151
v -6.900901 124.845528 67.227913
v 5.422067 122.565346 67.084755
v 14.211190 114.186409 66.873894
v 4.443398 146.037109 67.239708
v 6.123513 125.284889 67.125618
v 6.029489 142.959717 67.048225
v 66.142342 154.180161 132.188858
v 61.699776 132.356766 132.184738
v 62.252846 135.490768 132.323807
v 59.472939 135.111313 132.297775
v -61.465462 132.253830 132.229904
v -59.965919 134.914505 132.322189
v -62.690392 135.717453 132.250961
v -66.601921 114.192848 132.207230
v -14.624503 114.186409 66.872414
v -63.136284 133.717789 125.118858
v -60.672752 132.846237 120.270958
v -60.481438 135.742935 119.936729
v 5.246774 142.491333 71.817421
v 4.049203 145.886322 71.817436
v 5.246774 122.491310 71.817421
v 4.049172 125.886330 71.817421
v -4.346274 142.597961 71.817421
v -5.787833 145.711395 71.817436
v -3.525107 124.986336 71.817451
v -6.744773 123.397224 71.817436
v 66.122597 -150.610580 132.215134
v 62.594795 -130.011673 125.044502
v 59.541573 -129.797104 118.624428
v 49.070930 -110.614433 91.784340
v 61.098030 -132.247299 122.354958
v -65.652077 -110.613579 132.586563
v -37.877235 -150.613586 83.283394
v -61.509422 -110.611198 121.296364
v -14.704642 -110.613579 66.861549
v -4.994193 -142.528320 67.229805
v 6.355111 -141.473389 67.241783
v 14.217904 -150.613586 66.907616
v 3.166421 -141.535950 67.108955
v 3.619546 -139.025513 67.092918
v 14.132394 -110.613579 66.889519
v -6.264396 -139.073547 67.088646
v 2.681710 -120.926872 67.068916
v 5.596444 -122.148491 67.000374
v -6.221580 -122.007805 67.037636
v -3.667411 -139.622345 67.007225
v -6.399070 -119.254204 67.112236
v 5.780068 -119.092735 67.141075
v -3.209281 -120.893913 67.229454
v 39.318092 -150.613586 84.823463
v 66.142342 -110.619835 132.188889
v 61.699745 -132.443344 132.184799
v 59.444466 -129.799057 132.301224
v 62.205482 -129.233505 132.332993
v -60.148079 -131.827988 132.280777
v -60.820244 -129.019028 132.277878
v -63.350975 -130.804642 132.114426
v -66.601921 -150.607162 132.207260
v -14.628318 -150.613586 66.889519
v -63.136284 -131.082199 125.118874
v -60.672630 -131.953476 120.270638
v -60.481438 -129.057053 119.936745
v 5.755166 -119.273674 71.817451
v 3.490762 -121.980461 71.817451
v 4.953927 -138.849762 71.817436
v 4.394845 -142.366943 71.817421
v -3.513022 -119.968559 71.817482
v -6.781211 -121.252800 71.817451
v -3.994468 -139.273682 71.817451
v -6.258872 -141.980469 71.817451
v 7.486367 -160.675888 178.216019
v -46.503120 -160.510849 127.635941
v 22.662361 -160.489059 172.879379
v -14.857780 -160.570221 88.760651
v -34.080833 -160.932648 100.887131
v 13.543832 -160.678406 87.895264
v -29.459648 -160.469193 168.485306
v 34.547890 -161.479111 102.015030
v 43.215431 -160.555954 149.033646
v -42.346199 -160.530991 150.666885
v 45.016640 -161.095993 122.429520
v 38.622780 -181.360214 117.403244
v 24.962990 -178.565613 98.284622
v 25.909035 -197.468216 120.459732
v 40.224556 -181.587509 140.779129
v 5.076180 -182.466064 91.928101
v 11.483621 -195.722122 104.455368
v 34.689186 -174.516373 160.145950
v 26.159981 -194.386337 150.390457
v -13.896689 -175.117065 90.966400
v -3.596366 -194.424911 101.423019
v 10.645791 -206.209274 130.173782
v -24.432152 -187.552597 103.276535
v -18.027458 -200.704330 116.205276
v -6.665030 -205.417160 144.391678
v 12.299050 -195.226181 160.416946
v 18.917824 -175.404282 171.881027
v -6.433127 -194.144058 164.323685
v 0.679543 -177.114182 176.084641
v -42.587837 -172.663742 117.658005
v -28.365501 -197.229477 136.237747
v -37.990379 -186.900314 127.325333
v -23.096336 -190.873764 159.491379
v -19.031792 -163.230698 175.370285
v -37.921883 -182.236740 148.246902
v -44.543983 -170.157730 141.291061
v -34.636436 -172.286301 161.178116
v -148.610962 216.099426 -53.130711
v -148.610962 216.099426 -13.130712
v -148.610962 -222.686584 -53.130680
v -148.610962 -222.686584 -13.130678
v -188.610977 216.099426 -13.130712
v -188.610977 -222.686584 -13.130678
v -188.610977 216.099426 -53.130711
v -188.610977 -222.686584 -53.130680
v -38.737755 -145.888000 81.289009
v -78.256660 -148.613586 80.528511
v -78.527092 152.186401 79.275055
v -38.759331 152.186401 81.284973
v -31.180840 134.282410 43.438644
v -31.185417 -130.715515 43.441338
v -30.194847 -112.389526 43.993687
v -102.325676 -112.613586 16.702168
v -30.194847 115.962311 43.993671
v -93.413353 -148.613586 41.279655
v -30.212242 -148.637878 44.031181
v -102.325676 -148.613586 16.702171
v -96.925056 -148.613586 70.258385
v -30.214561 152.198212 44.031204
v -93.454247 152.186401 40.854752
v -102.325676 152.186401 16.702148
v -97.199928 152.186401 69.815598
v -98.973045 133.999969 26.256716
v -98.966957 -130.804047 26.251165
v 98.463051 -130.601868 26.246542
v 98.454811 134.198212 26.238115
v 38.212440 -146.082672 81.289391
v 38.212440 152.801788 81.289368
v 29.700966 -112.418640 44.024708
v 29.723793 -148.640686 44.037315
v 21.126625 -132.628571 46.699409
v 101.829720 -148.613586 16.702171
v 102.327431 -110.857056 15.384908
v 95.491249 -149.745178 14.072929
v 92.925240 -134.004150 15.781425
v 93.854591 -127.878357 15.447042
v 88.282478 -133.135559 17.614233
v 86.073006 -150.445374 18.464622
v 89.054878 -127.324341 17.265936
v -15.562217 -110.735413 47.927525
v -19.700127 -115.118347 47.241047
v -146.024719 -111.522583 -0.325191
v -144.639374 -150.071594 -0.345711
v -92.169701 -129.625122 13.690802
v -88.019264 -128.994476 14.337454
v -91.463387 -132.330322 14.213018
v -88.668892 -132.894592 13.997565
v -88.997200 -130.050964 15.549704
v -94.169518 -127.317627 15.587835
v -90.791115 -126.607117 13.335135
v -93.438438 -132.984497 12.325858
v -92.266335 -134.468872 16.288458
v -87.602928 -130.175537 18.028311
v -86.525566 -150.457520 18.482735
v -86.082253 -128.457642 14.018042
v 144.728745 -150.065887 -0.380913
v 144.685440 -149.949341 -12.530266
v -13.358115 -150.618225 59.383537
v -13.196586 -150.613586 63.817451
v -0.287528 -150.604965 -145.509415
v -45.288231 -150.472519 -146.016083
v -16.786186 -150.463577 -154.442154
v -107.111397 -150.247253 -0.746376
v 0.265450 -150.482071 -155.898193
v -0.765281 -148.271927 -157.584671
v -187.434494 -149.672424 -65.646721
v -145.134033 -150.059753 -53.852753
v -147.065674 -149.784271 -66.119225
v -118.139198 -150.311218 -70.322624
v -144.519806 -150.098877 -12.482674
v -187.675034 -149.443665 -0.535179
v -186.963913 -149.295959 -12.061684
v -118.253593 -150.613586 -35.970795
v 16.063026 -150.472244 -154.491287
v -131.487732 -150.164490 -58.793427
v 12.583596 -150.613586 60.253380
v -95.774239 -149.745178 13.514961
v -84.928200 -150.523315 14.259590
v -5.785178 -150.243286 54.364388
v -7.708365 -150.304810 51.354668
v -4.869864 -150.356750 51.169411
v 15.227120 -150.467651 47.913399
v 84.454262 -150.469421 14.375450
v 143.972183 -150.185028 -53.789017
v 146.482407 -149.839600 -66.106148
v 44.458351 -150.560745 -146.036682
v 186.811447 -148.984070 -12.006752
v 186.938583 -149.672424 -0.514641
v 187.179123 -149.443665 -65.626183
v 186.452499 -149.283539 -54.151085
v 130.992203 -150.161621 -58.789429
v 117.692421 -150.267456 -70.219521
v 117.325478 -150.613586 -33.261681
v 106.460518 -150.477417 -0.533440
v 11.882882 -148.321625 58.737999
v -12.416190 -113.083244 58.738132
v 11.154397 -113.110893 56.986454
v -11.159659 -148.411163 56.903633
v -14.500113 -135.254333 63.535545
v -14.682303 -110.613579 63.988880
v -15.419456 -125.199486 55.115833
v -14.772696 -126.022209 63.436848
v -17.903008 -132.675476 54.214897
v -18.602409 -129.233551 53.010841
v -19.523216 -135.739960 48.530327
v -20.940453 -125.980896 47.160587
v -17.276115 -117.326530 51.166172
v -15.623649 -150.567322 47.790428
v -18.171104 -149.210266 47.521004
v 12.851632 -110.609367 59.383259
v 12.700662 -110.613579 63.817448
v -0.212913 -110.652657 -144.803879
v -74.484856 -110.613586 -3.304088
v -91.042717 -110.613594 -52.077534
v -92.179863 -110.613594 -56.482998
v -69.634727 -110.613586 27.039158
v 28.365578 -110.613586 32.095814
v -32.961479 -110.613586 31.440128
v 72.346931 -110.613586 0.066487
v 90.038948 -110.613594 -53.270870
v 98.393440 -110.613586 -50.248363
v 117.618599 -110.772591 -70.436607
v 106.548409 -110.808929 -0.631648
v 83.452126 -110.613594 -85.275917
v 97.237892 -110.613594 -57.160801
v 146.251541 -111.179573 -65.957115
v 44.560738 -110.699898 -146.093124
v 50.937599 -110.613594 -128.567368
v -68.536552 -110.613594 -112.279625
v -96.520775 -110.613594 -103.975548
v -44.703133 -110.663948 -146.258087
v -35.599266 -110.613594 -135.232483
v 145.568283 -111.423462 -0.418681
v 144.082596 -111.226196 -12.083262
v 144.720871 -111.360481 -54.057545
v 117.757668 -110.613586 -35.970791
v -118.161751 -110.797493 -70.342751
v -146.956192 -111.350410 -66.097359
v -144.542007 -111.165352 -53.774242
v -187.675034 -111.783516 -65.626198
v -186.963913 -111.931252 -54.199665
v -117.821419 -110.613586 -33.261623
v -107.039406 -110.951843 -0.675304
v -145.113968 -111.120605 -12.481746
v -187.293320 -112.260651 -12.061687
v -187.441055 -111.549530 -0.535182
v 0.252023 -110.613602 -155.305252
v 186.715073 -112.013588 -54.227116
v 187.120987 -111.607666 -0.555949
v -12.634940 -110.613579 59.314747
v 5.359658 -110.865471 54.271885
v 3.892282 -110.856346 52.069874
v 7.430612 -110.967583 51.570850
v -0.750663 -110.807755 -155.859039
v -99.795311 -110.613594 -55.304104
v -96.339333 -110.613586 -49.196712
v -0.801993 -127.938065 -162.992676
v -1.114646 -132.828384 -154.225937
v -1.064689 -129.701187 -156.862061
v -0.958091 -129.142349 -153.112549
v -174.096970 -132.909607 -65.528450
v -167.016449 -136.672852 -65.391258
v -172.704208 -126.026833 -65.441551
v -163.306335 -127.020576 -65.420662
v -164.121765 -126.599983 -53.865479
v -165.215103 -136.204285 -54.046181
v -174.773148 -131.582062 -53.914322
v -187.230698 -149.098328 -54.164513
v -170.702499 -125.021614 -53.779438
v -172.704208 -126.026825 -12.382013
v -174.096970 -132.909607 -12.468896
v -167.016449 -136.672852 -12.331704
v -163.306335 -127.020569 -12.361109
v -164.121765 -126.599976 -0.705942
v -174.773148 -131.582062 -0.754800
v -165.215103 -136.204254 -0.886651
v -170.702499 -125.021606 -0.619913
v -17.323051 -118.522232 -158.798294
v -15.459617 -136.452698 55.268471
v -18.130272 -136.050186 -160.707474
v -21.054588 -132.944107 -154.466827
v -17.993462 -110.866165 -154.279465
v -23.220940 -129.622147 -152.822067
v -19.362175 -129.433975 -156.515259
v -0.361594 -130.208008 50.561989
v -0.243583 -128.287537 48.286858
v -5.233848 -127.908051 46.041710
v -0.387687 -130.162048 45.540611
v -4.920798 -133.173981 46.617805
v -0.271567 -133.060974 47.690788
v -5.341239 -130.449463 51.594460
v -5.247947 -126.174805 49.584888
v -5.247886 -131.821533 43.352501
v -5.247855 -135.398529 48.818352
v -131.000946 -150.142151 -10.900749
v -130.992142 -111.082520 -10.886073
v -131.494675 -111.053535 -58.792492
v -12.374259 -148.302490 58.725517
v -11.383262 -112.874138 57.039127
v -5.921103 -138.213593 54.273354
v -6.338553 -138.213593 50.811913
v -93.712257 -127.831848 11.105764
v 88.873421 -127.127869 12.763388
v 11.857919 -112.792473 58.738926
v 10.888650 -148.359375 56.962791
v 20.314735 -128.522583 47.582207
v 18.793495 -130.518066 49.997368
v 18.592934 -116.091187 48.132755
v 19.223854 -145.389618 47.375374
v 130.497665 -150.147430 -10.885139
v 0.237679 -130.755814 -152.369873
v 0.253030 -133.126480 -155.508270
v 0.303201 -129.800156 -163.532761
v 0.256143 -128.150955 -156.145584
v 32.969765 -130.614822 -149.798569
v 16.179176 -110.749191 -154.483215
v 163.014267 -134.282898 -65.388420
v 168.216354 -136.859375 -65.557747
v 173.986435 -131.992859 -65.504311
v 186.981125 -111.666817 -65.659538
v 170.644485 -125.130867 -65.522362
v 164.116959 -126.235909 -65.496040
v 162.279099 -132.286438 -53.825012
v 165.250137 -125.261116 -53.825024
v 172.659622 -126.619453 -53.840439
v 171.298843 -136.283478 -54.052086
v 163.014297 -134.282898 -12.328881
v 168.216354 -136.859375 -12.498193
v 173.986435 -131.992859 -12.444757
v 186.479630 -112.022003 -12.125331
v 170.644485 -125.130859 -12.462809
v 164.116959 -126.235901 -12.436487
v 162.279099 -132.286469 -0.665491
v 165.250137 -125.261108 -0.665491
v 172.659622 -126.619446 -0.680918
v 171.298843 -136.283478 -0.892556
v 17.499123 -123.129936 53.311924
v 17.130440 -138.421387 53.224892
v 18.051247 -132.610184 -160.256989
v 19.676949 -144.446487 -153.960358
v 17.547676 -124.446304 -160.353622
v 19.292397 -125.636978 -154.929291
v 20.328224 -135.307083 -154.030685
v 19.522499 -116.391739 -153.991425
v 5.333322 -134.288040 -153.520477
v 5.193673 -131.104721 -158.381104
v 5.040200 -128.507828 -153.063568
v 5.264352 -126.686417 -157.786407
v 5.227517 -127.857246 -150.331146
v 130.506454 -111.082214 -10.899776
v 130.996811 -111.053719 -58.795498
v 14.013955 -125.994041 63.493168
v 14.974282 -125.763664 55.193928
v 14.640908 -135.942078 56.262978
v 14.266885 -135.229675 63.486290
v 15.196603 -110.851013 48.006947
v 7.317391 -123.013573 51.673466
v 4.097817 -123.013603 53.377018
v 91.994850 -130.448059 13.743979
v 92.217690 -128.928589 12.504049
v 88.553505 -133.351440 13.931830
v 88.710854 -129.239044 14.570410
v 89.022285 -131.984619 15.300940
v 92.159126 -133.743347 12.666404
v 87.843391 -127.238342 14.271185
v -0.287406 154.714127 -153.343536
v -0.191489 113.734634 -152.430130
v 45.725990 153.927536 -145.622070
v 45.542000 114.432182 -145.602859
v 84.103401 114.186394 -113.635796
v -55.280022 114.777397 -139.168839
v -98.918205 114.186394 -56.606350
v -90.737633 114.186394 -54.153133
v -97.252220 114.186401 -49.217144
v -53.683311 114.186401 20.171938
v -13.358115 114.181801 59.383518
v -13.196586 114.186409 63.817432
v -187.204880 115.393211 -54.404102
v 144.046097 114.738121 -53.774250
v -86.517754 114.846405 17.687288
v -95.058479 114.305267 10.509845
v -92.301720 114.186401 -9.116223
v -144.542007 114.738129 -12.487134
v -145.083054 114.813843 -0.345716
v -145.181381 114.850639 -53.731098
v -107.074135 114.457733 -0.682660
v -118.253593 114.186401 -35.970814
v -118.142113 114.505699 -70.309196
v -100.976952 113.654968 14.639651
v 187.179123 115.356316 -65.626213
v 186.452499 115.516441 -54.151104
v 145.772018 114.193016 -64.992348
v 130.998764 114.626335 -58.792500
v 117.325478 114.186401 -33.261700
v 106.452492 114.303070 -0.519757
v 144.577682 114.789490 -0.358213
v 144.632706 114.727570 -12.516614
v 130.496231 114.655334 -10.886090
v 186.811447 115.815918 -12.006772
v 186.938583 115.127563 -0.514661
v 117.409615 114.216362 -71.553551
v 117.735054 114.685814 -70.032646
v 96.128670 114.316132 14.631427
v 94.486916 114.293213 10.432483
v 85.835640 114.903809 17.119081
v -88.501518 114.186394 -110.473763
v -147.235657 114.194359 -64.493965
v -187.600601 115.056854 -0.636167
v -186.973404 115.346619 -11.882138
v 5.175118 114.186401 36.593327
v 12.583596 114.186409 60.253361
v -7.708365 114.495186 51.354649
v -5.785178 114.556740 54.364368
v -4.869864 114.443275 51.169392
v 82.158943 114.186394 -88.484474
v 88.879646 114.186394 -54.620739
v 58.037605 114.186394 -121.407661
v 21.812080 114.186394 -140.209274
v -26.035179 114.186394 -139.803253
v -17.214043 114.432114 -154.423752
v -0.765281 116.528214 -157.584717
v -71.045708 114.186394 -109.237114
v -85.098351 114.186401 -24.739790
v -89.007942 114.186394 -65.366173
v 83.452126 114.186401 -21.537138
v 55.966286 114.186401 17.086992
v 90.764839 114.186394 -53.849407
v 98.399025 114.186394 -57.158245
v 94.743599 114.186401 -48.872036
v -146.862350 153.395721 -66.124420
v -144.468109 153.757812 -53.789040
v -187.675034 153.016479 -65.626221
v -186.963913 152.868744 -54.199684
v 144.636368 153.636627 -53.891273
v 146.455246 153.343292 -66.130234
v -187.293320 152.539337 -12.061707
v -187.441055 153.250458 -0.535202
v -145.102005 153.707306 -12.478409
v -145.613602 153.242493 -0.294525
v -15.581443 154.057495 47.926132
v -12.634940 154.186401 59.314728
v 145.055008 153.332550 -0.315491
v 143.972183 153.757843 -12.472351
v 186.945145 153.250458 -65.626221
v -14.682303 154.186401 63.988861
v 12.852609 154.186401 60.364288
v 187.179123 153.016479 -0.535202
v 186.468002 152.868744 -12.061707
v -117.821419 154.186401 -33.261642
v 117.757668 154.186401 -35.970810
v 117.643257 153.884064 -70.322662
v 106.607552 153.840302 -0.732834
v -107.031609 153.867126 -0.662018
v -48.305611 153.768997 -144.581314
v -118.191673 153.820068 -70.204208
v 16.630989 154.039108 -154.402985
v 4.003823 153.866394 51.747894
v 6.318887 153.822754 54.279770
v 6.914224 153.918304 51.131454
v -19.703331 149.686676 47.236755
v -20.564415 129.409119 47.522018
v -94.169579 137.482330 15.587754
v -87.602913 134.624390 18.028307
v -92.266289 130.331146 16.288469
v -0.352927 134.834198 45.753357
v -0.270713 131.912048 46.933029
v -0.333640 136.628571 49.096069
v -0.285270 132.629822 49.976669
v 29.629982 154.100861 43.869125
v 29.698891 115.962311 43.993671
v 101.829720 116.186401 16.702150
v 101.930519 153.114624 16.434952
v 91.740120 132.984100 13.766587
v 90.303291 136.032959 14.383592
v 88.017494 135.332916 14.660768
v 87.947945 132.146881 14.187090
v 91.957375 130.821136 12.699068
v 93.880104 136.854340 15.443101
v 91.450691 137.882294 12.902116
v 87.724342 136.482727 17.792879
v 91.509285 129.964996 16.449999
v 88.873421 137.672119 12.763368
v -11.239585 116.401253 56.926289
v 10.725686 116.425819 56.901325
v -11.378196 151.957336 56.973358
v 10.941995 151.964874 56.998978
v 15.405343 114.503754 48.031467
v 21.183937 132.155029 46.706970
v 20.238350 136.388794 47.881180
v 18.793495 134.281921 49.997345
v 16.715706 120.108559 50.717243
v 0.242043 131.929764 -153.287415
v 0.262399 134.334427 -157.417770
v 0.294961 133.489853 -163.729767
v 0.244302 136.498886 -153.729385
v 32.969765 134.185226 -149.798599
v 147.090714 116.050041 -66.324989
v 162.589310 136.773254 -65.529778
v 164.421677 129.420959 -65.530251
v 172.762222 130.018311 -65.476189
v 171.278885 139.692749 -65.444359
v 162.177200 134.137787 -53.796631
v 167.283524 127.887260 -53.883743
v 166.315048 139.987854 -53.817894
v 186.734787 152.671143 -54.164536
v 174.313065 135.605927 -53.846863
v 162.589310 136.773254 -12.470229
v 164.421677 129.420959 -12.470716
v 172.762222 130.018311 -12.416655
v 171.278885 139.692749 -12.384826
v 162.177200 134.137787 -0.637099
v 166.315048 139.987854 -0.658370
v 174.313065 135.605927 -0.687331
v 167.283524 127.887268 -0.724211
v 130.503586 153.712158 -10.901749
v 17.953407 137.371613 54.055206
v 18.051247 132.189896 -160.257034
v 19.676857 120.353531 -153.960434
v 16.069313 114.336624 -154.490906
v 17.525551 140.279587 -160.379532
v 19.944801 139.322952 -154.503464
v 20.328255 129.492905 -154.030701
v 4.997659 133.569962 -152.115402
v 5.331765 137.497604 -156.916641
v 5.449075 130.198532 -153.469101
v 5.300149 133.244919 -158.248932
v 5.227517 136.942734 -150.331161
v 130.991806 153.737305 -58.793442
v 14.013955 138.805939 63.493149
v 14.266885 129.570312 63.486267
v 14.858163 139.148285 55.242767
v 15.757607 153.806885 47.961243
v 15.175210 129.514343 55.009995
v -12.379966 151.867706 58.734406
v 11.871408 116.481056 58.734272
v 11.899514 151.872925 58.742432
v 7.317391 141.786407 51.673447
v 4.097817 141.786407 53.376999
v -86.082253 136.342346 14.018022
v -14.500113 129.545685 63.535522
v -14.772696 138.777802 63.436829
v -15.676475 138.245667 54.966354
v -19.044518 117.282928 47.486408
v -17.960625 124.776344 52.387943
v -18.467278 134.552612 53.181564
v -20.938652 138.831970 47.148621
v -17.856590 144.602875 52.268051
v -15.659812 114.343811 47.950153
v -0.801993 136.861954 -162.992706
v -1.063193 131.920914 -155.292816
v -1.001700 134.885086 -152.694122
v -1.076316 135.990616 -156.157150
v -19.879265 148.887253 -154.012131
v -147.794357 116.132286 -66.336983
v -187.402328 115.071281 -65.665504
v -174.489578 133.575134 -65.577507
v -168.008713 127.708336 -65.362236
v -170.334152 140.159027 -65.418297
v -162.880920 136.243164 -65.487343
v -162.542648 135.371643 -53.806297
v -168.527176 127.877190 -53.912170
v -170.798752 140.148224 -53.876572
v -174.327118 133.134399 -53.820015
v -170.334152 140.159027 -12.358764
v -174.489578 133.575134 -12.517974
v -168.008713 127.708344 -12.302687
v -162.880936 136.243164 -12.427810
v -162.542648 135.371643 -0.646773
v -168.527176 127.877197 -0.752638
v -170.798752 140.148224 -0.717040
v -174.327118 133.134399 -0.660491
v -131.488113 153.734467 -58.789467
v -16.816673 154.061203 -154.449875
v -15.430503 129.238708 55.148956
v -17.870628 125.626205 -159.756134
v -18.033714 140.307877 -160.369110
v -20.443840 136.359756 -154.795563
v -19.629143 132.724655 -156.376633
v -23.175713 133.281479 -152.802917
v -5.290092 137.493103 49.407013
v -4.993217 131.744598 49.272995
v -5.248008 133.252960 52.813705
v -5.392966 135.229584 44.331314
v -5.247886 129.430969 46.783600
v -131.492706 114.626549 -58.795521
v -131.003784 114.652313 -10.898831
v -130.990692 153.714722 -10.887039
v -12.372092 116.496529 58.725559
v -5.921103 126.586433 54.273331
v -6.338553 126.586433 50.811890
v -93.712273 136.968170 11.105744
v -92.779152 134.109741 14.051896
v -90.161110 135.923126 14.443498
v -89.154137 133.174683 14.983857
v -90.791145 138.192902 13.335114
v -93.037437 134.430237 12.372315
v -91.213112 131.439423 13.093508
v -86.954567 132.550629 14.800310
v 77.760719 -148.613586 80.528511
v 92.902138 -148.613586 41.076103
v 96.429146 -148.613586 70.258385
v 92.968941 154.186401 41.053406
v 77.720467 154.186401 79.998367
v 96.704018 154.186401 69.815598
v 93.087013 -110.613594 -54.437710
v 97.081886 -110.613594 -52.283314
v 92.699715 114.186394 -52.620876
v 97.359413 114.186394 -54.202068
v -92.959419 -132.257721 15.995687
v -91.700584 -133.104614 16.473700
v -93.361977 -132.105164 15.841436
v -93.692039 -129.277405 15.698034
v -93.170143 -129.397644 15.915258
v -90.586296 -128.644226 16.901480
v -90.829491 -128.241974 16.806204
v -89.347298 -129.882568 17.373205
v -89.821053 -131.868469 17.193563
v -89.650017 -132.051514 17.256384
v -90.509529 -128.661072 16.473013
v -93.451378 -130.061951 15.284079
v -90.058525 -132.604156 16.358694
v -91.082634 -130.124756 20.956106
v -91.068336 -131.810425 20.614859
v -91.696190 -132.225464 20.723974
v -94.218040 -132.345825 19.769781
v -94.011452 -132.370483 19.534399
v -93.396843 -128.412384 19.261221
v -94.568657 -129.183289 19.637136
v -92.219383 -128.721893 20.526022
v -95.122673 -131.040802 19.426428
v -94.363197 -132.362976 19.714666
v -93.036583 -132.946228 20.215628
v -91.380699 -132.202728 20.842154
v -90.823219 -129.978943 21.050589
v -92.360802 -128.375671 20.471304
v -94.473061 -128.831177 19.669119
v 89.041328 -130.346069 17.302053
v 90.740211 -128.560242 16.653448
v 92.435188 -129.085388 15.511526
v 92.651588 -129.364014 15.923895
v 92.669075 -131.895813 15.917227
v 92.090034 -132.382599 15.680456
v 90.396492 -132.602386 16.784628
v 88.610420 -130.565155 16.658117
v 90.263496 -132.996033 16.830984
v 93.129005 -131.988892 15.729879
v 92.816841 -128.972595 15.858358
v 90.675636 -128.151917 16.675619
v 88.627785 -130.337036 17.448050
v 90.859535 -129.470917 20.852880
v 92.822792 -128.499207 20.110067
v 93.131935 -128.561340 19.653845
v 94.543434 -131.101593 19.458700
v 94.226418 -131.503357 19.254629
v 92.303444 -132.687195 20.306570
v 90.229652 -131.569641 20.295752
v 90.681587 -131.466125 20.920156
v 94.380867 -129.509827 19.519995
v 92.794075 -128.242828 20.116751
v 90.669136 -129.265442 20.922613
v 90.385078 -131.165649 21.031897
v 92.327614 -133.160522 20.272268
v 94.595680 -131.213989 19.438131
v 56.888649 -132.006958 33.706001
v 56.245949 -130.852142 33.886711
v 56.218117 -131.126587 33.959007
v 58.679665 -132.297943 33.011955
v 56.742592 -131.797943 33.647133
v 59.611275 -130.607239 32.675529
v 58.897957 -129.124695 32.939217
v 59.300453 -130.723450 31.857824
v 56.889839 -129.149811 33.703758
v 56.244820 -130.149658 33.949806
v 56.578011 -129.492157 33.720741
v 56.319618 -130.101746 33.921608
v 57.021034 -129.230225 33.656181
v 58.287178 -129.190308 33.177010
v 59.358406 -130.441772 32.772087
v 58.332527 -132.065918 33.160118
v 57.043495 -131.970978 33.647835
v 56.271309 -131.072266 33.939735
v -59.368965 -132.143311 32.944359
v -56.823479 -129.689880 33.914055
v -56.765816 -130.151245 33.873329
v -58.281761 -128.889404 33.366173
v -60.029167 -129.773438 32.691811
v -59.386177 -129.318054 32.259621
v -57.313133 -132.016724 33.731956
v -56.741432 -131.072662 33.949409
v -57.794441 -132.351105 33.251991
v -56.859489 -129.936218 33.904396
v -56.792015 -131.155975 33.930199
v -57.605064 -131.999237 33.622597
v -59.195961 -131.921814 33.020546
v -59.725914 -130.023254 32.820580
v -58.094124 -129.029694 33.437798
v -58.439766 -132.419128 26.770849
v -57.637947 -128.902954 26.999075
v -57.360619 -129.289490 29.318319
v -59.738792 -130.766174 29.462988
v -57.639870 -132.033081 29.444891
v 56.688240 -129.403809 29.349554
v 58.665718 -131.618805 29.045721
v 56.601692 -132.056396 26.914175
v 58.856514 -129.177612 26.911139
v -89.553169 134.718262 17.295794
v -89.623055 132.958649 16.778749
v -91.163704 132.042480 16.681078
v -92.578743 132.451416 15.694246
v -93.613045 133.850464 15.746186
v -91.903831 136.407135 15.462663
v -91.942329 136.292908 16.383883
v -89.379356 135.117889 17.359697
v -90.840996 136.504395 16.803667
v -93.105507 136.145935 15.932511
v -93.769234 133.401245 15.684098
v -90.614998 131.590607 16.837389
v -91.097435 133.626007 20.950487
v -91.250938 132.806549 20.587816
v -92.755119 132.052551 20.323290
v -94.688515 133.001373 19.163515
v -94.787987 133.353363 19.554125
v -94.372520 135.676697 19.711321
v -92.253212 136.460602 19.974138
v -92.689766 136.198608 20.348009
v -91.452156 135.445068 20.816271
v -92.849739 131.880615 20.286943
v -91.240807 132.728638 20.893938
v -90.865669 134.784027 21.037157
v -92.340858 136.481506 20.475863
v -94.284431 136.026947 19.744112
v -95.202354 133.301178 19.373232
v 89.272682 135.621033 16.725771
v 89.105751 133.346832 17.277040
v 90.715309 136.381989 16.662920
v 92.530861 135.547180 15.496507
v 93.086220 134.457092 15.757981
v 90.787636 131.802032 15.866228
v 91.711189 132.192383 16.282808
v 88.877357 133.477570 17.363970
v 89.008461 135.307892 17.313143
v 90.867653 136.708221 16.600374
v 93.390388 134.942780 15.630097
v 92.498634 132.259949 15.981005
v 90.263527 131.803925 16.830950
v 91.547432 136.416351 19.804354
v 92.309853 136.363922 20.304110
v 94.220497 135.068909 19.581408
v 94.226418 133.296631 19.254610
v 94.146858 133.061646 19.609346
v 92.625801 132.157867 20.184587
v 91.437233 132.211212 20.300661
v 91.123543 132.689545 20.752977
v 90.579323 134.639709 20.958910
v 94.454048 135.502411 19.481493
v 92.229347 136.480377 20.334032
v 90.129738 134.657318 21.104723
v 91.336983 132.250061 20.671999
v 92.540932 131.877289 20.216143
v 94.177467 132.671906 19.595156
v -59.368904 132.656677 32.944351
v -56.823524 135.110229 33.914017
v -56.765816 134.648682 33.873322
v -58.281731 135.910583 33.366165
v -60.029182 135.026489 32.691772
v -59.386253 135.481934 32.259659
v -57.313103 132.783325 33.731949
v -56.741417 133.727417 33.949402
v -57.794441 132.448914 33.251984
v -56.859505 134.863800 33.904373
v -56.792015 133.644012 33.930176
v -57.605217 132.800720 33.622528
v -59.195976 132.878204 33.020523
v -59.725929 134.776642 32.820541
v -58.094276 135.770294 33.437729
v -56.843498 133.000977 26.914507
v -59.630714 135.379211 26.910692
v -57.934669 132.628021 29.406359
v -58.544868 135.428528 29.061220
v 56.888618 132.793060 33.706009
v 56.245949 133.947876 33.886688
v 56.218117 133.673492 33.958984
v 58.679665 132.502045 33.011932
v 56.742622 133.002014 33.647110
v 59.611275 134.192749 32.675507
v 58.897957 135.675323 32.939194
v 59.300453 134.076538 31.857836
v 56.889870 135.650208 33.703735
v 56.244820 134.650299 33.949783
v 56.578011 135.307861 33.720718
v 56.319588 134.698242 33.921585
v 57.021004 135.569763 33.656174
v 58.287209 135.609680 33.176987
v 59.358406 134.358215 32.772064
v 58.332497 132.734100 33.160095
v 57.043556 132.829010 33.647797
v 56.271309 133.727783 33.939728
v 58.530067 135.483185 29.256227
v 56.968483 132.928833 29.182604
v 57.302956 135.792511 26.913149
v 58.197670 132.502502 26.911989
v -97.136559 -110.613594 -55.184025
v -93.852318 -110.613594 -51.589344
v -96.474617 114.186394 -55.711422
v -94.603065 114.186394 -51.085011
v 169.454819 216.424561 -11.270253
v 167.002701 216.408936 -10.389424
v 166.510300 216.446472 -14.392903
v 162.729874 216.512024 -51.478588
v 155.332809 218.039673 -14.660893
v 155.427231 217.841370 -4.495366
v 153.974777 216.505005 -39.673985
v 135.193710 226.764954 -51.486271
v 162.958572 216.330383 -48.207340
v 193.205429 221.400635 -51.491283
v 174.143356 216.386597 -47.246708
v 175.540115 216.933167 -4.497151
v 182.438095 216.614502 -19.966131
v 198.352921 225.487061 -4.493216
v 180.378922 216.452087 -42.383549
v 215.200089 251.635925 -51.484726
v 216.843918 263.456909 -4.474069
v 130.798508 232.807861 -4.494711
v 118.917488 261.882507 -51.483635
v 119.065102 264.113281 -4.516305
v 129.702042 298.433594 -51.484715
v 127.693916 293.943176 -4.494716
v 151.763168 311.480835 -4.493786
v 166.426743 314.076477 -51.483929
v 168.279007 313.999878 -4.462567
v 198.450943 304.541687 -51.484715
v 203.853622 300.275208 -4.494717
v 215.984909 275.268921 -51.484947
v 181.143326 250.128723 -51.504417
v 189.012466 264.003906 -51.484711
v 148.242508 269.690125 -51.484711
v 155.295639 248.778687 -51.487114
v 178.912308 282.472168 -51.502338
v 154.452957 279.703918 -51.506062
v 155.781845 248.380493 -4.494346
v 171.293961 285.498108 -4.100230
v 184.658310 252.941711 -4.494347
v 152.770432 279.942932 -4.497461
v 167.515976 233.108643 -4.499732
v 135.948685 265.522949 -4.499734
v 168.161606 297.075195 -4.496395
v 188.135849 268.537048 -4.081048
v 199.930222 264.675720 -4.499749
v 171.372391 244.932434 -4.045448
v 147.688370 261.708435 -4.010750
v 164.611649 285.063538 -4.436152
v 188.345627 261.941956 -3.644662
v 164.781479 244.693176 -3.644355
v 147.872208 268.298035 -4.491204
v 165.863968 285.079529 -0.342997
v 158.885483 283.785400 1.617513
v 162.796616 284.288147 -2.879740
v 167.873550 285.277039 1.457693
v 182.789322 279.980225 1.602774
v 188.143173 265.088562 1.439063
v 182.547348 249.808716 1.601387
v 147.813370 266.507812 0.633109
v 152.120651 251.851624 1.599174
v 167.923172 244.890381 1.432900
v 147.758408 265.076172 1.452628
v 156.175339 216.196106 -32.276920
v 157.164841 216.224792 -36.560474
v 161.082016 216.195984 -34.610828
v 159.374588 216.225220 -31.164587
v 167.282150 216.340576 -22.239202
v 165.097549 216.211243 -24.588964
v 167.219681 216.172546 -26.526678
v 170.239273 216.240967 -22.741888
v 168.108322 216.268738 -41.005688
v 165.479233 216.205383 -44.678623
v 168.970108 216.383606 -45.560352
v 170.816147 216.221619 -43.564640
v 172.492142 216.258789 -35.143063
v 176.416397 216.216187 -36.617619
v 176.344528 216.205750 -31.034414
v 178.509659 216.352661 -28.369101
v 174.934158 216.415405 -28.951468
v 172.062546 216.276978 -32.746220
v 161.655197 216.333008 -29.268744
v 157.376572 216.356140 -28.373297
v 182.518539 216.287048 -35.293537
v 165.494858 216.094421 -9.330892
v 173.297043 216.265015 -9.689336
v 153.799026 216.210632 -18.214102
v 179.001053 216.540588 -13.446279
v 157.498276 216.442810 -19.927252
v 174.173660 216.321167 -14.526616
v 178.479233 216.439758 -20.466803
v 176.726669 216.480774 -39.581181
v 173.991409 216.169861 -37.849094
v 162.192245 216.354675 -42.677685
v 162.331009 216.366821 -37.679218
v 159.123306 216.478516 -39.630611
v 163.793930 216.307983 -32.739643
v 161.712082 216.315369 -14.524205
v 163.792679 216.310547 -34.939610
v 173.746658 216.354004 -42.701199
v 159.360947 216.937561 -10.881551
v 169.171646 216.356262 -37.833012
v 169.110733 216.265869 -35.005474
v 166.844803 216.303467 -37.943630
v 163.941849 216.209351 -39.741009
v 166.754715 216.296143 -35.018360
v 163.146866 216.294067 -27.298941
v 163.351547 216.204102 -21.166449
v 166.852737 216.300903 -29.736227
v 166.754166 216.295105 -32.659931
v 164.151138 216.258728 -17.455801
v 173.042160 216.204468 -26.686178
v 169.035110 216.305298 -29.734091
v 169.124161 216.296143 -32.658756
v 170.606461 216.316223 -18.751287
v 167.949600 216.059448 -18.831274
v 180.321487 216.226013 -34.006306
v 166.081375 216.203613 -42.250652
v 170.027298 216.346313 -25.653265
v 157.039230 216.578979 -34.658787
v 159.674149 216.912720 -33.092686
v 157.854874 216.895264 -32.517567
v 157.257370 217.513794 -34.453037
v 159.304550 216.898376 -35.086430
v 177.007309 216.893738 -32.429737
v 178.666061 216.993896 -32.899784
v 175.842880 216.685669 -33.758564
v 176.528336 217.092712 -34.995869
v 178.277786 216.981201 -35.011280
v 170.075333 216.423462 -14.273976
v 176.439133 284.131714 -74.598824
v 187.954727 268.003174 -74.598717
v 152.105850 278.320068 -74.594429
v 149.825943 255.490234 -74.598854
v 163.248672 245.640869 -74.598709
v 180.812149 249.247864 -74.597534
v 164.993820 284.982422 29.032721
v 148.782669 273.140930 29.033285
v 151.480209 253.346252 29.033287
v 169.383408 244.373535 29.033287
v 184.790085 254.296936 29.033287
v 186.404709 276.096130 29.033285
v 166.372055 -223.042908 -9.726030
v 170.151505 -223.023865 -9.638918
v 183.178299 -225.169098 -51.487904
v 187.971359 -226.929749 -5.001345
v 181.192123 -224.861084 -14.542452
v 181.816971 -222.985962 -38.355274
v 152.263351 -224.417023 -51.484669
v 161.487625 -222.847778 -45.600330
v 149.696884 -226.401398 -5.001513
v 155.401596 -224.430237 -13.252596
v 154.706161 -224.774933 -40.585979
v 168.006363 -223.048828 -6.349322
v 216.385941 -267.543976 -5.005141
v 215.198013 -285.155701 -51.484692
v 215.260147 -285.872742 -5.006925
v 169.569382 -320.691345 -51.484203
v 199.074539 -310.186920 -51.484669
v 191.806473 -315.904266 -4.998836
v 167.556381 -320.578369 -5.002985
v 119.115303 -271.717041 -4.999480
v 144.082932 -314.733795 -5.002666
v 134.911453 -309.585358 -51.484669
v 124.352791 -294.542664 -5.002667
v 118.914009 -274.898682 -51.483742
v 127.693916 -242.842773 -5.002671
v 124.352760 -248.830597 -51.484673
v 214.005783 -250.137207 -51.484825
v 208.577957 -243.924988 -5.002671
v 157.811264 -252.822754 -51.484673
v 158.573318 -291.587189 -51.484669
v 145.981644 -270.415955 -51.484673
v 184.495804 -286.704895 -51.484669
v 187.936935 -264.036407 -51.484673
v 175.408615 -251.620789 -51.484673
v 184.246109 -285.561676 -5.002668
v 188.556534 -275.208282 -4.470686
v 153.557938 -287.248627 -5.002668
v 183.589005 -257.400391 -5.002670
v 188.537460 -268.148651 -4.380279
v 171.493759 -250.966522 -4.465897
v 164.277420 -292.347595 -4.575803
v 147.272690 -268.138794 -4.568358
v 154.330276 -255.444824 -5.002670
v 204.056442 -271.628052 -5.009688
v 164.401138 -251.108490 -4.378433
v 171.489700 -292.367645 -4.332517
v 168.293777 -307.538910 -5.005794
v 167.881027 -235.612335 -5.009782
v 147.332016 -275.247131 -4.465956
v 131.865036 -271.745026 -5.009871
v 147.115524 -271.689941 2.457872
v 188.764572 -271.683807 2.452501
v 167.941452 -292.514130 2.455859
v 167.935349 -250.859833 2.456299
v 177.100815 -222.807098 -29.395830
v 180.182205 -222.795807 -33.163914
v 176.833847 -222.795471 -35.168507
v 168.123550 -222.952271 -20.671144
v 170.910355 -222.799194 -22.913225
v 167.220840 -222.801575 -25.666918
v 165.502274 -222.940491 -22.291842
v 168.021896 -222.875641 -39.668278
v 170.775558 -222.804871 -41.304623
v 168.737320 -222.798157 -44.549435
v 166.035172 -222.988098 -43.434689
v 165.764664 -222.820435 -40.331867
v 160.607315 -222.831512 -31.753801
v 160.480270 -222.811096 -34.261005
v 156.516556 -222.789642 -34.555561
v 156.039902 -222.783813 -31.263933
v 158.349960 -222.805756 -29.671083
v 157.258469 -222.803589 -26.999346
v 160.984482 -223.002319 -27.546755
v 163.811844 -222.876526 -31.329851
v 176.837234 -223.294189 -26.806719
v 154.250290 -222.767181 -14.992281
v 162.579025 -222.851471 -8.275866
v 178.242447 -223.201660 -11.064043
v 182.380630 -222.829285 -18.728441
v 174.182266 -222.907593 -13.106203
v 178.489395 -223.026306 -19.055910
v 161.853836 -222.891541 -13.152498
v 157.479904 -222.790833 -17.629686
v 162.268692 -222.903625 -36.277538
v 163.794785 -222.896118 -33.521931
v 172.062790 -222.913116 -33.530323
v 176.888382 -222.805389 -38.228558
v 178.624619 -222.796478 -27.005465
v 159.127731 -223.034058 -38.157955
v 172.052170 -222.880737 -31.329195
v 173.682022 -222.940430 -41.260204
v 162.131516 -222.968140 -41.274220
v 153.824783 -222.830811 -37.309017
v 173.056259 -222.962830 -46.791470
v 164.068192 -222.896667 -38.059101
v 166.857529 -222.875031 -36.531429
v 166.754257 -222.882263 -33.601566
v 176.710648 -223.893372 -38.253407
v 171.965744 -222.775116 -38.390881
v 169.040207 -222.904541 -36.496632
v 169.124252 -222.883362 -33.602497
v 172.445511 -222.846680 -19.626818
v 172.890884 -223.013702 -25.665392
v 169.006241 -222.838287 -28.325609
v 171.764938 -222.836487 -15.996111
v 169.124802 -222.882385 -31.244036
v 166.768234 -222.853882 -31.255251
v 166.843796 -222.892517 -28.318224
v 163.916428 -222.830200 -26.527636
v 162.453934 -222.818054 -22.118776
v 156.670090 -224.436127 -26.150515
v 167.939407 -222.632355 -17.452730
v 165.879715 -222.916870 -17.523333
v 174.804611 -222.796173 -32.854649
v 178.829330 -223.167542 -33.248600
v 176.216354 -223.480682 -31.743273
v 177.789841 -223.232910 -30.998034
v 176.380020 -223.422852 -33.401920
v 178.307053 -223.896729 -33.590733
v 178.611252 -224.068176 -31.502764
v 169.393723 -222.994476 -41.278622
v 158.557205 -223.575836 -31.033998
v 157.241440 -223.593506 -31.505022
v 159.860519 -223.384521 -32.872684
v 157.896988 -223.698700 -33.836628
v 168.989487 -222.978821 -24.167467
v 165.847885 -223.033630 -12.495043
v 168.713120 -223.064362 -13.513674
v 187.975296 -261.703156 28.019516
v 151.183609 -286.413788 28.017931
v 187.420303 -281.988190 28.020754
v 170.943527 -292.535522 28.016026
v 147.611526 -261.840607 28.018097
v 168.327011 -250.706482 28.014023
v 190.682755 -272.316406 -73.582664
v 173.154160 -250.319214 -73.582672
v 151.439865 -257.623535 -73.582664
v 148.743698 -283.900482 -73.582664
v 173.734512 -292.577362 -73.582664
v -167.476517 -223.004761 -10.381548
v -165.437027 -223.021606 -13.039843
v -171.325134 -223.036804 -12.052263
v -169.366425 -222.961121 -15.052034
v -168.435379 -223.138489 -12.715120
v -179.018845 -222.917755 -28.321764
v -172.747360 -222.727417 -32.930439
v -172.644485 -222.968811 -32.428822
v -162.017792 -222.767365 -29.311693
v -154.166779 -223.135315 -38.325764
v -168.228439 -223.030304 -7.843997
v -174.352463 -222.878876 -9.821047
v -154.486588 -222.842072 -17.449556
v -160.228287 -223.165070 -10.970110
v -179.343582 -222.791443 -13.213182
v -182.960312 -222.913086 -20.499361
v -162.196228 -222.898895 -14.516024
v -157.863785 -222.987488 -20.490709
v -174.645767 -222.899048 -14.527651
v -178.949890 -223.011841 -20.255068
v -174.158371 -222.965515 -37.772388
v -172.582397 -222.877655 -34.930248
v -164.312042 -222.913147 -34.946186
v -160.638504 -222.753418 -38.703609
v -157.908524 -222.991364 -28.342791
v -159.707840 -223.161835 -39.890095
v -177.243942 -223.037659 -39.572262
v -164.304535 -222.912567 -32.733189
v -162.692780 -222.940430 -42.676037
v -174.246017 -222.976349 -42.685993
v -168.303833 -222.818726 -48.381359
v -158.287827 -223.059387 -45.138538
v -182.439438 -222.896729 -39.419849
v -181.142166 -224.631012 -14.864046
v -155.175125 -224.904480 -15.837435
v -182.929153 -225.320770 -37.906231
v -176.164078 -222.978699 -46.545734
v -172.283127 -222.874329 -39.473087
v -169.517303 -222.875031 -37.947262
v -169.606674 -222.853088 -35.005474
v -167.334610 -222.904541 -37.912457
v -164.409119 -222.775116 -39.806675
v -167.250565 -222.883362 -35.018330
v -166.842712 -222.916840 -18.990923
v -163.247269 -222.825623 -22.697664
v -163.948792 -222.859650 -27.607424
v -167.348587 -222.888214 -29.736223
v -167.250046 -222.882385 -32.659870
v -156.116684 -222.818695 -34.307056
v -158.976105 -222.806458 -36.566471
v -161.660004 -222.791077 -34.416965
v -159.277771 -222.799957 -30.874743
v -166.644485 -222.805695 -22.035799
v -166.116013 -222.798615 -25.752459
v -167.767990 -222.775452 -26.468386
v -170.261093 -222.976257 -25.974871
v -170.856277 -222.807648 -22.947603
v -167.759293 -222.792358 -40.629887
v -165.530823 -222.795471 -43.651134
v -170.761673 -222.792786 -44.952953
v -170.248413 -222.899536 -41.938137
v -169.418900 -222.968567 -45.546284
v -176.645599 -222.704773 -35.833424
v -180.876236 -222.785187 -34.531254
v -176.451447 -222.801178 -31.165850
v -169.620102 -222.883362 -32.658710
v -172.879654 -222.921051 -27.724657
v -169.523422 -222.870605 -29.716463
v -169.936783 -222.924042 -19.062624
v -173.339920 -222.760834 -21.698763
v -176.781693 -223.445068 -33.025898
v -178.901474 -223.303772 -34.979549
v -177.066147 -223.669403 -35.029148
v -178.583969 -223.533936 -32.529179
v -179.236099 -224.035461 -34.518085
v -166.981079 -222.994476 -42.694424
v -157.691376 -224.215576 -34.423573
v -160.463959 -223.410217 -33.813908
v -158.589722 -223.334351 -35.289509
v -158.432327 -223.634155 -32.496708
v -157.548141 -223.149109 -33.390568
v -173.936172 -291.858673 -51.230671
v -154.045822 -286.426453 -51.405560
v -166.352890 -321.697174 -51.229481
v -188.606750 -276.932312 -51.230675
v -217.543350 -277.575012 -51.229538
v -183.229782 -257.316406 -51.391869
v -180.859344 -223.833893 -51.230190
v -146.640686 -272.804108 -51.230675
v -119.515160 -270.754333 -51.230377
v -182.833939 -286.102844 -51.423435
v -202.832047 -306.886963 -51.230671
v -210.860641 -246.156921 -51.230675
v -168.105499 -250.200439 -51.230675
v -127.285820 -299.853210 -51.230671
v -126.848137 -245.367493 -51.230675
v -154.028503 -257.261658 -51.413078
v -150.172302 -225.955170 -51.234463
v -153.538528 -286.743896 -6.526670
v -144.569992 -315.905518 -6.522365
v -120.689323 -259.471680 -6.531753
v -132.186462 -271.239166 -6.539046
v -182.049728 -288.245117 -6.525601
v -152.759415 -257.442230 -6.526672
v -143.708984 -228.456299 -6.523745
v -121.121773 -285.904755 -6.530378
v -184.222061 -258.293671 -6.526672
v -215.186935 -252.824036 -6.531052
v -189.178452 -227.170654 -6.524538
v -167.987946 -307.935852 -6.539226
v -168.786667 -320.577667 -6.527781
v -189.686478 -315.806519 -6.526668
v -216.960068 -274.838715 -6.531172
v -164.979294 -291.955353 -6.252576
v -210.860626 -297.216339 -6.526669
v -204.683914 -272.134277 -6.538908
v -168.882767 -235.438049 -6.538881
v -188.770355 -275.199615 -6.001448
v -148.083008 -275.188965 -6.002668
v -171.910751 -292.082916 -5.956815
v -171.958725 -251.337616 -6.058624
v -151.172241 -283.503632 -73.865623
v -149.388824 -261.880615 -73.865273
v -175.014053 -250.207062 -73.867432
v -189.608963 -271.123596 -73.865898
v -175.811768 -292.768768 -73.865562
v -167.852798 -223.019775 -22.748293
v -147.910034 -271.209381 28.268206
v -188.199966 -281.789032 28.271532
v -159.780350 -292.025787 28.270771
v -186.819473 -261.304443 28.272552
v -172.941177 -251.517334 28.270813
v -157.180603 -253.444641 28.272446
v -189.022415 -271.691925 1.277208
v -168.439713 -251.109833 1.283142
v -147.859634 -271.682129 1.282197
v -168.329330 -292.306580 1.280536
v -188.799255 -268.169250 -6.100570
v -164.915009 -251.331726 -6.099548
v -148.093079 -268.207458 -5.841277
v -166.769379 216.372498 -9.548955
v -170.342743 216.490173 -10.274571
v -169.622543 216.402466 -13.735219
v -166.474594 216.462891 -12.312795
v -162.156036 216.334290 -27.854925
v -164.289856 216.310120 -31.322088
v -174.096725 216.450256 -28.476187
v -179.014328 216.334290 -26.909475
v -172.583359 216.305786 -31.324697
v -182.947922 216.305420 -19.068380
v -183.385696 218.106384 -36.413151
v -169.113449 216.088623 -7.364888
v -161.376389 216.344299 -8.819539
v -178.862381 216.470337 -11.292058
v -154.589249 216.207397 -15.537206
v -178.972305 216.440063 -19.044058
v -162.212646 216.310181 -13.095891
v -157.872452 216.413574 -19.072561
v -159.647018 216.476746 -38.159664
v -162.635223 216.380127 -36.408764
v -177.271362 216.448608 -38.205509
v -174.099319 216.316101 -36.271297
v -157.863739 216.345032 -26.960623
v -174.672379 216.325623 -13.115392
v -172.571457 216.346252 -33.536976
v -174.186691 216.378540 -41.249432
v -164.291718 216.298340 -33.519077
v -162.639236 216.367859 -41.283634
v -181.804337 218.290649 -14.749150
v -155.499924 218.205627 -13.891118
v -154.379181 218.565002 -38.615261
v -159.435486 216.324219 -44.440243
v -169.420425 216.212769 -46.969593
v -175.879898 216.935120 -45.484837
v -154.102325 216.253479 -36.059956
v -181.208359 216.135071 -39.970402
v -167.229843 216.259521 -36.440601
v -167.251389 216.297180 -33.603703
v -172.286911 216.296082 -38.052227
v -169.524780 216.287048 -36.543598
v -169.607239 216.264099 -33.587955
v -170.146683 216.323853 -17.494864
v -174.139175 216.364014 -24.408087
v -169.505692 216.262878 -28.326254
v -169.619492 216.297241 -31.241964
v -179.743637 216.207458 -29.949636
v -178.740051 216.215759 -35.274220
v -175.055328 216.183899 -32.056126
v -166.714798 216.221863 -20.649237
v -170.147049 216.282227 -21.267202
v -170.203629 216.218994 -24.082266
v -168.794495 216.197998 -25.596746
v -166.417648 216.344910 -24.394430
v -170.107224 216.200073 -40.439358
v -170.273972 216.212891 -44.311069
v -165.569382 216.223389 -42.408566
v -167.926788 216.258362 -39.685238
v -158.340652 216.197205 -35.221333
v -156.200821 216.223083 -31.821432
v -160.003418 216.224060 -29.722082
v -161.544174 216.199890 -33.342548
v -166.829544 216.296753 -17.411108
v -167.352768 216.280151 -28.320044
v -167.249908 216.293579 -31.245337
v -162.760864 216.308838 -24.175589
v -158.406326 216.716003 -31.025091
v -157.934860 216.724121 -33.621265
v -159.008987 217.269104 -33.829014
v -160.126984 217.172058 -31.615164
v -157.496902 217.467163 -31.939184
v -160.245041 216.558411 -33.193699
v -160.116730 216.384766 -31.199621
v -167.400833 216.522644 -43.250614
v -179.248764 217.590942 -31.604193
v -176.811691 216.924255 -31.565145
v -178.256577 216.754211 -31.041861
v -179.335587 216.578979 -33.242954
v -176.875931 216.835632 -33.401966
v -178.803024 217.309509 -33.590702
v -190.655670 264.484070 -51.484711
v -217.390213 265.781067 -51.483505
v -202.544403 302.647278 -51.484715
v -208.680954 236.255676 -51.484711
v -148.205353 258.716003 -51.484711
v -168.763596 242.872986 -51.484711
v -153.776566 218.472351 -51.486355
v -129.260696 234.817200 -51.484711
v -151.411575 277.255676 -51.484711
v -171.802811 286.677307 -51.484715
v -130.184799 296.068542 -51.484715
v -160.052216 314.180054 -51.484524
v -178.974274 217.009766 -51.480526
v -119.384285 266.678101 -51.483559
v -182.655258 249.757385 -4.494713
v -194.418381 221.917847 -4.490346
v -183.332199 280.156738 -4.494715
v -204.606842 298.111511 -4.494716
v -215.953659 252.563477 -4.495628
v -152.648682 251.706482 -4.494713
v -141.893539 222.037415 -4.487676
v -147.623337 268.364685 -4.504998
v -188.991165 261.610413 -3.611245
v -216.379898 274.452454 -4.498819
v -182.176529 312.402161 -4.494931
v -165.189026 285.460144 -4.477854
v -203.277512 265.655029 -4.502252
v -148.234955 261.678650 -4.320244
v -168.990799 230.257263 -4.502127
v -120.730095 254.211060 -4.498680
v -171.804825 244.888184 -4.403648
v -167.879990 299.941833 -4.502254
v -120.709099 277.550781 -4.489420
v -149.588699 311.754272 -4.445584
v -165.023483 244.835876 -4.329658
v -133.615570 265.558838 -4.499398
v -171.946579 285.471985 -4.099818
v -188.957016 264.581360 29.032646
v -148.304047 258.678650 29.032295
v -162.044846 245.107056 29.036064
v -178.900116 246.185120 29.033913
v -177.796631 285.162720 29.033072
v -151.417297 279.024414 29.037008
v -147.620193 265.107544 2.668082
v -189.049423 265.437195 2.657157
v -168.054947 285.859009 2.639806
v -168.425278 244.276184 2.661599
v -188.642899 268.465759 -4.375085
v -147.727737 260.897461 -74.598717
v -166.974304 286.230042 -74.598717
v -152.017181 277.710327 -74.598717
v -186.904373 276.083984 -74.598717
v -184.611008 250.426514 -74.598709
v -161.063156 245.242676 -74.598709
v -194.198959 17.191402 -50.176563
v -191.404953 17.191404 -16.275000
v -191.404953 -23.227055 -50.176563
v -194.198959 -23.227053 -16.274996
v -195.518265 -17.414705 -34.847988
v -195.504654 -20.784304 -30.838015
v -195.067093 -22.733217 -32.918888
v -195.465714 -18.480013 -30.125536
v -195.469681 -19.289583 -33.529545
v -195.355362 -3.758609 -21.848942
v -195.349869 -2.863162 -26.145420
v -195.397537 -2.915440 -38.752728
v -195.544540 6.432704 -46.659000
v -195.354767 -22.027773 -25.550920
v -195.289413 -12.661901 -46.807323
v -195.251236 -14.882265 -18.470491
v -195.323257 -17.616154 -38.661907
v -195.411850 -11.641453 -42.994373
v -195.325653 -17.611940 -26.202059
v -195.451340 -11.665378 -21.883030
v -195.389633 5.640470 -26.702930
v -195.462036 7.440091 -23.614216
v -195.297104 2.795621 -28.281132
v -195.378311 5.546932 -38.031162
v -195.355942 2.821194 -36.562252
v -195.367752 -3.758976 -42.985630
v -195.479141 7.448238 -41.218853
v -195.300827 0.615658 -36.569592
v -195.371979 10.570156 -38.220081
v -195.391434 10.559873 -26.612446
v -195.319946 0.605832 -28.275105
v -195.309555 16.490660 -28.605734
v -195.410385 13.772152 -41.236103
v -195.521194 10.073911 -19.953327
v -195.346207 5.162565 -18.009571
v -197.296005 -15.949924 -19.053194
v -197.468079 -14.947484 -46.188129
v -195.939728 -24.289278 -35.753559
v -195.598495 -19.022373 -43.191380
v -195.321030 7.342740 -28.551517
v -195.299347 5.815091 -31.340870
v -195.277466 2.873288 -31.251484
v -195.313568 7.333858 -36.277187
v -195.294205 5.828579 -33.510334
v -195.307755 2.886166 -33.607578
v -195.294662 -13.265873 -33.284000
v -195.363571 -7.752476 -38.013958
v -195.266937 -13.217381 -34.655018
v -195.315674 -2.305881 -33.660786
v -195.306747 0.527706 -33.608112
v -195.183121 4.067593 -40.294506
v -195.247696 0.176144 -39.491489
v -195.217819 -0.203679 -44.210377
v -195.242081 3.818416 -43.620586
v -195.231125 -8.117893 -35.375202
v -195.196701 -5.702426 -33.194523
v -195.232193 -6.230167 -30.113468
v -195.381638 -9.800938 -32.910587
v -195.370071 -9.405307 -30.411686
v -195.308304 9.075863 -32.252644
v -195.234818 9.937923 -34.260365
v -195.391159 12.569364 -30.425159
v -195.231888 9.947110 -29.885410
v -195.228867 13.476315 -34.274799
v -195.242859 -1.024264 -23.232487
v -195.205704 1.322110 -25.751972
v -195.123795 4.092526 -23.339008
v -195.237991 1.799924 -19.954792
v -195.316879 -2.398105 -31.327106
v -195.307739 0.526547 -31.238056
v -195.232315 -5.077304 -27.581638
v -195.214584 -11.084109 -27.979374
v -195.350632 -13.125003 -31.172686
v -195.869400 0.893613 -24.076374
v -195.964249 0.387357 -22.322239
v -195.984512 3.074125 -23.519627
v -196.111511 2.268186 -21.623356
v -196.639923 2.291408 -43.166767
v -195.834579 1.681667 -40.394161
v -195.638916 0.446224 -42.958950
v -195.758102 3.157253 -42.285702
v -196.413620 0.444881 -42.646717
v -290.118286 18.937193 -13.231771
v -291.767365 18.999722 -40.325451
v -197.533676 18.939268 -15.572179
v -215.450272 18.982269 6.343699
v -243.808182 18.988955 16.161097
v -275.849243 18.963013 4.490275
v -279.973755 18.936914 -66.094528
v -261.522522 18.994532 -78.170547
v -213.545135 18.951899 -70.628754
v -197.548813 18.980526 -48.655613
v -242.315170 18.959375 -80.583878
v -264.660034 -26.076021 -28.944811
v -278.457794 -25.767059 3.665098
v -240.649094 -26.042450 -11.750856
v -228.211502 -25.822233 14.571745
v -235.033340 -25.759192 -80.431778
v -259.168274 -25.767063 -47.319618
v -265.012268 -25.765417 -78.848984
v -247.578873 -26.098297 -11.826464
v -291.411316 -25.765507 -46.267517
v -292.040527 -25.766634 -23.794603
v -249.505203 -25.754820 15.890882
v -198.917221 -25.771606 -12.492052
v -228.769028 -25.767063 -46.642746
v -202.008301 -25.770237 -59.998116
v -240.637680 -26.371891 -52.785286
v -247.595413 -26.262608 -52.809364
v -280.048431 -25.755129 -32.827682
v -264.486572 -26.263735 -35.913406
v -208.174149 -25.755465 -32.017807
v -223.644760 -26.150484 -28.931124
v -244.516129 -25.755280 3.514357
v -243.706009 -25.755316 -68.359863
v -244.110977 -59.082920 -32.422775
v -264.449280 -59.040958 -41.078575
v -259.979218 -59.041077 -19.126541
v -244.704422 -59.038971 -11.800887
v -226.852646 -59.041718 -20.317581
v -223.939026 -59.040409 -39.680679
v -241.742966 -59.038914 -53.003113
v -244.115677 -33.410522 -11.838532
v -223.537277 -33.416630 -32.419067
v -244.107132 -33.415714 -52.995399
v -264.684723 -33.416843 -32.427094
v -223.722153 -26.170382 -35.925613
v -264.439728 18.936918 -37.354847
v -229.695816 19.228971 -17.983664
v -244.110977 18.953369 -10.460211
v -258.847229 19.195982 -18.017645
v -222.624802 18.936918 -32.752628
v -243.528610 18.936916 -53.903584
v -258.518829 19.225033 -46.866016
v -229.670990 19.218563 -46.832790
v -252.458633 41.734219 -52.419250
v -264.666626 41.733761 -36.302055
v -231.846756 41.732357 -49.117958
v -222.546677 41.743923 -26.799599
v -240.436157 41.733765 -11.017829
v -260.656097 41.732269 -20.000923
v 198.465866 18.989803 -50.041843
v 196.075455 -25.471621 -18.576433
v 197.758194 -25.631351 -51.446297
v 198.122238 18.485106 -14.772466
v 194.695572 18.355070 -33.266422
v 214.594833 18.936914 -74.479813
v 228.375870 -25.767065 -82.133789
v 240.746658 18.977137 -82.430313
v 268.758911 -25.767065 -76.387619
v 268.856812 19.012110 -74.570450
v 290.043640 19.056149 -48.926487
v 291.725464 -25.767063 -47.227753
v 291.209167 18.936918 -20.518301
v 287.192810 -25.767059 -10.523180
v 271.824524 18.974792 5.668665
v 259.034058 -25.767057 13.660200
v 241.116348 19.003176 14.251886
v 222.170120 -25.767059 10.689451
v 214.623398 18.996521 5.967631
v 263.805237 -25.868258 -37.236649
v 258.956970 -25.767063 -48.058586
v 240.289200 -25.801579 -54.558998
v 243.659805 -25.765936 -69.615280
v 279.391785 -25.765932 -33.793732
v 207.838303 -25.765902 -33.883499
v 246.936844 -25.792850 -53.974342
v 223.149307 -26.104036 -37.319885
v 223.314651 -25.959475 -30.374086
v 243.570267 -25.765900 1.938108
v 264.726196 -25.767763 -30.517397
v 240.313187 -25.771608 -12.835482
v 246.879410 -25.811800 -13.489061
v 243.615005 -59.082920 -33.838608
v 234.810135 -59.041874 -53.032616
v 222.653030 -59.039677 -33.511368
v 236.693375 -59.041016 -13.699843
v 250.944717 -59.041565 -14.565627
v 264.346252 -59.038609 -28.422592
v 253.258377 -59.041904 -53.480179
v 243.613174 -33.408447 -13.375901
v 222.993973 -33.412785 -33.741028
v 240.934830 -30.084322 -13.604815
v 246.187454 -30.258699 -13.561724
v 263.854309 -30.080019 -31.159639
v 264.199097 -33.377048 -34.235092
v 246.355484 -29.904209 -54.129097
v 243.217117 -33.379704 -54.416496
v 188.115036 -24.341404 -50.176571
v 188.115036 17.191402 -50.176571
v 188.115036 17.191404 -17.674734
v 188.115036 -24.341402 -17.674730
v 188.115036 -222.686584 -13.130678
v 188.115036 -222.686584 -53.130680
v 188.115036 216.099426 -53.130711
v 188.115036 216.099426 -13.130712
v 148.115036 216.099426 -13.130712
v 148.115036 -222.686584 -13.130678
v 148.115036 216.099426 -53.130711
v 148.115036 -222.686584 -53.130680
v 265.101257 18.936918 -34.168400
v 223.286331 18.936916 -38.770672
v 237.835342 18.941435 -13.735753
v 258.014160 19.197966 -19.061270
v 244.197403 18.936916 -55.319416
v 228.901627 19.202879 -19.408697
v 229.182266 19.219906 -48.258228
v 258.030518 19.221249 -48.272587
v 241.258438 41.733761 -54.888176
v 262.821228 41.732510 -43.739220
v 258.555176 41.725800 -19.153893
v 232.446182 41.732452 -15.234656
v 223.547073 41.734646 -42.137871
vn -0.7116 -0.7008 0.0507
vn -0.6719 -0.7403 -0.0216
vn -0.1150 0.9457 0.3039
vn -0.3951 0.9178 -0.0392
vn 0.5170 0.7983 0.3089
vn 0.7555 -0.6550 0.0129
vn -0.1169 0.9849 0.1279
vn 0.9079 0.4188 0.0201
vn 0.9791 -0.1665 0.1166
vn -0.1190 -0.9072 0.4034
vn -0.4073 -0.9016 0.1456
vn -0.4071 -0.9015 0.1466
vn -0.4074 -0.9020 0.1429
vn -0.7955 0.4962 0.3477
vn -0.6252 0.7802 -0.0177
vn 0.5926 -0.8055 -0.0046
vn -0.8342 0.5500 0.0400
vn -0.4076 -0.9025 0.1392
vn -0.6612 -0.7496 0.0307
vn -0.6178 0.7714 0.1528
vn -0.4992 -0.2367 -0.8336
vn -0.8816 -0.2311 0.4117
vn -0.7238 -0.1443 0.6747
vn -0.7702 0.1479 0.6204
vn -0.9272 0.1658 0.3360
vn -0.9954 0.0931 0.0240
vn -0.7233 0.6664 0.1808
vn -0.5622 0.8158 -0.1354
vn -0.4691 -0.8832 0.0039
vn -0.1998 -0.9783 -0.0544
vn -0.9395 0.2394 0.2449
vn -0.1756 0.9364 0.3037
vn -0.1763 -0.3609 0.9158
vn -0.8300 -0.5444 0.1217
vn -0.9736 -0.0517 0.2225
vn -0.1892 0.9443 0.2692
vn -0.1011 0.9522 0.2883
vn -0.3406 -0.9058 0.2521
vn -0.5142 -0.7788 0.3593
vn -0.6127 -0.7510 0.2462
vn -0.9191 -0.2739 0.2831
vn -0.1286 -0.8884 0.4408
vn -0.7376 0.3087 0.6006
vn -0.5283 0.6656 0.5271
vn -0.6094 -0.5214 0.5973
vn -0.7175 -0.3666 0.5922
vn -0.1597 -0.7451 0.6475
vn -0.5254 0.5577 0.6426
vn -0.3644 -0.5969 0.7148
vn -0.6505 -0.0812 0.7552
vn -0.4410 0.5486 0.7103
vn -0.0407 0.6562 0.7535
vn -0.3355 -0.3192 0.8863
vn -0.4632 -0.0733 0.8832
vn -0.3687 0.2140 0.9046
vn 0.8883 0.2150 0.4058
vn 0.8546 0.2479 0.4564
vn 0.6555 -0.1407 0.7420
vn 0.0447 0.9335 0.3559
vn 0.3697 -0.9291 0.0125
vn 0.5382 0.8416 -0.0448
vn 0.9092 -0.4127 -0.0545
vn 0.2627 -0.9172 0.2995
vn 0.0792 0.8366 0.5421
vn 0.8720 -0.4774 0.1080
vn 0.3577 -0.9045 0.2320
vn 0.3341 -0.9405 0.0613
vn 0.0846 0.9656 0.2460
vn 0.6601 0.7155 0.2288
vn 0.9078 0.3528 0.2269
vn 0.9061 0.3617 0.2193
vn 0.9062 0.3612 0.2199
vn 0.9224 -0.2242 0.3146
vn 0.3431 -0.9043 0.2541
vn 0.9059 0.3626 0.2189
vn 0.8101 -0.4030 0.4258
vn 0.3272 -0.8988 0.2919
vn 0.1197 0.8864 0.4471
vn 0.4587 0.7365 0.4971
vn 0.6996 -0.4657 0.5420
vn 0.4960 -0.6744 0.5469
vn 0.2183 -0.6261 0.7486
vn 0.6747 0.3056 0.6719
vn 0.4891 0.5651 0.6644
vn 0.6773 0.2702 0.6843
vn 0.6157 0.1089 0.7804
vn 0.6245 -0.2507 0.7397
vn 0.1562 0.5433 0.8249
vn 0.3050 -0.3782 0.8740
vn 0.3482 0.1528 0.9249
vn 0.2818 -0.3551 0.8913
vn 0.1493 0.3850 0.9108
vn -0.0041 0.0095 -0.9999
vn -0.0004 0.0011 -1.0000
vn -0.0012 0.0007 -1.0000
vn -0.0006 0.0009 -1.0000
vn 0.0095 -0.0004 -1.0000
vn -0.0035 -0.0002 -1.0000
vn -0.0073 0.0016 -1.0000
vn -0.0035 0.0015 -1.0000
vn -0.0037 -0.0012 -1.0000
vn -0.0309 -0.0204 -0.9993
vn -0.0062 0.0030 -1.0000
vn -0.0001 0.0012 -1.0000
vn -0.0010 0.0022 -1.0000
vn 0.0004 0.0007 -1.0000
vn -0.0014 0.0025 -1.0000
vn 0.0562 -0.0427 -0.9975
vn 0.0193 0.0008 -0.9998
vn -0.0310 -0.0023 -0.9995
vn -0.0144 -0.0088 -0.9999
vn -0.0148 -0.0083 -0.9999
vn -0.0136 -0.0096 -0.9999
vn -0.0123 -0.0111 -0.9999
vn 0.0231 0.0442 -0.9988
vn -0.0072 -0.0002 -1.0000
vn 0.0445 -0.0246 -0.9987
vn 0.0652 -0.0407 -0.9970
vn -0.0001 0.0007 -1.0000
vn 0.0207 0.0229 -0.9995
vn 0.5841 0.6423 0.4963
vn 0.5595 0.7626 0.3245
vn -0.0682 -0.1022 0.9924
vn 0.0941 -0.9758 0.1973
vn -0.1808 0.0322 0.9830
vn 0.1424 0.9887 0.0463
vn 0.6167 0.7721 0.1531
vn 0.0997 -0.0315 0.9945
vn 0.1673 0.0093 0.9859
vn 0.8063 0.4655 0.3650
vn 0.9885 0.0505 -0.1428
vn -0.0590 -0.9976 0.0366
vn -0.4364 -0.8739 0.2141
vn -0.1079 -0.0860 0.9904
vn -0.4514 0.8689 0.2029
vn 0.9454 -0.2392 0.2216
vn 0.9392 -0.1593 0.3043
vn 0.9299 -0.0189 -0.3674
vn 0.4406 -0.2324 -0.8671
vn 0.1747 -0.0691 -0.9822
vn 0.6609 0.4953 -0.5638
vn -0.8285 0.1291 -0.5450
vn 0.7970 0.2132 -0.5650
vn -0.8853 0.0184 -0.4646
vn -0.0453 -0.9374 0.3454
vn 0.7798 -0.1772 -0.6005
vn -0.8327 -0.1401 -0.5357
vn -0.2279 -0.9679 0.1065
vn 0.6684 -0.1741 -0.7231
vn -0.8397 0.2123 -0.4998
vn 0.3829 -0.9236 0.0182
vn -0.3205 -0.8982 0.3007
vn 0.1551 -0.9630 0.2206
vn -0.0013 0.9893 -0.1459
vn 0.4459 -0.4655 0.7645
vn 0.8827 0.2797 0.3777
vn -0.3973 -0.5169 0.7582
vn 0.2051 -0.9556 0.2117
vn -0.2601 -0.8218 -0.5069
vn -0.0530 0.1185 -0.9915
vn -0.4491 0.0561 -0.8917
vn -0.3792 0.9252 0.0129
vn 0.9728 0.2309 0.0201
vn 0.8139 0.3873 -0.4331
vn 0.3245 -0.9028 0.2821
vn 0.2034 -0.9763 -0.0742
vn -0.9677 -0.1714 -0.1849
vn -0.1294 0.6352 -0.7614
vn 0.7196 -0.3264 -0.6129
vn 0.4373 0.8989 -0.0273
vn 0.8533 -0.5213 0.0117
vn -0.6585 -0.6293 0.4128
vn -0.5770 0.4321 -0.6931
vn -0.9370 0.3312 0.1111
vn 0.3802 0.8760 -0.2969
vn 0.8252 -0.4622 0.3247
vn -0.4311 -0.8165 -0.3840
vn -0.5909 0.7792 -0.2091
vn 0.7615 -0.5152 -0.3933
vn -0.2412 -0.9433 0.2281
vn -0.2411 -0.0297 -0.9700
vn -0.5276 -0.5795 -0.6211
vn -0.4466 0.7317 0.5149
vn 0.1701 0.2640 -0.9494
vn 0.4078 -0.9015 -0.1447
vn 0.7453 0.1391 -0.6521
vn 0.3941 -0.8025 0.4480
vn -0.4434 -0.5470 -0.7101
vn -0.6153 0.6674 0.4196
vn 0.5893 0.6221 -0.5155
vn -0.4324 -0.8920 0.1320
vn -0.8056 0.5834 -0.1037
vn 0.3731 0.2732 -0.8866
vn 0.8583 -0.5029 0.1023
vn -0.2085 0.3341 0.9192
vn 0.7742 0.1305 0.6194
vn 0.1887 -0.8821 0.4315
vn -0.6885 -0.5821 -0.4326
vn -0.8428 -0.1439 0.5186
vn -0.7532 0.6545 -0.0667
vn 0.1931 0.6977 0.6899
vn 0.3730 0.8963 -0.2397
vn 0.8779 -0.4330 0.2045
vn -0.2623 -0.8917 0.3689
vn -0.9547 -0.2514 -0.1592
vn -0.7496 0.3136 0.5829
vn 0.5172 0.7214 0.4605
vn -0.6353 -0.6617 -0.3982
vn -0.6172 0.3381 0.7105
vn 0.5510 0.7424 0.3812
vn 0.8668 0.4462 -0.2226
vn 0.5986 -0.7118 0.3674
vn -0.4916 0.7194 -0.4907
vn 0.4268 -0.8603 -0.2788
vn -0.8500 -0.3832 0.3615
vn 0.0912 0.4034 0.9105
vn 0.8323 0.5444 0.1039
vn -0.8410 -0.2222 -0.4933
vn -0.2935 0.8713 0.3933
vn 0.4665 -0.8520 0.2375
vn -0.7661 -0.6420 -0.0296
vn -0.7789 0.0615 0.6241
vn -0.2035 0.9734 0.1054
vn 0.8203 0.5096 0.2595
vn -0.3914 0.4346 -0.8112
vn 0.2772 -0.1492 0.9492
vn -0.8917 -0.2104 0.4008
vn 0.3791 0.4484 0.8095
vn -0.1544 0.7699 0.6192
vn -0.3408 0.3677 0.8652
vn 0.0107 -0.1246 0.9922
vn -0.1279 0.4253 -0.8960
vn 0.4410 0.1590 -0.8833
vn -0.3699 -0.0066 -0.9290
vn 0.3573 0.1622 -0.9198
vn -0.5742 0.0192 -0.8185
vn 0.1316 -0.1955 -0.9718
vn -0.1737 0.2006 -0.9642
vn 0.1069 -0.3773 -0.9199
vn 0.0017 0.0727 0.9974
vn 0.2118 0.4898 0.8457
vn -0.5541 0.6552 0.5136
vn -0.5140 0.1020 0.8517
vn 0.6271 0.5501 0.5515
vn -0.0742 -0.0105 -0.9972
vn 0.7057 0.5420 -0.4563
vn -0.1214 -0.2443 -0.9621
vn 0.6983 0.1972 -0.6881
vn 0.1337 -0.3875 -0.9121
vn -0.7877 0.3108 0.5318
vn -0.3536 -0.4506 -0.8197
vn 0.5435 0.1751 -0.8209
vn -0.8748 -0.2716 -0.4011
vn -0.5833 0.7191 0.3777
vn 0.0010 0.7798 -0.6260
vn 0.6716 -0.3451 0.6556
vn -0.6136 0.5071 -0.6052
vn 0.3797 -0.6394 -0.6686
vn -0.8154 -0.1560 -0.5575
vn -0.5906 0.5784 0.5627
vn -0.0264 0.8178 -0.5748
vn 0.9543 0.1522 -0.2573
vn 0.2684 -0.9332 0.2389
vn -0.9318 -0.1099 0.3460
vn 0.3208 -0.7405 0.5905
vn -0.6484 -0.3802 -0.6596
vn -0.2929 0.8286 -0.4772
vn 0.3611 -0.2157 -0.9073
vn 0.1667 0.7930 -0.5860
vn 0.7361 -0.6359 -0.2318
vn -0.4091 -0.9072 0.0984
vn -0.6642 -0.6597 -0.3515
vn -0.9709 0.1128 0.2112
vn -0.5994 0.7266 -0.3358
vn 0.3824 0.6967 0.6069
vn -0.6581 0.7451 0.1085
vn 0.0784 -0.8142 0.5753
vn -0.8693 -0.1123 0.4813
vn -0.8655 0.3701 -0.3374
vn -0.0811 0.9789 0.1876
vn 0.3565 0.8534 -0.3802
vn 0.8242 -0.1148 0.5545
vn -0.1087 -0.9924 -0.0578
vn 0.2628 -0.4888 0.8318
vn -0.6554 0.7009 -0.2815
vn 0.4158 0.7950 0.4417
vn -0.1933 -0.4837 0.8536
vn 0.5715 0.1556 0.8057
vn 0.9419 -0.2352 -0.2396
vn 0.0214 -0.9834 0.1799
vn -0.3966 -0.7587 -0.5168
vn -0.7955 -0.1040 0.5970
vn -0.0356 0.7740 0.6322
vn 0.6661 0.4236 -0.6139
vn -0.4475 -0.6833 0.5769
vn 0.7173 0.4191 0.5566
vn -0.0402 0.9787 0.2014
vn 0.9893 0.1208 -0.0817
vn -0.5463 -0.3952 0.7385
vn -0.9698 0.0687 -0.2340
vn -0.1961 0.9080 0.3701
vn 0.8683 0.2121 0.4483
vn 0.8097 -0.3978 -0.4315
vn -0.2335 -0.7241 0.6489
vn 0.7324 -0.3914 0.5571
vn 0.1716 0.8229 -0.5416
vn 0.7270 0.5481 -0.4136
vn 0.5191 -0.7225 0.4567
vn 0.7443 -0.6628 -0.0821
vn -0.7860 -0.6141 0.0715
vn 0.1836 -0.4714 0.8626
vn 0.5945 -0.5332 0.6019
vn -0.6154 -0.6966 0.3688
vn -0.5119 -0.6145 -0.6003
vn -0.4197 0.5532 -0.7196
vn 0.2935 -0.4070 -0.8650
vn 0.1846 0.0144 -0.9827
vn -0.0889 0.4054 -0.9098
vn -0.2891 0.0938 -0.9527
vn 0.1543 -0.3586 -0.9207
vn 0.3939 0.4880 -0.7789
vn -0.0187 0.0201 0.9996
vn -0.3723 -0.9254 0.0708
vn -0.7160 0.3348 0.6125
vn -0.6133 0.1032 0.7831
vn 0.3497 0.7898 0.5039
vn 0.0307 -0.0126 -0.9994
vn 0.1915 -0.7961 0.5741
vn -0.6416 -0.6322 -0.4343
vn -0.6100 0.5565 -0.5641
vn 0.1735 0.8952 0.4104
vn 0.4035 -0.0085 -0.9149
vn -0.5738 0.5651 0.5928
vn -0.1020 0.7563 -0.6463
vn 0.5401 -0.0211 0.8413
vn 0.1333 -0.7701 -0.6238
vn 0.3732 0.8246 -0.4252
vn 0.9574 0.1627 0.2385
vn 0.5223 -0.5601 -0.6430
vn -0.4739 -0.8604 -0.1873
vn -0.9154 0.3601 0.1799
vn -0.9674 0.2527 -0.0159
vn 0.4397 0.8813 0.1731
vn 0.9151 -0.3002 -0.2693
vn -0.8703 -0.1607 -0.4656
vn -0.8810 0.3670 0.2985
vn 0.2744 0.6518 -0.7070
vn 0.9064 -0.2676 0.3269
vn 0.5419 -0.7791 -0.3152
vn -0.0865 -0.9882 0.1264
vn -0.7153 -0.5743 -0.3982
vn -0.8473 0.0543 0.5284
vn -0.7205 0.6065 -0.3362
vn 0.0981 0.9316 0.3500
vn 0.5138 -0.8502 0.1143
vn 0.9704 0.1419 -0.1953
vn 0.2117 0.9698 0.1211
vn 0.9413 0.1749 -0.2887
vn -0.3632 0.7576 -0.5424
vn -0.2057 -0.2585 -0.9439
vn -0.2572 0.4555 -0.8523
vn 0.4156 0.8727 0.2563
vn 0.8243 -0.4609 -0.3289
vn 0.5593 -0.4385 -0.7035
vn -0.6179 -0.6810 0.3931
vn -0.4966 -0.1222 -0.8593
vn -0.8104 0.0016 0.5858
vn 0.5692 0.4741 0.6718
vn 0.5836 -0.4533 -0.6737
vn -0.6378 -0.6668 0.3855
vn -0.9664 0.0272 -0.2554
vn 0.0376 -0.3581 0.9329
vn -0.8390 0.0996 -0.5349
vn -0.0553 0.8605 0.5064
vn 0.7356 -0.5074 0.4489
vn -0.3604 -0.8601 -0.3611
vn 0.3919 0.9191 0.0403
vn -0.2072 -0.7583 0.6181
vn -0.0525 0.9409 -0.3346
vn 0.6287 0.2700 0.7292
vn 0.4154 -0.9001 -0.1313
vn -0.8012 -0.5682 0.1877
vn -0.8652 -0.5008 0.0261
vn -0.6994 0.7147 0.0006
vn 0.9273 0.1536 -0.3413
vn 0.2111 -0.8629 0.4591
vn 0.6720 0.0144 0.7404
vn -0.3934 0.6821 0.6165
vn 0.3975 0.7916 -0.4641
vn 0.7918 -0.4201 -0.4434
vn -0.3981 -0.7066 0.5850
vn -0.6480 -0.7323 0.2094
vn -0.8008 0.5985 -0.0216
vn 0.0394 0.4161 0.9085
vn 0.4763 0.2610 0.8396
vn 0.0733 -0.6557 0.7515
vn 0.8277 -0.2286 0.5125
vn 0.2945 0.0014 -0.9556
vn -0.4017 0.2727 -0.8742
vn 0.5155 -0.2131 -0.8300
vn -0.1444 -0.0062 -0.9895
vn 0.1366 0.4843 -0.8642
vn -0.0287 0.3233 -0.9459
vn -0.2026 -0.6087 -0.7671
vn -0.0454 -0.3984 -0.9161
vn -0.0489 -0.0453 0.9978
vn -0.7881 -0.4521 0.4178
vn -0.0022 -0.7272 0.6864
vn 0.2450 -0.2766 0.9292
vn 0.6859 -0.1194 0.7178
vn 0.0308 -0.0115 -0.9995
vn -0.1310 0.0428 -0.9905
vn 0.1722 -0.7670 -0.6181
vn -0.9775 -0.0657 -0.2002
vn -0.7269 0.6596 0.1911
vn -0.0270 0.8668 -0.4979
vn 0.8476 -0.2917 -0.4433
vn 0.8689 -0.2979 -0.3953
vn -0.2672 -0.9414 0.2060
vn -0.4276 -0.9035 -0.0288
vn -0.9984 -0.0302 0.0474
vn -0.5224 0.4458 -0.7269
vn 0.4761 0.5925 -0.6499
vn 0.5944 -0.0726 -0.8009
vn 0.6495 -0.7583 0.0563
vn -0.4001 -0.8955 -0.1949
vn -0.3114 -0.9489 0.0523
vn -0.9638 0.2615 0.0512
vn -0.9713 0.1302 -0.1989
vn 0.0427 0.9980 0.0457
vn 0.0827 0.9947 -0.0608
vn 0.8963 0.4433 -0.0061
vn 0.8459 0.0754 -0.5279
vn -0.0134 -0.9898 0.1419
vn -0.9961 0.0521 -0.0710
vn -0.9094 0.2655 0.3203
vn -0.0308 0.9311 -0.3635
vn 0.0342 0.7471 -0.6638
vn -0.4609 -0.5104 -0.7260
vn -0.5861 0.7432 -0.3228
vn -0.9791 0.0573 0.1952
vn -0.2002 -0.8966 -0.3951
vn 0.6028 0.6553 -0.4552
vn 0.9486 -0.2432 0.2027
vn -0.2155 -0.7486 -0.6270
vn 0.6263 -0.5642 -0.5380
vn -0.4616 -0.1298 -0.8775
vn 0.4234 0.5605 -0.7118
vn -0.7235 -0.6903 -0.0073
vn -0.4118 0.4801 -0.7745
vn -0.8688 -0.3964 0.2968
vn 0.3932 0.9131 0.1078
vn 0.9983 -0.0576 0.0128
vn -0.1917 -0.8121 0.5512
vn -0.0247 0.5088 0.8606
vn 0.4734 -0.4837 0.7362
vn -0.6838 0.1756 0.7083
vn -0.0101 0.9752 -0.2210
vn 0.7190 0.5034 0.4792
vn 0.2483 -0.0982 0.9637
vn 0.7138 -0.6230 0.3199
vn -0.1757 -0.8457 -0.5039
vn 0.8578 0.1143 0.5011
vn 0.8184 -0.4487 -0.3589
vn -0.0581 -0.8978 0.4365
vn 0.2837 0.6340 0.7194
vn -0.4831 -0.3556 0.8001
vn 0.4805 0.7760 0.4086
vn 0.9748 -0.1638 -0.1514
vn 0.8082 -0.4991 0.3125
vn -0.7291 0.2444 -0.6392
vn -0.6123 0.7891 0.0500
vn 0.4455 0.8922 0.0749
vn -0.5757 0.5119 0.6376
vn -0.3531 -0.5904 0.7257
vn -0.6114 0.5508 0.5681
vn -0.4643 -0.0882 0.8813
vn 0.2970 0.6559 0.6940
vn 0.9182 0.3444 -0.1959
vn 0.6101 -0.6842 0.3995
vn 0.4297 -0.8753 -0.2216
vn -0.4754 0.1806 0.8610
vn 0.4137 0.7457 0.5223
vn -0.2274 0.1792 0.9572
vn 0.1966 0.0715 -0.9779
vn 0.1200 0.7454 -0.6558
vn -0.1987 0.2400 -0.9502
vn -0.2525 0.6583 -0.7091
vn 0.5938 -0.3195 -0.7385
vn 0.1258 0.2936 -0.9476
vn -0.2232 -0.1005 -0.9696
vn 0.2705 -0.5179 -0.8116
vn -0.3407 -0.2412 -0.9087
vn -0.0707 -0.1614 -0.9844
vn -0.9468 0.3017 -0.1120
vn -0.3158 -0.3039 -0.8988
vn 0.5966 0.1496 -0.7884
vn 0.8995 -0.2220 -0.3762
vn 0.9705 0.2291 -0.0752
vn 0.6025 0.0479 -0.7967
vn -0.9961 0.0558 0.0687
vn -0.9857 0.1255 -0.1124
vn 0.5904 0.0054 0.8071
vn 0.5857 0.1673 0.7931
vn 0.4344 -0.0293 0.9003
vn -0.9266 -0.1597 0.3406
vn -0.0147 -0.9998 -0.0135
vn 0.0203 -0.9998 0.0004
vn -0.5908 0.0223 0.8065
vn -0.6585 -0.1262 0.7419
vn 0.2651 0.3134 0.9119
vn 0.9978 0.0180 -0.0634
vn 0.7941 -0.2232 0.5654
vn -0.5916 -0.0044 0.8062
vn -0.7893 -0.1954 -0.5821
vn -0.6490 -0.1265 -0.7502
vn 0.8417 -0.5367 -0.0587
vn 0.7266 0.2321 -0.6467
vn -0.4390 0.1187 -0.8906
vn -0.6383 -0.2302 -0.7346
vn -0.0138 0.9997 0.0199
vn 0.0025 0.9997 0.0223
vn -0.9384 0.3269 -0.1117
vn -0.3326 -0.3105 -0.8905
vn 0.9699 0.2284 -0.0841
vn 0.6025 0.0466 -0.7967
vn -0.9962 0.0565 0.0657
vn -0.9860 0.1235 -0.1123
vn 0.5905 0.0096 0.8070
vn 0.4241 -0.0413 0.9047
vn -0.9213 -0.1457 0.3605
vn -0.0100 -0.9998 -0.0155
vn 0.0063 -0.9999 -0.0087
vn -0.6517 -0.1092 0.7506
vn 0.2841 0.3011 0.9103
vn 0.7189 0.2430 -0.6513
vn -0.4463 0.1084 -0.8883
vn 0.0015 1.0000 0.0076
vn -0.0068 1.0000 0.0063
vn -0.0064 1.0000 0.0068
vn 0.0020 1.0000 0.0073
vn -0.2340 0.9722 -0.0064
vn 0.2669 0.8284 -0.4924
vn 0.9172 0.0836 0.3895
vn 0.9740 0.1455 0.1734
vn 0.5554 0.8223 -0.1241
vn -0.9607 -0.1928 0.1996
vn -0.9769 -0.1213 0.1762
vn 0.1579 -0.9873 0.0171
vn 0.1463 -0.9053 -0.3988
vn 0.4507 -0.8893 0.0782
vn -0.9661 -0.1965 -0.1673
vn -0.9655 -0.1619 -0.2040
vn -0.1191 0.2969 -0.9475
vn -0.1001 -0.4264 -0.8990
vn 0.0109 0.0291 0.9995
vn 0.1264 0.0178 -0.9918
vn -0.4860 0.7513 0.4465
vn 0.5858 0.7246 -0.3630
vn 0.6903 0.6818 -0.2421
vn 0.4041 0.8825 0.2408
vn -0.5458 0.8377 0.0165
vn -0.7228 -0.6822 0.1101
vn -0.7219 -0.6813 0.1208
vn -0.7219 -0.6813 0.1209
vn -0.4033 -0.8875 0.2231
vn 0.9805 -0.1605 -0.1137
vn 0.6546 -0.6930 0.3020
vn 0.0269 -0.9117 -0.4100
vn -0.7218 -0.6813 0.1216
vn -0.9651 0.0792 -0.2496
vn -0.1481 -0.0423 -0.9881
vn -0.0189 0.8502 -0.5261
vn 0.1704 0.0040 -0.9854
vn -0.6078 -0.7508 0.2588
vn 0.0439 -0.0055 0.9990
vn 0.1005 0.0601 -0.9931
vn -0.3320 0.9432 -0.0107
vn -0.2856 0.9551 -0.0795
vn 0.9696 0.2279 -0.0886
vn 0.9795 -0.0305 0.1990
vn 0.0733 0.9727 0.2200
vn -0.3288 0.9385 0.1050
vn -0.6687 -0.7429 0.0304
vn -0.0583 -0.9676 0.2458
vn 0.9987 -0.0329 -0.0401
vn -0.3784 -0.8556 -0.3532
vn -0.6629 -0.7370 0.1320
vn 0.3929 0.9155 -0.0870
vn 0.0978 -0.3500 -0.9316
vn -0.2006 -0.0181 -0.9795
vn -0.9166 0.3316 -0.2234
vn -0.9864 0.0637 0.1517
vn 0.2784 0.9199 -0.2763
vn 0.7552 0.5952 0.2747
vn 0.9911 0.1163 -0.0643
vn 0.7884 0.6151 -0.0128
vn -0.2248 0.9393 0.2591
vn -0.9409 0.3384 0.0139
vn 0.2027 -0.9747 0.0946
vn 0.0330 -0.9875 0.1539
vn -0.0305 -0.9813 0.1902
vn 0.0340 -0.9923 0.1191
vn 0.0528 -0.0469 -0.9975
vn 0.0155 0.0001 -0.9999
vn -0.4673 0.8074 0.3601
vn 0.3275 0.8386 -0.4353
vn 0.9807 -0.1334 0.1428
vn 0.9794 -0.1404 0.1452
vn 0.9811 -0.1312 0.1420
vn -0.4898 0.8713 -0.0305
vn -0.9591 0.1310 0.2511
vn -0.4201 -0.9074 -0.0102
vn 0.9789 -0.1429 0.1461
vn 0.9611 -0.1330 0.2421
vn 0.4729 -0.8050 -0.3582
vn -0.4103 -0.8901 0.1983
vn -0.8937 -0.2252 -0.3881
vn -0.0308 -0.0281 -0.9991
vn -0.8738 0.4817 -0.0660
vn -0.7373 0.6027 -0.3051
vn 0.4874 0.8717 0.0511
vn 0.8078 0.5031 -0.3071
vn 0.4870 0.8705 0.0709
vn -0.8520 0.4644 0.2417
vn -0.5271 0.8440 0.0990
vn -0.5754 -0.8179 0.0068
vn 0.4654 -0.8477 0.2544
vn 0.9172 -0.3855 0.1003
vn 0.9081 -0.3801 0.1756
vn 0.0913 -0.9143 -0.3947
vn -0.5400 -0.7550 0.3719
vn -0.0618 0.3752 -0.9249
vn 0.3746 -0.3220 -0.8695
vn -0.1221 -0.0580 -0.9908
vn -0.7376 0.6621 0.1325
vn -0.1465 0.9244 -0.3523
vn 0.7087 0.5209 0.4758
vn 0.8077 0.5895 -0.0095
vn -0.2944 0.9263 0.2352
vn -0.7397 0.6642 0.1077
vn -0.1383 -0.9902 -0.0200
vn 0.3483 -0.9256 0.1480
vn 0.6563 -0.6223 -0.4266
vn 0.8008 -0.5623 -0.2062
vn -0.8636 -0.4989 -0.0726
vn -0.7463 -0.6017 -0.2846
vn -0.8160 0.5780 0.0090
vn 0.0473 -0.1760 -0.9833
vn -0.0166 -0.0576 0.9982
vn 0.1071 0.0659 -0.9921
vn -0.7894 0.4985 0.3583
vn -0.9466 0.1818 -0.2663
vn 0.6190 0.7115 0.3325
vn 0.9044 0.2226 -0.3639
vn 0.6459 0.7453 0.1655
vn 0.7078 0.6930 0.1368
vn -0.9808 0.1928 -0.0300
vn -0.7093 -0.6549 0.2607
vn 0.4787 -0.8779 -0.0160
vn 0.4673 -0.8400 0.2757
vn -0.2438 -0.8946 -0.3745
vn -0.5021 -0.0860 -0.8605
vn 0.3660 -0.2093 -0.9068
vn 0.0286 0.1655 -0.9858
vn -0.0065 -0.9107 -0.4131
vn -0.0000 -1.0000 -0.0000
vn 0.1845 -0.9761 0.1150
vn -0.1143 0.9843 -0.1344
vn 0.0924 -0.9957 -0.0020
vn 0.0656 -0.9977 -0.0175
vn -0.0652 -0.9978 0.0110
vn -0.0196 -0.9981 0.0586
vn -0.0017 -0.9950 0.0994
vn -0.0025 0.9996 -0.0289
vn -0.0782 0.9969 -0.0076
vn 0.0335 0.9976 -0.0601
vn -0.0000 1.0000 -0.0000
vn -0.0495 0.9983 0.0292
vn 0.2321 0.8917 0.3886
vn 0.1028 0.9943 -0.0270
vn 0.0359 0.9992 0.0151
vn -0.0365 0.9705 0.2384
vn 0.9758 0.0016 -0.2189
vn 0.9156 -0.0219 -0.4015
vn 0.9204 -0.3807 0.0889
vn -0.9834 0.1810 -0.0101
vn -0.9485 -0.0200 -0.3163
vn -0.9847 0.0004 -0.1741
vn -0.0780 0.0535 -0.9955
vn 0.2415 -0.0288 -0.9700
vn 0.6442 0.0074 -0.7648
vn 0.0065 -0.0291 -0.9996
vn 0.3095 -0.0143 -0.9508
vn 0.0947 0.1104 -0.9894
vn 0.0027 -0.0976 -0.9952
vn 0.0456 -0.0063 -0.9989
vn -0.5343 -0.0014 -0.8453
vn -0.4911 -0.0040 -0.8711
vn -0.0910 -0.0642 -0.9938
vn -0.0418 -0.0024 -0.9991
vn 0.0003 -0.1543 -0.9880
vn -0.0026 -0.1589 -0.9873
vn -0.0033 -0.1598 -0.9871
vn -0.0034 -0.1601 -0.9871
vn 0.0189 -0.1881 -0.9820
vn -0.0004 0.1263 -0.9920
vn 0.0104 0.1405 -0.9900
vn -0.0618 0.0503 -0.9968
vn -0.2314 0.4176 -0.8787
vn 0.0310 -0.0132 -0.9994
vn 0.0312 -0.0189 -0.9993
vn 0.0309 -0.0093 -0.9995
vn 0.0308 -0.0075 -0.9995
vn 0.9336 0.0688 0.3517
vn -0.7775 -0.0017 0.6289
vn 0.9290 -0.0416 -0.3678
vn 0.0137 -0.0622 0.9980
vn -0.0417 0.0005 0.9991
vn -0.0414 -0.0001 0.9991
vn -0.0415 0.0003 0.9991
vn -0.0776 -0.0670 0.9947
vn -0.0217 -0.0942 0.9953
vn -0.0071 0.0668 0.9977
vn -0.0221 -0.1116 0.9935
vn -0.0747 0.1672 0.9831
vn -0.0829 0.1804 0.9801
vn 0.0249 0.0466 0.9986
vn -0.0385 -0.0252 0.9989
vn 0.0916 0.0630 0.9938
vn 0.0088 -0.0069 0.9999
vn 0.0072 0.0544 0.9985
vn 0.0455 -0.0434 0.9980
vn -0.0237 0.0106 0.9997
vn -0.0082 -0.0050 1.0000
vn -0.1596 0.1345 0.9780
vn -0.0064 -0.0878 0.9961
vn 0.0174 0.0416 0.9990
vn 0.0154 0.0575 0.9982
vn -0.0221 -0.0126 0.9997
vn -0.0235 0.0145 0.9996
vn -0.0419 0.0012 0.9991
vn -0.1168 -0.0672 0.9909
vn 0.0155 -0.0222 0.9996
vn 0.0161 -0.0021 0.9999
vn -0.9642 0.1068 0.2428
vn -0.9992 -0.0196 0.0336
vn -0.9911 0.0721 0.1117
vn -0.9768 0.0236 -0.2126
vn 0.9986 -0.0175 0.0507
vn 0.9994 0.0014 0.0343
vn -0.7010 0.0337 0.7124
vn 0.3609 -0.0396 -0.9318
vn 0.9823 0.0434 -0.1823
vn 0.9042 0.0009 -0.4270
vn 0.7879 0.0328 -0.6149
vn -0.9882 0.0043 -0.1528
vn -0.9979 0.0445 -0.0474
vn -0.9098 -0.0022 -0.4150
vn 0.9989 0.0020 0.0475
vn 0.9854 0.0213 -0.1687
vn 0.9947 0.0063 -0.1031
vn 0.9932 0.0192 -0.1150
vn -0.9936 -0.0013 -0.1132
vn -0.9933 0.0012 -0.1158
vn -0.9934 -0.0002 -0.1143
vn -0.9936 -0.0014 -0.1130
vn 0.8777 0.0048 -0.4791
vn 0.9559 0.1329 -0.2618
vn -0.9876 -0.0156 0.1562
vn 0.1924 0.9813 -0.0084
vn 0.4650 -0.8853 0.0095
vn -0.4627 -0.8865 0.0040
vn 0.0255 -0.1668 -0.9857
vn -0.1007 0.2039 -0.9738
vn -0.4423 0.5060 -0.7405
vn 0.0049 -0.2095 -0.9778
vn 0.3035 -0.5722 -0.7619
vn -0.0893 -0.9902 -0.1070
vn 0.0563 -0.9640 -0.2599
vn -0.1509 -0.9758 -0.1583
vn 0.9550 -0.2277 0.1900
vn 0.4659 -0.0855 -0.8807
vn 0.1250 0.5643 -0.8161
vn -0.7682 -0.4971 -0.4035
vn -0.9170 0.0414 0.3967
vn -0.8092 -0.1662 0.5636
vn 0.7718 0.2200 0.5966
vn 0.9641 -0.2498 0.0900
vn 0.2029 0.2862 -0.9365
vn -0.1978 0.0013 -0.9802
vn 0.2176 0.9760 0.0012
vn 0.1586 0.9838 0.0835
vn 0.2248 0.9618 -0.1562
vn 0.0098 0.9689 -0.2473
vn -0.9838 0.1371 0.1157
vn -0.9977 -0.0646 0.0217
vn -0.0237 0.0715 -0.9972
vn 0.0175 -0.0336 -0.9993
vn 0.8767 -0.2340 0.4202
vn -0.0811 0.1067 0.9910
vn -0.6727 -0.3153 0.6694
vn -0.8971 0.2823 -0.3400
vn 0.0365 -0.3854 -0.9220
vn 0.8274 0.3103 -0.4680
vn 0.9175 0.0178 -0.3973
vn -0.8696 -0.3317 -0.3657
vn -0.0927 -0.9782 -0.1856
vn -0.9732 -0.1560 0.1687
vn -0.8966 0.4151 -0.1544
vn 0.4012 0.9142 0.0563
vn 0.8950 0.3606 -0.2627
vn 0.7712 -0.6274 0.1077
vn -0.0249 -0.0092 -0.9996
vn 0.3398 0.7290 -0.5943
vn 0.6787 -0.5616 0.4732
vn 0.9244 -0.2421 -0.2948
vn -0.5164 -0.8183 -0.2526
vn -0.7279 -0.6668 0.1599
vn -0.7076 0.6824 -0.1832
vn -0.4257 0.8960 0.1265
vn -0.6806 -0.6803 -0.2719
vn -0.8080 0.5481 0.2161
vn -0.2723 0.9549 -0.1182
vn 0.9754 0.2198 0.0159
vn 0.9893 -0.0576 -0.1342
vn -0.0374 -0.9985 0.0409
vn -0.0253 0.0125 -0.9996
vn 0.0018 0.9955 0.0950
vn 0.1957 0.9590 -0.2052
vn 0.8375 0.1740 -0.5180
vn 0.6336 0.3575 -0.6861
vn 0.1279 -0.9914 0.0270
vn -0.0305 -0.9799 -0.1974
vn -0.9341 -0.0843 -0.3469
vn -0.9908 0.1337 -0.0225
vn 0.1710 -0.9625 -0.2106
vn -0.5198 -0.8543 -0.0002
vn -0.9730 0.1615 -0.1649
vn -0.8457 0.5333 0.0188
vn 0.6606 0.7370 -0.1434
vn 0.6852 0.7178 -0.1236
vn 0.7602 -0.6483 0.0420
vn 0.8006 0.5146 -0.3069
vn 0.6857 0.7191 0.1128
vn 0.6374 -0.5214 -0.5673
vn -0.4244 -0.7112 0.5605
vn -0.1091 -0.9868 -0.1196
vn -0.8021 0.5097 -0.3111
vn -0.7419 0.6661 -0.0775
vn 0.1290 -0.9864 -0.1022
vn -0.9974 0.0709 0.0123
vn -0.9350 0.3351 -0.1156
vn 0.0327 0.9995 -0.0036
vn 0.6201 0.7441 -0.2485
vn 0.9907 -0.1069 0.0838
vn -0.0567 -0.9749 -0.2151
vn 0.7261 0.6138 0.3099
vn 0.8244 -0.0884 -0.5591
vn -0.0565 -0.9982 0.0190
vn -0.0907 -0.9929 0.0772
vn -0.8004 0.0293 -0.5987
vn -0.8164 0.5358 -0.2156
vn 0.0491 0.8780 -0.4761
vn -0.0803 0.9967 -0.0102
vn 0.0361 0.9982 -0.0476
vn 0.0003 0.9997 -0.0250
vn 0.2035 0.9205 0.3335
vn 0.1757 -0.9772 0.1190
vn -0.0474 -0.8613 -0.5059
vn -0.9765 -0.0017 -0.2153
vn -0.9489 0.0111 -0.3153
vn -0.9658 0.2245 -0.1298
vn 0.9337 -0.3380 0.1184
vn 0.9169 0.0300 -0.3981
vn 0.9797 0.0015 -0.2007
vn 0.0089 0.1172 -0.9931
vn -0.2737 0.0099 -0.9618
vn -0.5744 -0.0096 -0.8185
vn -0.1513 -0.0883 -0.9845
vn 0.0002 0.1628 -0.9867
vn 0.0685 0.0203 -0.9974
vn 0.0001 0.0037 -1.0000
vn 0.5050 0.0074 -0.8631
vn 0.2775 0.0213 -0.9605
vn 0.2772 0.0214 -0.9606
vn 0.2776 0.0213 -0.9605
vn 0.0033 -0.1896 -0.9819
vn 0.0042 -0.1906 -0.9817
vn 0.0039 -0.1902 -0.9817
vn 0.0105 0.2038 -0.9790
vn 0.0207 0.0086 -0.9997
vn 0.0213 0.0087 -0.9997
vn 0.0137 0.0103 -0.9999
vn 0.0068 -0.1936 -0.9811
vn 0.0511 -0.1313 -0.9900
vn -0.0364 0.1099 -0.9933
vn -0.0960 -0.0075 -0.9953
vn 0.0779 -0.0397 -0.9962
vn 0.0134 0.0107 -0.9999
vn -0.3761 -0.0584 0.9247
vn 0.5332 0.0573 -0.8440
vn 0.0186 0.0229 0.9996
vn -0.0188 -0.0180 0.9997
vn -0.0214 -0.0124 0.9997
vn -0.0182 -0.0194 0.9996
vn 0.0173 -0.0584 0.9981
vn -0.0281 0.0707 0.9971
vn 0.0061 0.0771 0.9970
vn -0.2167 0.2465 0.9446
vn 0.0390 0.0792 0.9961
vn -0.0080 -0.0742 0.9972
vn -0.0081 -0.0666 0.9977
vn -0.0081 -0.0634 0.9980
vn -0.0272 -0.0056 0.9996
vn -0.0659 -0.1642 0.9842
vn -0.0656 -0.1632 0.9844
vn -0.0765 -0.1574 0.9846
vn -0.0777 -0.1568 0.9846
vn -0.0097 0.0258 0.9996
vn -0.0592 -0.0241 0.9980
vn -0.0115 -0.0694 0.9975
vn -0.0128 -0.0713 0.9974
vn -0.0054 -0.0602 0.9982
vn -0.0080 -0.0764 0.9970
vn 0.0177 0.0371 0.9992
vn 0.0367 -0.0037 0.9993
vn 0.0368 -0.0038 0.9993
vn 0.0369 -0.0039 0.9993
vn 0.0571 0.1368 0.9890
vn -0.0198 -0.0962 0.9952
vn -0.0199 -0.0966 0.9951
vn -0.0198 -0.0960 0.9952
vn 0.0365 -0.0034 0.9993
vn 0.0148 0.0093 0.9998
vn -0.0213 -0.0120 0.9997
vn 0.0163 0.0071 0.9998
vn -0.0002 0.0018 1.0000
vn -0.0053 -0.0595 0.9982
vn -0.0197 -0.0956 0.9952
vn 0.9992 0.0196 0.0337
vn 0.9987 -0.0015 0.0518
vn 0.9767 -0.0302 -0.2125
vn -0.9933 -0.1153 0.0075
vn -0.9986 0.0105 0.0510
vn -0.9992 -0.0014 0.0408
vn 0.9420 0.0487 -0.3322
vn 0.9874 -0.0326 -0.1550
vn -0.7657 -0.0003 0.6432
vn -0.9828 -0.0392 -0.1805
vn -0.9058 -0.0368 -0.4221
vn -0.9989 -0.0020 -0.0476
vn 0.9988 -0.0146 0.0476
vn 0.9882 0.0018 -0.1529
vn 0.7983 0.0008 -0.6023
vn 0.9122 -0.0198 -0.4092
vn -0.9849 -0.0074 -0.1727
vn -0.9946 -0.0007 -0.1033
vn -0.9922 -0.0191 -0.1234
vn 0.9936 0.0012 -0.1131
vn 0.9933 -0.0012 -0.1158
vn 0.9934 0.0002 -0.1143
vn 0.9936 0.0014 -0.1130
vn -0.9536 0.0030 0.3011
vn -0.9365 0.2625 -0.2325
vn 0.9651 -0.1518 -0.2135
vn 0.8851 -0.0050 -0.4653
vn -0.2286 -0.9735 -0.0040
vn -0.4655 0.8850 0.0096
vn 0.1613 -0.9868 -0.0129
vn 0.4631 0.8863 0.0040
vn 0.0057 -0.1796 -0.9837
vn 0.2000 -0.4315 -0.8797
vn 0.0409 -0.1072 -0.9934
vn -0.0750 0.2164 -0.9734
vn -0.4433 0.5251 -0.7265
vn 0.2164 0.9763 0.0029
vn 0.2200 0.9635 -0.1528
vn 0.0095 0.9707 -0.2400
vn -0.9837 0.1375 0.1159
vn 0.0365 -0.3853 -0.9220
vn -0.0869 -0.9908 -0.1042
vn 0.0540 -0.9669 -0.2495
vn -0.1463 -0.9773 -0.1535
vn 0.9552 -0.2277 0.1890
vn 0.5569 0.8183 -0.1421
vn 0.7034 0.6645 -0.2522
vn 0.8188 -0.5689 0.0768
vn 0.1976 -0.9661 -0.1662
vn -0.6317 -0.7742 0.0401
vn -0.9723 0.0746 -0.2213
vn -0.7217 0.6898 0.0576
vn -0.5367 -0.6572 -0.5291
vn -0.7527 -0.5425 -0.3730
vn -0.6081 0.5886 -0.5326
vn -0.4137 0.8991 -0.1429
vn 0.5046 0.7390 -0.4464
vn 0.8970 0.4379 -0.0608
vn 0.7165 -0.4893 -0.4972
vn 0.4179 -0.9071 -0.0498
vn 0.0166 0.9999 -0.0011
vn 0.9328 -0.3511 -0.0813
vn 0.9546 -0.2640 -0.1379
vn -0.4064 -0.9125 0.0474
vn -0.8308 -0.5162 -0.2080
vn -0.9926 -0.0721 -0.0977
vn -0.1376 0.9857 -0.0977
vn -0.4055 -0.9067 0.1159
vn -0.2503 -0.9558 -0.1544
vn -0.8163 -0.0516 -0.5753
vn -0.6403 0.7681 -0.0004
vn 0.0128 0.8043 -0.5941
vn 0.9168 0.3603 0.1722
vn 0.8193 -0.2322 -0.5242
vn 0.3372 0.9410 -0.0282
vn 0.5361 0.8301 -0.1533
vn 0.8838 -0.4678 0.0087
vn 0.5848 -0.7913 -0.1784
vn -0.3577 -0.9336 0.0211
vn -0.9652 -0.0666 -0.2530
vn -0.9215 0.3880 -0.0183
vn -0.3609 -0.8708 -0.3339
vn -0.7581 -0.5724 0.3123
vn -0.7575 0.3053 -0.5771
vn 0.3210 0.9085 0.2677
vn 0.1575 0.9856 -0.0611
vn 0.6803 -0.5521 -0.4820
vn 0.8648 -0.4419 -0.2386
vn 0.2852 0.9544 0.0883
vn 0.5900 -0.7978 -0.1240
vn 0.5888 -0.7986 -0.1248
vn 0.5964 -0.7938 -0.1194
vn 0.5974 -0.7931 -0.1187
vn -0.9108 -0.4104 0.0448
vn -0.9855 -0.1325 -0.1063
vn 0.2114 0.9768 0.0341
vn 0.0158 0.0205 -0.9997
vn -0.8647 -0.4016 -0.3016
vn -0.9782 -0.2075 -0.0022
vn -0.5967 0.6563 -0.4617
vn 0.3418 0.7698 0.5390
vn 0.8116 0.3533 -0.4653
vn 0.4203 -0.8217 -0.3850
vn 0.5817 -0.7912 -0.1887
vn -0.5290 -0.5018 -0.6843
vn -0.8622 -0.0759 -0.5009
vn -0.0251 -0.7385 -0.6737
vn -0.6575 0.3707 -0.6559
vn -0.3708 -0.5169 -0.7716
vn -0.9752 -0.2182 -0.0362
vn -0.8471 -0.5281 0.0598
vn 0.6233 -0.7806 -0.0462
vn 0.9356 -0.3428 0.0841
vn 0.4310 0.9001 -0.0632
vn -0.0400 0.9975 0.0586
vn 0.3725 -0.5058 -0.7781
vn 0.5947 -0.4794 -0.6453
vn -0.4517 0.8605 -0.2356
vn 0.8312 -0.0882 -0.5489
vn 0.1972 0.6733 -0.7125
vn 0.7952 0.0488 -0.6044
vn 0.6753 0.6478 -0.3527
vn 0.0139 -0.1737 -0.9847
vn 0.0144 0.2368 -0.9715
vn 0.1642 0.0460 -0.9854
vn 0.0269 0.0562 0.9981
vn 0.1310 0.0379 0.9907
vn 0.0976 0.0831 0.9918
vn -0.1357 -0.3759 0.9167
vn 0.0684 -0.4878 0.8703
vn 0.0191 -0.0239 0.9995
vn -0.0189 -0.0042 0.9998
vn -0.1060 -0.0757 0.9915
vn -0.0523 0.1559 0.9864
vn 0.1220 -0.6154 0.7787
vn -0.1386 0.0833 -0.9868
vn 0.1317 0.0904 -0.9872
vn -0.0092 0.0042 0.9999
vn -0.6063 -0.6674 -0.4324
vn -0.6844 -0.3327 -0.6487
vn -0.9429 0.0570 -0.3283
vn 0.0742 -0.8150 -0.5747
vn 0.1139 -0.7606 -0.6392
vn -0.9910 0.1337 0.0001
vn -0.8798 0.4655 0.0961
vn -0.1671 -0.9848 0.0464
vn 0.1668 -0.9836 -0.0679
vn 0.9834 -0.1679 0.0685
vn 0.6452 0.7583 -0.0935
vn 0.0852 0.9950 0.0520
vn 0.3093 0.6242 -0.7175
vn 0.5689 -0.2206 -0.7923
vn -0.4178 0.5463 -0.7259
vn 0.5873 -0.3251 -0.7412
vn 0.7272 0.1903 -0.6595
vn -0.2436 0.8065 -0.5387
vn 0.3651 0.6230 -0.6918
vn -0.1442 -0.0707 -0.9870
vn -0.0670 -0.0614 -0.9959
vn 0.4067 -0.2448 0.8801
vn 0.1501 0.1764 0.9728
vn 0.3419 0.1175 0.9324
vn 0.1497 0.0472 0.9876
vn -0.0486 0.0179 0.9987
vn 0.1974 -0.2550 0.9466
vn -0.1668 0.0250 0.9857
vn -0.0947 0.3865 0.9174
vn -0.0411 0.0263 -0.9988
vn -0.0832 0.0168 -0.9964
vn -0.0288 -0.0112 -0.9995
vn 0.0323 0.0109 0.9994
vn -0.0219 -0.0292 0.9993
vn 0.5238 0.7186 -0.4574
vn 0.4416 -0.6154 -0.6529
vn 0.5234 -0.5996 -0.6054
vn 0.7706 -0.0404 -0.6361
vn 0.5489 0.2683 -0.7917
vn 0.8277 -0.5574 -0.0644
vn 0.6192 0.7791 0.0981
vn 0.0220 0.9972 -0.0712
vn -0.9925 0.0869 0.0861
vn -0.8234 -0.5635 -0.0673
vn 0.2930 -0.9531 0.0763
vn -0.9452 -0.1348 -0.2973
vn -0.3263 0.6953 -0.6404
vn -0.4794 0.6949 -0.5361
vn -0.6864 0.2955 -0.6645
vn -0.2392 -0.8966 -0.3728
vn -0.4614 -0.5943 -0.6587
vn -0.1688 0.0234 -0.9854
vn 0.0867 0.1333 -0.9873
vn -0.0190 -0.1574 -0.9873
vn 0.2167 -0.1260 -0.9681
vn -0.3706 -0.0574 -0.9270
vn 0.1429 -0.1449 0.9791
vn 0.1303 -0.0878 0.9876
vn 0.3750 0.0454 0.9259
vn -0.0464 -0.0317 0.9984
vn 0.0019 0.0851 0.9964
vn -0.0175 -0.2668 0.9636
vn -0.0631 0.1367 0.9886
vn -0.1287 -0.0171 0.9915
vn 0.2946 0.2823 0.9129
vn -0.1775 0.0648 -0.9820
vn 0.2144 -0.0865 -0.9729
vn -0.0201 -0.0439 0.9988
vn 0.2437 -0.9686 -0.0488
vn -0.3715 -0.4984 -0.7833
vn 0.1947 0.2317 -0.9531
vn -0.1071 -0.5372 -0.8366
vn -0.0859 -0.5011 -0.8611
vn -0.0853 -0.6142 0.7845
vn -0.0860 -0.6156 0.7834
vn -0.0885 -0.6093 0.7880
vn -0.0900 -0.6059 0.7904
vn -0.1199 0.8876 0.4447
vn -0.2221 0.9693 0.1059
vn -0.0532 0.7210 -0.6909
vn -0.2429 0.7023 -0.6691
vn 0.0126 0.8934 0.4491
vn 0.1178 0.8500 0.5135
vn -0.1507 -0.6623 0.7340
vn -0.0861 -0.6154 0.7835
vn 0.9935 -0.0526 0.1013
vn 0.9726 -0.0545 0.2261
vn 0.8320 -0.4719 -0.2916
vn 0.9813 0.1813 -0.0639
vn 0.9710 0.2203 -0.0933
vn 0.9767 0.1768 -0.1214
vn -0.9993 -0.0138 -0.0342
vn 0.9993 -0.0152 -0.0354
vn 0.1521 0.9073 0.3920
vn 0.1571 0.9051 0.3951
vn 0.1566 0.9053 0.3949
vn 0.1517 0.9075 0.3916
vn 0.0516 0.6005 -0.7980
vn -0.2386 0.3649 -0.8999
vn 0.1297 0.3442 -0.9299
vn 0.0219 0.9155 0.4017
vn 0.2149 0.5769 0.7880
vn 0.0100 -0.6814 0.7318
vn 0.2045 -0.9701 0.1303
vn -0.1083 -0.2140 -0.9708
vn -0.2587 -0.6222 -0.7389
vn -0.0733 -0.7819 -0.6191
vn -0.1301 -0.6734 0.7278
vn -0.0378 -0.7369 0.6749
vn -0.9872 0.1413 -0.0737
vn -0.9567 -0.2593 -0.1321
vn -0.9911 0.0540 0.1219
vn -0.9905 0.0897 0.1046
vn 0.9936 -0.1119 0.0125
vn -0.9996 -0.0154 0.0230
vn -0.2961 -0.9511 0.0873
vn -0.0033 -0.3837 -0.9234
vn 0.0463 -0.3493 -0.9359
vn -0.2272 0.4106 -0.8831
vn -0.0290 -0.3839 -0.9229
vn -0.1419 -0.9633 0.2278
vn 0.1374 -0.6105 0.7800
vn -0.1973 0.6964 0.6900
vn 0.0213 0.9869 -0.1601
vn -0.1475 0.9813 -0.1239
vn -0.1208 0.9801 -0.1572
vn 0.2793 0.6449 0.7114
vn 0.0298 0.2056 0.9782
vn 0.4157 -0.6462 0.6400
vn 0.9877 -0.1437 -0.0615
vn 0.9004 0.1505 0.4082
vn 0.9779 0.0988 -0.1840
vn 0.9855 -0.1142 -0.1251
vn -0.9988 0.0423 0.0232
vn 0.4307 -0.0128 0.9024
vn -0.2905 0.9414 0.1712
vn 0.4329 0.7909 -0.4325
vn 0.3291 0.1257 -0.9359
vn -0.0055 0.8771 -0.4803
vn 0.1428 -0.0129 0.9897
vn 0.1953 -0.1183 0.9736
vn -0.0127 -0.8611 -0.5083
vn -0.3212 -0.4425 -0.8373
vn 0.3433 -0.8096 -0.4761
vn -0.1907 -0.5628 0.8043
vn -0.9802 0.1090 -0.1652
vn -0.9961 0.0179 -0.0865
vn -0.8621 0.2241 0.4545
vn -0.9909 0.0849 0.1046
vn -0.7624 -0.6382 -0.1070
vn -0.9940 -0.1021 0.0401
vn -1.0000 -0.0076 0.0061
vn -0.5476 0.8295 0.1097
vn -0.1701 0.9770 -0.1285
vn 0.9964 -0.0498 0.0681
vn 0.9919 0.0236 0.1251
vn 0.1075 -0.9786 -0.1754
vn -0.6266 -0.7691 0.1261
vn -0.9646 -0.2258 -0.1360
vn 0.9726 0.1744 -0.1534
vn 0.1714 -0.9840 0.0484
vn -0.2809 -0.9481 -0.1490
vn -0.9990 -0.0238 0.0378
vn -0.7975 0.5676 -0.2044
vn -0.1089 0.9914 0.0731
vn 0.9664 0.2262 -0.1218
vn 0.0266 -0.0191 0.9995
vn 0.0278 -0.0265 0.9993
vn 0.0264 -0.0188 0.9995
vn -0.0046 -0.0608 0.9981
vn 0.0279 -0.0271 0.9992
vn 0.0108 0.0363 0.9993
vn 0.0086 0.0447 0.9990
vn 0.0104 0.0377 0.9992
vn 0.0491 0.0070 0.9988
vn 0.0082 0.0447 0.9990
vn -0.0484 0.0390 0.9981
vn -0.0350 -0.0065 0.9994
vn -0.0360 -0.0079 0.9993
vn -0.0362 -0.0081 0.9993
vn -0.0349 -0.0063 0.9994
vn -0.0182 0.0275 -0.9995
vn -0.0381 0.0327 -0.9987
vn -0.0114 -0.0747 -0.9971
vn 0.0326 -0.0016 -0.9995
vn 0.0484 0.0111 -0.9988
vn 0.0295 0.0910 -0.9954
vn -0.0238 -0.0292 -0.9993
vn 0.0483 -0.0445 -0.9978
vn -0.0542 -0.0265 -0.9982
vn -0.9539 0.2827 -0.1009
vn -0.7414 0.6691 0.0513
vn -0.0436 0.9913 -0.1241
vn 0.6583 0.7455 0.1046
vn 0.9805 0.0118 -0.1959
vn 0.6719 -0.7320 0.1128
vn -0.2336 -0.9530 -0.1928
vn -0.7854 -0.6140 0.0787
vn 0.9916 0.1282 -0.0153
vn 0.0439 -0.9983 -0.0380
vn -0.2477 -0.9550 -0.1633
vn -0.9964 -0.0120 0.0842
vn -0.7033 0.6703 -0.2368
vn 0.2364 0.9645 0.1180
vn 0.9240 -0.2738 -0.2668
vn 0.0108 -0.0573 0.9983
vn 0.0177 -0.0168 0.9997
vn 0.0610 0.0063 0.9981
vn 0.0109 0.0419 0.9991
vn 0.0096 0.0459 0.9989
vn 0.0106 0.0427 0.9990
vn 0.0095 0.0460 0.9989
vn -0.0455 -0.0391 0.9982
vn -0.0458 0.0312 0.9985
vn -0.0287 -0.0037 0.9996
vn -0.0558 0.0504 -0.9972
vn -0.0406 0.0252 -0.9989
vn 0.0260 -0.0711 -0.9971
vn 0.0957 -0.0016 -0.9954
vn 0.0214 0.0242 -0.9995
vn 0.0122 0.0802 -0.9967
vn -0.0442 -0.0336 -0.9985
vn -0.0406 -0.0269 -0.9988
vn -0.0410 -0.0277 -0.9988
vn -0.0452 -0.0354 -0.9983
vn 0.0284 -0.0310 -0.9991
vn -0.2327 -0.5280 -0.8167
vn -0.1229 0.1501 -0.9810
vn 0.9975 0.0537 -0.0465
vn 0.7617 -0.3727 -0.5300
vn 0.6822 0.2452 -0.6888
vn 0.2608 -0.3552 -0.8977
vn 0.1170 0.0298 -0.9927
vn -0.1964 0.0189 -0.9803
vn -0.1958 0.0161 -0.9805
vn -0.1959 0.0169 -0.9805
vn -0.1966 0.0198 -0.9803
vn -0.3645 -0.6746 -0.6419
vn -0.5449 0.5702 -0.6148
vn -0.7875 0.1247 -0.6036
vn -0.5597 -0.5348 -0.6330
vn -0.7302 -0.0136 -0.6831
vn -0.8523 -0.4366 -0.2880
vn -0.9932 0.0576 -0.1015
vn -0.9957 0.0001 -0.0928
vn -0.9797 -0.0119 -0.2000
vn -0.7758 -0.0105 -0.6309
vn -0.8385 0.0033 -0.5449
vn -0.4308 -0.0013 -0.9024
vn -0.4307 -0.0074 -0.9025
vn -0.4308 -0.0046 -0.9024
vn -0.4908 0.0042 -0.8713
vn -0.0262 0.0148 -0.9995
vn 0.0789 -0.0022 -0.9969
vn 0.4538 -0.0003 -0.8911
vn 0.4538 -0.0037 -0.8911
vn 0.4538 -0.0022 -0.8911
vn 0.6441 -0.0200 -0.7647
vn 0.7930 -0.0007 -0.6092
vn 0.7930 0.0104 -0.6091
vn 0.7930 -0.0005 -0.6092
vn 0.9729 -0.0157 -0.2307
vn 0.9962 0.0003 -0.0870
vn -0.9578 -0.2085 -0.1979
vn -0.8789 0.2392 -0.4126
vn -0.8394 -0.0832 -0.5372
vn -0.3999 -0.8288 -0.3914
vn -0.5046 0.3648 -0.7825
vn -0.0820 -0.5375 -0.8393
vn 0.9764 0.1512 -0.1544
vn 0.9155 0.3989 -0.0517
vn 0.7718 0.1987 -0.6040
vn 0.7123 0.3385 -0.6148
vn 0.4765 0.1592 -0.8646
vn 0.1271 0.6204 -0.7739
vn -0.0362 0.0818 -0.9960
vn 0.2489 0.8138 0.5252
vn 0.6586 -0.7444 0.1095
vn 0.7235 -0.3483 0.5961
vn -0.4953 0.4347 0.7522
vn -0.1633 -0.5952 0.7868
vn -0.0043 -0.0215 0.9998
vn -0.8197 -0.4163 0.3935
vn -0.9961 0.0507 0.0717
vn -0.8489 0.4941 0.1874
vn -0.7592 -0.1119 0.6411
vn -0.9979 -0.0000 0.0644
vn -0.9661 0.0196 0.2575
vn -0.7403 -0.0091 0.6723
vn -0.5392 0.0151 0.8421
vn -0.2413 -0.0164 0.9703
vn 0.1353 0.0192 0.9906
vn 0.5151 -0.0207 0.8569
vn 0.7280 0.0103 0.6855
vn 0.9660 -0.0196 0.2577
vn 0.9982 0.0004 0.0605
vn 0.9956 -0.0602 0.0716
vn 0.8030 0.4621 0.3763
vn 0.7811 -0.1417 0.6081
vn -0.9664 0.2499 0.0604
vn -0.3008 -0.3689 0.8794
vn -0.2427 -0.0239 0.9698
vn 0.2690 -0.6566 0.7046
vn 0.1301 0.1510 0.9799
vn 0.1968 0.0463 0.9794
vn 0.7739 0.1650 0.6115
vn 0.4713 -0.6741 0.5688
vn 0.5085 -0.4584 0.7289
vn -0.0054 0.9868 0.1621
vn 0.9922 -0.1030 0.0707
vn 0.8942 -0.4206 0.1531
vn 0.7660 0.0346 0.6419
vn 0.3500 -0.5725 0.7414
vn -0.9981 0.0330 0.0525
vn -0.7724 -0.5642 0.2917
vn -0.7660 0.1517 0.6247
vn -0.4688 0.3503 -0.8109
vn -0.0178 0.9984 0.0534
vn 0.0363 0.9987 0.0353
vn 0.1114 0.9930 -0.0403
vn 0.0047 0.9930 -0.1183
vn -0.0289 0.9992 -0.0269
vn 0.0107 -0.9994 0.0320
vn -0.0231 -0.9995 0.0225
vn -0.0713 -0.9971 -0.0258
vn -0.0022 -0.9984 -0.0565
vn 0.0154 -0.9998 -0.0128
vn -0.6073 0.0219 0.7942
vn -0.7135 -0.0285 0.7001
vn -0.0020 -0.0111 0.9999
vn 0.0084 0.0054 0.9999
vn 0.7218 0.0134 0.6920
vn 0.6825 -0.0074 0.7308
vn 0.0056 0.9999 -0.0154
vn 0.0036 0.9999 -0.0158
vn -0.0005 0.9999 -0.0167
vn -0.1634 0.9862 -0.0261
vn 0.0866 0.9958 -0.0288
vn -0.2196 0.9747 0.0415
vn -0.0021 0.9999 -0.0171
vn 0.0382 0.9961 0.0794
vn -0.0035 0.9740 0.2266
vn 0.1251 0.9072 -0.4017
vn 0.1310 0.9913 0.0129
vn 0.0117 0.9993 -0.0352
vn -0.0036 0.9039 -0.4277
vn 0.0152 0.9999 -0.0014
vn -0.1526 0.9874 -0.0414
vn -0.0210 0.9994 0.0261
vn 0.1054 0.9901 0.0931
vn 0.0330 0.9781 0.2057
vn -0.0395 0.9992 -0.0017
vn -0.1664 0.9861 0.0002
vn -0.1186 0.6447 -0.7552
vn -0.0490 0.9987 0.0126
vn -0.0059 0.9439 -0.3301
vn 0.9674 0.0113 0.2530
vn 0.0724 0.6133 0.7865
vn -0.7365 -0.3373 0.5863
vn -0.6957 0.5385 -0.4755
vn -0.0034 -0.4345 -0.9007
vn 0.8371 0.3871 -0.3865
vn 0.7763 0.5838 -0.2377
vn -0.9409 0.0863 -0.3276
vn 0.6041 -0.0133 -0.7968
vn 0.3498 -0.4787 0.8053
vn -0.5711 0.5123 0.6414
vn -0.9964 -0.0831 -0.0161
vn -0.2105 0.2573 -0.9431
vn 0.2763 -0.3436 -0.8975
vn 0.8781 0.4694 0.0930
vn 0.1446 -0.5646 0.8126
vn -0.9922 0.0671 0.1055
vn -0.9998 0.0098 0.0184
vn 0.9988 0.0483 -0.0096
vn 0.9966 -0.0122 0.0814
vn -0.0251 -0.9673 0.2523
vn 0.1976 0.0405 0.9794
vn 0.0082 0.9902 0.1392
vn 0.0146 -0.3251 -0.9456
vn -0.0674 0.6801 -0.7300
vn 0.0386 -0.0337 -0.9987
vn 0.0117 0.6100 -0.7923
vn 0.0019 -1.0000 0.0009
vn 0.0006 -1.0000 -0.0015
vn 0.0006 -1.0000 -0.0006
vn -0.0020 -1.0000 -0.0026
vn 0.0008 -1.0000 -0.0028
vn -0.0040 -1.0000 -0.0052
vn -0.0062 -0.9999 -0.0096
vn -0.0047 -1.0000 -0.0061
vn -0.0350 -0.9993 -0.0115
vn -0.0141 -0.9999 0.0095
vn -0.0003 -1.0000 0.0001
vn -0.0024 -1.0000 0.0005
vn -0.0008 -1.0000 0.0001
vn -0.0308 -0.9927 0.1167
vn -0.0185 -0.9984 0.0535
vn 0.0098 -0.9999 0.0117
vn 0.0586 -0.9980 0.0225
vn -0.0423 -0.9991 -0.0059
vn 0.0462 -0.9989 -0.0011
vn 0.0056 -1.0000 0.0007
vn 0.0031 -1.0000 -0.0021
vn 0.1131 -0.9659 0.2328
vn 0.0446 -0.9947 0.0924
vn 0.1430 -0.9730 0.1809
vn -0.0032 -1.0000 0.0006
vn 0.0902 -0.9920 -0.0879
vn 0.0001 1.0000 -0.0000
vn -0.0001 1.0000 0.0004
vn 0.0049 1.0000 -0.0042
vn -0.0025 1.0000 0.0028
vn -0.0017 1.0000 -0.0039
vn -0.0007 1.0000 -0.0005
vn -0.0006 1.0000 0.0003
vn -0.0001 1.0000 0.0001
vn 0.9118 0.0355 0.4091
vn -0.7868 -0.0908 0.6105
vn -0.8883 0.0212 0.4588
vn -0.9047 0.0211 0.4256
vn -0.9159 0.0407 0.3993
vn -0.9276 0.0082 0.3735
vn -0.5778 0.0807 0.8122
vn -0.8469 -0.0002 0.5318
vn -0.0655 -0.0069 -0.9978
vn -0.0053 0.0087 -0.9999
vn -0.0113 -0.0083 -0.9999
vn -0.0919 0.0009 -0.9958
vn -0.1616 0.0160 -0.9867
vn -0.0850 -0.0005 -0.9964
vn -0.0717 0.0062 -0.9974
vn -0.9015 -0.0490 0.4301
vn -0.9336 0.0396 0.3560
vn -0.0629 0.9723 -0.2252
vn -0.8273 0.5606 0.0368
vn -0.1217 -0.9925 0.0110
vn -0.4033 0.8793 0.2534
vn -0.8239 0.5621 -0.0718
vn -0.7066 -0.5946 0.3836
vn -0.1268 -0.9846 -0.1207
vn 0.9160 -0.0911 0.3906
vn 0.8595 0.5006 -0.1029
vn 0.2080 0.0379 0.9774
vn -0.3386 -0.0134 0.9408
vn -0.3354 -0.0100 0.9420
vn -0.3356 -0.0103 0.9420
vn -0.3417 -0.0169 0.9397
vn 0.9449 0.0102 -0.3271
vn 0.9403 0.0185 -0.3400
vn -0.4586 -0.0088 0.8886
vn 0.0368 -0.0092 -0.9993
vn 0.0375 -0.0098 -0.9992
vn 0.0369 -0.0094 -0.9993
vn 0.0383 -0.0105 -0.9992
vn -0.7401 0.0162 -0.6723
vn -0.7018 0.0315 -0.7117
vn 0.7873 -0.0312 0.6158
vn 0.6455 0.0225 0.7635
vn -0.0133 0.9995 0.0287
vn -0.0124 0.9994 0.0322
vn -0.0120 0.9994 0.0337
vn 0.0028 0.9971 -0.0755
vn -0.0190 0.9997 -0.0172
vn 0.0805 0.9964 -0.0279
vn -0.0138 0.9995 0.0267
vn 0.0222 0.9994 0.0262
vn 0.3168 0.0074 0.9485
vn 0.3562 -0.0382 0.9336
vn -0.9517 0.0107 -0.3069
vn -0.9402 -0.0099 -0.3405
vn -0.6626 0.0051 0.7489
vn -0.7164 -0.0123 0.6976
vn -0.0535 0.0103 -0.9985
vn -0.0395 -0.0010 -0.9992
vn 0.7343 -0.0181 -0.6786
vn 0.7693 -0.0034 -0.6388
vn -0.0285 0.9991 0.0322
vn 0.0148 0.9991 0.0387
vn -0.0049 0.9958 -0.0912
vn -0.0614 0.9976 -0.0320
vn -0.0816 0.9963 -0.0263
vn 0.0208 0.9996 -0.0193
vn -0.0867 0.9944 0.0604
vn -0.0000 1.0000 -0.0004
vn 0.1197 0.9901 0.0730
vn -0.0001 1.0000 -0.0004
vn 0.0620 -0.0010 -0.9981
vn 0.0560 -0.0003 -0.9984
vn 0.0528 -0.0000 -0.9986
vn -0.0048 -0.0209 -0.9998
vn 0.0655 -0.0014 -0.9979
vn 0.0046 -0.0066 -1.0000
vn 0.1025 0.0008 -0.9947
vn 0.0582 0.0086 -0.9983
vn 0.0564 0.0091 -0.9984
vn 0.0610 0.0080 -0.9981
vn 0.0624 0.0076 -0.9980
vn 0.8022 0.0242 0.5966
vn 0.8668 -0.0003 0.4986
vn 0.9246 -0.0370 0.3791
vn 0.9040 0.0211 0.4270
vn 0.8266 0.0014 0.5629
vn 0.8878 0.0008 0.4602
vn 0.9035 -0.0203 0.4282
vn 0.9253 0.0391 0.3771
vn 0.2444 -0.8756 0.4166
vn 0.6684 -0.7433 0.0283
vn -0.2470 -0.9687 0.0255
vn -0.8850 -0.1386 0.4444
vn -0.5441 0.7911 -0.2795
vn 0.1543 0.9389 0.3076
vn 0.9879 0.1461 0.0530
vn 0.9879 0.1459 0.0527
vn 0.9878 0.1460 0.0534
vn 0.9873 0.1458 0.0636
vn 0.0467 -0.9979 -0.0450
vn 0.0727 0.9866 -0.1461
vn -0.0832 0.1153 0.9898
vn 0.0186 -0.3241 -0.9458
vn -0.0206 -0.9993 0.0322
vn 0.0002 -1.0000 -0.0000
vn 0.0048 -0.9979 0.0647
vn 0.0067 -0.9984 0.0563
vn 0.0053 -0.9980 0.0624
vn 0.0073 -0.9985 0.0536
vn -0.0000 -1.0000 0.0001
vn 0.0001 -1.0000 0.0001
vn 0.0001 -1.0000 0.0002
vn -0.1365 -0.9858 0.0983
vn 0.0001 -1.0000 -0.0002
vn 0.0710 -0.9974 -0.0075
vn -0.0666 -0.9960 -0.0597
vn -0.0667 -0.9959 -0.0608
vn -0.0667 -0.9959 -0.0610
vn -0.0673 -0.9951 -0.0720
vn 0.0010 -0.9964 -0.0849
vn 0.0004 -0.9967 -0.0815
vn 0.0008 -0.9965 -0.0836
vn 0.0002 -0.9968 -0.0803
vn 0.0743 -0.9946 -0.0729
vn -0.6772 -0.0601 0.7333
vn 0.8325 0.1043 0.5441
vn 0.9945 0.0172 0.1033
vn -0.2254 -0.0064 -0.9743
vn -0.8315 0.1153 -0.5434
vn -0.0957 -0.0214 0.9952
vn 0.9137 0.0905 0.3961
vn 0.9398 -0.0408 -0.3392
vn -0.9158 0.0611 -0.3970
vn -0.9386 0.0481 -0.3415
vn 0.0924 -0.0270 0.9954
vn 0.9115 0.1141 0.3951
vn 0.9076 -0.0059 -0.4198
vn -0.8246 0.0231 -0.5652
vn -0.9156 0.0639 -0.3969
vn 0.6073 -0.0219 0.7942
vn 0.7135 0.0285 0.7001
vn 0.0020 0.0111 0.9999
vn -0.0354 -0.0479 0.9982
vn -0.6811 0.0637 0.7294
vn -0.9241 -0.0445 0.3794
vn -0.0249 -0.9986 -0.0465
vn -0.0022 -0.9867 -0.1622
vn 0.0748 -0.9972 -0.0062
vn 0.0354 -0.0228 -0.9991
vn -0.0052 -0.9991 0.0421
vn -0.0251 -0.9932 0.1141
vn -0.0125 -0.9998 -0.0152
vn -0.0127 -0.9998 -0.0166
vn -0.0127 -0.9998 -0.0162
vn -0.0124 -0.9998 -0.0149
vn 0.0326 -0.9994 -0.0150
vn 0.0314 -0.9995 -0.0061
vn 0.0096 -0.9996 -0.0259
vn 0.1609 -0.9859 0.0469
vn 0.0033 -0.9996 -0.0266
vn -0.0056 -0.9997 -0.0227
vn -0.0000 -1.0000 -0.0008
vn -0.1154 -0.9617 0.2487
vn 0.1335 -0.9909 0.0166
vn 0.1127 -0.9935 0.0151
vn 0.3406 -0.9335 0.1118
vn 0.0023 -0.9835 -0.1809
vn 0.0102 -0.9999 0.0096
vn 0.1412 -0.9848 0.1014
vn -0.9884 0.1324 0.0748
vn -0.2183 -0.6746 0.7052
vn 0.5977 0.1017 0.7952
vn 0.8686 -0.3309 -0.3688
vn 0.3852 0.4905 -0.7817
vn -0.6410 -0.4359 -0.6317
vn -0.7978 -0.5333 0.2810
vn 0.1383 0.3432 0.9290
vn 0.7809 -0.3669 0.5056
vn 0.7720 0.2412 -0.5880
vn 0.3449 -0.3448 -0.8730
vn -0.8939 0.2744 -0.3543
vn -0.7917 0.2380 0.5626
vn 0.4483 -0.6924 0.5653
vn 0.9854 0.0617 0.1589
vn 0.2363 -0.1842 -0.9540
vn -0.1160 0.2543 -0.9602
vn -0.9195 -0.3908 0.0411
vn 0.9922 -0.0669 0.1055
vn 0.9998 -0.0098 0.0188
vn -0.6109 -0.7893 -0.0613
vn -0.9990 0.0032 0.0435
vn -0.9964 0.0217 0.0814
vn -0.0316 0.8664 0.4983
vn -0.1976 -0.0405 0.9794
vn 0.0868 -0.9584 0.2720
vn -0.0082 -0.9902 0.1392
vn 0.0034 0.3864 -0.9223
vn -0.0262 0.0341 -0.9991
vn -0.0117 -0.6099 -0.7924
vn -0.9119 -0.0250 0.4095
vn 0.7869 0.0894 0.6106
vn 0.8877 -0.0212 0.4599
vn 0.9047 -0.0211 0.4255
vn 0.9155 -0.0498 0.3991
vn 0.8777 0.0059 0.4791
vn 0.9377 -0.0018 0.3475
vn 0.8910 -0.0000 0.4540
vn 0.0666 0.0028 -0.9978
vn 0.0179 -0.0069 -0.9998
vn 0.0170 0.0176 -0.9997
vn 0.0852 0.0004 -0.9964
vn 0.0082 -0.0195 -0.9998
vn 0.1258 -0.0001 -0.9921
vn 0.0688 0.0024 -0.9976
vn 0.9026 0.0059 0.4305
vn 0.9153 -0.0275 0.4018
vn -0.7234 -0.6849 0.0879
vn 0.8562 -0.5119 0.0694
vn 0.8016 -0.5967 0.0371
vn -0.0754 0.9971 -0.0037
vn 0.9211 -0.3868 -0.0438
vn 0.7912 -0.5761 0.2051
vn -0.0731 0.9957 -0.0570
vn -0.3214 0.9179 0.2327
vn -0.7235 -0.6799 0.1198
vn -0.6519 -0.7342 0.1895
vn 0.3386 0.0134 0.9408
vn 0.3354 0.0100 0.9420
vn 0.3355 0.0103 0.9420
vn 0.3417 0.0169 0.9397
vn -0.9449 -0.0102 -0.3271
vn -0.9403 -0.0185 -0.3400
vn 0.4586 0.0088 0.8886
vn -0.0368 -0.0167 -0.9992
vn -0.0717 0.0100 -0.9974
vn 0.6891 0.0222 -0.7243
vn 0.7402 -0.0001 -0.6724
vn -0.7873 0.0312 0.6158
vn -0.6455 -0.0225 0.7635
vn 0.0133 -0.9995 0.0287
vn 0.0124 -0.9994 0.0322
vn 0.0120 -0.9994 0.0337
vn -0.0222 -0.9994 0.0262
vn 0.0190 -0.9997 -0.0172
vn -0.0028 -0.9971 -0.0755
vn -0.0805 -0.9964 -0.0279
vn 0.0138 -0.9995 0.0267
vn -0.3168 -0.0074 0.9485
vn -0.3562 0.0382 0.9336
vn 0.9517 -0.0107 -0.3069
vn 0.9402 0.0099 -0.3404
vn 0.6626 -0.0051 0.7489
vn 0.7164 0.0123 0.6976
vn 0.0535 -0.0103 -0.9985
vn 0.0395 0.0010 -0.9992
vn -0.7344 0.0025 -0.6787
vn -0.7339 0.0028 -0.6792
vn -0.7329 0.0032 -0.6803
vn -0.7324 0.0034 -0.6808
vn -0.0148 -0.9991 0.0387
vn 0.0049 -0.9958 -0.0912
vn 0.0614 -0.9976 -0.0320
vn 0.0816 -0.9963 -0.0263
vn 0.0285 -0.9991 0.0322
vn -0.0208 -0.9996 -0.0193
vn 0.1156 -0.9907 0.0719
vn -0.0000 -1.0000 -0.0005
vn -0.0409 -0.9991 0.0111
vn 0.0001 -1.0000 -0.0005
vn -0.0536 0.0075 -0.9985
vn -0.0504 0.0083 -0.9987
vn -0.0439 0.0099 -0.9990
vn -0.0400 0.0108 -0.9991
vn -0.1073 -0.0008 -0.9942
vn -0.0625 -0.0095 -0.9980
vn -0.0006 0.0074 -1.0000
vn -0.0026 -0.0053 -1.0000
vn -0.0722 0.0013 -0.9974
vn -0.3866 0.1292 0.9131
vn -0.8646 0.0003 0.5024
vn -0.9453 0.0499 0.3223
vn -0.9019 -0.0743 0.4256
vn -0.9468 -0.0349 0.3199
vn -0.8472 -0.2684 0.4585
vn -0.8739 -0.0009 0.4862
vn -0.8917 0.0003 0.4527
vn -0.8992 0.0169 0.4373
vn -0.9047 0.0278 0.4252
vn -0.7224 0.6828 0.1089
vn -0.7227 0.6837 0.1014
vn -0.7227 0.6836 0.1021
vn -0.2364 0.8962 0.3755
vn 0.4821 0.8761 -0.0023
vn 0.9068 -0.2365 0.3490
vn 0.8923 -0.3514 0.2834
vn -0.5990 -0.8001 -0.0326
vn -0.4666 -0.8746 0.1315
vn -0.9334 0.3566 -0.0394
vn -0.7222 0.6830 0.1091
vn 0.4834 0.8745 0.0384
vn -0.4687 -0.8768 0.1075
vn -0.0054 0.9972 0.0745
vn -0.0115 0.9989 0.0463
vn 0.0189 0.9993 0.0315
vn -0.0000 1.0000 0.0001
vn -0.0001 1.0000 0.0002
vn -0.0710 0.9974 -0.0075
vn 0.1180 0.9914 0.0558
vn -0.0002 1.0000 -0.0000
vn -0.0001 1.0000 -0.0000
vn -0.0001 1.0000 -0.0002
vn 0.0666 0.9960 -0.0597
vn 0.0667 0.9959 -0.0608
vn 0.0667 0.9959 -0.0610
vn 0.0673 0.9951 -0.0720
vn -0.0010 0.9964 -0.0849
vn -0.0004 0.9967 -0.0815
vn -0.0008 0.9965 -0.0836
vn -0.0002 0.9968 -0.0803
vn -0.0743 0.9946 -0.0729
vn 0.6379 0.0351 0.7694
vn -0.3056 -0.1160 0.9451
vn -0.9987 0.0266 0.0438
vn 0.2429 -0.0626 -0.9680
vn 0.3068 -0.0757 -0.9488
vn 0.9920 -0.1058 -0.0690
vn 0.8325 -0.0061 0.5540
vn -0.9976 -0.0037 0.0694
vn -0.9397 -0.0644 0.3358
vn 0.3596 0.0287 -0.9327
vn 0.8591 -0.1202 0.4975
vn -0.2772 0.0573 0.9591
vn -0.7103 -0.0965 -0.6973
vn -0.8645 -0.0448 -0.5006
vn 0.9237 0.0292 -0.3819
vn -0.8871 -0.0845 0.4539
vn -0.8103 0.1151 -0.5746
vn -0.5108 -0.3223 -0.7970
vn -0.5607 -0.4910 -0.6667
vn -0.3593 -0.7558 -0.5475
vn -0.2149 -0.9751 -0.0548
vn 0.1659 -0.9230 0.3473
vn 0.2623 -0.5969 0.7582
vn 0.0499 -0.9147 0.4011
vn -0.4748 -0.8409 -0.2596
vn -0.4493 -0.8770 -0.1703
vn -0.1683 -0.9534 0.2506
vn 0.0289 -0.8198 0.5720
vn 0.1509 -0.4675 0.8710
vn 0.2294 -0.1702 0.9583
vn 0.1113 -0.0127 0.9937
vn -0.8996 -0.2842 -0.3316
vn -0.8521 -0.4139 -0.3203
vn -0.8357 -0.4968 -0.2340
vn -0.5438 -0.7094 0.4484
vn -0.2497 -0.6753 0.6940
vn -0.1987 -0.4444 0.8735
vn -0.2764 -0.3045 0.9115
vn -0.8350 -0.5500 0.0142
vn -0.6737 -0.7297 0.1172
vn -0.5210 -0.7211 0.4567
vn -0.3753 -0.2435 0.8943
vn -0.8958 -0.4158 0.1569
vn -0.6821 -0.5008 0.5329
vn -0.9955 -0.0640 0.0702
vn -0.9894 -0.1008 0.1046
vn -0.8337 -0.3893 0.3915
vn -0.6197 -0.2558 0.7420
vn -0.6972 -0.1369 0.7037
vn -0.8956 -0.1117 0.4306
vn 0.8621 -0.0613 -0.5030
vn -0.1783 0.0012 -0.9840
vn 0.6715 -0.2429 -0.7001
vn 0.8871 -0.2285 -0.4011
vn 0.6664 -0.3667 -0.6492
vn 0.9335 -0.2904 -0.2104
vn 0.9941 -0.0737 -0.0801
vn 0.9064 -0.3880 -0.1669
vn 0.4392 0.0467 -0.8972
vn 0.5926 -0.4831 -0.6446
vn 0.5787 -0.6119 -0.5392
vn 0.7211 -0.6493 -0.2417
vn 0.2563 -0.2024 -0.9452
vn 0.2421 -0.4109 -0.8790
vn 0.3562 -0.7883 -0.5016
vn 0.9130 -0.1616 0.3746
vn 0.5871 -0.8067 -0.0675
vn 0.6462 -0.6974 0.3099
vn 0.8544 -0.4342 0.2855
vn 0.8796 -0.2468 0.4067
vn 0.0223 -0.5766 -0.8167
vn 0.0076 -0.6468 -0.7626
vn 0.2486 -0.9333 -0.2589
vn 0.3636 -0.9217 -0.1349
vn 0.5961 -0.7092 0.3764
vn 0.5970 -0.1454 0.7890
vn 0.6641 -0.2850 0.6912
vn 0.5095 -0.5584 0.6547
vn 0.0646 -0.9594 -0.2747
vn -0.1675 -0.7805 -0.6023
vn -0.3119 -0.2619 -0.9133
vn -0.6295 -0.2286 -0.7426
vn -0.6140 -0.0816 -0.7851
vn -0.3635 -0.2341 -0.9017
vn -0.3339 -0.1041 -0.9368
vn 0.4101 -0.1096 -0.9054
vn -0.9934 -0.1027 -0.0518
vn -0.0022 1.0000 -0.0057
vn -0.0020 1.0000 -0.0054
vn -0.0028 1.0000 -0.0066
vn -0.0031 1.0000 -0.0071
vn -0.0159 0.9997 -0.0198
vn -0.1348 -0.9622 -0.2365
vn 0.0036 1.0000 0.0064
vn 0.0026 1.0000 0.0054
vn 0.0020 1.0000 0.0048
vn 0.0041 1.0000 0.0068
vn 0.5965 -0.2341 0.7677
vn 0.5976 -0.2415 0.7645
vn 0.5968 -0.2362 0.7668
vn 0.5979 -0.2435 0.7637
vn 0.3697 -0.2601 0.8920
vn 0.3647 -0.2345 0.9011
vn 0.9891 -0.1075 0.1006
vn -0.4509 -0.0955 0.8875
vn -0.5195 -0.2843 -0.8058
vn -0.4311 0.2138 -0.8766
vn 0.4004 0.4202 0.8143
vn 0.0666 -0.9936 0.0913
vn 0.5695 -0.2743 0.7749
vn -0.1725 0.0793 0.9818
vn 0.9070 0.0195 -0.4206
vn 0.8750 -0.0179 -0.4837
vn 0.8952 -0.0007 -0.4457
vn 0.9066 -0.0127 -0.4217
vn 0.9061 -0.0117 -0.4228
vn 0.9063 -0.0119 -0.4225
vn 0.9086 -0.0164 -0.4174
vn 0.9193 -0.0048 -0.3936
vn 0.9165 -0.0011 -0.4000
vn 0.9167 -0.0013 -0.3995
vn 0.9163 -0.0008 -0.4004
vn -0.4308 -0.0078 -0.9024
vn -0.3954 -0.0223 -0.9182
vn -0.7744 -0.0614 -0.6298
vn -0.8588 0.0396 -0.5108
vn 0.0449 0.0008 -0.9990
vn -0.1478 0.0521 -0.9876
vn 0.0694 -0.0170 -0.9974
vn 0.0124 -0.0099 -0.9999
vn 0.0102 -0.0098 -0.9999
vn 0.0059 -0.0097 -0.9999
vn -0.0065 0.0795 -0.9968
vn -0.0072 0.0813 -0.9967
vn -0.0068 0.0803 -0.9967
vn 0.0039 -0.0097 -0.9999
vn 0.0068 0.0284 -0.9996
vn -0.0185 0.0467 -0.9987
vn -0.0313 0.0295 -0.9991
vn -0.0004 -0.0444 -0.9990
vn -0.0058 0.0776 -0.9970
vn 0.0005 -0.0121 -0.9999
vn -0.0197 -0.0009 -0.9998
vn 0.0121 0.0102 -0.9999
vn -0.0068 0.0416 -0.9991
vn 0.0001 0.0252 -0.9997
vn -0.0039 0.0210 -0.9998
vn -0.0061 0.0188 -0.9998
vn -0.0201 0.0004 -0.9998
vn -0.0616 0.0303 -0.9976
vn -0.0078 0.0170 -0.9998
vn -0.0374 -0.0046 -0.9993
vn -0.0181 -0.0045 -0.9998
vn 0.0338 -0.0830 -0.9960
vn 0.7930 0.0117 -0.6091
vn 0.7874 0.0187 -0.6162
vn 0.4538 -0.0040 -0.8911
vn 0.4827 -0.0192 -0.8756
vn 0.0547 -0.0134 0.9984
vn -0.0107 0.0094 0.9999
vn 0.0540 0.0148 0.9984
vn 0.0566 0.0141 0.9983
vn 0.0623 0.0127 0.9980
vn 0.0316 0.0006 0.9995
vn -0.1090 -0.0249 0.9937
vn 0.0654 0.0119 0.9978
vn 0.1719 -0.0005 0.9851
vn -0.0654 0.0174 0.9977
vn -0.1980 0.0002 0.9802
vn -0.0848 0.0132 0.9963
vn -0.0241 -0.0220 0.9995
vn -0.0258 -0.0216 0.9994
vn -0.0299 -0.0204 0.9993
vn -0.0320 -0.0199 0.9993
vn 0.0471 -0.0106 0.9988
vn 0.0076 -0.0034 1.0000
vn 0.0005 1.0000 0.0003
vn 0.0025 1.0000 0.0015
vn 0.0009 1.0000 0.0005
vn 0.0021 1.0000 0.0013
vn 0.0002 1.0000 0.0002
vn 0.0006 1.0000 -0.0001
vn 0.0001 1.0000 0.0010
vn 0.0002 1.0000 0.0006
vn -0.0000 1.0000 0.0011
vn 0.0001 1.0000 0.0002
vn -0.0000 1.0000 0.0013
vn -0.0007 -1.0000 -0.0002
vn 0.0003 -1.0000 -0.0001
vn -0.8874 -0.0155 -0.4607
vn -0.8738 -0.0213 -0.4858
vn -0.8919 -0.0059 -0.4522
vn -0.9076 0.0201 -0.4194
vn -0.9082 0.0191 -0.4182
vn -0.9107 0.0148 -0.4127
vn -0.9119 0.0129 -0.4103
vn -0.9360 -0.0263 -0.3511
vn -0.9385 0.0256 -0.3444
vn -0.9555 0.2949 0.0110
vn -0.9839 0.1752 -0.0347
vn -0.0573 -0.9964 0.0619
vn 0.1350 -0.9906 0.0229
vn 0.6611 0.7499 0.0242
vn 0.7772 0.6290 -0.0160
vn -0.8701 0.4880 0.0689
vn -0.9963 0.0585 -0.0631
vn -0.2810 -0.9583 -0.0524
vn 0.7527 -0.6447 0.1337
vn 0.9317 0.3304 -0.1509
vn 0.4594 0.8851 0.0743
vn -0.7935 -0.0013 -0.6086
vn -0.8339 -0.0248 -0.5514
vn 0.9498 0.0484 -0.3091
vn 0.8811 0.0019 -0.4728
vn -0.9391 -0.3313 -0.0918
vn -0.8778 -0.4408 -0.1874
vn 0.0232 0.9946 0.1015
vn 0.8873 0.3130 -0.3387
vn 0.9228 -0.3793 0.0670
vn -0.8832 -0.3116 -0.3505
vn -0.9677 0.2501 -0.0319
vn 0.6135 0.7890 0.0351
vn 0.8885 0.3134 -0.3352
vn 0.1856 -0.9609 0.2053
vn -0.4729 -0.8796 0.0505
vn -0.8596 -0.3980 -0.3204
vn -0.5875 0.7993 0.1260
vn 0.8781 0.4066 -0.2523
vn 0.9790 0.1811 -0.0940
vn -0.9035 0.4286 0.0052
vn -0.4160 0.8428 -0.3415
vn 0.7361 0.6523 0.1808
vn 0.4242 -0.8594 -0.2856
vn 0.0770 -0.9967 -0.0261
vn 0.9028 0.0163 -0.4297
vn 0.8791 -0.0153 -0.4765
vn 0.8965 -0.0007 -0.4431
vn 0.9030 -0.0069 -0.4297
vn 0.9203 -0.0417 -0.3889
vn 0.9270 -0.0183 -0.3747
vn 0.9202 -0.0114 -0.3914
vn -0.2919 -0.0767 -0.9534
vn -0.4903 0.0454 -0.8704
vn -0.8076 0.0323 -0.5888
vn -0.8328 0.0647 -0.5498
vn 0.0006 0.0229 -0.9997
vn 0.0401 0.0710 -0.9967
vn 0.0531 -0.0213 -0.9984
vn -0.0635 0.1173 -0.9911
vn 0.0172 -0.0095 -0.9998
vn -0.0431 -0.0005 -0.9991
vn 0.0448 -0.0107 -0.9989
vn 0.0176 0.0096 -0.9998
vn 0.0597 0.0104 -0.9982
vn -0.0204 0.0102 -0.9997
vn -0.0272 0.0125 -0.9996
vn -0.0269 0.0123 -0.9996
vn 0.0255 -0.0005 -0.9997
vn 0.0299 0.0008 -0.9996
vn 0.0247 -0.0007 -0.9997
vn 0.6721 -0.3566 -0.6490
vn -0.0143 -0.0038 -0.9999
vn 0.0316 0.0014 -0.9995
vn -0.4098 -0.0017 -0.9122
vn -0.0194 0.0099 -0.9998
vn 0.0037 -0.0123 -0.9999
vn -0.0815 0.0507 -0.9954
vn 0.0010 -0.0306 -0.9995
vn -0.0320 -0.0029 -0.9995
vn -0.0276 -0.0665 -0.9974
vn 0.0431 0.0125 -0.9990
vn 0.8384 -0.1116 -0.5335
vn 0.3865 0.0659 -0.9199
vn 0.4623 0.0031 -0.8867
vn -0.0062 -0.0259 0.9996
vn 0.0663 -0.0063 0.9978
vn 0.0619 0.0167 0.9979
vn 0.0635 0.0163 0.9978
vn 0.0671 0.0154 0.9976
vn 0.2052 -0.0003 0.9787
vn 0.0336 0.0006 0.9994
vn -0.1184 -0.0272 0.9926
vn 0.0690 0.0149 0.9975
vn -0.0517 0.0138 0.9986
vn -0.0491 0.0129 0.9987
vn -0.0527 0.0142 0.9985
vn -0.1680 0.0001 0.9858
vn -0.0579 -0.0129 0.9982
vn -0.0550 -0.0130 0.9984
vn -0.0584 -0.0129 0.9982
vn -0.0143 -0.0250 0.9996
vn -0.0549 -0.0135 0.9984
vn -0.0479 0.0125 0.9988
vn 0.1004 -0.0118 0.9949
vn 0.0018 1.0000 0.0013
vn 0.0065 1.0000 0.0042
vn 0.0038 1.0000 0.0026
vn 0.0005 1.0000 -0.0001
vn 0.0002 1.0000 -0.0001
vn 0.0001 1.0000 -0.0001
vn 0.0007 1.0000 -0.0002
vn -0.0000 1.0000 0.0002
vn 0.0006 -1.0000 -0.0009
vn -0.0001 -1.0000 0.0001
vn -0.0022 -1.0000 -0.0012
vn -0.0005 -1.0000 -0.0003
vn 0.0002 -1.0000 -0.0001
vn 0.0011 -1.0000 -0.0014
vn -0.8919 -0.0058 -0.4522
vn -0.9110 0.0262 -0.4116
vn -0.9174 0.0147 -0.3978
vn -0.9414 -0.0277 -0.3360
vn -0.9849 0.1584 -0.0695
vn -0.2552 -0.9628 0.0892
vn 0.2007 -0.9797 0.0013
vn 0.8720 0.4875 -0.0437
vn 0.7610 0.6488 0.0055
vn -0.8626 0.5020 0.0628
vn -0.9966 0.0707 0.0428
vn -0.9722 -0.2327 -0.0260
vn 0.5756 -0.8175 0.0183
vn 0.6656 -0.7447 0.0500
vn 0.3054 0.9520 -0.0233
vn 0.2813 0.9592 -0.0294
vn -0.9379 -0.0020 -0.3470
vn -0.8064 0.0482 -0.5894
vn 0.8519 0.0306 -0.5228
vn 0.8035 0.0014 -0.5953
vn -0.9982 0.0601 -0.0030
vn -0.7222 0.6042 -0.3368
vn 0.3856 0.9125 0.1367
vn 0.7399 -0.6190 -0.2634
vn 0.5097 -0.8598 -0.0306
vn -0.6580 -0.7224 0.2127
vn -0.9193 0.1461 -0.3653
vn -0.0268 0.9832 0.1805
vn 0.9453 -0.1724 -0.2770
vn 0.9527 -0.1514 -0.2634
vn -0.4565 -0.8775 0.1468
vn -0.3578 0.9105 -0.2073
vn -0.3305 0.9255 -0.1849
vn 0.9924 0.0611 0.1065
vn 0.3435 -0.8741 -0.3434
vn -0.2047 -0.9772 0.0569
vn -0.9085 0.4078 -0.0913
vn -0.7370 0.6166 -0.2768
vn 0.9146 0.3449 0.2109
vn 0.7133 -0.5967 -0.3676
vn 0.1078 -0.9871 -0.1183
vn -0.0124 -0.9999 0.0100
vn -0.0037 -1.0000 0.0026
vn 0.0121 -0.9999 -0.0042
vn 0.0109 -0.9999 -0.0039
vn 0.0145 -0.9999 -0.0048
vn -0.3405 -0.9293 0.1430
vn -0.0026 -0.9998 0.0201
vn 0.0080 -1.0000 -0.0023
vn 0.0156 -0.9999 -0.0051
vn -0.0427 -0.9991 0.0068
vn 0.0161 -0.9997 0.0167
vn -0.8787 0.1663 0.4475
vn -0.5499 0.1283 0.8253
vn -0.7560 0.2967 0.5835
vn -0.6162 0.5862 0.5260
vn -0.9562 0.2848 0.0683
vn -0.9834 0.1673 -0.0700
vn -0.3432 0.2982 0.8907
vn -0.3503 0.5483 0.7594
vn -0.5431 0.6274 0.5580
vn -0.7781 0.6254 0.0594
vn -0.8967 0.2663 -0.3535
vn -0.6964 0.7144 -0.0677
vn 0.0307 0.1518 0.9879
vn 0.0180 0.1752 0.9844
vn -0.0932 0.6597 0.7457
vn -0.5341 0.8414 -0.0822
vn -0.7511 0.5213 -0.4050
vn -0.2849 0.8908 0.3540
vn -0.7563 -0.0568 -0.6517
vn 0.1940 0.6022 0.7744
vn 0.2370 0.4928 0.8372
vn 0.0005 0.9202 0.3914
vn -0.0061 0.9260 0.3774
vn 0.2975 0.7390 0.6044
vn -0.2418 0.9070 -0.3449
vn -0.2592 0.9241 -0.2809
vn -0.5126 0.5456 -0.6630
vn -0.5172 0.5512 -0.6547
vn -0.5130 0.5462 -0.6622
vn -0.5178 0.5513 -0.6542
vn -0.5920 0.2009 -0.7805
vn 0.8103 0.0074 -0.5860
vn 0.5244 0.1614 0.8361
vn 0.5736 0.2771 0.7708
vn 0.1354 0.9847 0.1100
vn -0.0522 0.8695 -0.4912
vn -0.1300 0.5996 -0.7896
vn -0.2365 0.5444 -0.8048
vn -0.2387 0.2214 -0.9455
vn -0.3298 0.1452 -0.9328
vn 0.7355 0.3202 0.5971
vn 0.3475 0.9375 0.0167
vn 0.7501 0.5198 0.4088
vn 0.6571 0.6664 0.3524
vn 0.6287 0.7531 0.1938
vn 0.9053 -0.0542 0.4213
vn 0.4389 0.8365 -0.3281
vn 0.2997 0.8289 -0.4723
vn 0.0979 0.0880 -0.9913
vn 0.3363 0.4354 -0.8350
vn 0.3284 0.4337 -0.8391
vn 0.3289 0.4338 -0.8388
vn 0.3371 0.4356 -0.8346
vn 0.7813 0.6087 -0.1382
vn 0.6506 0.6821 -0.3339
vn 0.9621 0.2679 0.0512
vn 0.9419 0.3331 0.0426
vn 0.8956 0.4336 -0.0996
vn 0.6904 0.4779 -0.5431
vn 0.4935 0.3775 -0.7835
vn 0.5779 0.2308 -0.7828
vn 0.9828 -0.0516 -0.1774
vn 0.8781 0.2446 -0.4113
vn 0.8845 0.2058 -0.4186
vn 1.0000 -0.0000 -0.0000
vn -0.0000 -0.0000 1.0000
vn -1.0000 -0.0000 -0.0000
vn -0.0000 -0.0000 -1.0000
vn -0.0505 -0.0000 0.9987
vn -0.0195 0.0041 0.9998
vn 0.3539 -0.0000 -0.9353
vn 0.3834 -0.0107 -0.9235
vn 0.0668 -0.9938 0.0886
vn -0.0004 -1.0000 0.0001
vn -0.0002 1.0000 0.0001
vn -0.0000 1.0000 0.0003
vn -0.9405 -0.0049 0.3399
vn -0.9433 -0.0000 0.3318
vn -0.9429 -0.0008 0.3331
vn -0.9672 -0.0472 0.2495
vn -0.9380 0.0088 0.3466
vn -0.9387 0.0081 0.3448
vn -0.9382 0.0070 0.3461
vn -0.9374 -0.0013 0.3483
vn -0.9361 0.0001 0.3518
vn -0.9379 0.0004 0.3470
vn -0.9401 -0.0055 0.3409
vn -0.9854 -0.0000 0.1700
vn -0.9917 -0.0003 -0.1283
vn -0.9920 -0.0005 -0.1261
vn -0.9925 -0.0009 -0.1225
vn -0.9927 -0.0011 -0.1203
vn -0.4519 0.0009 0.8921
vn -0.4820 0.0032 0.8762
vn 0.9740 0.0601 0.2184
vn 0.9729 -0.0599 0.2231
vn 0.9832 -0.0584 0.1728
vn 0.9747 0.0001 0.2233
vn 0.9747 -0.0000 0.2237
vn 0.9747 0.0001 0.2234
vn 0.9746 -0.0000 0.2238
vn 0.9838 0.0581 0.1695
vn 0.2662 0.0146 0.9638
vn 0.2967 0.0005 0.9550
vn 0.3028 0.0041 0.9530
vn 0.2974 0.0009 0.9548
vn 0.3044 0.0051 0.9525
vn 0.2697 -0.1110 0.9565
vn 0.3706 0.0275 0.9284
vn 0.3432 -0.0065 0.9392
vn -0.4232 0.0095 -0.9060
vn -0.3600 0.0425 -0.9320
vn -0.4601 0.0213 -0.8876
vn -0.2692 0.1042 0.9574
vn -0.3371 -0.0102 0.9414
vn -0.2893 0.0259 0.9569
vn -0.2814 -0.0998 0.9544
vn -0.3968 0.0087 0.9179
vn -0.3631 -0.0000 0.9318
vn -0.3733 -0.0139 0.9276
vn 0.2081 -0.8143 -0.5418
vn 0.0297 0.4815 -0.8759
vn -0.8373 0.1843 -0.5148
vn -0.9526 -0.2345 0.1939
vn -0.5693 0.3538 -0.7422
vn 0.5564 -0.7496 0.3585
vn 0.1524 -0.9099 -0.3859
vn 0.9762 -0.1489 -0.1577
vn 0.1709 0.8368 0.5202
vn 0.6036 0.7766 0.1804
vn 0.6838 0.0379 -0.7287
vn 0.9070 -0.3982 0.1369
vn 0.1426 0.8795 -0.4541
vn 0.1799 -0.1958 -0.9640
vn 0.4906 0.0453 -0.8702
vn 0.4756 0.0502 -0.8782
vn 0.3514 -0.0023 -0.9362
vn -0.0011 -0.9999 -0.0107
vn -0.0028 -1.0000 -0.0081
vn -0.0028 -0.9999 -0.0106
vn 0.0015 -0.9999 -0.0121
vn 0.0017 -0.9999 -0.0117
vn 0.0958 -0.9766 -0.1925
vn -0.0232 -0.9985 0.0503
vn -0.0030 -0.9998 -0.0220
vn -0.0145 -0.9998 -0.0137
vn -0.0189 -0.9998 0.0021
vn -0.0011 -0.9999 0.0107
vn 0.0019 -1.0000 -0.0058
vn 0.0020 -1.0000 -0.0088
vn -0.0027 -1.0000 0.0003
vn -0.0053 -1.0000 0.0001
vn -0.0060 -1.0000 0.0047
vn -0.0053 -1.0000 0.0066
vn -0.0063 -1.0000 -0.0000
vn -0.0034 -1.0000 0.0018
vn -0.0046 -1.0000 0.0008
vn -0.0199 -0.9997 -0.0171
vn -0.0217 -0.9996 -0.0190
vn -0.0195 -0.9997 -0.0168
vn -0.0194 -0.9997 -0.0166
vn -0.0047 -1.0000 0.0006
vn -0.0013 -0.9555 0.2949
vn -0.0016 -0.9996 0.0292
vn -0.0340 -0.8963 -0.4421
vn 0.0949 -0.9453 -0.3121
vn -0.0251 -0.9981 0.0569
vn -0.0069 -0.9999 0.0130
vn 0.0025 -0.9975 -0.0707
vn -0.0153 -0.9998 -0.0151
vn 0.0442 -0.9990 -0.0083
vn 0.0443 -0.9990 -0.0079
vn 0.0434 -0.9990 -0.0085
vn 0.0002 -0.9994 0.0356
vn 0.0007 -1.0000 0.0016
vn 0.0058 -1.0000 -0.0002
vn 0.0027 -1.0000 -0.0064
vn 0.0033 -1.0000 -0.0081
vn 0.0030 -0.9986 0.0526
vn -0.0117 -0.9950 0.0993
vn 0.0385 -0.9992 -0.0119
vn -0.1293 -0.8981 -0.4204
vn 0.0105 -0.9983 0.0579
vn 0.0679 -0.9926 0.1007
vn 0.0022 -1.0000 0.0045
vn 0.0024 -1.0000 0.0049
vn 0.0274 -0.9975 0.0651
vn 0.0250 -0.9994 -0.0229
vn 0.0214 -0.9995 -0.0237
vn 0.0247 -0.9994 -0.0231
vn 0.0037 -1.0000 -0.0087
vn 0.0236 -0.9979 -0.0600
vn 0.0095 -0.9999 -0.0092
vn 0.0093 -0.9999 -0.0096
vn 0.0119 -0.9999 -0.0075
vn 0.0096 -0.9998 0.0146
vn 0.0210 -0.9995 -0.0237
vn -0.0097 -0.9997 0.0206
vn 0.0018 -1.0000 0.0021
vn 0.0061 -1.0000 -0.0020
vn -0.0420 -0.9991 -0.0098
vn 0.0125 -0.9999 -0.0091
vn 0.0108 -0.9999 -0.0068
vn 0.0146 -0.9999 0.0055
vn -0.0019 -1.0000 0.0003
vn -0.0282 0.5453 0.8378
vn -0.0003 0.2734 0.9619
vn -0.0027 -0.0007 1.0000
vn -0.0021 -0.0011 1.0000
vn 0.0016 -0.0035 1.0000
vn 0.0023 -0.0038 1.0000
vn 0.8321 0.0031 0.5546
vn 0.8544 0.0008 0.5196
vn -0.9856 -0.1084 0.1301
vn -0.9984 0.0173 0.0546
vn -0.9970 0.0031 0.0778
vn -0.9776 -0.0896 0.1906
vn -0.7889 0.1790 0.5879
vn -0.6062 0.4721 0.6400
vn -0.9035 0.1001 0.4167
vn -0.9362 -0.1188 0.3309
vn 0.0082 0.9997 0.0217
vn 0.0001 1.0000 0.0072
vn 0.0045 0.9999 0.0104
vn -0.0010 1.0000 0.0085
vn 0.0048 1.0000 0.0066
vn 0.0119 0.9999 0.0049
vn 0.0030 1.0000 0.0018
vn 0.0023 1.0000 0.0005
vn 0.0092 1.0000 0.0015
vn 0.0015 1.0000 -0.0026
vn 0.0073 1.0000 0.0016
vn 0.0011 1.0000 -0.0005
vn 0.0042 1.0000 -0.0060
vn 0.0120 0.9999 -0.0092
vn 0.0076 0.9999 -0.0103
vn 0.0196 0.9992 -0.0344
vn 0.0117 0.9999 -0.0088
vn 0.0009 1.0000 -0.0056
vn 0.0016 1.0000 -0.0052
vn -0.0020 1.0000 -0.0019
vn -0.0053 1.0000 -0.0013
vn -0.0001 1.0000 -0.0025
vn -0.0019 1.0000 -0.0030
vn 0.0047 0.9999 0.0163
vn 0.0182 0.9997 0.0146
vn 0.0184 0.9997 0.0146
vn 0.0107 0.9999 0.0018
vn 0.0182 0.9998 0.0025
vn 0.0131 0.9999 -0.0021
vn 0.0221 0.9998 0.0008
vn -0.0316 0.9995 -0.0045
vn 0.0127 0.9999 0.0095
vn -0.0327 0.9993 -0.0156
vn -0.0139 0.9998 -0.0110
vn -0.0174 0.9998 -0.0038
vn -0.0124 0.9999 -0.0081
vn -0.0156 0.9998 -0.0120
vn -0.0105 0.9999 0.0136
vn -0.0179 0.9998 -0.0115
vn -0.0018 1.0000 -0.0078
vn 0.0025 1.0000 -0.0088
vn -0.0026 1.0000 -0.0011
vn -0.0083 1.0000 0.0007
vn -0.0276 0.9977 -0.0619
vn -0.0008 0.9995 0.0330
vn -0.0231 0.9992 0.0313
vn -0.0011 0.9999 -0.0107
vn 0.0008 1.0000 -0.0086
vn 0.0083 1.0000 0.0041
vn 0.0134 0.9996 0.0257
vn 0.0164 0.9997 0.0173
vn 0.0160 0.9997 0.0173
vn 0.0147 0.9997 0.0202
vn 0.0117 0.9995 0.0306
vn 0.0045 0.9999 0.0163
vn 0.0187 0.9991 -0.0368
vn -0.0002 0.9999 0.0148
vn 0.0027 1.0000 0.0061
vn 0.0118 0.9999 -0.0067
vn 0.0128 0.9999 -0.0044
vn 0.0097 0.9999 -0.0115
vn 0.0090 0.9999 -0.0130
vn -0.0154 0.9999 -0.0067
vn -0.0049 0.9991 -0.0428
vn -0.0055 0.9991 -0.0420
vn -0.0050 0.9991 -0.0427
vn -0.0000 0.9987 -0.0500
vn 0.0213 0.9972 -0.0711
vn 0.0037 0.9992 0.0406
vn -0.0273 0.9993 -0.0269
vn -0.0222 0.9996 0.0177
vn -0.0006 0.9999 -0.0114
vn -0.0036 1.0000 -0.0073
vn -0.0001 1.0000 -0.0045
vn 0.0005 0.9997 -0.0235
vn -0.0004 0.9998 -0.0220
vn -0.0036 0.9999 -0.0159
vn -0.0047 0.9999 -0.0138
vn 0.0009 1.0000 0.0008
vn -0.0024 1.0000 -0.0011
vn -0.9494 0.0012 0.3141
vn -0.9534 -0.0101 0.3017
vn -0.9999 0.0102 0.0091
vn -1.0000 -0.0006 -0.0033
vn 0.3912 0.0003 -0.9203
vn 0.3914 0.0004 -0.9202
vn 0.3920 0.0008 -0.9200
vn 0.3921 0.0009 -0.9199
vn 0.9999 0.0002 -0.0102
vn 0.9999 -0.0000 -0.0103
vn 0.9999 -0.0002 -0.0105
vn 0.9984 0.0265 0.0504
vn 0.9990 0.0132 0.0430
vn 0.9991 -0.0186 0.0375
vn 0.9961 -0.0003 -0.0887
vn 0.9937 -0.0085 -0.1116
vn 0.9990 0.0299 -0.0337
vn 0.9987 -0.0185 -0.0483
vn 0.9995 -0.0152 -0.0261
vn -0.2879 0.0052 -0.9577
vn -0.2876 0.0057 -0.9577
vn -0.2878 0.0053 -0.9577
vn -0.2828 -0.0702 -0.9566
vn -0.4272 0.1618 -0.8895
vn -0.2934 -0.0015 -0.9560
vn -0.6175 0.0022 -0.7866
vn -0.6171 0.0038 -0.7869
vn -0.6174 0.0027 -0.7867
vn -0.6170 0.0043 -0.7870
vn 0.0155 -0.0064 -0.9999
vn 0.0163 -0.0059 -0.9999
vn 0.0150 -0.0050 -0.9999
vn 0.0081 0.0006 -1.0000
vn -0.0021 -0.0409 -0.9992
vn -0.0113 -0.0248 -0.9996
vn 0.0204 0.0085 -0.9998
vn -0.0116 0.0378 -0.9992
vn -0.0307 0.0088 -0.9995
vn -0.0320 0.0079 -0.9995
vn -0.0420 0.0007 -0.9991
vn -0.9980 0.0072 0.0622
vn -0.9998 -0.0064 0.0181
vn 0.0089 -0.0172 0.9998
vn 0.0101 -0.0187 0.9998
vn 0.0091 -0.0173 0.9998
vn 0.0112 -0.0201 0.9997
vn -0.0109 -0.0019 0.9999
vn -0.0105 -0.0016 0.9999
vn -0.0076 0.0027 1.0000
vn 0.0051 -0.0179 0.9998
vn -0.0104 0.0192 0.9998
vn -0.0216 0.0011 0.9998
vn -0.0275 -0.0025 0.9996
vn -0.0276 -0.0025 0.9996
vn -0.0283 -0.0030 0.9996
vn -0.0073 0.0033 1.0000
vn -0.9998 -0.0152 0.0148
vn -0.9998 0.0152 -0.0139
vn -0.0103 0.0124 -0.9999
vn -0.0093 0.0134 -0.9999
vn -0.0088 0.0139 -0.9999
vn -0.0004 -0.0071 -1.0000
vn -0.0070 -0.0001 -1.0000
vn 0.0013 -0.0090 -1.0000
vn -0.0084 0.0143 -0.9999
vn -0.0313 -0.0003 -0.9995
vn 0.0044 -0.0283 -0.9996
vn -0.0066 -0.0009 -1.0000
vn -0.0078 -0.0020 -1.0000
vn -0.0100 -0.0056 -0.9999
vn -0.9981 -0.0089 -0.0617
vn -0.9999 0.0062 -0.0132
vn 0.0160 0.0008 0.9999
vn 0.0148 0.0015 0.9999
vn 0.0146 0.0017 0.9999
vn -0.0059 -0.0181 0.9998
vn -0.0273 -0.0015 0.9996
vn -0.0073 -0.0153 0.9999
vn -0.0078 -0.0155 0.9998
vn -0.0051 -0.0126 0.9999
vn 0.0054 -0.0318 0.9995
vn 0.0172 -0.0001 0.9999
vn -0.0077 -0.0158 0.9998
vn -0.0039 0.0332 0.9994
vn 0.6537 0.0008 0.7568
vn 0.6539 0.0007 0.7566
vn 0.6546 0.0003 0.7560
vn 0.6548 0.0001 0.7558
vn -0.1825 0.1148 -0.9765
vn -0.0071 -0.2570 -0.9664
vn -0.1223 -0.4052 -0.9060
vn -0.0152 0.3844 -0.9230
vn -0.0806 0.5014 -0.8615
vn -0.7288 0.1619 0.6653
vn -0.9458 -0.0824 0.3140
vn -0.6930 -0.2608 0.6721
vn -0.3231 -0.4401 0.8378
vn -0.5174 0.1870 0.8351
vn -0.9610 0.0733 -0.2668
vn -0.8857 0.1193 -0.4486
vn -0.8679 0.1403 -0.4765
vn -0.6884 0.1365 -0.7123
vn -0.9205 -0.2247 -0.3195
vn -0.0970 -0.7581 -0.6449
vn 0.1164 -0.9040 -0.4115
vn -0.3056 -0.7789 0.5477
vn 0.1556 0.1166 0.9809
vn -0.1967 0.5790 0.7912
vn 0.1433 0.7043 -0.6953
vn -0.1423 0.8631 -0.4845
vn -0.9935 0.0409 -0.1063
vn -0.9998 0.0162 -0.0119
vn -0.9956 -0.0506 0.0788
vn -0.8950 0.3732 0.2442
vn 0.0674 -0.8603 -0.5053
vn -0.0213 -0.5662 0.8240
vn -0.0160 -0.5961 0.8028
vn -0.0787 -0.8956 0.4378
vn -0.1343 -0.4192 -0.8979
vn -0.0354 0.5702 -0.8207
vn 0.0059 0.4893 -0.8721
vn -0.0310 0.8363 0.5473
vn 0.0342 0.7493 0.6614
vn -0.0187 0.2898 -0.9569
vn 0.0082 0.4480 -0.8940
vn -0.0130 0.6446 0.7644
vn 0.0237 0.4953 0.8684
vn -0.0116 -0.9890 0.1477
vn 0.0212 -0.9994 -0.0288
vn -0.1861 0.9554 -0.2292
vn -0.3174 -0.4278 0.8463
vn -0.1749 -0.8702 0.4607
vn -0.2690 -0.6374 0.7221
vn -0.2699 0.6247 0.7327
vn -0.2522 0.7071 0.6606
vn -0.2598 0.6892 0.6764
vn -0.9252 0.3560 0.1310
vn -0.9907 0.1142 -0.0734
vn -0.2330 -0.9723 0.0188
vn -0.1048 -0.9892 0.1024
vn 0.8464 -0.5232 -0.0993
vn 0.9769 -0.1987 0.0789
vn 0.4332 0.8980 -0.0768
vn 0.4682 0.8768 -0.1096
vn -0.9251 0.3560 0.1322
vn -0.9907 0.1142 -0.0741
vn -0.2330 -0.9723 0.0190
vn -0.1048 -0.9891 0.1032
vn 0.8464 -0.5231 -0.1002
vn 0.9768 -0.1987 0.0796
vn 0.4332 0.8980 -0.0774
vn 0.4681 0.8767 -0.1105
vn -0.7957 -0.0170 0.6054
vn -0.4285 -0.0198 0.9033
vn -0.9958 -0.0838 0.0364
vn -0.0186 0.4448 0.8954
vn -0.3777 0.0139 0.9258
vn -0.9968 -0.0286 0.0746
vn -0.9934 0.0051 0.1146
vn 0.9159 -0.0159 0.4012
vn 0.9986 0.0372 -0.0364
vn 0.5703 -0.0089 0.8214
vn 0.9364 0.0010 0.3510
vn -0.0026 -0.2276 0.9738
vn 0.0034 -0.2845 0.9587
vn 0.0008 0.9998 -0.0217
vn -0.0022 0.9981 -0.0610
vn 0.0119 -0.9933 -0.1150
vn -0.0099 -0.9831 0.1826
vn 0.0658 0.0373 0.9971
vn -0.9861 -0.1158 0.1189
vn -0.9614 -0.0129 -0.2750
vn 0.8426 0.0054 -0.5385
vn 0.9860 -0.1170 -0.1189
vn 0.9906 -0.0811 0.1104
vn -0.9341 -0.0575 -0.3524
vn -0.9261 -0.0525 -0.3737
vn -0.0680 0.0074 0.9977
vn -0.3437 0.1345 0.9294
vn -0.2098 -0.8674 -0.4512
vn -0.1196 -0.9877 0.1011
vn 0.9901 -0.1330 -0.0441
vn 0.9908 -0.1291 -0.0393
vn 0.9899 -0.1343 -0.0458
vn -0.9280 -0.0007 0.3727
vn -0.8725 0.0063 0.4885
vn 0.8093 0.0864 0.5811
vn 0.9384 0.1156 0.3256
vn 0.2167 0.1172 -0.9692
vn 0.9621 0.0481 0.2685
vn 0.9117 -0.0243 0.4102
vn 0.9247 -0.0400 0.3786
vn 0.7870 -0.0850 0.6111
vn 1.0000 0.0018 -0.0040
vn 0.9999 -0.0101 0.0098
vn 0.9531 0.0102 0.3024
vn 0.9491 -0.0013 0.3151
vn -0.3955 -0.0014 -0.9185
vn -0.3953 -0.0014 -0.9186
vn -0.3942 -0.0006 -0.9190
vn -0.3939 -0.0003 -0.9191
vn -0.9999 0.0002 -0.0103
vn -0.9999 0.0001 -0.0102
vn -0.9997 -0.0163 -0.0162
vn -0.9977 0.0031 -0.0675
vn -0.9996 0.0196 -0.0197
vn -0.9986 0.0005 -0.0531
vn -1.0000 -0.0002 -0.0064
vn -1.0000 -0.0004 -0.0064
vn -1.0000 -0.0000 -0.0064
vn -0.9990 0.0019 -0.0442
vn -1.0000 -0.0006 -0.0065
vn -1.0000 0.0001 -0.0064
vn 0.2841 -0.0862 -0.9549
vn 0.3073 -0.0022 -0.9516
vn 0.3034 -0.0049 -0.9528
vn 0.3037 -0.0045 -0.9527
vn 0.3275 -0.0306 -0.9444
vn 0.2817 0.0869 -0.9556
vn 0.2824 0.0845 -0.9556
vn 0.2810 0.0899 -0.9555
vn 0.3431 -0.0250 -0.9390
vn 0.2824 0.0840 -0.9556
vn 0.3078 -0.0021 -0.9514
vn 0.6167 -0.0027 -0.7872
vn 0.6185 0.0046 -0.7858
vn 0.6172 -0.0006 -0.7868
vn 0.6190 0.0067 -0.7854
vn -0.0063 0.0528 -0.9986
vn 0.0116 0.0229 -0.9997
vn 0.0395 0.0041 -0.9992
vn 0.0021 0.0085 -1.0000
vn -0.0105 -0.0009 -0.9999
vn -0.0052 -0.0043 -1.0000
vn -0.0051 -0.0043 -1.0000
vn -0.0044 -0.0048 -1.0000
vn 0.0022 -0.0275 -0.9996
vn 0.0010 -0.0295 -0.9996
vn 0.0071 -0.0188 -0.9998
vn 0.0130 -0.0152 -0.9998
vn 0.9980 -0.0069 0.0633
vn 0.9997 0.0053 0.0234
vn 0.0044 0.0232 0.9997
vn 0.0056 0.0213 0.9998
vn 0.0056 0.0212 0.9998
vn 0.0059 0.0208 0.9998
vn -0.0081 0.0043 1.0000
vn -0.0084 0.0040 1.0000
vn -0.0088 0.0037 1.0000
vn 0.0179 -0.0163 0.9997
vn 0.0083 0.0021 1.0000
vn 0.0084 0.0021 1.0000
vn 0.0085 0.0023 1.0000
vn -0.0049 0.0070 1.0000
vn 0.0588 -0.0301 0.9978
vn 0.0082 0.0020 1.0000
vn 0.9997 -0.0194 -0.0172
vn 0.9998 0.0154 0.0152
vn -0.0166 0.0322 -0.9993
vn 0.0129 -0.0207 -0.9997
vn 0.0182 -0.0124 -0.9998
vn 0.0181 -0.0126 -0.9998
vn 0.0011 0.0116 -0.9999
vn 0.0189 -0.0115 -0.9998
vn 0.0302 -0.0029 -0.9995
vn 0.0167 0.0055 -0.9998
vn -0.0053 0.0170 -0.9998
vn -0.0065 0.0148 -0.9999
vn -0.0005 0.0263 -0.9997
vn -0.0251 -0.0099 -0.9996
vn 0.9984 0.0088 -0.0557
vn 0.9999 -0.0048 -0.0113
vn -0.0000 -0.0079 1.0000
vn 0.0009 -0.0095 1.0000
vn 0.0087 -0.0055 0.9999
vn 0.0005 -0.0088 1.0000
vn 0.0097 -0.0041 0.9999
vn 0.0212 -0.0050 0.9998
vn 0.0224 -0.0062 0.9997
vn 0.0155 -0.0000 0.9999
vn 0.0029 0.0316 0.9995
vn 0.0156 0.0006 0.9999
vn 0.0165 -0.0242 0.9996
vn -0.0231 0.0012 0.9997
vn -0.6518 0.0002 0.7584
vn -0.6526 0.0007 0.7577
vn -0.6556 0.0024 0.7551
vn -0.6564 0.0029 0.7544
vn 0.0835 -0.3452 -0.9348
vn 0.1233 -0.3172 -0.9403
vn 0.1814 -0.0004 -0.9834
vn 0.0459 0.3973 -0.9166
vn 0.0456 0.3974 -0.9165
vn 0.0458 0.3974 -0.9165
vn 0.0507 0.3937 -0.9178
vn 0.6052 0.4086 0.6832
vn 0.6013 -0.4000 0.6917
vn 0.6134 -0.3036 -0.7291
vn 0.9540 0.0554 -0.2947
vn 0.9269 -0.0689 -0.3688
vn 0.9524 0.0072 -0.3048
vn 0.6786 0.3456 -0.6481
vn -0.1741 0.0688 -0.9823
vn 0.3857 0.7371 -0.5549
vn -0.0233 0.8360 0.5482
vn 0.4648 0.1122 0.8783
vn -0.3260 -0.8532 0.4072
vn 0.2906 -0.7883 -0.5424
vn 0.9990 -0.0213 0.0392
vn 0.9829 -0.1828 -0.0239
vn 0.9950 0.0569 -0.0818
vn 0.1048 -0.9825 -0.1538
vn -0.1187 -0.5894 0.7991
vn 0.1276 -0.1343 0.9827
vn 0.0755 0.9248 0.3729
vn 0.1749 0.8260 0.5359
vn 0.0176 0.6430 -0.7657
vn 0.0613 0.4443 -0.8938
vn -0.0682 -0.8007 -0.5951
vn 0.2651 0.6545 0.7080
vn 0.2957 -0.5395 0.7883
vn 0.2728 -0.6393 0.7190
vn 0.4340 0.8867 -0.1593
vn -0.6398 0.7571 0.1324
vn -0.9745 0.1410 -0.1743
vn -0.8948 -0.4355 0.0980
vn -0.1797 -0.9793 -0.0930
vn 0.1668 -0.9838 0.0654
vn 0.9871 -0.1364 -0.0837
vn 0.9139 -0.3865 0.1238
vn 0.3989 0.9077 -0.1302
vn 0.4339 0.8865 -0.1606
vn -0.6397 0.7570 0.1335
vn -0.9743 0.1410 -0.1758
vn -0.8947 -0.4355 0.0989
vn -0.1797 -0.9792 -0.0938
vn 0.1668 -0.9838 0.0660
vn 0.9871 -0.1364 -0.0844
vn 0.9138 -0.3865 0.1248
vn 0.3989 0.9076 -0.1313
vn 0.0251 0.5962 0.8024
vn -0.0023 0.8416 -0.5402
vn -0.0470 0.7078 -0.7048
vn -0.0312 -0.7624 -0.6464
vn -0.0314 -0.7630 -0.6457
vn -0.0310 -0.7615 -0.6474
vn -0.0309 -0.7609 -0.6481
vn 0.0099 -0.8261 0.5634
vn -0.0780 -0.2243 0.9714
vn 0.9874 0.1059 0.1172
vn 0.9749 -0.0802 0.2079
vn 0.9905 -0.1217 0.0633
vn 0.9765 0.0816 0.1995
vn 0.9959 0.0843 0.0340
vn 0.3309 0.0084 0.9436
vn -0.7496 -0.0566 0.6595
vn 0.2171 0.4212 0.8806
vn 0.6103 -0.0192 0.7919
vn 0.5095 -0.4133 0.7547
vn 0.7882 0.0387 0.6143
vn 0.9984 0.0273 0.0490
vn 0.9932 -0.0205 0.1144
vn -0.5434 -0.0004 0.8395
vn -0.8984 0.0156 0.4390
vn -0.9994 0.0060 -0.0340
vn 0.8312 -0.0455 -0.5541
vn -0.4647 0.1130 -0.8782
vn -0.7935 0.0023 -0.6085
vn 0.4677 0.0031 0.8839
vn 0.1422 0.1082 0.9839
vn 0.9119 -0.1975 -0.3598
vn 0.9910 -0.1284 -0.0383
vn -0.4829 -0.0909 0.8709
vn 0.0231 0.0645 0.9976
vn -0.1288 -0.9909 -0.0380
vn -0.5862 0.6648 -0.4630
vn -0.3882 -0.5478 -0.7411
vn 0.9408 0.0166 -0.3387
vn 0.9556 -0.1585 -0.2483
vn 0.8776 -0.0268 -0.4786
vn 0.1764 0.8919 -0.4164
vn 0.1089 0.9939 -0.0155
vn -0.9159 0.1442 0.3747
vn -0.9915 -0.1115 -0.0664
vn -0.0900 -0.9946 0.0517
vn -0.1966 -0.9799 -0.0337
vn -0.4591 -0.3228 -0.8276
vn -0.9855 0.0063 -0.1694
vn -0.2898 0.2844 -0.9139
vn 0.5394 0.1090 -0.8349
vn -0.3293 -0.2775 -0.9025
vn 0.5016 -0.0359 -0.8643
vn -0.1530 -0.0051 -0.9882
vn 0.2872 0.0081 -0.9578
vn 0.9683 -0.0036 -0.2499
vn 0.6039 0.0065 0.7970
vn 0.4778 0.0020 0.8785
vn -0.8703 -0.0035 0.4925
vn -0.9755 0.0051 0.2199
vn 0.0520 -0.9986 0.0134
vn -0.0113 -0.9999 0.0076
vn -0.0136 -0.9999 0.0014
vn -0.0078 -1.0000 0.0037
vn -0.0084 -1.0000 -0.0018
vn -0.0161 -0.9999 0.0007
vn 0.0144 -0.9997 0.0186
vn 0.0162 -0.9995 0.0272
vn 0.0147 -0.9997 0.0190
vn 0.0167 -0.9994 0.0298
vn 0.1548 -0.9129 -0.3777
vn 0.0283 -0.9995 0.0157
vn 0.0188 -0.9985 0.0514
vn 0.0075 -1.0000 0.0056
vn 0.0061 -1.0000 0.0026
vn 0.0058 -1.0000 -0.0001
vn 0.0083 -1.0000 0.0007
vn 0.0265 -0.9978 -0.0601
vn 0.0080 -1.0000 0.0051
vn 0.0147 -0.9999 0.0041
vn 0.0128 -0.9999 -0.0011
vn 0.8198 -0.5727 0.0014
vn -0.0095 -0.9988 0.0471
vn 0.1137 -0.9895 -0.0893
vn -0.0191 -0.9995 0.0243
vn 0.0043 -1.0000 0.0038
vn 0.0037 -1.0000 0.0031
vn -0.0011 -1.0000 0.0032
vn 0.0127 -0.9999 0.0095
vn 0.0453 -0.9923 0.1150
vn -0.1267 -0.9452 -0.3009
vn -0.0227 -0.9993 0.0290
vn -0.0139 -0.9979 0.0635
vn 0.0058 -0.9982 0.0598
vn -0.0055 -0.9996 -0.0261
vn -0.0143 -0.9999 0.0056
vn -0.0093 -1.0000 0.0028
vn -0.0098 -0.9988 -0.0484
vn -0.0393 -0.9986 -0.0367
vn 0.1255 -0.9918 0.0236
vn -0.0026 -1.0000 0.0092
vn -0.0224 -0.9993 0.0311
vn -0.0229 -0.9991 0.0370
vn -0.0228 -0.9991 0.0352
vn -0.0223 -0.9993 0.0294
vn 0.0050 -0.9998 0.0168
vn 0.0076 -0.9998 0.0208
vn 0.0079 -0.9998 0.0206
vn 0.0443 -0.9990 -0.0078
vn -0.0110 -0.9995 -0.0285
vn 0.0089 -0.9992 0.0380
vn 0.0051 -0.9999 0.0138
vn 0.0051 -0.9999 0.0149
vn -0.0133 -0.9971 0.0754
vn 0.0275 -0.9994 -0.0197
vn 0.0025 -1.0000 -0.0069
vn 0.0005 -1.0000 -0.0021
vn -0.0001 -1.0000 -0.0021
vn 0.0038 -1.0000 -0.0032
vn 0.0050 -0.9999 -0.0124
vn 0.0003 -0.9993 0.0364
vn -0.0209 -0.9993 -0.0304
vn -0.0208 -0.9993 -0.0298
vn -0.0208 -0.9994 -0.0294
vn 0.0073 -0.9999 -0.0136
vn 0.0073 -0.9999 -0.0135
vn 0.0339 -0.9991 -0.0242
vn 0.0200 -0.8781 -0.4781
vn -0.0364 -0.9986 -0.0387
vn 0.0013 -0.9998 -0.0190
vn -0.0209 -0.9993 -0.0307
vn -0.0235 -0.9997 -0.0094
vn 0.0033 -1.0000 0.0020
vn 0.0031 -1.0000 0.0023
vn -0.0118 -0.9999 0.0114
vn -0.0030 -1.0000 0.0028
vn -0.0002 -1.0000 0.0018
vn 0.0003 -1.0000 -0.0002
vn 0.0002 -1.0000 -0.0002
vn 0.0239 -0.9988 0.0416
vn 0.0237 -0.9923 0.1213
vn -0.0235 0.9994 -0.0248
vn -0.0209 0.9995 -0.0253
vn -0.0233 0.9994 -0.0248
vn -0.0091 0.9999 0.0135
vn -0.0207 0.9995 -0.0253
vn -0.0282 0.9977 -0.0619
vn -0.0000 0.9993 0.0381
vn -0.0201 0.9991 0.0373
vn 0.0232 0.9984 0.0509
vn 0.0026 0.9997 -0.0236
vn -0.0162 0.9998 -0.0071
vn 0.0074 0.9999 -0.0133
vn 0.0203 0.9992 0.0330
vn 0.0206 0.9992 0.0331
vn 0.0163 0.9993 0.0333
vn 0.0213 0.9996 -0.0198
vn 0.0221 0.9995 -0.0207
vn 0.0210 0.9996 -0.0197
vn 0.0087 0.9999 -0.0081
vn 0.0067 1.0000 -0.0067
vn 0.0099 0.9999 -0.0088
vn 0.0211 0.9996 -0.0195
vn 0.0058 1.0000 0.0046
vn 0.0048 1.0000 0.0072
vn 0.0011 1.0000 -0.0017
vn -0.0067 0.9996 -0.0283
vn 0.0059 0.9999 0.0116
vn 0.0009 1.0000 0.0055
vn 0.0011 0.9999 0.0111
vn 0.0162 0.9993 0.0335
vn -0.0007 1.0000 0.0012
vn 0.0014 1.0000 0.0005
vn -0.0001 1.0000 0.0010
vn 0.0019 1.0000 0.0004
vn 0.0025 1.0000 0.0087
vn -0.0039 0.9999 0.0111
vn 0.0080 0.9998 -0.0190
vn -0.0072 0.9999 0.0096
vn 0.0016 0.9998 -0.0186
vn 0.0001 1.0000 0.0049
vn 0.0001 1.0000 0.0044
vn 0.0378 0.9987 -0.0335
vn -0.0123 0.9999 -0.0115
vn -0.0130 0.9998 -0.0119
vn -0.0088 0.9999 -0.0088
vn 0.0085 0.9998 0.0174
vn -0.0068 1.0000 -0.0071
vn -0.0098 0.9999 -0.0094
vn 0.0057 1.0000 -0.0020
vn -0.0033 1.0000 0.0005
vn -0.0373 0.9988 -0.0321
vn 0.0026 0.9980 -0.0624
vn 0.0018 0.9995 -0.0302
vn -0.0712 0.9973 0.0168
vn 0.0080 0.9999 0.0091
vn -0.0604 0.9773 -0.2031
vn 0.0057 1.0000 -0.0061
vn 0.0191 0.9998 -0.0002
vn 0.0126 0.9998 -0.0146
vn -0.3977 -0.0011 -0.9175
vn -0.4754 0.0025 -0.8798
vn 0.9863 -0.0051 -0.1649
vn 0.9149 0.0124 0.4036
vn -0.3402 -0.0113 0.9403
vn -0.7811 0.0041 0.6244
vn -0.2679 0.1015 0.9581
vn -0.3354 -0.0131 0.9420
vn -0.2862 0.0248 0.9579
vn -0.2763 -0.1690 0.9461
vn -0.2944 -0.0397 0.9549
vn -0.3553 0.0092 0.9347
vn -0.3661 -0.0625 0.9285
vn -0.3218 -0.0057 0.9468
vn 0.2071 -0.0115 -0.9782
vn 0.2421 -0.0306 -0.9698
vn 0.3217 0.0340 -0.9462
vn 0.2826 0.0153 0.9591
vn 0.3099 0.0037 0.9508
vn 0.2735 -0.0174 0.9617
vn 0.3708 0.0057 0.9287
vn 0.3621 -0.0055 0.9321
vn -0.1413 0.1486 -0.9787
vn 0.9466 -0.3199 0.0401
vn 0.7353 0.0721 -0.6739
vn 0.0651 0.9451 0.3201
vn -0.6642 0.6795 -0.3116
vn -0.6615 -0.4994 0.5595
vn -0.9936 0.0376 -0.1068
vn -0.3861 -0.8883 -0.2489
vn -0.1909 0.4189 -0.8877
vn -0.6672 -0.1675 -0.7258
vn -0.9957 -0.0697 -0.0615
vn 0.1133 -0.6631 -0.7399
vn -0.3797 -0.0046 -0.9251
vn -0.2527 0.0523 -0.9661
vn -0.2323 0.0443 -0.9716
vn -0.0399 -0.2467 0.9683
vn -0.0001 -0.5740 0.8189
vn 0.0011 -0.0013 1.0000
vn -0.0009 -0.0025 1.0000
vn 0.0008 -0.0015 1.0000
vn -0.0011 -0.0027 1.0000
vn -0.8480 0.0037 0.5300
vn -0.8765 0.0006 0.4814
vn 0.9614 0.2479 -0.1195
vn 0.9230 0.2360 0.3040
vn 0.8966 -0.2428 0.3705
vn 0.9417 -0.2964 0.1590
vn 0.9486 -0.1243 0.2910
vn 0.7800 -0.0828 0.6202
vn 1.0000 0.0023 -0.0034
vn 0.9999 -0.0101 0.0110
vn 0.9533 0.0101 0.3018
vn 0.9490 -0.0020 0.3152
vn -0.3959 -0.0034 -0.9183
vn -0.3954 -0.0030 -0.9185
vn -0.3921 -0.0006 -0.9199
vn -0.3916 -0.0003 -0.9201
vn -0.9999 0.0002 -0.0105
vn -0.9999 -0.0000 -0.0104
vn -0.9999 -0.0000 -0.0103
vn -0.9999 -0.0002 -0.0102
vn -0.9695 -0.0231 -0.2441
vn -0.6882 -0.0178 -0.7253
vn -0.9997 0.0237 -0.0015
vn -1.0000 -0.0000 -0.0052
vn -1.0000 -0.0003 -0.0051
vn -1.0000 0.0001 -0.0052
vn -1.0000 0.0006 -0.0052
vn -0.9996 -0.0293 0.0037
vn 0.2879 -0.0885 -0.9536
vn 0.3132 -0.0021 -0.9497
vn 0.3059 -0.0075 -0.9520
vn 0.3064 -0.0069 -0.9519
vn 0.3340 -0.0164 -0.9424
vn 0.2884 0.0715 -0.9548
vn 0.3138 -0.0019 -0.9495
vn 0.6154 -0.0033 -0.7882
vn 0.6195 0.0147 -0.7849
vn 0.0393 0.0090 -0.9992
vn 0.0391 0.0091 -0.9992
vn 0.0384 0.0096 -0.9992
vn 0.0180 0.0360 -0.9992
vn 0.0054 0.0155 -0.9999
vn 0.0433 0.0060 -0.9990
vn -0.0105 -0.0001 -0.9999
vn -0.0124 0.0010 -0.9999
vn -0.0126 0.0010 -0.9999
vn -0.0128 0.0013 -0.9999
vn 0.0162 -0.0210 -0.9996
vn 0.0160 -0.0213 -0.9996
vn 0.0166 -0.0201 -0.9997
vn 0.0124 -0.0277 -0.9995
vn 0.9980 -0.0076 0.0633
vn 0.9998 0.0062 0.0187
vn 0.0068 -0.0106 0.9999
vn 0.0068 -0.0110 0.9999
vn 0.0067 -0.0096 0.9999
vn 0.0069 0.0163 0.9998
vn 0.0096 0.0121 0.9999
vn 0.0097 0.0119 0.9999
vn 0.0099 0.0114 0.9999
vn -0.0015 0.0035 1.0000
vn -0.0008 0.0042 1.0000
vn -0.0010 0.0039 1.0000
vn 0.0089 -0.0073 0.9999
vn 0.0086 -0.0069 0.9999
vn -0.0020 0.0030 1.0000
vn 0.0253 0.0002 0.9997
vn 0.9998 -0.0152 -0.0142
vn 0.9997 0.0169 0.0160
vn 0.0018 0.0006 -1.0000
vn 0.0015 0.0004 -1.0000
vn 0.0019 0.0005 -1.0000
vn 0.0124 -0.0136 -0.9998
vn 0.0089 -0.0195 -0.9998
vn 0.0087 -0.0198 -0.9998
vn 0.0080 -0.0210 -0.9997
vn 0.0060 0.0065 -1.0000
vn 0.0279 -0.0012 -0.9996
vn 0.0153 0.0070 -0.9999
vn 0.0163 0.0058 -0.9999
vn 0.0104 0.0132 -0.9999
vn 0.0072 0.0078 -0.9999
vn 0.0099 0.0131 -0.9999
vn 0.9981 0.0092 -0.0617
vn 0.9999 -0.0064 -0.0114
vn -0.0000 -0.0093 1.0000
vn -0.0002 -0.0089 1.0000
vn 0.0051 -0.0176 0.9998
vn -0.0008 -0.0081 1.0000
vn 0.0131 -0.0038 0.9999
vn 0.0127 -0.0054 0.9999
vn 0.0135 -0.0046 0.9999
vn -0.0090 0.0028 1.0000
vn -0.0086 0.0031 1.0000
vn -0.0088 0.0029 1.0000
vn 0.0164 -0.0005 0.9999
vn 0.0035 0.0218 0.9998
vn -0.0127 0.0006 0.9999
vn -0.6465 -0.0001 0.7629
vn -0.6478 0.0007 0.7618
vn -0.6523 0.0034 0.7579
vn -0.6536 0.0041 0.7568
vn -0.0914 -0.4927 -0.8654
vn 0.1593 -0.3194 -0.9341
vn 0.1918 -0.0024 -0.9814
vn 0.0208 0.3994 -0.9165
vn -0.0387 0.4384 -0.8980
vn 0.7330 -0.1794 0.6562
vn 0.6135 -0.3036 -0.7290
vn 0.9264 0.0546 -0.3725
vn 0.9158 0.2086 -0.3431
vn 0.0949 0.3818 -0.9193
vn 0.2915 0.8261 0.4824
vn 0.2615 0.8176 0.5130
vn 0.0922 -0.2983 0.9500
vn 0.4381 -0.7744 0.4566
vn -0.2453 -0.7419 -0.6240
vn 0.2683 -0.0929 -0.9588
vn 0.4936 0.3802 -0.7822
vn 0.9973 -0.0731 0.0096
vn 0.1367 -0.9873 -0.0810
vn -0.0522 -0.6185 0.7840
vn 0.1245 -0.2975 0.9466
vn 0.0581 0.9236 0.3788
vn 0.1523 0.8356 0.5278
vn 0.0033 0.6648 -0.7470
vn 0.0594 0.4227 -0.9043
vn -0.0626 -0.7557 -0.6519
vn 0.1871 0.8498 0.4927
vn -0.1309 0.9165 -0.3780
vn 0.2641 -0.6712 0.6926
vn 0.2943 -0.5489 0.7824
vn 0.4373 -0.7082 -0.5543
vn 0.3234 -0.8591 -0.3967
vn 0.0040 -0.5849 -0.8111
vn -0.0716 0.9866 0.1463
vn -0.7210 0.6577 -0.2180
vn -0.9686 -0.1492 0.1991
vn -0.4733 -0.8626 -0.1786
vn 0.3132 -0.9368 0.1562
vn 0.8122 -0.5748 -0.0997
vn 0.9666 0.2409 0.0873
vn 0.7694 0.6300 -0.1052
vn -0.0716 0.9865 0.1475
vn -0.7207 0.6574 -0.2198
vn -0.9682 -0.1491 0.2008
vn -0.4731 -0.8624 -0.1801
vn 0.3131 -0.9366 0.1575
vn 0.8121 -0.5748 -0.1006
vn 0.9666 0.2409 0.0881
vn 0.7693 0.6300 -0.1061
vn 0.0055 0.3745 0.9272
vn -0.0699 0.8139 -0.5768
vn -0.0134 0.9732 -0.2296
vn 0.0197 -0.2148 -0.9765
vn -0.0507 -0.6902 -0.7218
vn 0.0177 -0.8810 0.4728
vn -0.0775 -0.2825 0.9561
vn -0.2908 -0.8949 0.3385
vn 0.9898 0.0962 0.1053
vn 0.9711 -0.0883 0.2219
vn 0.9857 -0.1302 0.1065
vn 0.9727 0.0527 0.2262
vn -0.9730 -0.0268 0.2293
vn -0.8961 0.0048 0.4438
vn 0.5066 0.3584 0.7841
vn 0.3527 -0.0110 0.9357
vn -0.0519 -0.4217 0.9053
vn 0.9940 0.0271 0.1063
vn 0.9943 0.0297 0.1028
vn 0.9940 0.0270 0.1059
vn 0.9942 0.0302 0.1030
vn -0.8625 0.0006 0.5060
vn -0.9026 0.0049 0.4305
vn -0.0282 0.5457 0.8375
vn -0.0002 0.2735 0.9619
vn 0.0002 -0.9987 -0.0507
vn 0.0003 -0.9986 -0.0523
vn 0.0003 -0.9987 -0.0514
vn 0.0004 -0.9986 -0.0529
vn -0.0012 0.9986 -0.0536
vn 0.0006 0.9995 -0.0305
vn 0.7346 -0.0851 -0.6732
vn -0.4623 0.1509 -0.8738
vn -0.9815 -0.0410 -0.1868
vn 0.4670 0.0549 0.8826
vn 0.2031 0.1324 0.9702
vn 0.9753 -0.0916 0.2011
vn -0.9260 -0.1054 0.3626
vn -0.4876 -0.2018 0.8494
vn 0.6131 0.0688 0.7870
vn -0.0318 -0.9710 -0.2369
vn 0.8464 0.0026 0.5326
vn 0.8692 0.0001 0.4945
vn -0.9881 -0.1041 0.1134
vn -0.9980 0.0308 0.0556
vn -0.9944 0.0020 0.1060
vn -0.9774 -0.0795 0.1956
vn -0.9087 -0.0804 0.4097
vn -0.5894 0.4500 0.6710
vn -0.8975 0.0958 0.4304
vn -0.8945 0.0983 0.4361
vn -0.8997 0.0940 0.4263
vn -0.9005 0.0933 0.4248
vn -0.9175 -0.1161 0.3804
vn -0.9493 0.0009 0.3142
vn -0.9532 -0.0102 0.3021
vn -0.9999 0.0101 0.0099
vn -1.0000 -0.0013 -0.0033
vn 0.3926 0.0001 -0.9197
vn 0.3925 0.0001 -0.9197
vn 0.9999 -0.0001 -0.0102
vn 0.9999 -0.0002 -0.0103
vn 0.9999 -0.0003 -0.0104
vn 0.9990 0.0123 0.0419
vn 0.9990 0.0122 0.0418
vn 0.9991 0.0121 0.0416
vn 0.9990 0.0130 0.0423
vn 0.9983 -0.0472 0.0340
vn -0.2630 -0.0221 -0.9645
vn 0.9951 0.0331 -0.0928
vn 0.9971 0.0374 -0.0662
vn 0.9988 -0.0371 -0.0334
vn -0.3718 -0.0621 -0.9263
vn -0.2985 0.0963 -0.9495
vn -0.3159 -0.0068 -0.9488
vn -0.3272 -0.0223 -0.9447
vn -0.6183 0.0199 -0.7857
vn -0.6228 0.0028 -0.7824
vn 0.0230 -0.0113 -0.9997
vn -0.0193 -0.0191 -0.9996
vn 0.0053 0.0011 -1.0000
vn -0.0421 0.0106 -0.9991
vn -0.0426 0.0103 -0.9990
vn -0.0426 0.0102 -0.9990
vn -0.0471 0.0069 -0.9989
vn -0.0119 -0.0322 -0.9994
vn 0.0204 0.0113 -0.9997
vn -0.0183 0.0521 -0.9985
vn -0.9980 0.0061 0.0622
vn -0.9998 -0.0072 0.0177
vn -0.0091 0.0099 0.9999
vn -0.0070 0.0072 0.9999
vn -0.0030 0.0013 1.0000
vn -0.0108 -0.0055 0.9999
vn -0.0038 -0.0190 0.9998
vn -0.0112 -0.0062 0.9999
vn -0.0025 0.0015 1.0000
vn -0.0099 0.0128 0.9999
vn -0.0098 0.0130 0.9999
vn -0.0084 -0.0268 0.9996
vn -0.0092 -0.0255 0.9996
vn -0.0382 -0.0052 0.9993
vn -0.9998 -0.0144 0.0155
vn -0.9997 0.0183 -0.0153
vn -0.0093 0.0078 -0.9999
vn -0.0075 0.0051 -1.0000
vn -0.0102 0.0101 -0.9999
vn -0.0097 -0.0058 -0.9999
vn 0.0001 0.0241 -0.9997
vn -0.0433 -0.0052 -0.9990
vn 0.0010 -0.0356 -0.9994
vn -0.0120 -0.0075 -0.9999
vn -0.0108 -0.0065 -0.9999
vn -0.0144 -0.0119 -0.9998
vn -0.9984 -0.0089 -0.0559
vn -0.9999 0.0042 -0.0131
vn -0.0177 -0.0004 0.9998
vn -0.0184 0.0001 0.9998
vn -0.0175 -0.0002 0.9998
vn -0.0139 -0.0065 0.9999
vn -0.0058 -0.0212 0.9998
vn 0.0116 0.0011 0.9999
vn 0.0125 -0.0006 0.9999
vn 0.0124 0.0018 0.9999
vn -0.0129 -0.0075 0.9999
vn 0.0103 -0.0062 0.9999
vn 0.0097 -0.0058 0.9999
vn -0.0067 0.0191 0.9998
vn 0.6531 -0.0012 0.7573
vn 0.6528 -0.0010 0.7576
vn 0.6517 -0.0004 0.7585
vn 0.6514 -0.0002 0.7588
vn -0.1588 -0.0429 -0.9864
vn -0.0140 -0.2570 -0.9663
vn -0.1167 -0.4327 -0.8940
vn -0.0595 0.3991 -0.9150
vn 0.0401 0.4742 -0.8795
vn -0.2161 -0.4222 0.8804
vn -0.4790 -0.4309 0.7648
vn -0.4437 -0.0953 0.8911
vn -0.6332 0.1081 0.7664
vn -0.7127 -0.1668 -0.6813
vn -0.6719 0.3422 -0.6568
vn -0.9475 0.0319 -0.3181
vn -0.9092 -0.0274 -0.4155
vn -0.9700 -0.1486 -0.1926
vn -0.6425 0.0766 -0.7625
vn -0.8083 0.0730 -0.5843
vn -0.1323 -0.9043 0.4059
vn -0.1341 -0.9040 0.4059
vn -0.1327 -0.9043 0.4058
vn -0.1987 -0.8630 0.4644
vn -0.2272 0.3590 0.9052
vn 0.2421 0.8020 0.5460
vn -0.1470 0.9626 -0.2277
vn 0.1829 -0.2093 -0.9606
vn -0.0591 0.0202 -0.9980
vn -0.9253 0.3203 -0.2030
vn -0.9975 -0.0503 -0.0503
vn -0.9959 0.0130 0.0898
vn 0.0145 -0.8127 -0.5824
vn -0.0040 -0.6266 0.7793
vn -0.1359 -0.9038 0.4058
vn -0.0830 -0.6247 -0.7765
vn -0.0270 0.8443 -0.5351
vn 0.0527 0.7292 -0.6823
vn 0.0341 0.6845 0.7282
vn -0.0461 0.3881 0.9205
vn -0.0440 0.6591 -0.7508
vn 0.0492 0.9932 -0.1059
vn -0.0481 0.2074 0.9771
vn 0.0573 -0.3874 0.9201
vn -0.0395 -0.9521 -0.3031
vn 0.0453 -0.5709 -0.8198
vn -0.4522 -0.6796 -0.5776
vn -0.3055 -0.8767 -0.3717
vn 0.0061 -0.6882 -0.7255
vn -0.2623 -0.6789 0.6858
vn -0.2726 0.6393 0.7191
vn -0.2925 0.5542 0.7793
vn -0.7804 0.6238 -0.0441
vn -0.8551 0.5147 0.0626
vn -0.4998 -0.8647 -0.0496
vn -0.4652 -0.8850 -0.0194
vn 0.8448 -0.5340 0.0332
vn 0.8929 -0.4494 -0.0289
vn 0.6707 0.7415 0.0184
vn 0.6712 0.7410 0.0189
vn 0.6714 0.7408 0.0191
vn 0.6716 0.7406 0.0193
vn -0.7803 0.6238 -0.0445
vn -0.8551 0.5147 0.0632
vn -0.4998 -0.8647 -0.0500
vn -0.4652 -0.8850 -0.0196
vn 0.8448 -0.5340 0.0335
vn 0.8929 -0.4494 -0.0292
vn 0.6707 0.7415 0.0185
vn 0.6712 0.7410 0.0191
vn 0.6716 0.7407 0.0193
vn 0.6716 0.7406 0.0195
vn -0.7322 -0.0062 0.6810
vn 0.0544 0.4059 0.9123
vn -0.9938 -0.0282 0.1078
vn -0.9936 -0.0266 0.1094
vn -0.9936 -0.0265 0.1095
vn -0.9935 -0.0249 0.1111
vn 0.5694 -0.0089 0.8220
vn 0.9157 0.0001 0.4019
vn 0.5755 -0.0556 0.8159
vn 0.9521 -0.2772 0.1289
vn -0.9276 -0.0445 -0.3708
vn -0.6421 0.1416 0.7534
vn -0.3568 -0.0034 0.9342
vn 0.5769 -0.7815 -0.2378
vn 0.8568 0.5145 -0.0336
vn 0.3330 0.4854 -0.8084
vn -0.9605 -0.2642 -0.0874
vn -0.5508 0.4999 -0.6684
vn -0.7226 -0.5437 -0.4268
vn 0.4486 -0.7082 0.5451
vn 0.3255 -0.9214 -0.2123
vn 0.8349 0.5239 -0.1689
vn 0.6364 -0.1886 -0.7479
vn 0.1252 0.6592 -0.7415
vn -0.1489 -0.2430 -0.9585
vn -0.4307 -0.4897 -0.7581
vn -0.1569 0.1243 -0.9798
vn 0.2209 -0.1096 -0.9691
vn -0.9953 0.0147 0.0958
vn -0.9468 -0.0141 0.3214
vn -0.8193 0.0160 0.5731
vn -0.6416 -0.0207 0.7668
vn -0.2687 0.0235 0.9629
vn -0.0107 -0.0211 0.9997
vn 0.3585 0.0183 0.9334
vn 0.5886 -0.0183 0.8082
vn 0.8147 0.0155 0.5797
vn 0.9490 -0.0166 0.3148
vn 0.9868 0.0061 0.1619
vn 0.9798 0.0036 -0.1998
vn 0.9795 0.0038 -0.2016
vn 0.9805 0.0031 -0.1965
vn 0.9809 0.0029 -0.1947
vn 0.8013 -0.0047 -0.5982
vn 0.7996 -0.0040 -0.6005
vn 0.8048 -0.0060 -0.5935
vn 0.8066 -0.0067 -0.5910
vn 0.4606 0.0137 -0.8875
vn 0.3025 -0.0102 -0.9531
vn -0.0085 0.0213 -0.9997
vn -0.2611 -0.0085 -0.9653
vn -0.5692 0.0069 -0.8222
vn -0.5717 0.0076 -0.8204
vn -0.5642 0.0055 -0.8256
vn -0.5618 0.0049 -0.8273
vn -0.9218 -0.0043 -0.3876
vn -0.9207 -0.0050 -0.3902
vn -0.9243 -0.0027 -0.3817
vn -0.9254 -0.0019 -0.3789
vn -0.9680 0.0235 0.2499
vn 0.0003 -1.0000 0.0002
vn 0.0002 -1.0000 0.0004
vn 0.0004 -1.0000 0.0001
vn -0.0621 -0.9947 0.0824
vn 0.0004 -1.0000 0.0002
vn -0.0011 1.0000 -0.0005
vn -0.0013 1.0000 0.0002
vn -0.0006 1.0000 -0.0012
vn -0.0033 0.9990 -0.0447
vn -0.0336 0.9985 0.0424
vn -0.0007 1.0000 -0.0014
vn -0.9748 -0.0005 0.2230
vn -0.9747 -0.0010 0.2235
vn -0.9749 -0.0003 0.2228
vn -0.9749 -0.0002 0.2224
vn -0.9749 -0.0001 0.2226
vn -0.9750 -0.0005 0.2222
vn 0.0192 -0.0000 0.9998
vn 0.0290 0.0013 0.9996
vn 0.0228 0.0005 0.9997
vn 0.0326 0.0018 0.9995
vn 0.4820 0.0016 0.8762
vn 0.4753 0.0011 0.8798
vn 0.4794 0.0014 0.8776
vn 0.4727 0.0009 0.8812
vn 0.9928 -0.0011 -0.1200
vn 0.9920 -0.0005 -0.1264
vn 0.9925 -0.0008 -0.1224
vn 0.9917 -0.0002 -0.1288
vn 0.9428 0.0001 0.3335
vn 0.9426 -0.0002 0.3339
vn 0.9423 -0.0000 0.3346
vn 0.9422 -0.0031 0.3351
vn 0.9421 -0.0016 0.3353
vn 0.9426 -0.0003 0.3338
vn 0.9373 0.0008 0.3485
vn 0.9367 0.0017 0.3502
vn 0.9378 0.0002 0.3472
vn 0.9397 0.0045 0.3419
vn -0.3539 -0.0001 -0.9353
vn -0.3669 0.0046 -0.9302
vn -0.4746 0.0081 0.8801
vn -0.3213 -0.0077 -0.9469
vn 0.4747 0.0079 -0.8801
vn 0.3213 -0.0071 0.9469
vn 0.3569 0.0046 -0.9341
vn 0.3571 0.0096 -0.9340
vn 0.3610 0.0113 -0.9325
vn 0.3559 -0.0059 -0.9345
vn 0.3847 0.0024 -0.9230
vn 0.3715 -0.0613 -0.9264
vn 0.3617 -0.0021 -0.9323
vn 0.3419 -0.0158 -0.9396
vn 0.3556 -0.0003 -0.9346
vn 0.3492 0.0014 -0.9370
vn 0.3556 0.0018 -0.9346
vn 0.3473 0.0024 -0.9377
vn -0.6718 -0.0981 0.7342
vn -0.7545 -0.6497 0.0926
vn -0.0592 -0.6485 0.7589
vn -0.1152 -0.4910 0.8635
vn 0.9425 0.1257 0.3097
vn -0.1115 0.2570 0.9600
vn -0.0728 0.4440 0.8931
vn -0.2926 0.8680 -0.4012
vn -0.9285 0.1105 0.3545
vn -0.1702 -0.7148 0.6783
vn 0.0847 -0.2900 -0.9533
vn -0.8903 -0.0529 0.4523
vn 0.0884 0.6662 -0.7405
vn -0.3922 0.9137 -0.1062
vn 0.9794 0.1071 0.1713
vn 0.8954 0.1754 -0.4093
vn 0.2873 -0.1877 0.9393
vn 0.2988 -0.6385 -0.7092
vn 0.1118 -0.9734 0.2001
vn -0.7461 0.0701 -0.6622
vn -0.2630 -0.0695 -0.9623
vn -0.3489 0.7821 0.5162
vn 0.7162 0.4064 -0.5673
vn 0.6559 0.1551 -0.7388
vn -0.0123 0.0707 0.9974
vn 0.4215 0.4176 0.8050
vn 0.2309 0.8806 0.4138
vn -0.3812 0.3614 0.8509
vn -0.5054 0.6971 0.5086
vn -0.7530 0.2460 -0.6103
vn -0.6101 -0.1052 0.7853
vn -0.6773 -0.4353 0.5931
vn 0.2828 -0.9350 -0.2138
vn 0.4194 -0.2200 0.8807
vn 0.6436 -0.1048 -0.7582
vn 0.3552 -0.0052 -0.9348
vn 0.3573 -0.0122 -0.9339
vn 0.3522 -0.0112 -0.9359
vn 0.3477 -0.0101 -0.9376
vn 0.3495 -0.0051 -0.9369
vn 0.3452 -0.0068 -0.9385
vn 0.3399 0.0046 -0.9404
vn 0.3527 0.0014 -0.9357
vn 0.3508 -0.0002 -0.9365
vn 0.3505 0.0071 -0.9365
vn 0.3524 0.0066 -0.9358
vn 0.3545 0.0005 -0.9351
vn 0.3547 0.0028 -0.9350
vn 0.3550 0.0001 -0.9349
vn 0.3550 0.0002 -0.9348
vn -0.6705 0.7127 0.2062
vn -0.4082 0.4317 -0.8044
vn 0.4673 0.8267 0.3134
vn 0.8875 0.0073 -0.4608
vn 0.4422 -0.0920 -0.8922
vn 0.4259 -0.7516 0.5037
vn -0.4490 -0.4419 -0.7766
vn -0.6242 -0.5105 0.5914
vn 0.8198 0.5450 -0.1754
vn 0.4157 0.3426 0.8425
vn -0.3512 0.9344 -0.0594
vn -0.0695 0.0583 0.9959
vn -0.6529 -0.0996 0.7509
vn -0.1595 -0.8737 0.4596
vn 0.3879 -0.3382 0.8574
vn 0.7483 -0.6416 0.1688
vn -0.3326 0.0142 -0.9430
vn -0.3331 -0.0255 -0.9425
vn -0.3539 -0.0052 -0.9353
vn -0.3489 -0.0043 -0.9371
vn -0.3588 -0.0049 -0.9334
vn -0.3586 -0.0057 -0.9335
vn -0.3583 -0.0050 -0.9336
vn -0.3756 0.0001 -0.9268
vn -0.3710 0.0012 -0.9286
vn -0.3727 0.0008 -0.9280
vn -0.3773 -0.0002 -0.9261
vn -0.3688 0.0464 -0.9284
vn -0.3626 0.0128 -0.9319
vn -0.3469 0.0067 -0.9379
vn -0.4799 0.3568 -0.8015
vn -0.6662 0.5310 -0.5237
vn 0.7835 0.3987 0.4766
vn 0.2967 0.2359 -0.9254
vn 0.6260 -0.6841 0.3744
vn -0.2221 -0.4207 -0.8796
vn -0.4277 -0.7894 0.4404
vn -0.8138 0.0919 0.5738
vn -0.3840 -0.0925 0.9187
vn 0.0057 -0.1324 0.9912
vn -0.5929 -0.7970 0.1156
vn 0.5057 -0.4928 0.7081
vn 0.5043 -0.3149 0.8041
vn 0.9805 -0.1536 -0.1227
vn 0.5224 0.6962 -0.4924
vn 0.2360 0.2976 0.9250
vn -0.6357 0.7691 0.0663
vn -0.3513 0.0081 -0.9362
vn -0.3827 0.0473 -0.9227
vn -0.3187 0.0523 -0.9464
vn 0.4277 0.6464 -0.6319
vn 0.4277 0.6463 -0.6319
vn -0.3527 -0.0001 -0.9357
vn -0.3479 -0.0016 -0.9375
vn -0.3518 -0.0013 -0.9361
vn -0.3483 -0.0114 -0.9373
vn -0.3501 -0.0093 -0.9367
vn -0.3484 -0.0146 -0.9372
vn -0.3634 -0.0164 -0.9315
vn -0.3543 -0.0002 -0.9351
vn -0.3702 -0.0020 -0.9290
vn 0.6303 0.1374 0.7641
vn 0.8045 0.5872 0.0889
vn 0.3806 0.4444 0.8110
vn 0.3832 0.4882 0.7841
vn -0.8283 0.5048 0.2431
vn -0.8088 -0.4553 0.3721
vn 0.3183 -0.4748 0.8205
vn 0.4207 -0.3415 0.8405
vn 0.5140 -0.5026 -0.6951
vn 0.9597 -0.0236 0.2799
vn 0.6515 -0.0668 0.7557
vn -0.6390 0.0174 -0.7690
vn -0.3081 0.1888 0.9324
vn -0.0616 0.3358 0.9399
vn -0.3719 0.4257 -0.8249
vn -0.3228 0.4857 -0.8124
vn 0.6934 0.6751 -0.2519
vn 0.8519 -0.5132 0.1041
vn -0.3355 -0.5201 -0.7855
vn -0.3130 -0.5474 -0.7761
vn -0.2995 -0.5177 0.8014
vn -0.7480 -0.2356 -0.6204
vn -0.3483 -0.0048 -0.9374
vn -0.3453 -0.0082 -0.9385
vn -0.3498 -0.0037 -0.9368
vn -0.3452 0.0005 -0.9385
vn -0.3491 -0.0010 -0.9371
vn -0.3490 0.0026 -0.9371
vn -0.3616 -0.0081 -0.9323
vn -0.3613 -0.0080 -0.9324
vn -0.3614 -0.0080 -0.9324
vn -0.3480 0.0761 -0.9344
vn -0.3571 0.0281 -0.9336
vn -0.3521 0.0019 -0.9359
vn -0.3479 0.0048 -0.9375
vn -0.3522 0.0079 -0.9359
vn -0.3812 0.0199 -0.9243
vn -0.3620 -0.0083 -0.9321
vn -0.3540 -0.0842 -0.9315
vn -0.3533 -0.0229 -0.9352
vn -0.5513 -0.1415 0.8222
vn -0.5253 -0.4728 0.7075
vn 0.4948 -0.8535 -0.1632
vn 0.4357 0.2145 0.8742
vn -0.1570 0.2317 0.9600
vn 0.2261 0.6782 -0.6992
vn -0.7720 0.3445 0.5342
vn -0.8648 -0.0640 -0.4981
vn -0.5935 0.0506 0.8033
vn 0.3989 0.0414 0.9160
vn 0.6079 -0.0607 -0.7917
vn 0.5978 -0.7113 0.3698
vn -0.3070 -0.6069 0.7331
vn 0.0742 -0.2747 -0.9587
vn -0.6493 -0.2567 -0.7159
vn -0.5817 0.6593 0.4765
vn 0.5694 0.3549 -0.7415
vn 0.5666 0.4013 -0.7196
vn 0.4005 0.0139 -0.9162
vn 0.3931 0.0124 -0.9194
vn 0.3978 0.0133 -0.9174
vn 0.2870 -0.0044 -0.9579
vn 0.3510 0.0032 -0.9364
vn 0.1651 0.1723 -0.9711
vn 0.1644 0.1724 -0.9712
vn 0.1642 0.1721 -0.9713
vn 0.3696 -0.0301 -0.9287
vn 0.3587 -0.0026 -0.9334
vn 0.3587 0.0031 -0.9335
vn 0.3374 -0.0285 -0.9409
vn 0.3447 -0.0136 -0.9386
vn 0.3902 0.0119 -0.9207
vn 0.3551 0.0439 -0.9338
vn 0.3471 0.3143 -0.8836
vn -0.9850 0.1065 0.1355
vn -0.9464 0.1993 0.2543
vn 0.5080 -0.8377 -0.2004
vn 0.8183 -0.2210 0.5306
vn 0.4962 0.8259 -0.2677
vn -0.0343 -0.0426 -0.9985
vn -0.6324 -0.4813 -0.6070
vn 0.6624 -0.5183 0.5409
vn 0.5332 0.5627 -0.6318
vn -0.6642 0.5208 0.5363
vn 0.1086 -0.2842 0.9526
vn 0.3699 -0.5416 -0.7549
vn -0.5931 -0.4630 0.6587
vn -0.1045 -0.0404 -0.9937
vn -0.8291 0.5581 0.0345
vn 0.5117 0.8498 0.1268
vn 0.6824 0.1810 -0.7082
vn -0.6377 -0.1322 0.7588
vn -0.6704 -0.4797 0.5661
vn 0.1839 -0.9801 -0.0746
vn 0.3915 -0.1764 0.9031
vn 0.0335 0.0527 0.9980
vn 0.5626 0.7005 -0.4390
vn -0.3739 0.3086 0.8746
vn -0.4359 0.2794 -0.8555
vn 0.4109 -0.0168 -0.9115
vn 0.3623 -0.0044 -0.9321
vn 0.3712 -0.0981 -0.9233
vn 0.3563 -0.0006 -0.9344
vn 0.3535 -0.0029 -0.9354
vn 0.3556 -0.0012 -0.9347
vn 0.3525 -0.0037 -0.9358
vn 0.1383 0.0974 -0.9856
vn 0.3019 0.0371 -0.9526
vn 0.6270 0.5839 -0.5156
vn 0.3478 0.0087 -0.9375
vn 0.0462 -0.4115 0.9102
vn 0.3376 -0.3699 -0.8655
vn -0.5959 -0.6661 0.4485
vn -0.8981 0.1875 -0.3977
vn 0.0494 0.1947 -0.9796
vn -0.3621 0.9075 0.2131
vn 0.1679 0.7044 0.6897
vn 0.7817 0.1071 -0.6144
vn 0.7922 0.1167 -0.5990
vn 0.5105 0.8596 0.0220
vn -0.3481 0.3141 0.8832
vn -0.5197 0.8237 0.2268
vn -0.9818 0.1738 0.0767
vn -0.6435 -0.0482 0.7639
vn -0.7343 -0.6713 -0.1003
vn 0.2000 -0.9769 0.0756
vn -0.0899 -0.1045 0.9905
vn 0.1776 -0.3413 0.9230
vn 0.4011 -0.0098 -0.9160
vn 0.4456 -0.0282 -0.8948
vn 0.3526 -0.0011 -0.9358
vn 0.3598 -0.0222 -0.9328
vn 0.3497 -0.0079 -0.9368
vn 0.1874 -0.1584 -0.9694
vn 0.3521 -0.0004 -0.9360
vn 0.2819 0.0158 -0.9593
vn 0.3515 0.0028 -0.9362
vn 0.3508 0.0043 -0.9365
vn 0.3541 -0.0032 -0.9352
vn 0.3524 0.0037 -0.9358
vn 0.3609 -0.0015 -0.9326
vn 0.3917 0.0697 -0.9174
vn -0.7001 -0.1193 -0.7040
vn -0.0848 0.2406 0.9669
vn -0.2968 0.4953 -0.8165
vn 0.6199 0.4671 0.6306
vn 0.1414 -0.1622 -0.9766
vn 0.5212 -0.4800 -0.7057
vn -0.0321 -0.6928 0.7204
vn -0.3557 0.0005 -0.9346
vn -0.3533 0.0043 -0.9355
vn -0.3558 -0.0004 -0.9346
vn -0.3557 -0.0004 -0.9346
vn -0.3458 -0.0184 -0.9381
vn -0.3664 -0.0132 -0.9304
vn -0.3641 -0.0085 -0.9313
vn -0.3651 -0.0102 -0.9309
vn -0.3671 -0.0150 -0.9300
vn -0.4110 0.0174 -0.9115
vn -0.3580 0.0009 -0.9337
vn -0.3595 0.0237 -0.9328
vn -0.3550 0.0039 -0.9349
vn -0.3533 0.0053 -0.9355
vn 0.7617 0.4994 0.4128
vn -0.2476 0.9592 -0.1364
vn -0.1098 0.1647 0.9802
vn -0.0641 0.1276 0.9898
vn -0.5747 -0.8184 -0.0051
vn 0.3206 -0.3698 0.8720
vn 0.5424 -0.8179 -0.1920
vn 0.9213 -0.0553 0.3849
vn 0.6656 0.0975 0.7399
vn -0.3892 0.6416 0.6610
vn 0.3649 0.8022 -0.4726
vn 0.0094 0.1814 -0.9834
vn 0.9797 -0.0332 0.1977
vn 0.3091 -0.8233 -0.4761
vn -0.1059 -0.5355 -0.8379
vn 0.0421 -0.6718 0.7396
vn -0.8927 -0.2068 -0.4004
vn -0.7144 -0.0635 -0.6968
vn 0.0756 -0.1097 0.9911
vn -0.2327 -0.8836 0.4064
vn 0.4566 -0.7367 -0.4988
vn 0.6213 0.0758 0.7799
vn 0.8901 0.4109 0.1973
vn 0.2879 0.9574 -0.0224
vn 0.1772 0.3531 0.9187
vn 0.1467 0.4646 0.8733
vn -0.9944 0.0987 0.0381
vn -0.3961 0.0017 -0.9182
vn -0.3981 0.0020 -0.9173
vn -0.3965 0.0018 -0.9180
vn -0.3984 0.0021 -0.9172
vn -0.3568 0.0060 -0.9341
vn -0.3562 0.0035 -0.9344
vn -0.3560 0.0048 -0.9345
vn -0.3550 0.0006 -0.9349
vn -0.3535 0.0015 -0.9354
vn -0.3540 0.0004 -0.9353
vn 0.2657 0.2956 -0.9176
vn -0.3080 0.0145 -0.9513
vn -0.3099 -0.0496 -0.9495
vn -0.3460 0.0019 -0.9382
vn -0.3634 -0.0162 -0.9315
vn -0.3619 -0.0107 -0.9322
vn -0.3625 -0.0131 -0.9319
vn -0.3645 -0.0182 -0.9310
vn -0.5513 -0.1414 0.8222
vn 0.4948 -0.8535 -0.1633
vn 0.4356 0.2145 0.8742
vn 0.2261 0.6782 -0.6993
vn -0.7720 0.3444 0.5342
vn -0.8643 -0.0641 -0.4989
vn 0.3988 0.0414 0.9161
vn 0.5976 -0.7113 0.3702
vn -0.3070 -0.6070 0.7330
vn -0.6493 -0.2567 -0.7160
vn -0.5817 0.6592 0.4766
vn 0.5695 0.3550 -0.7414
vn 0.5666 0.4014 -0.7196
vn 0.3931 0.0126 -0.9194
vn 0.3978 0.0134 -0.9174
vn 0.2872 -0.0044 -0.9579
vn 0.3509 0.0032 -0.9364
vn 0.1571 -0.0511 -0.9863
vn 0.1572 -0.0367 -0.9869
vn 0.1573 -0.0244 -0.9872
vn 0.3594 -0.0027 -0.9332
vn 0.3587 0.0031 -0.9334
vn 0.3377 -0.0286 -0.9408
vn 0.3902 0.0119 -0.9206
vn 0.3550 0.0439 -0.9338
vn 0.3371 0.3187 -0.8859
vn 0.3371 0.3188 -0.8859
vn 0.8830 0.1371 -0.4490
vn 0.6028 0.7070 0.3698
vn -0.8749 -0.2423 -0.4194
vn -0.6138 -0.7188 0.3264
vn 0.8045 0.5871 0.0894
vn 0.3832 0.4886 0.7838
vn -0.8088 -0.4553 0.3722
vn 0.5138 -0.5026 -0.6953
vn 0.9599 -0.0235 0.2794
vn -0.6389 0.0174 -0.7691
vn -0.3085 0.1891 0.9322
vn -0.3719 0.4258 -0.8249
vn -0.3227 0.4857 -0.8124
vn -0.3129 -0.5474 -0.7761
vn -0.2997 -0.5176 0.8014
vn -0.7479 -0.2357 -0.6206
vn -0.3493 -0.0053 -0.9370
vn -0.3453 -0.0081 -0.9384
vn -0.3497 -0.0039 -0.9368
vn -0.3453 -0.0003 -0.9385
vn -0.3498 -0.0005 -0.9368
vn -0.3488 0.0026 -0.9372
vn -0.3615 -0.0080 -0.9323
vn -0.3618 -0.0082 -0.9322
vn -0.3479 0.0760 -0.9344
vn -0.3573 0.0280 -0.9336
vn -0.3517 0.0013 -0.9361
vn -0.3478 0.0047 -0.9375
vn -0.3811 0.0199 -0.9243
vn -0.3534 -0.0842 -0.9317
vn -0.3533 -0.0228 -0.9352
vn 0.7635 -0.4535 -0.4597
vn 0.8723 0.2371 0.4277
vn -0.7387 0.4656 -0.4873
vn -0.8730 -0.2376 0.4259
vn -0.7383 0.0038 0.6745
vn -0.9270 -0.0039 0.3750
vn 0.7383 0.0040 -0.6745
vn 0.9270 -0.0036 -0.3750
vn -0.2494 -0.9683 -0.0166
vn -0.3377 -0.9072 -0.2510
vn -0.5163 -0.8526 0.0803
vn -0.0674 -0.9964 -0.0506
vn 0.1439 -0.8984 -0.4149
vn 0.0098 -0.9984 -0.0561
vn 0.1968 -0.9508 -0.2395
vn 0.3458 -0.9222 0.1732
vn 0.3444 -0.9385 -0.0248
vn 0.3599 -0.9156 0.1794
vn 0.1027 -0.9912 0.0832
vn -0.0436 -0.9652 0.2580
vn 0.0270 -0.9929 0.1161
vn -0.1481 -0.9878 0.0486
vn 0.9991 -0.0332 -0.0266
vn 0.4677 -0.8835 0.0256
vn 0.8081 -0.5878 -0.0374
vn 0.8963 -0.4365 0.0784
vn -0.3749 -0.9269 -0.0146
vn -0.5183 -0.8530 0.0612
vn -0.9355 -0.3507 -0.0424
vn -0.9071 -0.4204 0.0228
vn -0.9591 0.2830 -0.0104
vn -0.9592 0.2827 -0.0108
vn -0.9603 0.2784 -0.0141
vn -0.9605 0.2779 -0.0145
vn -0.5881 0.8071 0.0520
vn -0.3909 0.9177 -0.0713
vn -0.1508 0.9885 0.0076
vn 0.2853 0.9584 -0.0097
vn 0.3596 0.9321 0.0433
vn 0.8567 0.5132 -0.0519
vn 0.9409 0.3320 0.0662
vn -0.0001 -0.0002 -1.0000
vn -0.0001 -0.0000 -1.0000
vn -0.0005 -0.0003 -1.0000
vn 0.0001 -0.0001 -1.0000
vn 0.0002 -0.0001 -1.0000
vn 0.0005 0.0006 -1.0000
vn 0.0003 0.0001 -1.0000
vn 0.0006 0.0005 -1.0000
vn -0.0003 -0.0004 -1.0000
vn -0.0002 -0.0003 -1.0000
vn 0.0003 0.0003 -1.0000
vn -0.0000 0.0007 -1.0000
vn 0.0004 0.0005 -1.0000
vn -0.0000 0.0006 -1.0000
vn -0.0011 -0.0007 -1.0000
vn 0.0001 0.0001 1.0000
vn 0.0002 -0.0000 1.0000
vn -0.0012 0.0015 1.0000
vn -0.0012 0.0016 1.0000
vn -0.0006 -0.0002 1.0000
vn -0.0002 0.0001 1.0000
vn 0.0002 0.0001 1.0000
vn -0.0001 0.0001 1.0000
vn -0.0009 -0.0005 1.0000
vn -0.0007 0.0006 1.0000
vn -0.0002 -0.0002 1.0000
vn -0.0009 0.0037 1.0000
vn -0.0010 -0.0020 1.0000
vn -0.0008 -0.0020 1.0000
vn 0.0080 0.0091 0.9999
vn -0.0015 -0.0000 1.0000
vn -0.0015 0.0003 1.0000
vn -0.0090 -0.0355 0.9993
vn 0.0001 -0.0020 1.0000
vn -0.0092 0.0991 0.9950
vn 0.0259 0.0130 0.9996
vn -0.0000 0.0015 1.0000
vn -0.0030 0.0334 0.9994
vn 0.0342 -0.0039 0.9994
vn 0.0164 -0.0263 0.9995
vn -0.0182 -0.0061 0.9998
vn 0.0024 0.0033 1.0000
vn 0.1048 -0.1359 0.9852
vn -0.1360 -0.1048 0.9851
vn -0.0009 0.0009 1.0000
vn 0.2843 0.8133 0.5077
vn 0.2325 -0.8228 0.5186
vn -0.9201 0.2733 0.2804
vn -0.6424 0.3577 0.6777
vn 0.8224 0.2402 0.5157
vn -0.2856 -0.8142 0.5055
vn -0.2150 0.9227 0.3199
vn -0.3830 0.4699 0.7953
vn 0.8123 -0.2845 0.5092
vn -0.8230 -0.2325 0.5183
vn 0.9219 0.3292 0.2044
vn 0.3232 0.9166 0.2354
vn 0.5681 0.5634 -0.5999
vn 0.3111 -0.9315 0.1887
vn 0.9120 -0.3314 0.2415
vn 0.9149 -0.3860 0.1184
vn 0.4926 -0.8315 -0.2568
vn -0.3214 0.9422 0.0946
vn -0.3969 0.9179 -0.0056
vn -0.9146 0.3848 0.1239
vn -0.7558 0.4577 0.4682
vn -0.3598 0.9088 -0.2113
vn -0.9312 -0.3049 0.1999
vn -0.3867 -0.8807 0.2735
vn -0.3858 -0.8819 0.2708
vn -0.3865 -0.8810 0.2728
vn -0.3857 -0.8820 0.2707
vn -0.8377 -0.5008 -0.2180
vn -0.0913 -0.9957 -0.0144
vn -0.1914 -0.9518 0.2395
vn -0.7686 0.6397 0.0025
vn -0.6568 -0.5165 0.5494
vn 0.1439 0.9894 -0.0204
vn -0.2008 0.9691 -0.1431
vn 0.0429 -0.9990 0.0112
vn 0.0427 -0.9990 0.0119
vn 0.0428 -0.9990 0.0112
vn -0.0253 -0.9997 -0.0049
vn 0.0461 -0.9989 -0.0032
vn -0.0236 -0.9995 0.0211
vn 0.0425 -0.9990 0.0134
vn 0.0424 -0.9990 0.0136
vn -0.0539 0.9985 -0.0112
vn 0.0120 -0.9996 -0.0269
vn 0.0204 -0.9994 -0.0264
vn 0.0132 -0.9996 -0.0268
vn 0.0205 -0.9994 -0.0268
vn 0.0356 -0.9975 -0.0608
vn -0.0466 -0.9989 -0.0021
vn -0.0176 -0.9998 0.0020
vn -0.0054 -0.9994 0.0351
vn -0.0044 -0.9964 -0.0852
vn 0.0373 -0.9985 -0.0404
vn 0.0169 -0.9987 -0.0487
vn 0.0111 -0.9971 -0.0753
vn 0.0030 -0.9992 0.0400
vn 0.0835 -0.9964 0.0151
vn 0.0669 -0.9977 0.0093
vn 0.0499 -0.9957 -0.0787
vn 0.0380 -0.9979 -0.0532
vn 0.0290 -0.9976 -0.0636
vn 0.0262 -0.9988 0.0411
vn -0.0236 -0.9966 0.0793
vn -0.0092 -0.9964 0.0839
vn 0.0085 -0.9618 -0.2737
vn -0.0159 -0.9979 -0.0620
vn -0.0342 -0.9993 -0.0178
vn 0.9411 -0.3284 -0.0804
vn 0.0099 -0.9863 0.1644
vn 0.0044 -0.9992 -0.0389
vn -0.0039 -0.9999 0.0112
vn -0.0016 -0.9999 0.0129
vn -0.0020 -0.9999 0.0125
vn -0.0063 -1.0000 0.0035
vn 0.1040 -0.9945 0.0122
vn 0.0828 -0.9965 0.0056
vn -0.0446 -0.9965 0.0701
vn -0.0175 -0.9998 0.0036
vn -0.0184 -0.9998 0.0043
vn -0.0178 -0.9998 0.0041
vn -0.0305 -0.9964 0.0797
vn -0.0471 -0.9989 -0.0004
vn 0.0151 -0.9999 -0.0059
vn -0.0090 -0.9999 -0.0080
vn 0.0205 -0.9996 0.0213
vn 0.0147 -0.9995 0.0268
vn 0.0135 -0.9995 0.0278
vn -0.0823 -0.9919 -0.0972
vn 0.0019 -0.9994 0.0339
vn 0.0609 -0.9947 -0.0824
vn 0.1646 -0.9860 -0.0280
vn 0.0066 -0.9997 0.0254
vn 0.0201 -0.9996 0.0196
vn 0.0202 -0.9996 0.0196
vn 0.0192 -0.9996 0.0216
vn -0.0027 -1.0000 -0.0000
vn -0.0554 -0.9983 -0.0164
vn -0.0162 -0.8952 -0.4454
vn -0.0100 -0.9302 -0.3670
vn -0.0129 -0.9999 0.0017
vn -0.0362 -0.9993 -0.0036
vn -0.0662 -0.9976 -0.0220
vn 0.0264 -0.9994 0.0216
vn 0.0274 -0.9993 0.0238
vn 0.0266 -0.9994 0.0217
vn 0.0273 -0.9993 0.0240
vn -0.0183 -0.9967 0.0787
vn -0.4618 -0.8868 0.0173
vn -0.0300 -0.9994 -0.0177
vn 0.0098 -0.9997 0.0223
vn -0.0062 -0.9976 0.0687
vn 0.0959 -0.9953 0.0099
vn -0.0460 -0.9963 -0.0732
vn 0.0951 -0.9949 0.0351
vn 0.0115 -0.9964 -0.0845
vn 0.0396 -0.9990 0.0181
vn -0.0275 -0.9996 -0.0109
vn -0.0231 -0.9996 -0.0139
vn -0.0235 -0.9996 -0.0138
vn -0.0278 -0.9996 -0.0105
vn -0.0227 -0.9990 -0.0374
vn 0.1099 -0.9924 0.0548
vn -0.0198 -0.9978 -0.0626
vn 0.0041 -0.9999 0.0108
vn 0.1084 -0.9844 0.1384
vn 0.0280 -0.9994 0.0215
vn -0.0116 -0.9999 -0.0020
vn -0.0163 -0.9998 -0.0074
vn -0.0112 -0.9999 0.0106
vn 0.1100 -0.9939 -0.0007
vn 0.0811 -0.9964 -0.0250
vn -0.0183 -0.9998 -0.0090
vn -0.0064 -1.0000 0.0029
vn 0.0212 -0.9996 0.0204
vn -0.0034 -0.9995 -0.0320
vn 0.0063 -0.9990 -0.0440
vn 0.0190 -0.9996 0.0217
vn -0.0735 -0.9971 0.0187
vn -0.0049 -1.0000 -0.0027
vn -0.0910 -0.9958 0.0049
vn -0.0369 -0.9993 0.0035
vn -0.0052 -1.0000 0.0029
vn -0.0046 -1.0000 0.0022
vn -0.0044 -1.0000 0.0021
vn -0.0059 -1.0000 0.0036
vn -0.0075 -0.9999 -0.0141
vn -0.0284 -0.9996 -0.0011
vn -0.0246 -0.9997 -0.0011
vn -0.0256 -0.9997 -0.0011
vn -0.1114 -0.9937 -0.0109
vn -0.0437 -0.9988 0.0241
vn -0.0044 -0.9999 0.0157
vn -0.0033 -0.9999 0.0103
vn -0.0288 -0.9996 -0.0011
vn 0.2232 -0.7503 -0.6223
vn 0.3831 -0.9236 -0.0095
vn 0.7492 -0.6405 0.1688
vn -0.0949 -0.9798 0.1762
vn 0.0523 0.6473 0.7605
vn -0.3843 -0.9199 0.0779
vn -0.6892 -0.6420 -0.3360
vn -0.1011 -0.9320 -0.3480
vn 0.2142 -0.2574 0.9423
vn 0.9316 -0.1440 -0.3336
vn -0.2712 -0.9608 0.0572
vn -0.0797 -0.9564 -0.2810
vn 0.0474 -0.9988 -0.0131
vn 0.0478 -0.9988 -0.0126
vn 0.0430 -0.9989 -0.0172
vn -0.0501 -0.9981 -0.0347
vn 0.0426 -0.9989 -0.0171
vn 0.4214 -0.8767 -0.2321
vn 0.6626 0.7489 0.0099
vn 0.2192 -0.9548 0.2008
vn -0.5163 -0.3679 0.7734
vn -0.2068 -0.9365 -0.2832
vn -0.2870 0.9568 0.0470
vn -0.0805 -0.8783 -0.4713
vn 0.0628 0.9372 0.3431
vn 0.3187 -0.9386 -0.1322
vn -0.0641 -0.9958 -0.0653
vn 0.0589 -0.9983 -0.0048
vn 0.0173 -0.9991 0.0389
vn -0.0393 -0.9987 -0.0333
vn 0.0498 -0.9980 0.0384
vn 0.1827 -0.9827 -0.0317
vn 0.0025 -1.0000 -0.0092
vn -0.0059 -1.0000 -0.0013
vn 0.0029 -0.9999 -0.0097
vn -0.0064 -1.0000 -0.0010
vn -0.0001 0.0001 -1.0000
vn -0.0002 0.0002 -1.0000
vn -0.5890 -0.8027 -0.0937
vn 0.1972 -0.9601 0.1982
vn 0.0521 -0.9979 0.0373
vn -0.8485 0.5264 0.0547
vn -0.9868 0.0986 -0.1282
vn -0.9395 -0.3169 0.1303
vn -0.2313 0.9683 0.0943
vn -0.1123 0.9925 -0.0481
vn 0.8698 -0.4933 0.0063
vn 0.9295 -0.3540 -0.1038
vn 0.8122 0.5799 0.0632
vn 0.8758 0.4789 -0.0594
vn -0.2466 0.9691 -0.0041
vn -0.5871 0.8038 0.0957
vn -0.8354 0.5409 -0.0978
vn -0.9985 0.0510 0.0222
vn -0.9880 -0.1346 0.0761
vn -0.9496 -0.3133 -0.0051
vn -0.4477 -0.8934 0.0382
vn -0.4031 -0.9151 0.0042
vn 0.3189 -0.9471 -0.0346
vn 0.5392 -0.8371 0.0929
vn 0.9387 -0.3440 -0.0205
vn 0.9930 -0.0736 0.0919
vn 0.9381 0.3381 -0.0758
vn 0.3325 0.9389 0.0891
vn 0.3829 0.9225 0.0498
vn -0.0981 0.9952 0.0004
vn -0.1409 0.9900 -0.0118
vn -0.0000 0.0001 1.0000
vn 0.4051 0.9098 -0.0905
vn 0.1602 0.9346 0.3176
vn 0.1836 0.9796 0.0820
vn 0.1448 0.9784 -0.1476
vn 0.0224 0.9226 -0.3851
vn -0.0146 0.9716 -0.2361
vn -0.2169 0.9729 0.0806
vn -0.3311 0.9436 -0.0035
vn -0.2364 -0.7746 0.5867
vn -0.1706 0.9785 0.1158
vn 0.8407 -0.5415 -0.0095
vn 0.7872 -0.6148 0.0475
vn 0.3347 -0.9402 -0.0633
vn 0.1893 -0.9819 0.0106
vn -0.2416 -0.9703 -0.0081
vn -0.3048 -0.9513 -0.0452
vn -0.7138 -0.6975 0.0636
vn -0.9058 -0.4178 -0.0706
vn -0.9745 -0.2236 0.0195
vn -0.0352 0.9986 0.0407
vn -0.5986 0.8011 0.0011
vn -0.6576 0.7518 -0.0496
vn -0.9581 0.2847 0.0322
vn -0.9789 0.2042 -0.0097
vn 0.7018 0.7109 -0.0454
vn 0.6290 0.7766 -0.0354
vn 0.6293 0.7764 -0.0349
vn 0.6350 0.7719 -0.0297
vn 0.6360 0.7712 -0.0288
vn 0.9472 0.3131 0.0688
vn 0.9994 0.0340 -0.0008
vn 0.9954 -0.0611 -0.0739
vn -0.0000 -0.0001 -1.0000
vn -0.0001 -0.0001 -1.0000
vn -0.0004 -0.0512 0.9987
vn 0.0001 0.0002 1.0000
vn -0.0003 -0.0001 1.0000
vn -0.0250 0.0463 0.9986
vn -0.0003 -0.0002 1.0000
vn 0.0412 -0.0060 0.9991
vn -0.0002 0.0002 1.0000
vn -0.0001 0.0002 1.0000
vn -0.0464 0.1064 0.9932
vn 0.0008 -0.0000 1.0000
vn 0.0538 0.1053 0.9930
vn 0.0390 -0.0066 0.9992
vn 0.0079 -0.0262 0.9996
vn 0.0128 0.0271 0.9996
vn 0.0294 0.0233 0.9993
vn 0.0008 -0.0001 1.0000
vn -0.0149 -0.0412 0.9990
vn -0.0342 0.0118 0.9993
vn 0.0189 0.0365 0.9992
vn -0.0579 -0.0093 0.9983
vn 0.0463 0.0117 0.9989
vn -0.0326 0.0111 0.9994
vn 0.0099 -0.0396 0.9992
vn -0.0143 0.0320 0.9994
vn -0.0277 -0.0042 0.9996
vn -0.2129 -0.8718 0.4412
vn -0.2169 0.8732 0.4365
vn 0.8695 -0.2032 0.4501
vn -0.8631 -0.2407 0.4440
vn 0.2132 0.8706 0.4434
vn 0.2168 -0.8726 0.4377
vn -0.8709 0.2136 0.4426
vn 0.8689 0.2202 0.4433
vn 0.0831 0.9965 -0.0103
vn -0.5692 0.6308 -0.5273
vn 0.8445 -0.5352 -0.0200
vn -0.5840 0.3579 0.7286
vn 0.7746 0.4540 0.4403
vn -0.8305 -0.5567 0.0174
vn -0.8915 -0.4520 0.0284
vn -0.6932 0.1294 -0.7090
vn -0.6860 0.0956 0.7213
vn -0.2658 0.9638 0.0233
vn 0.0361 0.9993 -0.0035
vn 0.0190 0.9998 -0.0110
vn 0.0195 0.9995 0.0231
vn 0.0317 0.9992 0.0234
vn 0.0073 1.0000 0.0002
vn 0.0143 0.9999 0.0085
vn 0.0138 0.9999 0.0080
vn 0.0071 1.0000 -0.0002
vn 0.0229 0.9997 -0.0019
vn -0.3249 0.6630 -0.6745
vn 0.0295 0.9994 -0.0165
vn 0.0073 1.0000 -0.0049
vn 0.0344 0.9961 -0.0808
vn 0.0185 0.9994 -0.0308
vn 0.0365 0.9993 -0.0026
vn -0.0041 1.0000 -0.0033
vn -0.0385 0.9991 -0.0166
vn 0.0053 1.0000 0.0013
vn -0.0031 1.0000 -0.0007
vn 0.0055 1.0000 0.0015
vn -0.0529 0.9982 0.0280
vn 0.0417 0.9973 0.0606
vn 0.0381 0.9970 0.0677
vn 0.0423 0.9973 0.0595
vn 0.0376 0.9969 0.0688
vn -0.0460 0.9975 -0.0532
vn -0.0287 0.9996 0.0002
vn -0.0325 0.9981 0.0517
vn 0.0125 0.9942 0.1066
vn -0.0507 0.9984 -0.0255
vn 0.0273 0.9993 0.0254
vn -0.0019 0.9908 -0.1357
vn 0.0447 0.9989 -0.0149
vn -0.0171 0.9993 0.0324
vn 0.0080 1.0000 -0.0056
vn 0.0003 0.9994 -0.0343
vn -0.0125 0.9800 0.1987
vn -0.3776 0.9257 0.0219
vn 0.0298 0.9980 0.0554
vn 0.0137 0.9999 0.0025
vn -0.3112 0.8301 0.4627
vn 0.0518 0.9986 -0.0102
vn 0.1044 0.9944 -0.0132
vn 0.0212 0.9998 0.0057
vn 0.0225 0.9997 0.0047
vn 0.0176 0.9998 0.0084
vn 0.0445 0.9982 0.0391
vn -0.1096 0.9930 0.0439
vn 0.0060 0.9996 0.0269
vn 0.0310 0.9985 -0.0453
vn 0.0099 0.9981 -0.0605
vn 0.0144 0.9998 -0.0107
vn 0.0575 0.9983 0.0052
vn -0.0092 0.9985 -0.0539
vn 0.0046 0.9999 -0.0121
vn -0.0060 0.9989 -0.0472
vn 0.0079 1.0000 0.0027
vn -0.0056 1.0000 0.0011
vn 0.0046 1.0000 0.0027
vn -0.0613 0.9981 -0.0117
vn 0.0332 0.9994 -0.0049
vn -0.1314 0.9892 -0.0649
vn -0.0185 0.9996 0.0197
vn 0.0221 0.9997 0.0080
vn 0.0467 0.9989 -0.0093
vn -0.0317 0.9993 0.0193
vn -0.0286 0.9993 0.0242
vn -0.0314 0.9993 0.0196
vn -0.0256 0.9997 0.0002
vn 0.0470 0.9985 -0.0294
vn 0.0155 0.9727 -0.2314
vn -0.0121 0.9996 -0.0247
vn 0.0117 0.9999 -0.0008
vn 0.0562 0.9984 -0.0089
vn -0.0212 0.9996 0.0172
vn -0.0051 1.0000 -0.0012
vn -0.2490 0.9561 0.1545
vn -0.0818 0.9809 0.1762
vn -0.0000 0.9999 -0.0138
vn 0.0040 0.9999 -0.0114
vn -0.0016 0.9999 -0.0151
vn 0.0121 0.9999 -0.0103
vn 0.0116 0.9955 0.0942
vn 0.0011 0.9984 0.0573
vn -0.1340 0.9853 -0.1056
vn -0.1325 0.9855 -0.1055
vn -0.1378 0.9848 -0.1058
vn 0.0190 0.9995 0.0233
vn -0.1401 0.9809 0.1351
vn -0.1392 0.9846 -0.1058
vn 0.0445 0.9990 -0.0063
vn 0.0776 0.9967 -0.0218
vn 0.0658 0.9974 -0.0304
vn 0.0064 0.9999 -0.0095
vn 0.0137 0.9993 0.0361
vn -0.0141 0.9999 -0.0028
vn -0.0123 0.9999 -0.0033
vn -0.0118 0.9999 -0.0035
vn -0.0142 0.9999 -0.0026
vn 0.9369 -0.3489 -0.0217
vn 0.2324 0.9506 -0.2056
vn 0.1539 0.4116 0.8983
vn -0.3120 0.9500 0.0115
vn 0.0164 0.9998 0.0093
vn -0.1239 0.9923 -0.0002
vn -0.0520 0.9985 -0.0192
vn -0.0517 0.9985 -0.0199
vn -0.0555 0.9984 -0.0091
vn -0.0557 0.9984 -0.0084
vn 0.0152 0.9998 -0.0100
vn -0.0080 0.9999 0.0134
vn -0.0343 0.9993 -0.0120
vn -0.0162 0.9998 -0.0125
vn -0.0046 1.0000 -0.0005
vn -0.0043 1.0000 -0.0009
vn -0.0042 1.0000 -0.0004
vn -0.0255 0.9993 0.0289
vn 0.0103 0.9999 -0.0076
vn 0.1378 0.9901 0.0254
vn 0.2544 0.9658 0.0499
vn 0.0323 0.9993 0.0187
vn -0.0010 0.9999 -0.0151
vn 0.0745 0.9971 0.0124
vn 0.0665 0.9977 -0.0153
vn 0.1081 0.9939 -0.0195
vn 0.0507 0.9987 0.0067
vn 0.0268 0.9996 0.0022
vn -0.0156 0.9994 -0.0312
vn -0.1176 0.9449 0.3054
vn 0.4553 0.7956 0.3995
vn 0.3897 0.9182 0.0705
vn 0.6434 0.6367 -0.4251
vn -0.0253 0.9634 -0.2669
vn -0.9046 0.0977 -0.4150
vn -0.2480 0.9479 -0.1999
vn -0.2634 0.8584 0.4402
vn 0.2337 0.6608 -0.7132
vn -0.7644 -0.5291 -0.3684
vn -0.8368 0.5221 0.1648
vn -0.0134 -0.4168 0.9089
vn 0.2437 0.9681 0.0578
vn 0.2337 0.9712 0.0457
vn 0.0386 0.9980 -0.0501
vn 0.0321 0.9984 -0.0466
vn 0.0393 0.9980 -0.0505
vn -0.1370 0.9725 -0.1885
vn -0.1339 0.9873 0.0861
vn -0.0419 0.9968 0.0682
vn 0.0318 0.9984 -0.0466
vn -0.6311 0.7748 0.0383
vn -0.0227 0.9276 0.3730
vn 0.0098 1.0000 -0.0004
vn 0.8385 -0.4438 -0.3162
vn -0.2315 0.9368 -0.2625
vn -0.4446 0.0327 0.8951
vn 0.5085 0.8547 0.1044
vn -0.0403 0.9964 0.0751
vn 0.1679 -0.8842 -0.4360
vn -0.3919 0.9014 -0.1840
vn -0.1199 0.9897 -0.0784
vn 0.0455 0.9969 0.0642
vn -0.0760 0.9968 -0.0264
vn -0.4660 0.6274 0.6239
vn -0.0048 1.0000 -0.0087
vn 0.0112 0.9999 0.0012
vn -0.0001 -0.0000 1.0000
vn -0.0000 -0.0004 1.0000
vn -0.9989 0.0468 0.0013
vn -0.0604 0.9982 -0.0051
vn 0.0178 0.9998 -0.0063
vn 0.9975 0.0704 0.0033
vn 0.9958 -0.0902 0.0160
vn 0.9988 -0.0273 0.0415
vn -0.0565 -0.9984 0.0058
vn 0.0324 -0.9995 -0.0046
vn -0.9186 -0.3624 0.1575
vn -0.9873 -0.1435 0.0677
vn 0.4709 -0.8822 0.0034
vn 0.5387 -0.8416 0.0393
vn 0.9230 -0.3818 -0.0474
vn -0.8874 -0.4580 -0.0522
vn -0.4293 -0.9031 -0.0080
vn -0.2955 -0.9538 0.0549
vn -0.3971 0.9170 0.0368
vn -0.4721 0.8784 0.0741
vn -0.8721 0.4820 -0.0841
vn 0.9078 0.4141 -0.0666
vn 0.4708 0.8807 0.0522
vn 0.4880 0.8719 0.0406
vn 0.7749 0.6175 -0.1351
vn 0.7036 0.7100 -0.0300
vn -0.0680 0.9955 0.0656
vn -0.3168 0.9417 -0.1133
vn -0.8241 0.5541 0.1172
vn -0.9779 0.1003 -0.1835
vn -0.8420 -0.5008 0.2004
vn -0.3227 -0.9293 -0.1797
vn 0.1824 -0.9687 0.1686
vn 0.7517 -0.6288 -0.1990
vn 0.9732 -0.1477 0.1763
vn -0.0432 0.9983 -0.0395
vn 0.0201 0.9977 -0.0654
vn -0.0294 0.9958 0.0873
vn 0.0480 0.9972 0.0565
vn 0.0010 0.9999 -0.0140
vn 0.9527 -0.3033 0.0189
vn -0.5545 -0.1858 0.8112
vn 0.7147 0.2668 0.6466
vn -0.8086 0.4369 0.3941
vn -0.6554 -0.7550 -0.0187
vn -0.9688 0.2382 0.0680
vn -0.7278 -0.2514 -0.6381
vn -0.6797 0.3397 -0.6501
vn -0.0760 -0.9928 0.0929
vn -0.0466 -0.9816 0.1853
vn 0.0213 0.9998 -0.0056
vn 0.0257 0.9994 0.0212
vn 0.0262 0.9994 0.0217
vn 0.0284 0.9993 0.0240
vn 0.0244 0.9993 -0.0299
vn 0.0144 0.9994 -0.0305
vn 0.0163 0.9994 -0.0304
vn 0.0264 0.9992 -0.0298
vn 0.0238 0.9996 0.0127
vn 0.0308 0.9995 0.0118
vn 0.0322 0.9994 0.0116
vn 0.0333 0.9994 0.0114
vn -0.0094 0.9998 -0.0198
vn -0.0189 0.9998 0.0062
vn 0.1493 0.7872 -0.5983
vn 0.0316 0.9992 -0.0234
vn 0.0726 0.9592 -0.2733
vn 0.0419 0.9988 0.0266
vn 0.0443 0.9985 0.0309
vn 0.0424 0.9987 0.0275
vn -0.0096 0.9998 0.0169
vn 0.0446 0.9985 0.0316
vn 0.0480 0.9973 -0.0553
vn 0.0602 0.9979 -0.0220
vn 0.0158 0.9998 0.0125
vn -0.0456 0.9990 -0.0021
vn -0.0428 0.9991 -0.0002
vn 0.0379 0.9978 0.0539
vn 0.0175 0.9977 0.0652
vn -0.0180 0.9995 -0.0278
vn -0.0269 0.9994 0.0240
vn 0.0072 0.9998 0.0159
vn -0.0490 0.9985 -0.0247
vn 0.0348 0.9992 0.0204
vn -0.0112 0.9999 0.0067
vn 0.0331 0.9991 -0.0259
vn 0.0468 0.9989 -0.0072
vn -0.0212 0.9997 0.0122
vn -0.0201 0.9997 0.0121
vn -0.0234 0.9996 0.0126
vn 0.0514 0.9976 -0.0455
vn -0.0568 0.9916 0.1163
vn -0.0245 0.9996 -0.0160
vn 0.0149 0.9998 0.0130
vn -0.0388 -0.9917 -0.1228
vn -0.0990 0.9950 0.0123
vn -0.0491 0.9988 -0.0027
vn 0.0815 0.9901 0.1141
vn 0.1718 0.9010 0.3983
vn -0.0163 0.9995 0.0262
vn 0.0057 0.9996 -0.0261
vn 0.0056 0.9996 -0.0263
vn 0.0055 0.9996 -0.0266
vn -0.0401 0.9990 0.0193
vn 0.1029 0.9944 0.0243
vn -0.0524 0.9986 0.0003
vn -0.0503 0.9987 -0.0010
vn -0.0523 0.9986 -0.0011
vn -0.0152 0.9999 0.0050
vn -0.0209 0.9998 -0.0004
vn -0.0139 0.9999 0.0063
vn 0.0383 0.9991 0.0190
vn -0.0440 0.9957 -0.0816
vn 0.0562 0.9965 -0.0620
vn 0.0313 0.9951 -0.0936
vn -0.0090 0.9995 -0.0296
vn -0.0611 0.9981 -0.0093
vn 0.0458 0.9986 0.0276
vn -0.0300 0.9992 -0.0249
vn -0.0263 0.9991 -0.0319
vn -0.0270 0.9992 -0.0305
vn -0.0123 0.9997 0.0227
vn -0.0159 0.9989 0.0437
vn -0.0041 1.0000 -0.0041
vn 0.0587 0.9980 -0.0224
vn 0.0171 0.9520 -0.3055
vn 0.0111 0.9678 -0.2514
vn 0.0129 0.9998 0.0150
vn 0.3566 0.9341 -0.0172
vn 0.4960 0.8508 0.1737
vn 0.0553 0.9974 0.0455
vn -0.0511 0.9987 -0.0082
vn 0.0096 0.9999 -0.0040
vn 0.0419 0.9977 0.0527
vn 0.3598 0.9329 0.0140
vn 0.0273 0.9995 -0.0150
vn -0.0094 0.9997 0.0220
vn 0.0125 0.9957 0.0914
vn 0.0053 0.9996 -0.0268
vn 0.0092 0.9987 0.0499
vn -0.0244 0.9996 0.0127
vn 0.0438 0.9983 0.0393
vn 0.0131 0.9992 0.0373
vn 0.0112 0.9999 0.0035
vn 0.0064 1.0000 0.0028
vn 0.0073 1.0000 0.0030
vn 0.0198 0.9998 -0.0098
vn 0.0274 0.9991 -0.0310
vn 0.0070 0.9997 -0.0247
vn -0.0680 0.9977 -0.0010
vn 0.0074 0.9017 0.4324
vn -0.1059 0.9719 -0.2103
vn -0.1848 0.9792 -0.0834
vn -0.1900 -0.9723 0.1359
vn 0.1208 0.4894 0.8636
vn 0.8569 -0.4910 -0.1571
vn -0.1614 0.9562 0.2443
vn -0.9367 0.3472 0.0461
vn 0.2791 0.2648 0.9230
vn 0.2655 0.9625 0.0560
vn 0.5826 -0.2680 -0.7673
vn -0.1302 0.9439 -0.3036
vn 0.0260 0.9996 -0.0131
vn 0.1351 0.9908 0.0121
vn -0.0306 0.9993 -0.0236
vn -0.1102 -0.9265 -0.3598
vn -0.0834 0.9933 0.0803
vn 0.3401 0.8123 0.4738
vn 0.2331 0.9522 -0.1977
vn -0.3816 0.9165 0.1199
vn -0.6796 -0.7325 -0.0403
vn 0.2127 0.9241 0.3176
vn 0.2854 0.8922 0.3500
vn 0.5692 0.7286 -0.3810
vn 0.2994 0.9029 -0.3083
vn -0.7544 0.3340 -0.5650
vn -0.4503 0.7885 -0.4190
vn -0.2121 0.9770 0.0210
vn -0.3491 0.8240 0.4463
vn -0.0004 0.0002 -1.0000
vn -0.0071 -0.0025 -1.0000
vn -0.0062 -0.0044 -1.0000
vn -0.0000 -0.0009 -1.0000
vn -0.0017 -0.0064 -1.0000
vn -0.0005 -0.0081 -1.0000
vn 0.0091 -0.0053 -0.9999
vn 0.0098 -0.0071 -0.9999
vn -0.0030 0.0097 -0.9999
vn 0.0082 0.0042 -1.0000
vn -0.0038 0.0051 -1.0000
vn 0.0073 0.0043 -1.0000
vn -0.0190 0.0090 -0.9998
vn 0.0097 -0.0186 -0.9998
vn 0.0034 -0.0062 -1.0000
vn -0.0065 0.0059 -1.0000
vn -0.0054 0.0011 -1.0000
vn -0.0006 0.0003 -1.0000
vn 0.0087 0.0042 -1.0000
vn 0.0089 0.0064 -0.9999
vn 0.0102 0.0073 -0.9999
vn 0.0001 -0.0001 1.0000
vn -0.0007 0.0001 1.0000
vn 0.0069 0.0399 0.9992
vn -0.0001 0.0009 1.0000
vn 0.0003 0.0009 1.0000
vn 0.0006 0.0002 1.0000
vn 0.0006 0.0001 1.0000
vn 0.0006 -0.0001 1.0000
vn 0.0303 -0.0096 0.9995
vn 0.0209 0.0066 0.9998
vn -0.0004 0.0009 1.0000
vn 0.0006 0.0004 1.0000
vn 0.0424 0.1023 0.9939
vn -0.0300 0.1061 0.9939
vn 0.0107 -0.0346 0.9993
vn 0.0043 0.0654 0.9979
vn 0.0368 -0.0366 0.9987
vn 0.0283 0.0219 0.9994
vn 0.0128 -0.0336 0.9994
vn -0.0242 -0.0136 0.9996
vn -0.0064 -0.0167 0.9998
vn -0.0507 0.0140 0.9986
vn 0.0121 0.0279 0.9995
vn -0.0349 -0.0056 0.9994
vn -0.0002 -0.0001 1.0000
vn -0.0077 0.0257 0.9996
vn -0.0321 0.0084 0.9994
vn 0.0013 -0.0459 0.9989
vn 0.3095 0.9507 -0.0185
vn 0.1758 0.8944 0.4113
vn 0.2300 0.9693 0.0866
vn 0.2413 0.9610 -0.1353
vn 0.2163 -0.6624 -0.7172
vn 0.0644 0.9319 -0.3570
vn -0.0505 0.9902 -0.1301
vn -0.2457 0.9668 0.0697
vn -0.3058 0.9521 -0.0048
vn -0.2715 0.9619 0.0313
vn -0.1384 0.8581 0.4945
vn 0.9648 -0.2576 -0.0526
vn 0.7852 -0.6137 0.0832
vn 0.4843 -0.8661 -0.1238
vn 0.1893 -0.9813 0.0349
vn -0.2225 -0.9748 0.0123
vn -0.3751 -0.9240 -0.0741
vn -0.6591 -0.7507 0.0440
vn -0.8920 -0.4477 -0.0634
vn -0.9644 -0.2629 0.0287
vn -0.9967 0.0803 0.0081
vn 0.7552 0.6282 0.1874
vn -0.5962 0.8012 -0.0511
vn -0.7017 0.7114 0.0382
vn -0.9761 0.2076 -0.0635
vn 0.5171 0.8555 -0.0269
vn 0.6389 0.7677 -0.0494
vn 0.8006 0.5942 0.0772
vn 0.9598 0.2772 -0.0448
vn 0.9994 -0.0163 0.0304
vn 0.0001 -0.0000 -1.0000
vn -0.5427 -0.8363 0.0786
vn 0.2636 -0.9645 0.0169
vn 0.3509 -0.9333 -0.0766
vn -0.8425 -0.5281 -0.1068
vn -0.8423 -0.5284 -0.1067
vn -0.8419 -0.5293 -0.1056
vn -0.8390 -0.5348 -0.1001
vn -0.9583 0.2636 0.1101
vn -0.8144 0.5682 -0.1179
vn 0.4456 0.8906 -0.0911
vn 0.4113 0.9028 -0.1258
vn -0.4233 0.8968 0.1289
vn 0.8772 -0.4775 0.0501
vn 0.9840 -0.0812 -0.1586
vn 0.8984 0.4282 0.0976
vn 0.0059 1.0000 -0.0032
vn -0.0422 0.9990 0.0120
vn 0.0289 0.9993 0.0245
vn -0.3128 0.9490 -0.0387
vn 0.5283 0.8489 0.0178
vn -0.0173 0.9998 -0.0038
vn -0.0183 0.9998 -0.0045
vn -0.0177 0.9998 -0.0042
vn -0.0291 0.9995 -0.0116
vn -0.0223 0.9997 -0.0018
vn -0.0001 1.0000 0.0007
vn 0.0006 1.0000 -0.0004
vn -0.0074 0.9999 -0.0068
vn -0.0084 0.9999 -0.0077
vn -0.0500 0.9987 -0.0015
vn -0.0509 0.9987 -0.0026
vn 0.0647 0.9979 0.0100
vn 0.0103 0.9999 0.0023
vn -0.0020 0.9999 -0.0102
vn 0.0204 0.9997 -0.0117
vn 0.0211 0.9998 -0.0058
vn 0.0158 0.9999 -0.0055
vn 0.0197 0.9998 -0.0004
vn 0.7367 -0.6687 -0.1006
vn -0.0142 0.9998 0.0108
vn 0.0196 0.9998 -0.0006
vn -0.0675 0.9957 0.0639
vn 0.0731 0.9965 -0.0411
vn 0.0918 0.9000 -0.4262
vn -0.2080 0.9763 0.0594
vn 0.0124 0.9999 0.0037
vn 0.0001 -0.0000 1.0000
vn 0.0002 -0.0001 1.0000
vn -0.0000 -0.0001 1.0000
vn 0.9023 -0.1769 0.3930
vn -0.8746 -0.2321 0.4256
vn -0.2312 0.8807 0.4135
vn -0.1852 -0.8878 0.4214
vn -0.8885 0.1846 0.4201
vn 0.8806 0.2313 0.4135
vn 0.1874 0.8853 0.4257
vn 0.2325 -0.8791 0.4161
vn 0.9977 0.0684 0.0007
vn 0.9975 -0.0700 0.0031
vn 0.0747 -0.9971 -0.0133
vn -0.2252 -0.9709 0.0814
vn -0.9971 -0.0758 0.0020
vn -0.9912 0.1286 0.0314
vn -0.9962 0.0671 0.0555
vn -0.0712 0.9975 0.0032
vn 0.1291 0.9911 0.0319
vn 0.1230 0.9918 0.0345
vn 0.1272 0.9913 0.0327
vn 0.1213 0.9920 0.0352
vn 0.4124 -0.9087 -0.0640
vn 0.8659 -0.4937 0.0804
vn 0.9026 -0.4282 0.0452
vn -0.8878 -0.4545 -0.0726
vn -0.3367 -0.9347 0.1139
vn -0.3574 -0.9251 0.1282
vn -0.4931 0.8699 -0.0096
vn -0.5761 0.8169 0.0277
vn -0.9074 0.4192 -0.0315
vn 0.9164 0.3991 0.0302
vn 0.8850 0.4618 0.0594
vn 0.4474 0.8932 -0.0458
vn -0.0053 -0.9909 -0.1345
vn -0.0257 -0.9990 -0.0354
vn 0.0071 -0.9996 0.0268
vn 0.0079 -0.9996 0.0271
vn 0.0142 -0.9994 0.0314
vn -0.0040 -1.0000 0.0078
vn -0.7173 -0.6947 -0.0540
vn 0.6768 -0.2592 0.6891
vn 0.0539 -0.9984 -0.0191
vn -0.9184 0.3904 0.0637
vn -0.7802 -0.4638 0.4197
vn 0.9231 0.3817 0.0474
vn 0.9892 0.1448 0.0238
vn -0.1747 -0.9363 -0.3047
vn -0.6978 0.3535 -0.6230
vn 0.7541 -0.4443 -0.4836
vn -0.0301 -0.9869 -0.1586
vn -0.0248 -0.9991 -0.0353
vn -0.0103 -0.9999 0.0100
vn -0.0294 -0.9990 0.0346
vn -0.0719 -0.9974 0.0086
vn 0.0131 -0.9999 -0.0007
vn 0.0103 -0.9998 -0.0150
vn 0.0077 -1.0000 0.0026
vn 0.0024 -1.0000 0.0009
vn 0.0082 -1.0000 0.0027
vn 0.0575 -0.9902 0.1270
vn 0.0475 -0.9963 0.0711
vn 0.0262 -0.9996 0.0034
vn 0.0937 -0.9951 -0.0321
vn 0.0156 -0.9995 -0.0278
vn 0.0051 -0.9970 -0.0767
vn 0.0611 -0.9978 0.0270
vn 0.0341 -0.9994 0.0035
vn 0.0338 -0.9993 0.0133
vn 0.0338 -0.9994 0.0083
vn -0.0365 -0.9993 -0.0047
vn -0.0329 -0.9995 0.0036
vn -0.0369 -0.9993 -0.0055
vn -0.0326 -0.9995 0.0044
vn 0.0338 -0.9994 0.0034
vn 0.1714 -0.9636 -0.2054
vn 0.0177 -0.9997 0.0187
vn 0.0175 -0.9997 0.0185
vn 0.0107 -0.9930 -0.1176
vn -0.0331 -0.9993 0.0145
vn -0.0008 -0.9995 -0.0328
vn 0.7862 -0.6166 0.0421
vn 0.0588 -0.9983 0.0010
vn 0.0607 -0.9982 0.0020
vn 0.0540 -0.9985 -0.0016
vn -0.0086 -0.9997 0.0212
vn 0.0072 -0.9979 0.0643
vn 0.0230 -0.9997 -0.0106
vn 0.0517 -0.9987 -0.0028
vn -0.0332 -0.9992 0.0208
vn -0.0244 -0.9995 0.0220
vn -0.0322 -0.9993 0.0209
vn -0.0241 -0.9995 0.0218
vn -0.0079 -0.9987 0.0499
vn -0.0785 0.9969 0.0022
vn 0.0092 -0.9999 -0.0054
vn 0.0050 -1.0000 -0.0050
vn 0.0046 -1.0000 0.0011
vn 0.0316 -0.9984 0.0459
vn -0.2422 -0.9701 0.0154
vn 0.0424 -0.9989 0.0178
vn 0.0107 -0.9996 0.0246
vn -0.0326 -0.9984 -0.0470
vn -0.0327 -0.9984 -0.0470
vn -0.0292 -0.9984 -0.0483
vn -0.0185 -0.9961 -0.0865
vn 0.0087 -0.8599 -0.5104
vn 0.0206 -0.7014 -0.7125
vn -0.0580 -0.9982 0.0128
vn 0.0141 -0.9999 0.0048
vn -0.0116 -0.9999 0.0028
vn -0.0434 -0.9991 -0.0014
vn -0.0437 -0.9990 0.0001
vn -0.0436 -0.9990 -0.0006
vn 0.0200 -0.9996 0.0193
vn -0.0168 -0.9996 0.0248
vn -0.0438 -0.9990 0.0002
vn -0.0351 -0.9993 -0.0087
vn -0.0333 -0.9994 -0.0086
vn -0.0293 -0.9995 -0.0085
vn 0.0296 -0.9974 0.0663
vn 0.0124 -0.9992 0.0387
vn 0.0434 -0.9971 0.0626
vn -0.0541 -0.9985 -0.0097
vn -0.2050 -0.9787 0.0128
vn 0.0187 -0.9997 0.0142
vn -0.0082 -0.9815 0.1912
vn -0.0087 -0.9997 0.0228
vn -0.0086 -0.9997 0.0222
vn -0.0087 -0.9997 0.0224
vn 0.0046 -0.9995 0.0322
vn -0.0087 -0.9997 0.0221
vn -0.0196 -0.9997 0.0110
vn -0.0282 -0.9995 0.0111
vn -0.0205 -0.9997 0.0111
vn -0.0292 -0.9995 0.0110
vn -0.0387 -0.9990 0.0232
vn -0.0352 -0.9992 -0.0189
vn -0.0301 -0.9995 -0.0132
vn -0.0351 -0.9992 -0.0182
vn -0.0338 -0.9993 -0.0142
vn 0.0134 -0.9999 -0.0090
vn 0.0020 -1.0000 0.0007
vn 0.2054 -0.9741 0.0947
vn 0.0167 -0.9994 0.0308
vn -0.0316 -0.9995 -0.0030
vn 0.1131 -0.9935 0.0136
vn -0.4712 -0.7549 0.4562
vn 0.0097 -0.7773 -0.6291
vn 0.5778 -0.7744 0.2578
vn 0.1149 0.5435 0.8315
vn 0.1988 -0.9752 -0.0977
vn -0.7038 0.6992 -0.1256
vn 0.3528 0.8629 -0.3618
vn 0.1206 -0.9516 0.2828
vn -0.6006 -0.7016 0.3834
vn -0.2335 -0.9713 -0.0454
vn -0.3870 -0.5995 -0.7006
vn 0.2006 -0.9721 -0.1211
vn 0.3116 -0.9418 -0.1263
vn 0.2754 -0.9560 -0.1010
vn 0.2098 -0.9094 0.3591
vn 0.0497 -0.9965 -0.0665
vn 0.1101 -0.9939 -0.0080
vn -0.3587 0.2960 0.8853
vn -0.1197 -0.9886 -0.0909
vn -0.2435 -0.9683 0.0552
vn -0.2642 -0.9614 0.0769
vn 0.7013 -0.6503 -0.2920
vn 0.0147 0.4210 0.9069
vn -0.1758 -0.6842 -0.7078
vn 0.6335 0.7731 0.0326
vn -0.3386 -0.5718 -0.7473
vn 0.2983 -0.9519 -0.0704
vn 0.8535 0.4954 0.1616
vn 0.1148 -0.9715 0.2074
vn -0.6333 -0.2774 0.7224
vn -0.3740 -0.9256 0.0577
vn -0.3220 -0.1434 -0.9358
vn -0.0063 -0.0016 1.0000
vn -0.0003 0.0004 1.0000
vn -0.0000 0.0002 1.0000
vn -0.0002 -0.0008 1.0000
vn -0.0004 -0.0006 1.0000
vn -0.0028 -0.0001 1.0000
vn -0.0066 -0.0778 0.9969
vn -0.0001 -0.0001 1.0000
vn -0.0002 -0.0014 1.0000
vn -0.0030 0.0005 1.0000
vn 0.0004 0.0002 1.0000
vn -0.0004 -0.0010 1.0000
vn -0.0055 -0.0086 0.9999
vn 0.0003 0.0004 1.0000
vn 0.0094 0.0036 0.9999
vn 0.0001 0.0003 1.0000
vn 0.0016 -0.0182 0.9998
vn -0.0487 0.0477 0.9977
vn -0.0004 -0.0004 1.0000
vn 0.0020 -0.0057 1.0000
vn -0.0603 -0.1972 0.9785
vn 0.0654 -0.1982 0.9780
vn 0.0094 0.0107 0.9999
vn -0.0038 -0.0108 0.9999
vn -0.0016 -0.0024 1.0000
vn -0.0027 -0.0006 1.0000
vn -0.0067 -0.0104 0.9999
vn 0.0199 0.0222 0.9996
vn -0.0018 0.0093 1.0000
vn -0.0021 0.0112 0.9999
vn 0.0110 0.0042 0.9999
vn 0.0025 -0.0062 1.0000
vn -0.0353 0.0013 0.9994
vn -0.3851 -0.9103 -0.1516
vn -0.2560 -0.9663 0.0269
vn -0.1020 -0.9940 0.0404
vn -0.1034 -0.9938 0.0410
vn -0.1047 -0.9936 0.0417
vn -0.1019 -0.9940 0.0402
vn 0.0561 -0.9667 -0.2497
vn 0.1101 -0.9124 -0.3943
vn 0.3813 -0.9241 0.0245
vn 0.2721 -0.9623 -0.0017
vn 0.2849 -0.9583 -0.0217
vn 0.1273 -0.8386 0.5296
vn -0.1739 -0.9235 0.3419
vn -0.9995 -0.0195 0.0251
vn -0.6553 -0.7426 -0.1378
vn -0.5415 -0.8358 -0.0907
vn -0.8160 -0.5734 0.0727
vn -0.9579 -0.2826 -0.0502
vn 0.2233 -0.9746 0.0175
vn 0.5531 -0.8296 -0.0769
vn 0.8331 -0.5480 0.0749
vn 0.9539 -0.2957 -0.0511
vn 0.9996 -0.0009 0.0284
vn 0.9373 0.3444 -0.0533
vn 0.7603 0.6419 0.0996
vn 0.5172 0.8529 -0.0711
vn 0.0198 0.9987 0.0471
vn -0.2610 0.9615 -0.0865
vn -0.5364 0.8420 0.0577
vn -0.8953 0.4455 0.0037
vn -0.9265 0.3731 -0.0489
vn 0.8795 -0.2442 0.4084
vn -0.8940 -0.1747 0.4125
vn -0.2646 -0.8242 0.5007
vn -0.1776 0.9075 0.3806
vn -0.8445 0.2505 0.4733
vn 0.9172 0.1710 0.3597
vn -0.0638 -0.9969 0.0468
vn -0.1787 -0.9839 0.0002
vn -0.9998 -0.0199 0.0029
vn -0.9883 0.1522 0.0084
vn -0.0882 0.9961 -0.0063
vn 0.9871 0.1466 0.0647
vn 0.9867 0.1498 0.0630
vn 0.9872 0.1452 0.0655
vn 0.9866 0.1509 0.0624
vn 0.9881 -0.1532 -0.0117
vn -0.4085 -0.9113 -0.0513
vn -0.8769 -0.4784 0.0467
vn -0.8765 -0.4791 0.0471
vn -0.8791 -0.4746 0.0446
vn -0.8797 -0.4735 0.0440
vn 0.1514 -0.9885 -0.0055
vn 0.4847 -0.8739 -0.0362
vn 0.7016 -0.7103 0.0568
vn 0.9141 -0.4040 -0.0344
vn 0.2253 0.9682 0.1087
vn 0.2911 0.9546 0.0637
vn 0.6897 0.7089 -0.1473
vn -0.9096 0.4136 0.0395
vn -0.8767 0.4754 0.0738
vn -0.4202 0.9050 -0.0657
vn 0.2386 -0.8800 0.4108
vn 0.1793 0.8958 0.4067
vn 0.0299 -0.9996 -0.0016
vn 0.0308 -0.9995 -0.0016
vn 0.0217 -0.9998 -0.0015
vn 0.0007 -1.0000 0.0087
vn 0.0029 -1.0000 -0.0000
vn 0.0329 -0.9995 -0.0015
vn 0.0106 -0.9999 -0.0000
vn 0.0061 -1.0000 -0.0038
vn 0.0055 -1.0000 -0.0044
vn 0.0331 -0.9994 0.0025
vn 0.0300 -0.9995 0.0025
vn 0.0338 -0.9994 0.0025
vn 0.0262 -0.9997 0.0025
vn -0.0000 -0.9999 0.0133
vn 0.0263 -0.9996 -0.0132
vn -0.0345 -0.9993 -0.0119
vn -0.0241 -0.9996 -0.0120
vn -0.0236 -0.9997 -0.0118
vn -0.0230 -0.9997 -0.0121
vn -0.0001 -0.9999 0.0111
vn -0.0010 -0.9999 0.0112
vn -0.0006 -0.9999 0.0113
vn -0.0278 -0.9996 -0.0085
vn -0.0090 -0.9999 0.0105
vn -0.0454 -0.9989 0.0137
vn 0.0212 -0.9997 -0.0073
vn -0.0308 -0.9995 -0.0106
vn -0.0031 -1.0000 0.0077
vn -0.1367 -0.9904 -0.0224
vn -0.4355 -0.8999 -0.0236
vn -0.0039 -1.0000 -0.0036
vn 0.0350 -0.9992 0.0217
vn 0.0372 -0.9981 0.0484
vn -0.0115 -0.9994 -0.0337
vn 0.7605 -0.6478 -0.0454
vn 0.6059 -0.7862 0.1213
vn -0.2119 -0.9625 -0.1693
vn -0.6817 -0.6906 0.2417
vn -0.9755 -0.0872 -0.2021
vn -0.7472 0.6347 0.1973
vn -0.4509 0.8856 -0.1113
vn 0.4184 0.9056 0.0699
vn 0.4949 0.8689 0.0041
vn 0.9688 0.2472 -0.0205
vn 0.9847 0.1703 0.0364
vn -0.9943 -0.0687 -0.0819
vn -0.9943 0.0687 0.0819
vn 0.9943 -0.0687 0.0819
vn 0.9943 0.0687 -0.0819
vn 0.9997 0.0215 -0.0063
vn 0.9751 0.1439 0.1687
vn 0.9878 0.1306 0.0854
vn 0.9998 -0.0178 0.0031
vn 0.9961 0.0173 -0.0861
vn 0.9954 0.0140 -0.0948
vn 0.9955 0.0144 -0.0940
vn 0.9523 -0.2680 -0.1461
vn 0.9974 0.0403 0.0597
vn -0.2770 0.0038 -0.9609
vn 0.1638 -0.6956 0.6995
vn 0.7909 -0.6054 0.0888
vn 0.2732 -0.4854 -0.8305
vn -0.2627 -0.0234 0.9646
vn -0.9584 0.0749 0.2755
vn -0.9472 0.1092 -0.3015
vn -0.9837 0.1793 0.0134
vn -0.9848 0.1732 0.0123
vn -0.9844 0.1753 0.0127
vn 0.9999 -0.0076 -0.0069
vn 0.9990 0.0378 -0.0230
vn 0.9975 -0.0118 -0.0696
vn 0.9994 0.0342 -0.0035
vn 0.9996 0.0062 0.0290
vn 0.9973 0.0700 -0.0230
vn 0.9999 -0.0109 -0.0100
vn 0.9996 -0.0109 -0.0243
vn 0.9994 -0.0023 -0.0346
vn 0.9996 -0.0099 -0.0253
vn 0.9964 0.0799 -0.0269
vn 0.9960 0.0860 -0.0246
vn 0.9960 0.0864 -0.0245
vn 0.9959 0.0871 -0.0242
vn 0.9953 0.0938 0.0245
vn 0.9963 0.0183 -0.0835
vn 0.9992 -0.0377 0.0140
vn 0.9992 -0.0372 0.0144
vn 0.9989 -0.0452 0.0103
vn 0.9976 -0.0194 0.0657
vn 0.9994 -0.0056 0.0336
vn 0.9983 -0.0134 -0.0565
vn 0.9968 -0.0704 -0.0387
vn 0.9992 0.0319 0.0236
vn 0.9939 0.1008 0.0455
vn 0.9966 -0.0622 0.0542
vn 0.9980 -0.0611 0.0182
vn 0.9980 -0.0606 0.0180
vn 0.9979 -0.0612 0.0193
vn 0.9969 0.0724 0.0320
vn 0.9994 -0.0115 -0.0331
vn 0.9993 -0.0248 -0.0272
vn 0.9995 -0.0249 -0.0176
vn 0.9992 -0.0306 -0.0258
vn 0.9955 -0.0350 -0.0878
vn 0.9998 0.0193 -0.0088
vn 0.9995 0.0272 0.0162
vn 0.9998 -0.0130 -0.0167
vn 0.9820 -0.1887 0.0091
vn 0.9953 -0.0123 0.0956
vn 0.9973 -0.0054 0.0736
vn 0.9993 -0.0329 -0.0159
vn 0.9989 -0.0310 -0.0364
vn 0.9989 -0.0452 -0.0082
vn 1.0000 0.0030 -0.0013
vn -0.9934 -0.1117 -0.0275
vn 0.9987 -0.0084 0.0503
vn 0.9998 -0.0042 0.0192
vn 0.9978 0.0341 0.0568
vn 0.9940 0.0961 -0.0530
vn 0.9991 0.0397 -0.0130
vn 0.9974 0.0280 -0.0660
vn 0.9946 0.0977 -0.0336
vn 0.9970 0.0766 0.0086
vn 0.9999 0.0071 0.0154
vn 1.0000 0.0059 0.0052
vn 0.9998 0.0079 0.0156
vn 0.9990 -0.0427 -0.0165
vn 1.0000 0.0050 0.0050
vn 0.9997 -0.0018 -0.0261
vn 0.9990 -0.0243 -0.0385
vn 0.9994 -0.0023 0.0356
vn 0.9994 -0.0084 0.0330
vn 0.9993 -0.0020 0.0376
vn 0.9997 -0.0175 -0.0165
vn 0.9994 -0.0030 -0.0351
vn 0.9995 -0.0062 -0.0311
vn -0.9834 0.1809 0.0136
vn 0.9999 0.0029 -0.0128
vn 0.9997 -0.0054 0.0253
vn 0.9997 -0.0125 0.0201
vn 0.9989 -0.0460 0.0100
vn 0.9988 -0.0425 0.0246
vn 0.9713 0.0014 -0.2380
vn 0.9995 0.0158 -0.0281
vn 0.9998 -0.0203 0.0078
vn 0.9995 -0.0330 0.0010
vn 0.9985 0.0160 -0.0528
vn 1.0000 0.0064 -0.0056
vn 0.9994 0.0224 0.0250
vn 0.9996 -0.0247 -0.0167
vn 0.9974 -0.0654 0.0308
vn 0.9985 0.0283 -0.0468
vn 0.9985 0.0285 -0.0473
vn 0.9985 0.0284 -0.0470
vn 0.9985 0.0282 -0.0462
vn 0.9985 -0.0144 -0.0521
vn 0.9998 -0.0042 0.0201
vn 0.9972 0.0172 0.0726
vn 0.9920 0.0354 -0.1208
vn 0.9988 -0.0363 0.0335
vn 0.9993 -0.0292 0.0237
vn 0.9714 -0.0947 0.2178
vn 0.9999 0.0051 -0.0141
vn 0.9962 0.0524 0.0690
vn 0.9963 0.0321 0.0804
vn 0.7649 -0.6096 -0.2079
vn 0.0839 -0.2424 0.9665
vn 0.5120 -0.7191 -0.4698
vn 0.8883 0.2195 -0.4034
vn 0.5492 0.6327 -0.5460
vn 0.9159 0.2870 0.2808
vn 0.0918 0.9554 0.2807
vn 0.9149 -0.2802 0.2907
vn 0.9992 0.0031 0.0387
vn 0.9991 -0.0015 0.0418
vn 0.9975 0.0502 -0.0507
vn 0.8096 -0.4782 -0.3403
vn 0.9619 0.0418 -0.2702
vn -0.1781 0.8811 -0.4380
vn 0.3659 -0.2091 0.9069
vn -0.7481 0.0934 0.6570
vn 0.9442 0.3191 -0.0817
vn 0.7983 0.6006 -0.0433
vn 0.9400 -0.0427 0.3385
vn 0.9391 -0.0440 0.3409
vn 0.9397 -0.0431 0.3391
vn 0.9390 -0.0443 0.3410
vn 0.8154 -0.5781 0.0289
vn 0.9540 -0.2538 -0.1594
vn 0.6866 -0.1578 -0.7097
vn -0.0051 1.0000 0.0026
vn -0.0042 1.0000 0.0022
vn -0.0049 1.0000 -0.0012
vn 0.0039 1.0000 0.0012
vn 0.0019 1.0000 0.0005
vn 0.0035 1.0000 0.0008
vn -0.0067 1.0000 -0.0055
vn -0.0056 1.0000 -0.0045
vn -0.0075 -0.9999 0.0079
vn -0.0103 -0.9999 0.0053
vn -0.0051 -0.9999 0.0119
vn 0.0066 -1.0000 0.0053
vn 0.0067 -0.9999 0.0122
vn 0.0067 -0.9999 0.0126
vn 0.0067 -0.9999 0.0129
vn -0.0103 -0.9999 0.0051
vn -0.0153 -0.9994 -0.0304
vn 0.0002 -1.0000 0.0005
vn 0.0009 -1.0000 -0.0000
vn -0.0002 -1.0000 -0.0002
vn 0.1276 -0.9914 0.0286
vn 0.0564 -0.9984 -0.0107
vn -0.0154 -0.9996 -0.0217
vn -0.0032 -1.0000 -0.0013
vn 0.1038 -0.9933 -0.0500
vn 0.0147 -0.9995 -0.0289
vn -0.0278 -0.9993 0.0243
vn 0.0252 -0.9997 0.0061
vn -0.0015 -0.9990 -0.0442
vn 0.0370 -0.9992 0.0150
vn -0.0144 -0.9998 0.0152
vn -0.0435 -0.9986 -0.0310
vn -0.0394 -0.9992 0.0072
vn -0.0047 -0.9999 0.0121
vn 0.0232 -0.9997 -0.0118
vn 0.9732 0.1248 -0.1929
vn 0.9092 0.1252 -0.3970
vn 0.9130 -0.3515 -0.2071
vn 0.9540 0.2915 -0.0704
vn 0.7415 0.6709 0.0005
vn 0.9784 0.1539 0.1381
vn 0.9866 -0.0621 0.1509
vn 0.9630 0.0205 0.2686
vn 0.8365 -0.5432 0.0725
vn -0.0527 -0.0120 -0.9985
vn -0.1246 0.0247 -0.9919
vn -0.5469 0.0553 -0.8354
vn -0.7745 -0.0802 -0.6275
vn -0.9082 0.0480 -0.4158
vn -0.9996 -0.0042 -0.0280
vn -0.9977 0.0285 0.0608
vn -0.8944 -0.0661 0.4424
vn -0.7785 0.0338 0.6268
vn -0.3890 0.0057 0.9212
vn -0.3420 0.0379 0.9389
vn 0.0618 -0.0139 0.9980
vn 0.9091 0.0006 0.4165
vn 0.7741 0.0196 0.6328
vn 0.6775 -0.0583 0.7332
vn 0.3261 0.0801 0.9419
vn 0.3266 0.0500 -0.9438
vn 0.5250 -0.0663 -0.8485
vn 0.8065 0.0685 -0.5872
vn 0.8455 0.0505 -0.5316
vn 0.9651 -0.0922 -0.2450
vn 1.0000 0.0016 0.0016
vn 0.9989 -0.0123 0.0460
vn 0.9993 -0.0244 -0.0270
vn 0.9983 -0.0010 0.0589
vn 0.9968 0.0013 0.0795
vn 0.9989 0.0462 0.0105
vn 1.0000 -0.0042 0.0051
vn 1.0000 -0.0034 0.0043
vn 1.0000 -0.0050 0.0059
vn 1.0000 -0.0033 0.0042
vn 0.9993 -0.0004 0.0362
vn 0.9994 -0.0004 0.0356
vn 0.9997 -0.0001 0.0235
vn 0.9993 -0.0003 0.0368
vn 1.0000 0.0066 0.0058
vn 0.9990 0.0079 0.0443
vn 0.9995 -0.0075 -0.0292
vn 0.9994 -0.0026 -0.0337
vn 0.9999 -0.0043 -0.0093
vn 0.9999 -0.0049 -0.0101
vn 0.9999 -0.0048 -0.0093
vn 0.9998 -0.0084 -0.0161
vn 1.0000 -0.0032 0.0019
vn 0.9997 -0.0188 -0.0138
vn 0.9999 0.0049 -0.0143
vn 0.9999 0.0045 -0.0166
vn 0.9998 0.0050 -0.0182
vn 0.9999 0.0051 -0.0151
vn 0.9998 0.0054 -0.0200
vn 0.9996 -0.0056 -0.0281
vn 1.0000 0.0051 0.0060
vn 0.9990 -0.0449 0.0027
vn 0.9990 -0.0439 0.0039
vn 0.9990 -0.0449 0.0025
vn 0.9990 -0.0438 0.0040
vn 0.9986 -0.0429 0.0317
vn 0.0002 -1.0000 -0.0021
vn 0.0006 -1.0000 0.0023
vn -0.0017 -1.0000 -0.0008
vn -0.0015 -1.0000 0.0013
vn -0.0000 -1.0000 0.0021
vn 0.0016 -1.0000 0.0012
vn 0.0018 -1.0000 -0.0008
vn -0.1893 -0.4259 -0.8847
vn -0.2306 -0.4164 0.8794
vn 0.8794 -0.4165 0.2306
vn -0.8878 -0.4208 0.1866
vn 0.1877 -0.4228 0.8866
vn 0.2318 -0.4189 -0.8779
vn 0.8828 -0.4291 -0.1909
vn -0.8765 -0.4214 -0.2330
vn 0.0504 0.0050 -0.9987
vn -0.0649 -0.0057 -0.9979
vn -0.9990 0.0059 -0.0447
vn -0.9950 -0.0400 0.0914
vn 0.0063 0.0013 1.0000
vn -0.0299 0.0022 0.9996
vn 0.9867 -0.0584 0.1516
vn 0.9865 -0.0588 0.1529
vn 0.9867 -0.0585 0.1520
vn 0.9872 -0.0574 0.1485
vn 0.9986 -0.0005 -0.0536
vn -0.9055 0.0651 -0.4194
vn -0.4630 -0.0919 -0.8816
vn -0.4300 -0.0715 -0.9000
vn -0.4321 -0.0370 0.9011
vn -0.7036 0.1092 0.7022
vn -0.9768 -0.0795 0.1989
vn 0.7065 0.1140 0.6985
vn 0.4299 -0.0542 0.9012
vn 0.4600 -0.0096 -0.8879
vn 0.5972 -0.0803 -0.7981
vn 0.9045 0.0425 -0.4243
vn -0.0227 0.9997 -0.0068
vn 0.0022 1.0000 0.0008
vn 0.0281 0.9996 -0.0063
vn -0.0018 1.0000 -0.0001
vn -0.0018 1.0000 -0.0000
vn -0.0036 1.0000 0.0076
vn -0.0523 0.9986 -0.0023
vn 0.0019 1.0000 0.0009
vn -0.0203 0.9998 -0.0001
vn 0.0034 1.0000 -0.0089
vn 0.0031 1.0000 0.0083
vn 0.0265 0.9996 0.0067
vn -0.0197 0.9998 -0.0011
vn 0.0172 0.9999 -0.0015
vn 0.0151 0.9998 -0.0088
vn -0.0001 1.0000 -0.0003
vn 0.0001 1.0000 0.0001
vn -0.0002 1.0000 -0.0001
vn -0.0003 1.0000 0.0003
vn -0.9695 -0.0568 0.2385
vn -0.9603 -0.0224 0.2780
vn -0.7970 0.0199 -0.6037
vn -0.8461 0.0986 -0.5238
vn 0.6592 0.0833 0.7473
vn 0.4628 -0.0530 0.8849
vn -0.4045 0.0875 0.9104
vn -0.4554 0.0417 0.8893
vn 0.8938 0.0411 -0.4465
vn 0.9187 0.0968 -0.3829
vn 0.8950 -0.1155 0.4308
vn -0.4242 -0.1076 -0.8992
vn 0.1569 0.1252 -0.9796
vn 0.4548 -0.0463 -0.8894
vn -0.8342 0.0306 -0.5506
vn -0.7048 -0.0969 -0.7028
vn -0.2902 0.0739 -0.9541
vn 0.1407 -0.0455 -0.9890
vn 0.2690 0.0385 -0.9624
vn 0.7707 0.0242 -0.6368
vn 0.7856 0.0060 -0.6187
vn 0.9985 0.0359 -0.0408
vn 0.9906 -0.0616 0.1223
vn 0.8023 0.0607 0.5938
vn 0.6507 -0.0507 0.7577
vn 0.2681 0.0946 0.9587
vn -0.0802 -0.0453 0.9957
vn -0.2981 0.0503 0.9532
vn -0.7800 -0.0659 0.6222
vn -0.7463 -0.0228 0.6652
vn 0.0002 -1.0000 -0.0095
vn -0.0002 -1.0000 -0.0071
vn 0.0001 -1.0000 -0.0079
vn -0.0004 -1.0000 -0.0014
vn 0.0005 -1.0000 -0.0011
vn 0.0009 -1.0000 -0.0010
vn -0.0007 -1.0000 -0.0005
vn 0.0050 -1.0000 0.0049
vn -0.0205 -0.9998 0.0041
vn -0.0200 -0.9998 0.0038
vn 0.0009 -1.0000 -0.0016
vn -0.0145 -0.9999 0.0084
vn -0.0144 -0.9999 0.0082
vn -0.0134 -0.9999 0.0104
vn -0.0002 -1.0000 -0.0001
vn -0.0006 -1.0000 0.0009
vn 0.0002 -1.0000 0.0006
vn -0.0040 -1.0000 0.0005
vn -0.0057 -0.9997 -0.0232
vn 0.0054 -1.0000 0.0051
vn 0.0020 -1.0000 0.0002
vn -0.0211 -0.9998 0.0044
vn -0.0011 -1.0000 0.0021
vn 0.0001 -1.0000 -0.0001
vn -0.0062 -1.0000 -0.0046
vn -0.0093 -0.9998 0.0198
vn -0.0289 0.9996 -0.0017
vn -0.0737 0.9971 0.0212
vn -0.0027 1.0000 -0.0040
vn -0.0033 1.0000 -0.0049
vn -0.0030 1.0000 -0.0047
vn 0.0072 1.0000 0.0039
vn 0.0055 1.0000 0.0034
vn 0.0060 1.0000 0.0036
vn -0.0020 -1.0000 -0.0014
vn 0.0002 -1.0000 0.0023
vn -0.0021 -1.0000 0.0001
vn -0.0009 -1.0000 0.0018
vn 0.0009 -1.0000 0.0018
vn 0.0020 -1.0000 0.0004
vn 0.0021 -1.0000 -0.0008
vn -0.2070 -0.4267 -0.8804
vn -0.2078 -0.3953 0.8948
vn -0.7546 -0.5880 0.2913
vn -0.9612 -0.1764 0.2120
vn 0.9660 -0.1537 0.2077
vn 0.7476 -0.5934 0.2982
vn 0.2971 -0.6345 0.7135
vn 0.2142 -0.1861 0.9589
vn 0.2039 -0.3541 -0.9127
vn -0.9998 0.0132 -0.0165
vn -0.9978 0.0139 0.0644
vn 0.1296 -0.0475 0.9904
vn -0.0755 0.0078 0.9971
vn 0.0585 -0.0252 0.9980
vn 0.0598 -0.0249 0.9979
vn 0.0606 -0.0248 0.9979
vn 0.9961 0.0249 0.0849
vn 0.9641 -0.0534 -0.2600
vn 0.0917 -0.0005 -0.9958
vn 0.1564 0.0151 -0.9876
vn -0.0491 -0.0377 -0.9981
vn -0.0242 -0.0459 -0.9987
vn -0.7067 -0.0707 -0.7039
vn -0.8432 0.1149 -0.5251
vn 0.5145 -0.0782 0.8539
vn -0.8137 0.0735 0.5767
vn -0.7168 -0.0516 0.6953
vn 0.7422 -0.0505 -0.6682
vn 0.7184 0.0355 0.6948
vn 0.6890 0.0609 0.7222
vn 0.0577 -0.0253 0.9980
vn 0.4404 0.0704 -0.8951
vn 0.9107 -0.0903 -0.4030
vn 0.9105 -0.0904 -0.4034
vn 0.9088 -0.0928 -0.4068
vn 0.9083 -0.0935 -0.4078
vn -0.9117 -0.3561 -0.2049
vn 0.7215 -0.6273 -0.2932
vn 0.9705 -0.1296 -0.2035
vn -0.1261 0.0332 -0.9915
vn 0.0130 -0.0000 -0.9999
vn -0.2694 -0.0706 0.9604
vn 0.1126 -0.0000 0.9936
vn -0.1332 0.9909 0.0177
vn -0.1741 0.9847 -0.0000
vn -0.1719 0.9851 -0.0009
vn -0.1735 0.9848 -0.0003
vn -0.1712 0.9852 -0.0012
vn -0.1387 -0.9903 -0.0005
vn -0.1328 -0.9911 -0.0020
vn -0.1346 -0.9909 -0.0015
vn -0.1406 -0.9901 -0.0000
vn -0.0129 0.9999 -0.0007
vn -0.0049 1.0000 -0.0001
vn 0.0256 0.9997 -0.0053
vn -0.0136 0.9998 -0.0136
vn 0.0030 1.0000 0.0074
vn 0.0096 0.9998 -0.0165
vn -0.0035 1.0000 0.0062
vn -0.0097 0.9999 0.0027
vn -0.0089 1.0000 0.0032
vn -0.0089 0.9997 0.0243
vn -0.0069 0.9999 -0.0095
vn 0.0050 1.0000 -0.0059
vn -0.0024 1.0000 0.0068
vn 0.0055 0.9998 0.0174
vn 0.0331 0.9994 -0.0061
vn -0.0017 1.0000 0.0017
vn 0.0184 0.9998 -0.0009
vn 0.0002 1.0000 0.0001
vn -0.0001 1.0000 0.0003
vn -0.9455 0.0908 0.3128
vn -0.9593 0.0520 0.2775
vn -0.8465 -0.0683 -0.5281
vn 0.1484 0.0005 0.9889
vn 0.2518 0.1227 0.9600
vn -0.5362 -0.0715 0.8411
vn 0.8888 -0.0990 -0.4476
vn 0.9713 0.1679 0.1686
vn 0.9050 -0.0200 0.4249
vn -0.5826 0.0742 -0.8093
vn -0.4258 -0.0378 -0.9040
vn 0.4514 0.0831 -0.8884
vn 0.4580 0.0758 -0.8857
vn 0.4518 0.0823 -0.8883
vn 0.4510 0.0830 -0.8887
s 1
f 6//1 3//1 4//1
f 4//2 3//2 5//2
f 4//3 5//3 7//3
f 7//4 5//4 56//4
f 61//5 60//5 4//5
f 9//6 8//6 6//6
f 7//7 61//7 4//7
f 61//8 7//8 8//8
f 6//9 8//9 7//9
f 14//10 10//10 11//10
f 14//11 11//12 12//13
f 12//14 11//14 13//14
f 12//15 13//15 67//15
f 64//16 66//16 14//16
f 16//17 15//17 12//17
f 12//13 64//18 14//11
f 15//19 64//19 12//19
f 67//20 16//20 12//20
f 65//21 63//21 26//21
f 16//22 27//22 33//22
f 35//23 15//23 16//23
f 20//24 64//24 15//24
f 63//25 64//25 31//25
f 28//26 65//26 26//26
f 26//27 31//27 29//27
f 26//28 29//28 30//28
f 25//29 18//29 19//29
f 23//30 24//30 25//30
f 63//31 31//31 26//31
f 30//32 29//32 68//32
f 25//33 24//33 18//33
f 22//34 33//34 28//34
f 28//35 27//35 65//35
f 68//36 29//36 34//36
f 68//37 34//37 21//37
f 18//38 24//38 32//38
f 18//39 33//39 22//39
f 18//40 32//40 33//40
f 28//41 33//41 27//41
f 24//42 49//42 32//42
f 64//43 20//43 31//43
f 31//44 34//44 29//44
f 32//45 35//45 33//45
f 33//46 35//46 16//46
f 49//47 53//47 32//47
f 31//48 20//48 34//48
f 32//49 53//49 35//49
f 15//50 35//50 20//50
f 20//51 36//51 34//51
f 34//52 36//52 50//52
f 53//53 17//53 35//53
f 35//54 17//54 20//54
f 20//55 17//55 36//55
f 45//56 57//56 62//56
f 9//57 59//57 48//57
f 8//58 40//58 61//58
f 21//59 34//59 43//59
f 38//60 39//60 42//60
f 41//61 43//61 44//61
f 45//62 58//62 46//62
f 46//63 47//63 39//63
f 62//64 58//64 45//64
f 46//65 58//65 47//65
f 39//66 47//66 42//66
f 42//67 24//67 2//67
f 21//68 43//68 41//68
f 43//69 48//69 44//69
f 44//70 48//71 45//72
f 45//73 59//73 57//73
f 42//74 47//74 24//74
f 48//71 59//75 45//72
f 58//76 61//76 47//76
f 47//77 49//77 24//77
f 34//78 50//78 43//78
f 43//79 50//79 48//79
f 47//80 61//80 51//80
f 47//81 51//81 49//81
f 51//82 53//82 49//82
f 48//83 52//83 9//83
f 48//84 50//84 52//84
f 9//85 52//85 8//85
f 52//86 40//86 8//86
f 61//87 40//87 51//87
f 50//88 36//88 52//88
f 51//89 40//89 53//89
f 52//90 17//90 40//90
f 53//91 40//91 17//91
f 36//92 17//92 52//92
f 2//93 45//93 38//93
f 26//94 30//95 11//96
f 38//97 45//97 46//97
f 44//98 3//99 54//100
f 41//101 44//98 54//100
f 23//102 19//102 28//102
f 19//103 22//103 28//103
f 10//104 26//94 11//96
f 2//105 56//106 5//107
f 2//108 5//108 45//108
f 45//109 3//109 44//109
f 26//110 10//110 28//110
f 28//111 10//112 13//113
f 28//111 13//113 2//114
f 28//115 2//115 23//115
f 54//100 3//99 55//116
f 11//117 30//117 55//117
f 11//118 55//118 13//118
f 13//119 55//116 3//99
f 45//120 5//120 3//120
f 3//99 56//106 13//119
f 56//106 2//105 13//119
f 62//121 60//121 58//121
f 60//122 61//122 58//122
f 62//123 57//123 4//123
f 64//124 63//124 66//124
f 66//125 63//125 65//125
f 27//126 16//126 67//126
f 67//127 65//127 27//127
f 67//128 66//128 65//128
f 14//129 66//129 67//129
f 67//130 13//130 10//130
f 67//131 10//131 14//131
f 6//132 59//132 9//132
f 6//133 57//133 59//133
f 4//134 57//134 6//134
f 62//135 4//135 60//135
f 7//136 56//136 3//136
f 7//137 3//137 6//137
f 68//138 55//138 30//138
f 21//139 70//139 37//139
f 21//140 37//140 68//140
f 37//141 70//141 55//141
f 70//142 21//142 54//142
f 68//143 37//143 55//143
f 41//144 54//144 21//144
f 23//145 2//145 1//145
f 23//146 1//146 24//146
f 2//147 24//147 1//147
f 22//148 19//148 18//148
f 25//149 19//149 69//149
f 23//150 25//150 69//150
f 42//151 2//151 38//151
f 23//152 69//152 19//152
f 39//153 38//153 46//153
f 54//154 55//154 70//154
f 76//155 74//155 71//155
f 71//156 74//156 73//156
f 75//157 76//157 115//157
f 75//158 74//158 76//158
f 77//159 112//159 113//159
f 112//160 77//160 111//160
f 79//161 97//161 99//161
f 99//162 97//162 98//162
f 99//163 98//163 80//163
f 80//164 98//164 78//164
f 80//165 78//165 79//165
f 80//166 79//166 81//166
f 81//167 79//167 100//167
f 100//168 99//168 82//168
f 82//169 80//169 83//169
f 84//170 102//170 82//170
f 82//171 83//171 84//171
f 85//172 83//172 101//172
f 85//173 101//173 102//173
f 85//174 102//174 103//174
f 103//175 102//175 84//175
f 86//176 84//176 83//176
f 86//177 83//177 85//177
f 105//178 103//178 104//178
f 88//179 86//179 89//179
f 86//180 87//180 89//180
f 87//181 105//181 104//181
f 90//182 92//182 89//182
f 106//183 92//183 90//183
f 106//184 91//184 92//184
f 91//185 93//185 94//185
f 110//186 94//186 113//186
f 113//187 94//187 95//187
f 113//188 95//188 109//188
f 111//189 109//189 110//189
f 111//190 110//190 96//190
f 77//191 113//191 109//191
f 111//192 77//192 109//192
f 111//193 96//193 112//193
f 112//194 96//194 113//194
f 99//195 100//195 79//195
f 82//196 99//196 80//196
f 83//197 80//197 81//197
f 83//198 81//198 101//198
f 101//199 81//199 100//199
f 101//200 100//200 102//200
f 102//201 100//201 82//201
f 103//202 84//202 88//202
f 88//203 84//203 86//203
f 87//204 86//204 85//204
f 87//205 85//205 105//205
f 105//206 85//206 103//206
f 103//207 88//207 104//207
f 89//208 87//208 90//208
f 90//209 87//209 104//209
f 106//210 104//210 88//210
f 106//211 88//211 91//211
f 91//212 88//212 89//212
f 104//213 106//213 90//213
f 89//214 93//214 91//214
f 89//215 92//215 93//215
f 107//216 92//216 91//216
f 107//217 91//217 94//217
f 93//218 92//218 108//218
f 108//219 92//219 107//219
f 95//220 94//220 93//220
f 95//221 93//221 109//221
f 93//222 108//222 109//222
f 108//223 107//223 110//223
f 110//224 107//224 94//224
f 109//225 108//225 110//225
f 96//226 110//226 113//226
f 115//227 72//227 75//227
f 71//228 73//228 114//228
f 73//229 72//229 114//229
f 114//230 72//230 115//230
f 115//231 76//231 71//231
f 72//232 73//232 98//232
f 74//233 78//233 73//233
f 72//234 97//234 75//234
f 73//235 78//235 98//235
f 75//236 97//236 79//236
f 79//237 78//237 74//237
f 72//238 98//238 97//238
f 75//239 79//239 74//239
f 71//240 114//240 115//240
f 119//241 118//241 116//241
f 116//242 118//242 120//242
f 116//243 120//243 121//243
f 158//244 118//244 119//244
f 123//245 156//245 145//245
f 123//246 122//246 157//246
f 145//247 122//247 123//247
f 126//248 124//248 147//248
f 147//249 128//249 127//249
f 130//250 128//250 129//250
f 148//251 128//251 130//251
f 131//252 127//252 148//252
f 149//253 130//253 133//253
f 130//254 131//254 133//254
f 133//255 131//255 132//255
f 132//256 150//256 134//256
f 133//257 135//257 151//257
f 134//258 150//258 152//258
f 136//259 152//259 151//259
f 135//260 136//260 151//260
f 136//261 135//261 137//261
f 138//262 137//262 134//262
f 138//263 134//263 152//263
f 152//264 136//264 139//264
f 152//265 153//265 138//265
f 152//266 139//266 153//266
f 139//267 136//267 140//267
f 138//268 153//268 143//268
f 140//269 142//269 141//269
f 144//270 154//270 155//270
f 155//271 154//271 143//271
f 155//272 143//272 145//272
f 145//273 143//273 141//273
f 145//274 141//274 157//274
f 157//275 141//275 144//275
f 122//276 145//276 157//276
f 124//277 146//277 147//277
f 128//278 146//278 125//278
f 128//279 125//279 129//279
f 129//280 125//280 126//280
f 129//281 126//281 127//281
f 127//282 126//282 147//282
f 128//283 147//283 146//283
f 148//284 127//284 128//284
f 130//285 129//285 131//285
f 131//286 129//286 127//286
f 149//287 148//287 130//287
f 131//288 148//288 132//288
f 150//289 132//289 148//289
f 150//290 148//290 149//290
f 150//291 149//291 151//291
f 151//292 149//292 133//292
f 133//293 132//293 135//293
f 135//294 132//294 134//294
f 152//295 150//295 151//295
f 137//296 135//296 134//296
f 137//297 140//297 136//297
f 137//298 138//298 140//298
f 143//299 153//299 139//299
f 143//300 139//300 141//300
f 141//301 139//301 140//301
f 142//302 140//302 138//302
f 142//303 138//303 154//303
f 154//304 138//304 143//304
f 142//305 154//305 144//305
f 144//306 141//306 142//306
f 157//307 144//307 123//307
f 123//308 144//308 156//308
f 156//309 144//309 155//309
f 156//310 155//310 145//310
f 121//311 117//311 119//311
f 119//312 117//312 158//312
f 120//313 117//313 121//313
f 117//314 120//314 146//314
f 125//315 120//315 118//315
f 158//316 117//316 124//316
f 124//317 126//317 158//317
f 126//318 125//318 118//318
f 120//319 125//319 146//319
f 146//320 124//320 117//320
f 158//321 126//321 118//321
f 116//322 121//322 119//322
f 160//323 162//323 161//323
f 159//324 163//324 161//324
f 159//325 161//325 162//325
f 202//326 163//326 159//326
f 165//327 164//327 200//327
f 188//328 187//328 166//328
f 188//329 166//329 169//329
f 170//330 169//330 167//330
f 170//331 167//331 168//331
f 170//332 168//332 187//332
f 170//333 171//333 169//333
f 171//334 170//334 173//334
f 189//335 173//335 188//335
f 189//336 188//336 172//336
f 174//337 173//337 175//337
f 175//338 173//338 189//338
f 175//339 189//339 190//339
f 176//340 190//340 172//340
f 176//341 172//341 177//341
f 172//342 174//342 177//342
f 174//343 175//343 178//343
f 178//344 175//344 191//344
f 192//345 176//345 179//345
f 176//346 177//346 179//346
f 177//347 178//347 193//347
f 193//348 178//348 191//348
f 193//349 191//349 194//349
f 194//350 191//350 192//350
f 194//351 192//351 180//351
f 180//352 192//352 179//352
f 180//353 179//353 182//353
f 182//354 179//354 181//354
f 194//355 195//355 193//355
f 193//356 195//356 181//356
f 184//357 182//357 181//357
f 184//358 181//358 195//358
f 182//359 184//359 183//359
f 198//360 196//360 183//360
f 186//361 185//361 165//361
f 165//362 185//362 197//362
f 199//363 165//363 197//363
f 165//364 199//364 164//364
f 164//365 199//365 186//365
f 164//366 186//366 200//366
f 166//367 167//367 169//367
f 173//368 170//368 187//368
f 173//369 187//369 188//369
f 172//370 188//370 169//370
f 172//371 169//371 171//371
f 189//372 172//372 190//372
f 172//373 171//373 174//373
f 174//374 171//374 173//374
f 191//375 175//375 190//375
f 191//376 190//376 176//376
f 177//377 174//377 178//377
f 192//378 191//378 176//378
f 181//379 179//379 177//379
f 181//380 177//380 193//380
f 195//381 194//381 196//381
f 196//382 194//382 180//382
f 196//383 180//383 183//383
f 183//384 180//384 182//384
f 184//385 195//385 198//385
f 198//386 195//386 196//386
f 184//387 198//387 197//387
f 185//388 183//388 184//388
f 185//389 184//389 197//389
f 197//390 198//390 199//390
f 198//391 183//391 199//391
f 199//392 183//392 186//392
f 186//393 183//393 185//393
f 200//394 186//394 165//394
f 159//395 201//395 202//395
f 162//396 160//396 201//396
f 201//397 160//397 202//397
f 202//398 187//398 168//398
f 167//399 161//399 163//399
f 202//400 160//400 187//400
f 161//401 167//401 166//401
f 202//402 168//402 163//402
f 168//403 167//403 163//403
f 161//404 166//404 160//404
f 160//405 166//405 187//405
f 159//406 162//406 201//406
f 206//407 207//407 205//407
f 205//408 208//408 206//408
f 206//409 208//409 204//409
f 203//410 204//410 208//410
f 245//411 246//411 247//411
f 245//412 247//412 230//412
f 211//413 209//413 212//413
f 212//414 210//414 233//414
f 233//415 210//415 231//415
f 233//416 231//416 213//416
f 213//417 211//417 214//417
f 214//418 215//418 213//418
f 212//419 215//419 214//419
f 215//420 212//420 216//420
f 216//421 212//421 233//421
f 216//422 233//422 234//422
f 234//423 213//423 217//423
f 236//424 217//424 219//424
f 217//425 215//425 219//425
f 219//426 215//426 216//426
f 219//427 216//427 220//427
f 220//428 216//428 237//428
f 237//429 216//429 235//429
f 236//430 237//430 235//430
f 237//431 236//431 238//431
f 236//432 218//432 238//432
f 238//433 218//433 221//433
f 223//434 221//434 220//434
f 223//435 220//435 239//435
f 237//436 239//436 220//436
f 237//437 238//437 239//437
f 238//438 224//438 239//438
f 222//439 223//439 225//439
f 239//440 240//440 225//440
f 239//441 225//441 223//441
f 222//442 226//442 227//442
f 228//443 244//443 241//443
f 228//444 241//444 227//444
f 227//445 226//445 242//445
f 228//446 227//446 229//446
f 229//447 242//447 243//447
f 243//448 244//448 228//448
f 247//449 229//449 230//449
f 243//450 245//450 230//450
f 212//451 209//451 210//451
f 213//452 231//452 232//452
f 213//453 232//453 211//453
f 214//454 211//454 212//454
f 233//455 213//455 234//455
f 217//456 213//456 215//456
f 235//457 216//457 234//457
f 235//458 234//458 236//458
f 236//459 234//459 217//459
f 218//460 236//460 219//460
f 221//461 218//461 219//461
f 221//462 219//462 220//462
f 224//463 238//463 221//463
f 224//464 221//464 222//464
f 223//465 222//465 221//465
f 224//466 240//466 239//466
f 225//467 226//467 222//467
f 240//468 224//468 241//468
f 241//469 224//469 227//469
f 227//470 224//470 222//470
f 226//471 225//471 244//471
f 244//472 225//472 240//472
f 244//473 240//473 241//473
f 226//474 244//474 242//474
f 229//475 227//475 242//475
f 243//476 242//476 244//476
f 230//477 229//477 243//477
f 245//478 243//478 228//478
f 245//479 228//479 246//479
f 246//480 228//480 229//480
f 246//481 229//481 247//481
f 206//482 248//482 207//482
f 203//483 248//483 204//483
f 204//484 248//484 206//484
f 211//485 232//485 203//485
f 248//486 203//486 231//486
f 207//487 231//487 210//487
f 207//488 248//488 231//488
f 211//489 203//489 208//489
f 203//490 232//490 231//490
f 207//491 209//491 205//491
f 211//492 208//492 205//492
f 207//493 210//493 209//493
f 205//494 209//494 211//494
f 250//495 257//495 249//495
f 250//496 249//496 251//496
f 251//497 249//497 253//497
f 251//498 253//498 252//498
f 255//499 253//499 254//499
f 254//500 253//500 249//500
f 254//501 249//501 255//501
f 255//502 249//502 257//502
f 255//503 257//503 253//503
f 252//504 253//504 257//504
f 252//505 257//505 256//505
f 256//506 257//506 250//506
f 251//507 252//507 256//507
f 251//508 256//508 250//508
f 265//509 259//509 258//509
f 265//510 258//510 260//510
f 260//511 258//511 261//511
f 263//512 264//512 258//512
f 263//513 258//513 262//513
f 262//514 258//514 259//514
f 262//515 259//515 263//515
f 263//516 259//516 264//516
f 261//517 258//517 264//517
f 261//518 264//518 266//518
f 266//519 264//519 265//519
f 265//520 264//520 259//520
f 260//521 261//521 266//521
f 266//522 265//522 260//522
f 268//523 275//523 267//523
f 268//524 267//524 269//524
f 269//497 267//497 271//497
f 269//498 271//498 270//498
f 273//525 271//525 272//525
f 272//526 271//526 267//526
f 272//527 267//527 273//527
f 273//528 267//528 275//528
f 273//529 275//529 271//529
f 270//504 271//504 275//504
f 270//530 275//530 274//530
f 274//531 275//531 268//531
f 269//532 270//532 274//532
f 269//533 274//533 268//533
f 283//509 277//509 276//509
f 283//534 276//534 278//534
f 278//535 276//535 279//535
f 281//512 282//512 276//512
f 281//513 276//513 280//513
f 280//514 276//514 277//514
f 280//515 277//515 281//515
f 281//516 277//516 282//516
f 279//517 276//517 282//517
f 279//536 282//536 284//536
f 284//537 282//537 283//537
f 283//520 282//520 277//520
f 278//538 279//539 284//540
f 284//540 283//541 278//538
f 287//542 286//542 285//542
f 287//543 285//543 288//543
f 288//544 285//544 289//544
f 292//545 289//545 290//545
f 290//546 289//546 286//546
f 290//547 286//547 291//547
f 290//548 291//548 292//548
f 292//549 291//549 289//549
f 288//550 289//550 291//550
f 288//551 291//551 293//551
f 293//552 291//552 286//552
f 293//553 286//553 287//553
f 294//554 288//554 293//554
f 287//555 288//555 294//555
f 289//556 285//556 286//556
f 287//557 294//557 293//557
f 298//558 297//558 296//558
f 298//559 296//559 299//559
f 299//560 296//560 295//560
f 300//561 296//561 301//561
f 301//562 296//562 297//562
f 301//563 297//564 302//565
f 301//566 302//566 300//566
f 300//567 302//567 296//567
f 299//568 295//568 302//568
f 299//569 302//569 303//569
f 303//570 302//565 297//564
f 303//571 297//571 298//571
f 305//572 299//572 304//572
f 304//573 299//573 303//573
f 303//574 298//574 305//574
f 305//575 298//575 299//575
f 302//576 295//576 296//576
f 305//577 304//577 303//577
f 308//578 307//578 306//578
f 308//579 306//579 309//579
f 309//580 306//580 314//580
f 314//581 306//581 312//581
f 313//582 306//582 311//582
f 311//583 306//583 307//583
f 311//584 307//584 312//584
f 311//585 312//585 313//585
f 313//586 312//586 306//586
f 314//587 312//587 308//587
f 308//588 312//588 307//588
f 310//589 314//589 308//589
f 310//590 308//590 309//590
f 310//591 309//591 314//591
f 323//592 319//592 315//592
f 323//593 315//593 316//593
f 316//594 315//594 317//594
f 317//595 315//595 321//595
f 317//596 321//596 322//596
f 320//597 321//597 315//597
f 320//598 315//598 318//598
f 318//599 315//599 319//599
f 318//600 319//600 320//600
f 320//601 319//601 321//601
f 322//602 321//602 323//602
f 323//603 321//603 319//603
f 317//604 322//604 323//604
f 316//605 317//605 323//605
f 326//606 325//606 324//606
f 326//607 324//607 327//607
f 328//608 330//609 324//610
f 328//611 324//611 325//611
f 328//612 325//612 329//612
f 329//613 325//613 330//613
f 329//614 330//609 328//608
f 327//615 324//615 330//615
f 327//616 330//616 331//616
f 331//617 330//617 325//617
f 331//618 325//618 326//618
f 326//619 327//619 331//619
f 334//620 341//620 333//620
f 334//621 333//621 335//621
f 335//622 333//622 332//622
f 335//623 332//623 336//623
f 338//624 332//624 333//624
f 338//625 333//625 341//625
f 338//626 341//626 339//626
f 339//627 341//627 340//627
f 339//628 340//628 338//628
f 338//629 340//629 332//629
f 336//630 332//630 340//630
f 336//631 340//631 334//631
f 334//632 340//632 341//632
f 336//633 334//633 337//633
f 337//634 334//634 335//634
f 335//635 336//635 337//635
f 344//636 343//636 342//636
f 344//637 342//637 345//637
f 345//638 342//638 347//638
f 348//639 347//639 342//639
f 348//640 342//640 346//640
f 346//641 342//641 343//641
f 346//642 343//642 347//642
f 346//643 347//643 348//643
f 345//644 347//644 349//644
f 345//645 349//645 350//645
f 350//646 349//646 344//646
f 344//647 349//647 343//647
f 351//648 345//648 350//648
f 344//649 345//649 351//649
f 343//650 349//650 347//650
f 344//651 351//651 350//651
f 359//652 358//652 354//652
f 354//653 358//653 353//653
f 354//654 353//654 352//654
f 354//655 352//655 355//655
f 357//656 352//656 353//656
f 357//657 353//657 356//657
f 356//658 353//658 358//658
f 356//659 358//659 357//659
f 357//660 358//660 352//660
f 355//661 352//661 358//661
f 355//662 358//662 359//662
f 360//663 354//663 355//663
f 359//664 354//664 360//664
f 360//665 355//665 359//665
f 366//666 365//666 362//666
f 370//667 369//667 366//667
f 366//668 369//668 365//668
f 364//667 366//667 368//667
f 368//667 366//667 362//667
f 368//667 362//667 361//667
f 367//669 369//669 370//669
f 373//670 372//670 370//670
f 370//671 372//671 367//671
f 369//672 367//672 371//672
f 369//673 371//673 372//673
f 369//674 372//674 373//674
f 363//667 361//667 362//667
f 374//675 377//675 376//675
f 380//676 379//676 376//676
f 376//677 379//677 374//677
f 378//678 376//678 377//678
f 379//679 380//679 381//679
f 374//680 382//680 377//680
f 381//681 383//681 374//681
f 374//682 383//682 382//682
f 381//683 380//683 383//683
f 384//684 385//684 362//684
f 362//685 385//685 376//685
f 385//686 380//686 376//686
f 386//687 370//687 366//687
f 377//688 387//688 366//688
f 387//689 386//689 366//689
f 398//690 390//690 394//690
f 384//691 388//691 389//691
f 390//692 385//692 384//692
f 393//693 398//693 391//693
f 389//694 390//694 384//694
f 385//695 390//695 393//695
f 395//696 394//696 397//696
f 389//697 394//697 390//697
f 387//698 399//698 386//698
f 386//699 399//699 392//699
f 392//700 395//700 386//700
f 399//701 396//701 392//701
f 386//702 397//703 384//704
f 384//704 397//703 388//705
f 395//706 397//706 386//706
f 385//707 391//707 387//707
f 387//708 391//708 399//708
f 398//709 394//709 392//709
f 391//710 385//710 393//710
f 398//711 392//712 396//713
f 398//711 396//713 391//714
f 400//715 361//715 401//715
f 401//716 361//716 378//716
f 401//717 378//717 402//717
f 422//718 404//718 361//718
f 414//719 404//720 422//721
f 411//722 406//722 368//722
f 368//723 406//723 419//723
f 405//724 408//724 378//724
f 361//725 411//725 368//725
f 377//726 415//726 378//726
f 378//727 415//727 407//727
f 378//728 408//728 402//728
f 402//729 408//729 413//729
f 419//730 406//730 420//730
f 412//731 405//731 407//731
f 407//732 405//732 378//732
f 361//733 404//733 410//733
f 406//734 409//734 420//734
f 411//735 410//735 409//735
f 420//736 415//736 377//736
f 410//737 411//737 361//737
f 420//738 409//738 414//738
f 410//739 414//739 409//739
f 414//740 415//740 420//740
f 413//741 422//741 402//741
f 422//721 413//742 414//719
f 414//743 412//743 415//743
f 412//744 413//744 405//744
f 413//745 412//745 414//745
f 420//746 377//746 416//746
f 418//747 417//747 419//747
f 418//748 419//748 420//748
f 421//749 368//749 419//749
f 402//750 422//750 423//750
f 402//751 423//751 403//751
f 368//752 421//752 416//752
f 368//753 416//753 377//753
f 422//754 361//754 400//754
f 361//755 363//755 378//755
f 378//756 363//756 376//756
f 362//757 376//757 363//757
f 377//758 375//758 368//758
f 368//759 375//759 364//759
f 364//760 375//760 377//760
f 364//761 377//761 366//761
f 420//762 421//762 417//762
f 417//763 418//763 420//763
f 423//764 400//765 424//766
f 423//764 424//766 403//767
f 424//768 400//768 401//768
f 424//769 401//769 402//769
f 420//770 416//770 421//770
f 424//771 402//771 403//771
f 400//772 423//772 422//772
f 421//773 419//773 417//773
f 425//774 385//774 387//774
f 425//775 387//775 382//775
f 382//776 387//776 377//776
f 365//777 386//777 384//777
f 365//778 384//778 362//778
f 425//779 430//779 385//779
f 385//780 430//780 426//780
f 385//781 426//781 427//781
f 427//667 426//667 428//667
f 427//667 428//667 429//667
f 429//667 428//667 425//667
f 425//667 428//667 430//667
f 380//782 385//782 427//782
f 380//783 427//783 429//783
f 380//784 429//784 383//784
f 383//785 429//785 425//785
f 426//786 379//786 428//786
f 428//787 379//787 381//787
f 428//788 381//788 430//788
f 430//789 381//789 374//789
f 430//790 374//790 426//790
f 426//791 374//791 379//791
f 365//792 431//792 386//792
f 432//793 431//793 365//793
f 431//678 432//678 433//678
f 433//678 432//678 434//678
f 433//678 434//678 435//678
f 435//794 434//794 386//794
f 435//795 386//795 431//795
f 370//796 386//796 434//796
f 370//797 434//797 373//797
f 373//798 434//798 432//798
f 373//799 432//799 369//799
f 435//800 372//800 433//800
f 433//801 372//801 371//801
f 433//802 371//802 431//802
f 431//803 371//803 367//803
f 431//804 367//804 435//804
f 435//805 367//805 372//805
f 432//806 365//806 369//806
f 425//807 382//807 383//807
f 405//808 439//808 408//808
f 408//809 439//809 436//809
f 408//810 436//810 413//810
f 413//811 436//811 437//811
f 413//812 437//812 405//812
f 405//813 437//813 439//813
f 438//814 436//814 439//814
f 436//815 398//815 437//815
f 437//816 398//816 439//816
f 439//817 398//817 393//817
f 439//818 393//818 438//818
f 438//819 393//819 390//819
f 438//820 390//820 436//820
f 436//821 390//821 398//821
f 414//822 440//822 404//822
f 404//823 440//823 441//823
f 404//824 441//824 410//824
f 410//825 441//825 443//825
f 410//826 443//826 414//826
f 414//827 443//827 440//827
f 442//828 441//828 440//828
f 442//829 388//829 397//829
f 442//830 397//830 441//830
f 441//831 397//831 443//831
f 443//832 397//832 394//832
f 443//833 394//833 389//833
f 443//834 389//834 440//834
f 440//835 389//835 442//835
f 442//836 389//836 388//836
f 415//837 447//837 407//837
f 407//838 447//838 446//838
f 407//839 446//839 412//839
f 412//840 446//840 445//840
f 412//841 445//841 415//841
f 415//842 445//842 444//842
f 415//843 444//843 447//843
f 445//844 396//844 399//844
f 445//845 399//845 444//845
f 444//846 399//846 447//846
f 447//847 399//847 446//847
f 446//848 399//848 391//848
f 446//849 391//849 445//849
f 445//850 391//850 396//850
f 406//851 451//851 409//851
f 409//852 451//852 450//852
f 409//853 450//853 411//853
f 411//854 450//854 448//854
f 411//855 448//855 406//855
f 406//856 448//856 449//856
f 406//857 449//857 451//857
f 448//858 395//858 392//858
f 448//859 392//859 449//859
f 449//860 392//860 451//860
f 451//861 392//861 394//861
f 451//862 394//862 450//862
f 450//863 394//863 395//863
f 450//864 395//864 448//864
f 458//865 457//865 455//865
f 455//866 457//866 456//866
f 456//867 459//867 455//867
f 454//678 455//678 460//678
f 460//678 455//678 459//678
f 460//678 459//678 452//678
f 457//679 458//679 461//679
f 461//681 463//681 456//681
f 453//678 452//678 459//678
f 456//682 463//682 462//682
f 461//683 458//683 463//683
f 456//868 462//868 459//868
f 471//667 470//667 466//667
f 466//869 470//869 468//869
f 466//870 468//870 469//870
f 466//667 469//667 467//667
f 465//669 470//669 471//669
f 474//670 473//670 471//670
f 471//671 473//671 465//671
f 470//672 465//672 472//672
f 470//673 472//673 473//673
f 470//674 473//674 474//674
f 475//871 476//871 459//871
f 459//872 476//872 466//872
f 476//873 471//873 466//873
f 477//874 458//874 455//874
f 469//875 478//875 455//875
f 478//876 477//876 455//876
f 486//877 484//877 479//877
f 475//878 483//878 481//878
f 475//879 481//879 476//879
f 476//880 481//880 480//880
f 482//881 475//881 488//881
f 485//882 486//882 483//882
f 483//883 486//883 481//883
f 478//884 487//884 477//884
f 477//885 489//886 488//887
f 480//888 479//889 476//890
f 477//891 488//891 475//891
f 477//885 487//886 489//886
f 489//892 487//893 484//894
f 476//890 479//889 478//895
f 478//896 479//896 487//896
f 475//897 482//897 483//897
f 482//898 486//898 485//898
f 486//899 482//899 489//899
f 486//900 489//892 484//894
f 490//901 452//901 491//901
f 491//902 452//902 466//902
f 496//903 494//903 499//903
f 509//904 500//905 501//906
f 509//907 501//907 467//907
f 511//908 494//908 452//908
f 452//909 496//909 460//909
f 460//910 496//910 495//910
f 460//911 495//911 508//911
f 498//912 501//913 497//914
f 508//915 502//915 509//915
f 467//916 498//917 466//918
f 466//918 498//917 492//919
f 495//920 502//920 508//920
f 509//921 502//921 496//921
f 492//922 498//923 503//924
f 501//913 498//912 467//925
f 496//926 499//926 509//926
f 511//927 504//928 494//929
f 494//930 496//930 452//930
f 497//931 501//932 505//933
f 504//928 511//927 492//934
f 504//935 492//935 505//935
f 500//905 509//904 499//936
f 500//937 499//937 505//937
f 499//938 504//938 505//938
f 492//922 503//924 497//939
f 497//931 505//933 492//940
f 507//941 506//941 508//941
f 507//942 508//942 509//942
f 510//943 460//943 508//943
f 491//944 466//944 492//944
f 492//945 511//945 512//945
f 492//946 512//946 493//946
f 513//947 509//947 467//947
f 460//948 510//948 513//948
f 460//949 513//949 467//949
f 511//950 452//950 490//950
f 452//951 453//951 466//951
f 466//952 453//952 464//952
f 459//953 466//953 464//953
f 459//954 464//954 453//954
f 467//955 469//955 460//955
f 460//956 469//956 454//956
f 454//957 469//957 455//957
f 515//958 510//958 506//958
f 506//959 507//959 515//959
f 512//960 490//961 514//962
f 512//960 514//962 493//963
f 514//964 490//964 491//964
f 514//965 491//965 492//965
f 515//966 509//966 513//966
f 515//967 513//967 510//967
f 514//968 492//968 493//968
f 490//969 512//969 511//969
f 515//970 507//970 509//970
f 510//971 508//971 506//971
f 468//972 476//972 478//972
f 468//973 478//973 469//973
f 516//974 477//974 475//974
f 516//975 475//975 462//975
f 462//976 475//976 459//976
f 468//977 517//977 476//977
f 518//793 517//793 468//793
f 517//678 518//678 519//678
f 519//678 518//678 520//678
f 519//678 520//678 521//678
f 521//978 520//978 476//978
f 521//979 476//979 517//979
f 471//980 476//980 520//980
f 471//797 520//797 474//797
f 474//798 520//798 518//798
f 474//799 518//799 470//799
f 521//800 473//800 519//800
f 519//801 473//801 472//801
f 519//802 472//802 517//802
f 517//803 472//803 465//803
f 517//981 465//981 521//981
f 521//805 465//805 473//805
f 516//982 526//982 477//982
f 477//983 526//983 522//983
f 477//984 522//984 523//984
f 523//667 522//667 524//667
f 523//667 524//667 525//667
f 525//667 524//667 516//667
f 516//667 524//667 526//667
f 458//985 477//985 523//985
f 458//783 523//783 525//783
f 458//784 525//784 463//784
f 463//785 525//785 516//785
f 522//786 457//786 524//786
f 524//787 457//787 461//787
f 524//788 461//788 526//788
f 526//789 461//789 456//789
f 526//790 456//790 522//790
f 522//791 456//791 457//791
f 516//807 462//807 463//807
f 518//806 468//806 470//806
f 498//986 527//986 529//986
f 498//987 529//987 503//987
f 503//988 529//988 528//988
f 503//989 528//989 497//989
f 497//990 528//990 530//990
f 497//991 530//991 498//991
f 498//992 530//992 527//992
f 528//993 486//993 530//993
f 530//994 486//994 479//994
f 530//995 479//995 527//995
f 527//996 479//996 480//996
f 527//997 480//997 529//997
f 529//998 480//998 481//998
f 529//999 481//999 528//999
f 528//1000 481//1000 486//1000
f 504//1001 532//1001 534//1001
f 504//1002 534//1002 494//1002
f 494//1003 534//1003 531//1003
f 494//1004 531//1004 533//1004
f 494//1005 533//1005 499//1005
f 499//1006 533//1006 532//1006
f 499//1007 532//1007 504//1007
f 531//1008 483//1008 533//1008
f 533//1009 483//1009 482//1009
f 533//1010 482//1010 532//1010
f 532//1011 482//1011 485//1011
f 532//1012 485//1012 534//1012
f 534//1013 485//1013 483//1013
f 534//1014 483//1014 531//1014
f 501//1015 537//1015 536//1015
f 501//1016 536//1016 505//1016
f 505//1017 536//1017 535//1017
f 505//1018 535//1018 500//1018
f 500//1019 535//1019 538//1019
f 500//1020 538//1020 501//1020
f 501//1021 538//1021 537//1021
f 535//1022 484//1022 538//1022
f 538//1023 484//1023 487//1023
f 538//1024 487//1024 537//1024
f 537//1025 487//1025 536//1025
f 536//1026 487//1026 479//1026
f 536//1027 479//1027 484//1027
f 536//1028 484//1028 535//1028
f 496//1029 539//1029 541//1029
f 496//1030 541//1031 540//1032
f 496//1030 540//1032 495//1033
f 495//1034 540//1034 539//1034
f 495//1035 539//1035 502//1035
f 502//1036 539//1036 496//1036
f 542//1037 541//1037 539//1037
f 540//1038 488//1038 539//1038
f 539//1039 488//1039 489//1039
f 539//1040 489//1040 542//1040
f 542//1041 489//1041 482//1041
f 542//1042 482//1042 541//1042
f 541//1043 482//1043 488//1043
f 541//1044 488//1044 540//1044
f 544//1045 543//1045 549//1045
f 546//1046 543//1046 544//1046
f 549//1047 547//1047 550//1047
f 543//1048 546//1048 548//1048
f 549//1049 543//1049 547//1049
f 557//1050 552//1050 553//1050
f 557//1051 553//1051 554//1051
f 554//1052 553//1052 555//1052
f 554//1053 555//1053 556//1053
f 556//1054 555//1054 552//1054
f 556//1055 552//1055 557//1055
f 547//1056 559//1056 550//1056
f 550//1057 559//1057 551//1057
f 546//1058 545//1058 548//1058
f 560//1059 551//1059 559//1059
f 548//1060 545//1060 558//1060
f 559//1061 558//1061 560//1061
f 558//1062 545//1062 560//1062
f 561//1063 548//1063 558//1063
f 561//1064 558//1064 559//1064
f 543//1065 548//1065 561//1065
f 555//1066 545//1066 552//1066
f 555//1067 551//1067 560//1067
f 555//1068 560//1068 545//1068
f 553//1069 544//1069 549//1069
f 553//1070 549//1070 551//1070
f 553//1071 551//1071 555//1071
f 552//1072 546//1072 553//1072
f 553//1073 546//1073 544//1073
f 552//1074 545//1074 546//1074
f 550//1075 551//1075 549//1075
f 559//1076 547//1076 561//1076
f 561//1077 547//1077 543//1077
f 556//1078 557//1078 554//1078
f 565//1079 570//1079 568//1079
f 565//1080 566//1080 570//1080
f 571//1081 566//1081 565//1081
f 570//1082 569//1082 568//1082
f 567//1083 569//1083 570//1083
f 577//1084 576//1084 572//1084
f 572//1085 576//1085 565//1085
f 572//1086 565//1086 573//1086
f 573//1087 565//1087 574//1087
f 573//1088 574//1088 575//1088
f 575//1089 574//1089 576//1089
f 575//1090 576//1090 577//1090
f 578//1091 564//1091 579//1091
f 580//1092 567//1092 579//1092
f 578//1093 566//1093 571//1093
f 567//1094 580//1094 569//1094
f 579//1095 563//1095 580//1095
f 571//1096 564//1096 578//1096
f 564//1097 563//1097 579//1097
f 567//1098 570//1098 562//1098
f 562//1099 570//1099 566//1099
f 574//1100 569//1100 580//1100
f 574//1101 563//1101 576//1101
f 574//1102 580//1102 563//1102
f 563//1103 564//1103 576//1103
f 565//1104 568//1104 574//1104
f 574//1105 568//1105 569//1105
f 576//1106 571//1106 565//1106
f 576//1107 564//1107 571//1107
f 579//1108 567//1108 578//1108
f 578//1109 567//1109 562//1109
f 578//1110 562//1110 566//1110
f 573//1111 575//1111 577//1111
f 577//1112 572//1112 573//1112
f 588//1113 586//1113 589//1113
f 587//1114 581//1114 583//1114
f 581//1115 584//1115 583//1115
f 584//1116 581//1116 588//1116
f 588//1117 581//1117 586//1117
f 591//1118 590//1118 592//1118
f 591//1119 592//1119 593//1119
f 593//1120 592//1120 594//1120
f 593//1121 594//1121 595//1121
f 595//1122 594//1122 590//1122
f 595//1123 590//1123 591//1123
f 596//1124 582//1124 597//1124
f 586//1125 585//1125 589//1125
f 585//1126 597//1126 589//1126
f 585//1127 596//1127 597//1127
f 583//1128 582//1128 587//1128
f 587//1129 582//1129 596//1129
f 581//1130 587//1130 598//1130
f 598//1131 587//1131 596//1131
f 598//1132 596//1132 585//1132
f 599//1133 585//1133 586//1133
f 599//1134 586//1134 581//1134
f 590//1135 583//1135 584//1135
f 590//1136 584//1136 592//1136
f 592//1137 584//1137 588//1137
f 594//1138 582//1138 590//1138
f 592//1139 589//1139 594//1139
f 590//1140 582//1140 583//1140
f 594//1141 589//1141 597//1141
f 594//1142 597//1142 582//1142
f 592//1143 588//1143 589//1143
f 581//1144 598//1144 599//1144
f 599//1145 598//1145 585//1145
f 593//1146 595//1146 591//1146
f 604//1147 601//1147 605//1147
f 605//1148 601//1148 603//1148
f 605//1149 603//1149 606//1149
f 609//1150 603//1150 601//1150
f 609//1151 601//1151 607//1151
f 607//1152 601//1153 600//1154
f 607//1152 600//1154 608//1155
f 608//1156 600//1156 602//1156
f 608//1157 602//1157 609//1157
f 609//1158 602//1158 603//1158
f 606//1159 603//1159 602//1159
f 606//1160 602//1160 600//1160
f 606//1161 600//1161 610//1161
f 610//1162 600//1162 604//1162
f 604//1163 600//1154 601//1153
f 612//1164 606//1164 611//1164
f 612//1165 605//1165 606//1165
f 606//1166 610//1166 611//1166
f 611//1167 610//1167 604//1167
f 604//1168 605//1168 612//1168
f 612//1169 611//1169 604//1169
f 608//1170 609//1170 607//1170
f 614//1171 613//1171 616//1171
f 624//1172 615//1173 616//1174
f 624//1172 616//1174 617//1175
f 617//1176 616//1176 613//1176
f 617//1177 613//1177 618//1177
f 622//1178 616//1178 620//1178
f 620//1179 616//1179 615//1179
f 620//1180 615//1180 621//1180
f 621//1181 615//1181 614//1181
f 621//1182 614//1182 622//1182
f 622//1183 614//1183 616//1183
f 618//1184 613//1184 623//1184
f 623//1185 613//1185 614//1185
f 623//1186 614//1186 615//1186
f 623//1187 615//1187 624//1187
f 623//1188 624//1188 619//1188
f 619//1189 624//1189 617//1189
f 619//1190 617//1190 618//1190
f 618//1191 623//1191 619//1191
f 620//1192 621//1192 622//1192
f 625//1193 627//1193 628//1193
f 629//1194 627//1194 625//1194
f 629//1195 625//1195 626//1195
f 629//1196 626//1196 630//1196
f 634//1197 626//1197 632//1197
f 632//1198 626//1198 625//1198
f 632//1199 625//1199 633//1199
f 633//1200 625//1200 628//1200
f 633//1201 628//1201 634//1201
f 634//1202 628//1202 626//1202
f 630//1203 626//1203 636//1203
f 636//1204 626//1204 628//1204
f 636//1205 628//1205 635//1205
f 635//1206 628//1206 627//1206
f 635//1207 627//1207 629//1207
f 631//1208 630//1208 636//1208
f 631//1209 629//1209 630//1209
f 635//1210 629//1210 631//1210
f 636//1211 635//1211 631//1211
f 633//1212 634//1212 632//1212
f 645//1213 638//1213 639//1213
f 645//1214 639//1214 640//1214
f 640//1215 639//1215 637//1215
f 643//1216 637//1216 642//1216
f 642//1217 637//1217 639//1217
f 642//1218 639//1218 638//1218
f 642//1219 638//1219 643//1219
f 643//1220 638//1220 637//1220
f 640//1221 637//1221 644//1221
f 644//1222 637//1222 638//1222
f 644//1223 638//1223 645//1223
f 646//1224 644//1224 645//1224
f 646//1225 645//1225 641//1225
f 647//1226 640//1226 644//1226
f 647//1227 644//1227 646//1227
f 641//1228 645//1228 640//1228
f 641//1229 640//1229 647//1229
f 647//1230 646//1230 641//1230
f 648//1231 649//1231 650//1231
f 648//1232 650//1232 651//1232
f 651//1233 650//1233 652//1233
f 651//1234 652//1234 653//1234
f 653//1235 652//1235 654//1235
f 654//1236 652//1236 649//1236
f 654//1237 649//1237 648//1237
f 657//1238 648//1238 655//1238
f 655//1239 648//1239 651//1239
f 655//1240 651//1240 656//1240
f 656//1241 651//1241 653//1241
f 656//1242 653//1242 657//1242
f 657//1243 653//1243 654//1243
f 657//1244 654//1244 648//1244
f 657//1245 658//1246 656//1247
f 657//1248 660//1248 659//1248
f 657//1245 659//1249 658//1246
f 656//1250 663//1251 655//1252
f 656//1253 658//1253 663//1253
f 655//1252 663//1251 662//1254
f 655//1255 662//1255 661//1255
f 657//1256 661//1257 660//1258
f 655//1259 661//1257 657//1256
f 649//1260 662//1260 650//1260
f 649//1261 661//1261 662//1261
f 652//1262 659//1262 660//1262
f 650//1263 658//1263 652//1263
f 650//1264 663//1264 658//1264
f 650//1265 662//1265 663//1265
f 652//1266 660//1266 649//1266
f 652//1267 658//1267 659//1267
f 649//1268 660//1268 661//1268
f 671//1269 664//1269 665//1269
f 665//1270 664//1270 666//1270
f 665//1271 666//1271 667//1271
f 667//1272 666//1272 668//1272
f 667//1273 668//1273 669//1273
f 669//1274 668//1274 670//1274
f 669//1275 670//1275 671//1275
f 671//1276 670//1276 664//1276
f 674//1277 665//1277 672//1277
f 672//1278 665//1278 667//1278
f 672//1279 667//1279 673//1279
f 673//1280 667//1280 669//1280
f 673//1281 669//1281 674//1281
f 674//1282 669//1282 671//1282
f 674//1283 671//1283 665//1283
f 674//1284 676//1284 675//1284
f 674//1285 675//1285 673//1285
f 673//1286 675//1286 679//1286
f 673//1287 679//1288 672//1289
f 672//1289 679//1288 678//1290
f 674//1291 677//1291 676//1291
f 672//1292 678//1292 677//1292
f 672//1293 677//1293 674//1293
f 664//1294 677//1294 666//1294
f 666//1295 677//1295 678//1295
f 670//1296 675//1296 676//1296
f 668//1297 679//1297 675//1297
f 666//1298 679//1298 668//1298
f 666//1299 678//1299 679//1299
f 670//1300 676//1301 677//1302
f 670//1300 677//1302 664//1303
f 668//1304 675//1304 670//1304
f 700//1305 689//1305 688//1305
f 688//1306 689//1306 690//1306
f 683//1307 684//1307 692//1307
f 692//1308 684//1308 693//1308
f 692//1309 693//1309 694//1309
f 694//1310 693//1310 688//1310
f 694//1311 688//1311 691//1311
f 691//1312 688//1313 690//1314
f 691//1312 690//1314 695//1315
f 695//1316 690//1316 696//1316
f 695//1317 696//1317 697//1317
f 696//1318 699//1318 698//1318
f 698//1319 699//1319 700//1319
f 696//1320 698//1320 697//1320
f 697//1321 698//1321 701//1321
f 697//1322 701//1322 702//1322
f 705//1323 704//1323 707//1323
f 705//1324 707//1324 708//1324
f 708//1325 707//1325 709//1325
f 708//1326 709//1326 710//1326
f 710//1327 709//1328 711//1329
f 710//1330 711//1330 712//1330
f 712//1331 711//1331 713//1331
f 712//1332 713//1332 714//1332
f 714//1333 713//1334 715//1335
f 714//1336 715//1336 716//1336
f 716//1337 715//1338 717//1339
f 716//1340 717//1340 682//1340
f 682//1341 717//1341 686//1341
f 703//1342 706//1342 718//1342
f 718//1343 706//1343 681//1343
f 718//1344 681//1344 721//1344
f 718//1345 721//1345 720//1345
f 719//1346 720//1346 721//1346
f 719//1347 722//1347 720//1347
f 687//1348 685//1348 724//1348
f 724//1349 685//1349 725//1349
f 724//1350 725//1350 726//1350
f 724//1351 726//1351 727//1351
f 727//1352 726//1352 722//1352
f 727//1353 722//1353 723//1353
f 723//1354 722//1354 719//1354
f 728//1355 729//1355 730//1355
f 730//1356 729//1356 680//1356
f 730//1357 680//1357 743//1357
f 731//1358 732//1358 733//1358
f 733//1359 732//1359 728//1359
f 733//1360 728//1360 827//1360
f 731//1361 801//1361 732//1361
f 706//1362 703//1362 734//1362
f 706//1363 734//1363 731//1363
f 731//1364 734//1364 801//1364
f 704//1365 705//1365 735//1365
f 704//1366 735//1366 736//1366
f 736//1367 735//1367 737//1367
f 736//1368 737//1368 738//1368
f 738//1369 737//1369 739//1369
f 738//1370 739//1370 740//1370
f 740//1371 739//1371 741//1371
f 740//1372 741//1372 742//1372
f 742//1373 741//1373 682//1373
f 742//1374 682//1374 686//1374
f 685//1375 687//1375 743//1375
f 743//1376 687//1376 828//1376
f 743//1377 828//1377 730//1377
f 744//1378 745//1378 884//1378
f 884//1379 745//1379 746//1379
f 884//1380 746//1380 747//1380
f 752//1381 970//1381 746//1381
f 746//1382 970//1382 748//1382
f 746//1383 748//1383 747//1383
f 750//1384 969//1384 754//1384
f 754//1385 969//1385 752//1385
f 750//1386 751//1386 749//1386
f 749//1387 751//1387 748//1387
f 684//1388 683//1388 753//1388
f 684//1389 753//1389 754//1389
f 754//1390 753//1390 751//1390
f 754//1391 751//1391 750//1391
f 702//1392 701//1392 755//1392
f 755//1393 701//1393 745//1393
f 755//1394 745//1394 744//1394
f 689//1395 700//1395 699//1395
f 756//1396 757//1396 767//1396
f 757//1397 756//1397 759//1397
f 757//1398 759//1398 761//1398
f 757//1399 761//1399 760//1399
f 757//1400 760//1400 758//1400
f 766//678 762//678 763//678
f 765//678 764//678 763//678
f 763//678 762//678 765//678
f 763//678 758//678 766//678
f 764//678 767//678 763//678
f 774//1401 775//1401 785//1401
f 775//1402 774//1402 776//1402
f 775//1403 776//1403 777//1403
f 777//1404 778//1404 775//1404
f 775//1405 778//1405 779//1405
f 783//667 780//667 781//667
f 784//667 782//667 781//667
f 781//667 780//667 784//667
f 782//667 785//667 781//667
f 779//667 783//667 781//667
f 794//1406 795//1406 793//1406
f 794//1407 793//1407 792//1407
f 794//1408 799//1408 795//1408
f 795//1409 799//1409 798//1409
f 796//1410 797//1410 798//1410
f 796//1411 798//1411 799//1411
f 811//1412 793//1413 806//1414
f 830//1415 793//1415 811//1415
f 800//1416 805//1416 797//1416
f 732//1417 806//1417 808//1417
f 806//1414 793//1413 808//1418
f 775//1419 805//1419 729//1419
f 789//1420 809//1420 808//1420
f 789//1421 808//1421 807//1421
f 805//1422 800//1422 680//1422
f 795//1423 810//1423 807//1423
f 798//1424 810//1424 795//1424
f 795//1425 807//1425 808//1425
f 795//678 808//678 793//678
f 811//1426 801//1426 830//1426
f 732//1427 801//1427 811//1427
f 729//1428 728//1428 775//1428
f 775//1429 728//1429 808//1429
f 728//1430 732//1430 808//1430
f 797//1431 805//1431 775//1431
f 809//678 798//678 797//678
f 809//1432 797//1432 775//1432
f 798//1433 809//1433 789//1433
f 798//1434 789//1434 810//1434
f 729//1435 787//1435 680//1435
f 680//1436 787//1436 786//1436
f 680//1437 786//1437 805//1437
f 805//1438 786//1438 788//1438
f 805//1439 788//1439 729//1439
f 729//1440 788//1440 787//1440
f 807//1441 791//1441 790//1441
f 789//1442 791//1442 810//1442
f 810//1443 791//1443 807//1443
f 811//1444 803//1444 732//1444
f 732//1445 803//1445 804//1445
f 732//1446 804//1446 806//1446
f 806//1447 804//1447 802//1447
f 806//1448 802//1448 811//1448
f 811//1449 802//1449 803//1449
f 790//1450 789//1450 807//1450
f 736//1451 792//1451 830//1451
f 830//1452 792//1452 793//1452
f 800//1453 797//1453 812//1453
f 812//1454 797//1454 796//1454
f 775//1455 808//1455 785//1455
f 785//1456 808//1456 781//1456
f 814//1457 813//1457 816//1457
f 808//1458 809//1458 779//1458
f 779//1459 809//1459 775//1459
f 781//1460 808//1460 779//1460
f 816//1461 815//1461 829//1461
f 693//1462 826//1463 817//1464
f 693//1462 817//1464 688//1465
f 818//1466 700//1467 688//1465
f 818//1466 688//1465 817//1464
f 818//1466 819//1468 698//1469
f 698//1470 819//1470 701//1470
f 819//1471 820//1471 701//1471
f 701//1472 820//1473 745//1474
f 745//1475 821//1475 822//1475
f 745//1476 822//1476 746//1476
f 746//1477 822//1477 823//1477
f 824//1478 950//1478 684//1478
f 700//1467 818//1466 698//1469
f 745//1479 825//1479 821//1479
f 754//1480 960//1480 824//1480
f 754//1481 824//1481 684//1481
f 684//1482 826//1463 693//1462
f 752//1483 823//1483 754//1483
f 754//1484 823//1484 960//1484
f 746//1485 823//1485 752//1485
f 745//1474 820//1473 825//1486
f 684//1487 950//1487 826//1487
f 733//1488 827//1489 706//1489
f 681//1490 828//1491 687//1492
f 681//1490 687//1492 723//1493
f 723//1493 687//1492 727//1494
f 706//1489 827//1489 828//1491
f 706//1489 828//1491 681//1490
f 724//1495 727//1494 687//1492
f 733//1488 706//1489 731//678
f 800//1496 812//1496 742//1496
f 830//1497 831//1497 736//1497
f 830//1498 734//1498 831//1498
f 831//1499 734//1499 839//1499
f 831//1500 833//1500 832//1500
f 833//1501 831//1501 839//1501
f 834//1502 833//1502 835//1502
f 833//1503 834//1503 832//1503
f 836//1504 704//1504 832//1504
f 704//1505 836//1505 838//1505
f 838//1506 837//1506 703//1506
f 834//1507 837//1507 832//1507
f 832//1508 837//1508 836//1508
f 704//1509 838//1509 703//1509
f 703//1510 837//1510 834//1510
f 834//1511 835//1511 734//1511
f 734//1512 835//1512 839//1512
f 840//1513 833//1513 839//1513
f 840//1514 839//1514 841//1514
f 841//1515 839//1515 835//1515
f 836//1516 840//1516 838//1516
f 838//1517 840//1517 841//1517
f 838//1518 841//1518 837//1518
f 837//1519 841//1519 835//1519
f 837//1520 835//1520 836//1520
f 836//1521 835//1521 840//1521
f 833//1522 840//1522 835//1522
f 782//1523 842//1524 843//1525
f 782//1523 843//1525 785//1526
f 846//1527 844//1527 780//1527
f 780//1528 844//1528 784//1528
f 813//1529 785//1529 843//1529
f 845//1530 846//1531 783//1532
f 783//1532 846//1531 780//1533
f 845//1534 783//1534 815//1534
f 815//1535 783//1535 779//1535
f 784//1536 844//1536 782//1536
f 782//1537 844//1537 842//1537
f 816//1538 843//1539 842//1540
f 816//1541 846//1541 845//1541
f 816//1542 845//1542 815//1542
f 816//1543 844//1543 846//1543
f 816//1538 813//1544 843//1539
f 842//1545 844//1545 816//1545
f 785//1546 813//1546 774//1546
f 774//1547 813//1547 847//1547
f 849//1548 848//1548 776//1548
f 776//1549 848//1549 777//1549
f 774//1550 847//1550 849//1550
f 774//1551 849//1551 776//1551
f 848//1552 850//1552 777//1552
f 777//1553 850//1553 778//1553
f 815//1554 779//1554 850//1554
f 850//1555 779//1555 778//1555
f 814//1556 849//1556 847//1556
f 847//1557 813//1557 814//1557
f 829//1558 850//1558 848//1558
f 829//1559 848//1559 814//1559
f 814//1560 848//1560 849//1560
f 815//1561 850//1561 829//1561
f 734//1562 830//1562 801//1562
f 734//1563 703//1563 834//1563
f 680//1564 800//1564 743//1564
f 685//1565 743//1565 851//1565
f 686//1566 852//1567 853//1568
f 853//1569 852//1569 854//1569
f 852//1567 686//1566 685//1570
f 685//1571 855//1571 852//1571
f 853//1572 854//1572 851//1572
f 851//1573 854//1574 855//1575
f 851//1573 855//1575 685//1576
f 858//1577 856//1577 851//1577
f 856//1578 853//1578 851//1578
f 742//1579 856//1579 857//1579
f 853//1580 856//1580 742//1580
f 857//1581 743//1581 742//1581
f 742//1582 743//1582 800//1582
f 858//1583 851//1583 743//1583
f 743//1584 857//1584 858//1584
f 860//1585 852//1585 859//1585
f 859//1586 852//1586 855//1586
f 859//1587 855//1587 858//1587
f 858//1588 855//1588 854//1588
f 858//1589 854//1589 861//1589
f 861//1590 854//1590 852//1590
f 861//1591 852//1592 860//1593
f 860//1593 857//1594 861//1591
f 857//1595 860//1595 858//1595
f 861//1596 857//1596 856//1596
f 856//1597 858//1597 861//1597
f 860//1598 859//1598 858//1598
f 738//1599 816//1599 736//1599
f 736//1600 831//1600 704//667
f 816//1601 738//1602 814//1603
f 814//1603 738//1602 740//1604
f 740//1605 812//1606 796//667
f 740//1605 742//1607 812//1606
f 796//1608 814//1608 740//1608
f 686//1609 853//1609 742//1609
f 816//1610 792//1610 736//1610
f 814//1611 796//1612 829//1613
f 829//1613 796//1612 799//1614
f 829//1615 799//1616 816//1617
f 816//1617 799//1616 794//1618
f 816//1619 794//1619 792//1619
f 831//1600 832//667 704//667
f 862//1620 804//1620 803//1620
f 862//1621 803//1621 863//1621
f 863//1622 803//1622 802//1622
f 863//1623 802//1623 804//1623
f 863//1624 804//1624 862//1624
f 864//1625 789//1625 790//1625
f 864//1626 790//1626 865//1626
f 865//1627 790//1627 791//1627
f 865//1628 791//1628 864//1628
f 864//1629 791//1629 789//1629
f 866//1630 786//1630 787//1630
f 866//1631 787//1631 867//1631
f 867//1632 787//1632 788//1632
f 867//1633 788//1633 786//1633
f 867//1634 786//1634 866//1634
f 870//1635 871//1635 869//1635
f 870//1636 869//1636 868//1636
f 870//1637 874//1637 871//1637
f 871//1638 874//1638 873//1638
f 872//1639 873//1639 874//1639
f 873//1640 872//1640 875//1640
f 757//1641 880//1641 883//1641
f 883//1642 882//1642 757//1642
f 876//1643 886//1643 875//1643
f 873//1644 881//1644 871//1644
f 869//1645 883//1645 880//1645
f 744//1646 886//1646 876//1646
f 869//1647 871//1648 881//1649
f 869//1647 881//1649 883//1650
f 886//1651 884//1651 875//1651
f 880//1652 888//1652 887//1652
f 875//667 885//667 873//667
f 875//1653 884//1653 885//1653
f 880//1654 887//1654 896//1654
f 880//1655 896//1655 869//1655
f 884//1656 747//1656 885//1656
f 885//1657 747//1657 880//1657
f 880//1658 747//1658 748//1658
f 887//1659 751//1659 896//1659
f 748//1660 888//1660 880//1660
f 757//1661 873//1661 885//1661
f 873//1662 757//1662 882//1662
f 873//1663 882//1663 881//1663
f 751//1664 888//1664 748//1664
f 884//1665 768//1665 744//1665
f 744//1666 768//1666 770//1666
f 744//1667 770//1667 886//1667
f 886//1668 770//1668 769//1668
f 886//1669 769//1669 884//1669
f 884//1670 769//1670 768//1670
f 883//1671 772//1671 771//1671
f 883//1672 771//1672 882//1672
f 882//1673 771//1673 773//1673
f 882//1674 773//1674 881//1674
f 881//1675 773//1675 772//1675
f 881//1676 772//1676 883//1676
f 887//1677 879//1677 751//1677
f 751//1678 879//1678 877//1678
f 751//1679 877//1679 888//1679
f 888//1680 877//1680 878//1680
f 888//1681 878//1681 887//1681
f 887//1682 878//1682 879//1682
f 741//1683 868//1683 896//1683
f 896//1684 868//1684 869//1684
f 889//1685 876//1685 875//1685
f 889//1686 875//1686 890//1686
f 890//1687 875//1687 872//1687
f 885//1688 880//1688 767//1688
f 767//1689 880//1689 763//1689
f 757//1690 885//1690 767//1690
f 892//1691 891//1691 894//1691
f 880//1692 757//1692 758//1692
f 763//1693 880//1693 758//1693
f 894//1694 893//1694 895//1694
f 889//1695 890//1695 735//1695
f 896//1696 897//1696 741//1696
f 896//1697 753//1697 897//1697
f 897//1698 753//1698 905//1698
f 897//1699 900//1699 898//1699
f 900//1700 899//1700 898//1700
f 900//1701 897//1701 905//1701
f 899//1702 901//1702 898//1702
f 902//1703 682//1703 898//1703
f 682//1704 902//1704 904//1704
f 903//1705 902//1705 898//1705
f 904//1706 683//1706 682//1706
f 901//1707 904//1707 903//1707
f 901//1708 903//1708 898//1708
f 683//1709 904//1709 901//1709
f 901//1710 899//1710 753//1710
f 753//1711 899//1711 905//1711
f 899//1712 900//1712 906//1712
f 906//1713 900//1713 905//1713
f 906//1714 905//1714 907//1714
f 907//1715 905//1715 899//1715
f 902//1716 906//1716 904//1716
f 904//1717 906//1717 907//1717
f 904//1718 907//1718 899//1718
f 904//1719 899//1719 903//1719
f 903//1720 899//1720 906//1720
f 903//1721 906//1721 902//1721
f 764//1722 908//1723 909//1724
f 764//1722 909//1724 767//1725
f 912//1726 910//1726 762//1726
f 762//1727 910//1727 765//1727
f 891//1728 767//1728 909//1728
f 911//1729 912//1729 766//1729
f 766//1730 912//1730 762//1730
f 911//1731 766//1731 758//1731
f 911//1732 758//1732 893//1732
f 765//1733 910//1733 764//1733
f 764//1734 910//1734 908//1734
f 894//1735 909//1736 908//1737
f 894//1738 908//1738 910//1738
f 894//1739 911//1739 893//1739
f 894//1740 912//1740 911//1740
f 894//1741 910//1741 912//1741
f 894//1735 891//1742 909//1736
f 767//1743 891//1743 756//1743
f 756//1744 891//1744 913//1744
f 915//1745 914//1745 759//1745
f 759//1746 914//1746 761//1746
f 756//1747 913//1747 915//1747
f 756//1748 915//1748 759//1748
f 914//1749 916//1749 761//1749
f 761//1750 916//1750 760//1750
f 893//1751 758//1752 916//1753
f 916//1753 758//1752 760//1754
f 913//1755 891//1755 892//1755
f 895//1756 916//1756 914//1756
f 895//1757 914//1757 892//1757
f 892//1758 914//1758 915//1758
f 892//1759 915//1759 913//1759
f 893//1760 916//1760 895//1760
f 751//1761 753//1761 896//1761
f 753//1762 683//1762 901//1762
f 876//1763 755//1763 744//1763
f 702//1764 755//1764 917//1764
f 705//1765 918//1766 919//1767
f 918//1766 920//1768 919//1767
f 919//1769 920//1769 917//1769
f 917//1770 920//1770 702//1770
f 702//1771 920//1771 921//1771
f 705//1772 921//1772 918//1772
f 702//1773 921//1773 705//1773
f 919//1774 924//1774 922//1774
f 924//1775 919//1775 917//1775
f 735//1776 922//1776 923//1776
f 919//1777 922//1777 735//1777
f 755//1778 923//1778 925//1778
f 876//1779 889//1779 755//1779
f 923//1780 755//1780 735//1780
f 735//1781 755//1781 889//1781
f 925//1782 924//1782 917//1782
f 925//1783 917//1783 755//1783
f 926//1784 921//1785 927//1786
f 927//1787 921//1787 920//1787
f 927//1788 920//1788 924//1788
f 924//1789 920//1789 918//1789
f 924//1790 918//1790 922//1790
f 922//1791 918//1791 921//1791
f 922//1792 921//1792 926//1792
f 926//1793 925//1793 923//1793
f 925//1794 926//1784 927//1786
f 925//1795 927//1795 924//1795
f 926//1796 923//1796 922//1796
f 894//1797 739//1797 892//1797
f 892//1798 739//1798 737//1798
f 741//1799 739//1799 894//1799
f 737//1800 890//1800 872//678
f 737//1800 735//1801 890//1800
f 894//1802 868//1802 741//1802
f 872//1803 892//1803 737//1803
f 741//1804 897//1805 682//678
f 705//1806 919//1806 735//1806
f 892//1807 872//1808 895//1809
f 895//1809 872//1808 874//1810
f 895//1811 874//1812 894//1813
f 894//1813 874//1812 870//1814
f 894//1815 870//1815 868//1815
f 897//1805 898//678 682//678
f 929//1816 877//1816 879//1816
f 929//1817 879//1817 928//1817
f 928//1818 879//1818 878//1818
f 928//1819 878//1819 877//1819
f 928//1820 877//1820 929//1820
f 930//1821 773//1821 931//1821
f 931//1822 773//1822 771//1822
f 931//1823 771//1823 930//1823
f 930//1824 771//1824 772//1824
f 930//1825 772//1825 773//1825
f 933//1826 770//1826 932//1826
f 932//1827 770//1827 768//1827
f 932//1828 768//1828 769//1828
f 932//1829 769//1829 933//1829
f 933//1830 769//1830 770//1830
f 820//1831 949//1831 825//1831
f 819//1832 818//1832 934//1832
f 934//1833 818//1833 963//1833
f 934//1834 963//1834 935//1834
f 935//1835 963//1835 936//1835
f 937//1836 936//1836 938//1836
f 938//1837 961//1837 939//1837
f 940//1838 939//1838 941//1838
f 938//1839 939//1839 942//1839
f 943//1840 935//1840 936//1840
f 943//1841 936//1841 937//1841
f 937//1842 938//1842 942//1842
f 942//1843 939//1843 940//1843
f 940//1844 941//1844 944//1844
f 944//1845 941//1845 823//1845
f 944//1846 823//1846 822//1846
f 819//1847 934//1847 945//1847
f 945//1848 934//1848 935//1848
f 945//1849 935//1849 943//1849
f 937//1850 942//1850 946//1850
f 946//1851 942//1851 940//1851
f 946//1852 940//1852 944//1852
f 946//1853 944//1853 822//1853
f 945//1854 943//1854 947//1854
f 947//1855 943//1855 937//1855
f 947//1856 937//1856 946//1856
f 821//1857 946//1857 822//1857
f 945//1858 947//1858 948//1858
f 949//1859 947//1859 946//1859
f 820//1860 819//1860 945//1860
f 820//1861 945//1861 948//1861
f 948//1862 947//1862 949//1862
f 949//1863 946//1863 821//1863
f 949//1864 821//1864 825//1864
f 820//1865 948//1865 949//1865
f 826//1866 950//1866 951//1866
f 958//1867 818//1867 817//1867
f 952//1868 826//1868 951//1868
f 953//1869 951//1869 950//1869
f 952//1870 951//1870 953//1870
f 953//1871 950//1871 954//1871
f 954//1872 950//1872 824//1872
f 955//1873 953//1873 954//1873
f 817//1874 826//1874 952//1874
f 956//1875 952//1875 953//1875
f 956//1876 953//1876 957//1876
f 957//1877 953//1877 955//1877
f 817//1878 952//1878 958//1878
f 958//1879 952//1879 956//1879
f 959//1880 956//1880 957//1880
f 960//1881 954//1881 824//1881
f 961//1882 957//1882 955//1882
f 961//1883 955//1883 962//1883
f 962//1884 955//1884 954//1884
f 962//1885 954//1885 960//1885
f 958//1886 956//1886 963//1886
f 963//1887 956//1887 959//1887
f 959//1888 957//1888 938//1888
f 938//1889 957//1889 961//1889
f 961//1890 962//1890 939//1890
f 823//1891 941//1891 960//1891
f 960//1892 941//1892 962//1892
f 962//1893 941//1893 939//1893
f 938//1894 936//1894 959//1894
f 959//1895 936//1895 963//1895
f 958//1896 963//1896 818//1896
f 699//1897 965//1897 967//1897
f 967//1898 965//1898 964//1898
f 964//1899 966//1899 689//1899
f 967//1900 964//1900 689//1900
f 689//1901 966//1901 690//1901
f 965//1902 699//1902 696//1902
f 696//1903 690//1904 966//1905
f 966//1905 964//1906 696//1903
f 696//1907 964//1907 965//1907
f 699//1908 967//1908 689//1908
f 750//1909 968//1910 971//1911
f 749//1912 968//1910 750//1909
f 969//1913 971//1914 752//1915
f 752//1915 971//1914 968//1916
f 752//1917 968//1917 970//1917
f 970//1918 968//1918 749//1918
f 969//1919 750//1919 971//1919
f 970//1920 749//1920 748//1920
f 721//1921 681//1921 719//1921
f 719//1922 681//1922 723//1922
f 972//1923 828//1923 827//1923
f 972//1924 728//1924 730//1924
f 730//1925 828//1925 972//1925
f 827//1926 728//1926 972//1926
f 717//1927 976//1927 973//1927
f 976//1928 974//1928 973//1928
f 973//1929 974//1929 995//1929
f 995//1930 974//1931 975//1932
f 995//1930 975//1932 725//1933
f 725//1934 975//1935 717//1936
f 975//1935 976//1937 717//1936
f 720//1938 711//1329 709//1328
f 720//1939 709//1939 978//1939
f 978//1940 709//1940 707//1940
f 978//1941 707//1941 979//1941
f 980//1942 987//1942 1003//1942
f 987//1943 988//1943 1003//1943
f 1003//1944 988//1944 989//1944
f 994//1945 981//1946 982//1947
f 988//1948 985//1949 992//1950
f 981//1946 983//1951 982//1947
f 984//1952 983//1952 981//1952
f 989//1953 984//1953 1003//1953
f 986//1954 985//1954 987//1954
f 986//1955 987//1955 980//1955
f 982//1956 988//1948 992//1950
f 988//1957 982//1957 989//1957
f 982//1958 983//1958 989//1958
f 984//1959 981//1959 1003//1959
f 1003//1960 981//1960 990//1960
f 1003//1961 990//1962 991//1963
f 991//1964 994//1964 986//1964
f 986//1965 994//1965 992//1965
f 991//1963 990//1962 993//1966
f 991//1967 993//1967 994//1967
f 993//1968 981//1968 994//1968
f 992//1969 985//1969 986//1969
f 725//1970 717//1339 715//1338
f 725//1971 715//1971 726//1971
f 726//1972 715//1335 713//1334
f 726//1973 713//1973 722//1973
f 685//1974 998//1974 995//1974
f 995//1975 998//1975 997//1975
f 973//1976 996//1977 686//1978
f 995//1979 997//1979 973//1979
f 973//1980 997//1980 996//1980
f 686//1978 996//1977 998//1981
f 686//1982 998//1982 685//1982
f 999//1983 1002//1983 704//1983
f 703//1984 1000//1984 704//1984
f 704//1985 1000//1985 999//1985
f 977//1986 1001//1987 703//1988
f 703//1988 1001//1987 1000//1989
f 1001//1990 977//1990 1002//1990
f 1002//1991 999//1991 1001//1991
f 720//1992 978//1993 718//1994
f 718//1994 978//1993 979//1995
f 718//1994 979//1995 703//1996
f 685//1997 995//1997 725//1997
f 980//1998 720//1999 722//2000
f 979//1995 977//2001 703//1996
f 722//2000 986//2002 980//1998
f 1002//2003 707//2003 704//2003
f 686//2004 717//2004 973//2004
f 711//667 1003//667 713//667
f 713//667 1003//667 991//667
f 979//2005 1006//2005 1004//2005
f 979//2006 1004//2006 1002//2006
f 1002//2007 1004//2007 1005//2007
f 1002//2008 1005//2009 707//2010
f 707//2010 1005//2009 1006//2011
f 707//2012 1006//2012 979//2012
f 1002//2013 977//2013 979//2013
f 996//2014 974//2014 976//2014
f 974//2015 996//2015 997//2015
f 974//2016 997//2016 975//2016
f 975//2017 997//2017 998//2017
f 996//2018 976//2018 975//2018
f 996//2019 975//2019 998//2019
f 1000//2020 1006//2020 999//2020
f 999//2021 1006//2021 1005//2021
f 1006//2022 1000//2022 1001//2022
f 1006//2023 1001//2023 1004//2023
f 999//2024 1004//2024 1001//2024
f 999//2025 1005//2025 1004//2025
f 980//2026 1003//2026 720//2026
f 720//2027 1003//2027 711//2027
f 722//2028 713//2028 986//2028
f 986//2029 713//2029 991//2029
f 1008//2030 992//2030 1007//2030
f 1007//2031 992//2031 994//2031
f 1007//2032 994//2032 982//2032
f 1007//2033 982//2033 1008//2033
f 1008//2034 982//2034 992//2034
f 1010//2035 993//2035 1009//2035
f 1009//2036 993//2036 990//2036
f 1009//2037 990//2037 981//2037
f 1009//2038 981//2038 1010//2038
f 1010//2039 981//2039 993//2039
f 1012//2040 987//2040 985//2040
f 1012//2041 985//2041 1011//2041
f 1011//2042 985//2042 988//2042
f 1011//2043 988//2043 1012//2043
f 1012//2044 988//2044 987//2044
f 1013//2045 983//2045 984//2045
f 1013//2046 984//2046 1014//2046
f 1014//2047 984//2047 989//2047
f 1014//2048 989//2048 1013//2048
f 1013//2049 989//2049 983//2049
f 692//2050 1019//2050 1015//2050
f 1015//2051 1019//2051 1016//2051
f 1015//2052 1016//2052 1039//2052
f 1039//2053 1016//2053 1017//2053
f 1039//2054 1017//2054 1018//2054
f 1018//2055 1017//2055 692//2055
f 692//2056 1017//2056 1019//2056
f 712//2057 695//2057 1021//2057
f 712//2058 1021//2058 710//2058
f 710//2059 1021//2059 697//2059
f 710//2060 697//2060 1022//2060
f 1047//2061 1027//2061 1026//2061
f 1026//2062 1027//2062 1025//2062
f 1047//2063 1030//2063 1024//2063
f 1024//2064 1028//2064 1047//2064
f 1047//2065 1028//2065 1027//2065
f 1026//2066 1025//2066 1029//2066
f 1032//2067 1025//2067 1028//2067
f 1031//2068 1023//2068 1036//2068
f 1034//2069 1033//2069 1037//2069
f 1034//2070 1037//2071 1031//2072
f 1023//2073 1030//2074 1047//2075
f 1032//2076 1024//2076 1034//2076
f 1032//2077 1028//2077 1024//2077
f 1023//2073 1035//2078 1030//2074
f 1030//2079 1035//2079 1033//2079
f 1034//2070 1031//2072 1032//2080
f 1025//2081 1032//2081 1029//2081
f 1029//2082 1032//2082 1036//2082
f 1029//2083 1036//2083 1023//2083
f 1034//2084 1030//2084 1033//2084
f 1031//2085 1037//2085 1023//2085
f 1023//2086 1037//2086 1035//2086
f 1018//2087 692//2087 1038//2087
f 1018//2088 1038//2088 694//2088
f 1018//2089 694//2089 714//2089
f 682//2090 1041//2090 1042//2090
f 682//2091 1042//2091 1039//2091
f 1015//2092 1040//2093 683//2094
f 683//2095 1041//2095 682//2095
f 1039//2096 1042//2096 1015//2096
f 1015//2097 1042//2097 1040//2097
f 683//2094 1040//2093 1041//2098
f 1043//2099 1046//2100 702//2101
f 705//2102 1043//2102 702//2102
f 705//2103 1044//2104 1043//2105
f 1020//2106 1045//2106 705//2106
f 705//2103 1045//2107 1044//2104
f 1046//2100 1043//2099 1045//2108
f 1045//2109 1020//2109 1046//2109
f 708//2110 710//2111 1022//2112
f 708//2110 1022//2112 705//2001
f 714//678 1029//678 712//678
f 716//2113 1018//2114 714//2115
f 682//2116 1039//2116 716//2113
f 716//2113 1039//2116 1018//2114
f 1022//2112 1020//2117 705//2001
f 712//678 1029//678 1023//678
f 691//2118 1026//2119 694//2119
f 1021//2120 695//2120 697//2120
f 697//2121 702//2121 1046//2121
f 694//2119 1038//2119 692//2119
f 683//2122 692//2122 1015//2122
f 695//2123 1047//1600 691//2118
f 691//2118 1047//1600 1026//2119
f 1022//2005 1050//2005 1048//2005
f 1022//2006 1048//2006 1046//2006
f 1046//2124 1048//2124 1049//2124
f 1046//2125 1049//2125 697//2125
f 697//2126 1049//2126 1050//2126
f 697//2127 1050//2127 1022//2127
f 1046//2013 1020//2013 1022//2013
f 1016//2128 1040//2128 1042//2128
f 1016//2129 1042//2129 1017//2129
f 1017//2130 1042//2130 1041//2130
f 1040//2131 1019//2131 1017//2131
f 1040//2132 1017//2132 1041//2132
f 1040//2133 1016//2133 1019//2133
f 1043//2134 1050//2134 1049//2134
f 1043//2135 1044//2135 1050//2135
f 1050//2136 1044//2136 1045//2136
f 1050//2137 1045//2137 1048//2137
f 1043//2138 1049//2138 1045//2138
f 1045//2139 1049//2139 1048//2139
f 1023//2140 1047//2140 712//2140
f 712//2141 1047//2141 695//2141
f 714//2142 694//2142 1029//2142
f 1029//2143 694//2143 1026//2143
f 1051//2144 1036//2144 1032//2144
f 1051//2145 1032//2145 1052//2145
f 1052//2146 1032//2146 1031//2146
f 1052//2147 1031//2147 1051//2147
f 1051//2148 1031//2148 1036//2148
f 1053//2149 1028//2149 1025//2149
f 1053//2150 1025//2150 1054//2150
f 1054//2151 1025//2151 1027//2151
f 1054//2152 1027//2152 1028//2152
f 1054//2153 1028//2153 1053//2153
f 1055//2154 1035//2154 1037//2154
f 1055//2155 1037//2155 1056//2155
f 1056//2156 1037//2156 1033//2156
f 1056//2157 1033//2157 1035//2157
f 1056//2158 1035//2158 1055//2158
f 1057//2159 1030//2159 1034//2159
f 1057//2160 1034//2160 1024//2160
f 1057//2161 1024//2161 1058//2161
f 1058//2162 1024//2162 1030//2162
f 1058//2163 1030//2163 1057//2163
f 1059//2164 1092//2164 1060//2164
f 1059//2165 1060//2165 1063//2165
f 1061//2166 1062//2166 1064//2166
f 1062//2167 1061//2168 1059//2169
f 1060//2170 1092//2170 1065//2170
f 1066//2171 1069//2171 1067//2171
f 1065//2172 1068//2172 1060//2172
f 1063//2173 1062//2167 1059//2169
f 1061//2174 1064//2174 1066//2174
f 1061//2175 1066//2175 1067//2175
f 1066//2176 1070//2176 1069//2176
f 1066//2177 1064//2177 1071//2177
f 1066//2178 1071//2178 1070//2178
f 1071//2179 1072//2179 1070//2179
f 1070//2180 1073//2180 1069//2180
f 1069//2181 1073//2181 1067//2181
f 1071//2182 1064//2182 1074//2182
f 1071//2183 1074//2183 1075//2183
f 1071//2184 1075//2184 1072//2184
f 1070//2185 1072//2185 1073//2185
f 1073//2186 1076//2186 1067//2186
f 1072//2187 1077//2187 1073//2187
f 1064//2188 1062//2188 1078//2188
f 1064//2189 1078//2189 1074//2189
f 1075//2190 1074//2190 1079//2190
f 1072//2191 1080//2191 1077//2191
f 1073//2192 1077//2192 1076//2192
f 1075//2193 1080//2193 1072//2193
f 1067//2194 1076//2194 1061//2194
f 1074//2195 1078//2195 1081//2195
f 1074//2196 1081//2196 1079//2196
f 1079//2197 1082//2197 1075//2197
f 1075//2198 1082//2198 1080//2198
f 1079//2199 1081//2199 1082//2199
f 1080//2200 1083//2200 1077//2200
f 1077//2201 1083//2201 1084//2201
f 1077//2202 1084//2203 1076//2204
f 1076//2204 1084//2203 1085//2205
f 1076//2206 1085//2206 1061//2206
f 1065//2207 1095//2207 1068//2207
f 1062//2208 1063//2208 1078//2208
f 1078//2209 1063//2209 1081//2209
f 1080//2210 1082//2210 1083//2210
f 1083//2211 1086//2211 1084//2211
f 1084//2212 1086//2212 1087//2212
f 1084//2213 1087//2213 1085//2213
f 1085//2214 1087//2214 1059//2214
f 1085//2215 1059//2215 1061//2215
f 1063//2216 1088//2216 1081//2216
f 1082//2217 1089//2217 1083//2217
f 1081//2218 1088//2218 1090//2218
f 1081//2219 1090//2219 1082//2219
f 1082//2220 1090//2220 1089//2220
f 1063//2221 1060//2221 1088//2221
f 1083//2222 1089//2222 1091//2222
f 1083//2223 1091//2223 1086//2223
f 1059//2224 1087//2224 1092//2224
f 1086//2225 1091//2226 1092//2227
f 1086//2225 1092//2227 1087//2228
f 1089//2229 1090//2229 1093//2229
f 1089//2230 1093//2230 1091//2230
f 1088//2231 1060//2231 1094//2231
f 1088//2232 1094//2232 1090//2232
f 1090//2233 1094//2233 1093//2233
f 1091//2234 1093//2234 1095//2234
f 1091//2235 1095//2235 1092//2235
f 1092//2236 1095//2236 1065//2236
f 1060//2237 1068//2237 1094//2237
f 1093//2238 1094//2238 1095//2238
f 1094//2239 1068//2239 1095//2239
f 1096//2240 1097//2240 1098//2240
f 1098//2240 1097//2240 1099//2240
f 1097//2241 1100//2241 1099//2241
f 1099//2241 1100//2241 1101//2241
f 1100//2242 1102//2242 1101//2242
f 1101//2242 1102//2242 1103//2242
f 1102//2243 1096//2243 1103//2243
f 1103//2243 1096//2243 1098//2243
f 1099//667 1101//667 1098//667
f 1098//667 1101//667 1103//667
f 1102//678 1100//678 1096//678
f 1096//678 1100//678 1097//678
f 1107//2244 1106//2244 1104//2244
f 1104//2245 1106//2245 1105//2245
f 1110//2246 1111//2246 1112//2246
f 1112//2247 1111//2247 1387//2247
f 1104//2248 1105//2248 1114//2248
f 1114//2249 1113//1472 1115//2249
f 1114//2249 1105//1472 1113//1472
f 1113//1472 1105//1472 1116//667
f 1118//1804 1117//1801 1119//2250
f 1117//1801 1120//1495 1106//1801
f 1117//1801 1106//1801 1107//2251
f 1118//1804 1120//1495 1117//1801
f 1122//2252 1111//2253 1115//2254
f 1121//2255 1119//2255 1387//2255
f 1122//2256 1387//2256 1111//2256
f 1119//2257 1121//2258 1118//2259
f 1118//2259 1122//2260 1113//2261
f 1113//2262 1122//2252 1115//2254
f 1118//2259 1121//2258 1122//2260
f 1122//2263 1121//2263 1387//2263
f 1118//2264 1113//2265 1120//2266
f 1120//2266 1113//2265 1116//2267
f 1120//2268 1116//2268 1106//2268
f 1106//2269 1116//2269 1105//2269
f 1104//2270 1114//2270 1109//2270
f 1117//2271 1107//2271 1108//2271
f 1104//2272 1109//2272 1110//2272
f 1104//2273 1110//2274 1107//2275
f 1107//2275 1110//2274 1112//2276
f 1107//2277 1112//2277 1108//2277
f 1127//2278 1354//2278 1129//2278
f 1127//2279 1129//2280 1128//2281
f 1128//2281 1129//2280 1307//2282
f 1307//2283 1180//2283 1128//2283
f 1130//2284 1154//2284 1131//2284
f 1131//2285 1154//2285 1231//2285
f 1136//2286 1135//2286 1132//2286
f 1132//2287 1135//2287 1133//2287
f 1132//2288 1133//2288 1134//2288
f 1139//2289 1138//2289 1110//2289
f 1109//2290 1204//2290 1110//2290
f 1110//2291 1204//2291 1139//2291
f 1114//2292 1207//2292 1203//2292
f 1114//2293 1203//2293 1109//2293
f 1111//2294 1140//2294 1115//2294
f 1115//2295 1140//2295 1141//2295
f 1142//2296 1143//2296 1146//2296
f 1145//2297 1144//2297 1146//2297
f 1145//2298 1146//2298 1143//2298
f 1147//2299 1149//2299 1150//2299
f 1149//2300 1147//2300 1148//2300
f 1145//2301 1151//2301 1150//2301
f 1145//2302 1150//2302 1149//2302
f 1151//2303 1145//2303 1143//2303
f 1147//2304 1151//2304 1148//2304
f 1148//2305 1151//2305 1143//2305
f 1144//2306 1149//2306 1142//2306
f 1142//2307 1149//2307 1148//2307
f 1145//2308 1149//2308 1144//2308
f 1142//2309 1148//2309 1143//2309
f 1175//2310 1147//2310 1150//2310
f 1175//2311 1150//2311 1152//2311
f 1152//2312 1150//2312 1151//2312
f 1158//2313 1159//2314 1160//2315
f 1172//2316 1158//2313 1162//2317
f 1163//2318 1158//2318 1160//2318
f 1266//2319 1164//2319 1165//2319
f 1165//2320 1164//2320 1166//2320
f 1169//2321 1170//2321 1141//2321
f 1141//2322 1170//2322 1168//2322
f 1161//2323 1171//2323 1192//2323
f 1192//2324 1171//2325 1167//2326
f 1173//2327 1165//2328 1167//2329
f 1168//2330 1293//2331 1141//2332
f 1165//2333 1166//2334 1159//2335
f 1165//2333 1159//2335 1167//2336
f 1167//2326 1159//2314 1158//2313
f 1167//2326 1158//2313 1192//2324
f 1165//2328 1173//2327 1168//2330
f 1168//2330 1173//2327 1293//2331
f 1293//2331 1161//2337 1141//2332
f 1141//2338 1161//2338 1192//2338
f 1141//2339 1192//2339 1175//2339
f 1175//2340 1192//2340 1176//2340
f 1141//2341 1175//2341 1152//2341
f 1141//2342 1152//2342 1206//2342
f 1206//2343 1152//2343 1176//2343
f 1156//2344 1177//2344 1174//2344
f 1177//2345 1180//2345 1174//2345
f 1178//2346 1177//2347 1156//2348
f 1180//2349 1177//2349 1179//2349
f 1192//2350 1180//2351 1176//2352
f 1176//2352 1180//2351 1206//2353
f 1206//2354 1180//2354 1179//2354
f 1179//2355 1178//2355 1206//2355
f 1156//2348 1206//2356 1178//2346
f 1136//2357 1132//2357 1154//2357
f 1154//2358 1132//2358 1192//2358
f 1192//2359 1132//2359 1181//2359
f 1192//2350 1181//2360 1180//2351
f 1180//2351 1181//2360 1136//2361
f 1180//2362 1136//2362 1154//2362
f 1184//2363 1183//2364 1182//2365
f 1172//2316 1184//2366 1158//2313
f 1158//2313 1184//2366 1192//2324
f 1185//2367 1186//2367 1155//2367
f 1155//2368 1186//2369 1154//2370
f 1187//2371 1188//2371 1183//2371
f 1183//2364 1188//2372 1182//2365
f 1182//2373 1189//2373 1190//2373
f 1182//2374 1190//2374 1184//2374
f 1184//2366 1190//2375 1192//2324
f 1192//2376 1190//2376 1191//2376
f 1154//2370 1308//2377 1155//2368
f 1154//2370 1192//2378 1308//2377
f 1155//2379 1308//2379 1182//2379
f 1182//2380 1308//2380 1189//2380
f 1174//2381 1193//2381 1156//2381
f 1156//2382 1193//2382 1296//2382
f 1303//2383 1195//2384 1196//2385
f 1196//2385 1195//2384 1297//2386
f 1196//2387 1297//2387 1296//2387
f 1296//2388 1297//2388 1194//2388
f 1156//2389 1197//2389 1277//2389
f 1199//2390 1198//2390 1138//2390
f 1199//2391 1200//2391 1198//2391
f 1156//2392 1277//2392 1206//2392
f 1139//2393 1202//2393 1205//2393
f 1138//2394 1139//2394 1205//2394
f 1139//2395 1204//2395 1202//2395
f 1207//2396 1201//2396 1203//2396
f 1131//2397 1215//2397 1354//2397
f 1138//2398 1216//2399 1214//2400
f 1214//678 1216//678 1211//678
f 1215//2401 1131//2402 1217//2403
f 1219//2404 1220//2405 1223//2406
f 1221//2407 1219//2404 1217//2403
f 1221//2407 1217//2403 1131//2402
f 1222//2408 1218//678 1223//2406
f 1217//2403 1219//2404 1218//678
f 1226//2409 1224//2410 1225//2411
f 1222//2408 1223//2406 1220//2405
f 1222//2412 1220//2412 1224//2412
f 1222//2413 1224//2410 1226//2409
f 1226//2409 1225//2411 1210//2414
f 1213//2415 1227//2416 1228//2417
f 1228//2417 1227//2416 1229//2418
f 1229//2418 1227//2416 1230//2419
f 1231//2420 1232//2421 1131//2422
f 1232//2423 1348//2424 1131//2402
f 1131//2402 1348//2424 1221//2407
f 1233//2425 1349//2426 1348//2424
f 1233//2425 1348//2424 1232//2423
f 1221//2427 1234//2427 1220//2427
f 1221//2407 1220//2405 1219//2404
f 1349//2428 1224//2428 1220//2428
f 1235//2429 1228//2429 1295//2429
f 1295//2430 1228//2431 1236//2432
f 1295//2430 1236//2432 1237//2433
f 1238//2434 1239//2434 1236//2434
f 1236//2432 1239//2435 1237//2433
f 1242//2436 1294//2437 1237//2438
f 1237//2439 1294//2439 1295//2439
f 1243//2440 1244//2440 1242//2440
f 1242//2441 1244//2441 1140//2441
f 1242//2442 1140//2442 1214//2442
f 1214//2443 1294//2437 1242//2436
f 1225//2411 1314//2444 1210//2414
f 1210//2445 1314//2445 1245//2445
f 1224//2446 1349//2447 1233//2448
f 1224//2446 1233//2448 1246//2449
f 1224//2446 1246//2449 1318//2450
f 1232//2421 1231//2420 1247//2451
f 1232//2452 1247//2452 1328//2452
f 1215//2453 1216//2399 1354//2454
f 1354//2454 1216//2399 1138//2398
f 1248//2455 1249//2456 1250//2457
f 1250//2457 1138//2458 1248//2455
f 1248//2459 1138//2459 1198//2459
f 1208//2460 1251//2461 1249//2462
f 1208//2460 1249//2462 1248//2463
f 1138//2464 1250//2464 1251//2464
f 1138//2465 1251//2465 1354//2465
f 1208//2466 1354//2466 1251//2466
f 1214//2467 1240//2467 1241//2467
f 1214//2443 1241//2468 1294//2437
f 1213//2415 1228//2417 1235//2469
f 1230//2419 1210//2470 1229//2418
f 1229//2471 1210//2472 1280//2473
f 1252//2474 1280//2473 1210//2472
f 1214//678 1211//678 1212//678
f 1214//678 1212//678 1240//2475
f 1240//2475 1212//678 1254//678
f 1240//2475 1253//2476 1235//2469
f 1235//2469 1253//2476 1213//2415
f 1240//2475 1254//678 1253//2476
f 1161//2477 1241//2477 1240//2477
f 1161//2478 1240//2478 1171//2478
f 1171//2479 1240//2479 1235//2479
f 1171//2480 1235//2480 1167//2480
f 1293//2481 1294//2482 1161//2483
f 1161//2483 1294//2482 1241//2484
f 1173//2485 1295//2486 1293//2486
f 1293//2486 1295//2486 1294//2487
f 1256//2488 1255//2488 1257//2488
f 1255//2489 1256//2489 1163//2489
f 1252//2490 1257//2490 1255//2490
f 1210//2491 1158//2491 1258//2491
f 1258//2492 1158//2492 1256//2492
f 1163//2493 1256//2493 1158//2493
f 1210//2494 1258//2494 1252//2494
f 1252//2495 1258//2495 1257//2495
f 1229//2496 1280//2497 1281//2498
f 1159//2499 1279//2499 1160//2499
f 1159//2500 1281//2500 1279//2500
f 1229//2496 1281//2498 1159//2501
f 1166//2502 1236//2503 1159//2504
f 1159//2504 1236//2503 1229//2505
f 1259//2506 1260//2507 1164//2508
f 1259//2506 1164//2508 1238//2509
f 1262//2510 1261//2510 1236//2510
f 1236//2511 1261//2511 1238//2511
f 1238//2512 1261//2512 1259//2512
f 1164//2513 1260//2513 1166//2513
f 1260//2514 1262//2515 1166//2515
f 1166//2515 1262//2515 1236//2516
f 1239//2517 1238//2517 1266//2517
f 1266//2518 1238//2518 1164//2518
f 1267//2519 1263//2520 1237//2521
f 1263//2520 1264//2522 1237//2521
f 1237//2523 1264//2524 1165//2525
f 1266//2526 1264//2526 1265//2526
f 1239//2527 1267//2527 1237//2527
f 1266//2528 1265//2529 1239//2530
f 1265//2529 1267//2531 1239//2530
f 1165//2525 1264//2524 1266//2532
f 1168//2533 1242//2533 1165//2533
f 1165//2534 1242//2534 1237//2534
f 1242//2535 1268//2536 1243//2537
f 1242//2538 1271//2539 1268//2540
f 1268//2536 1269//2541 1243//2537
f 1243//2542 1269//2542 1170//2542
f 1269//2543 1270//2543 1170//2543
f 1270//2544 1271//2539 1168//2545
f 1168//2545 1271//2539 1242//2538
f 1170//2546 1270//2544 1168//2545
f 1170//2547 1169//2547 1243//2547
f 1243//2548 1169//2548 1244//2548
f 1273//2549 1169//2550 1274//2551
f 1272//2552 1274//2552 1140//2552
f 1140//2553 1274//2553 1141//2553
f 1244//2554 1275//2555 1140//2556
f 1140//2557 1275//2557 1272//2557
f 1169//2550 1273//2549 1244//2558
f 1273//2559 1275//2555 1244//2554
f 1141//2560 1274//2560 1169//2560
f 1167//2561 1235//2562 1173//2563
f 1173//2563 1235//2562 1295//2564
f 1255//2565 1278//2565 1276//2565
f 1163//2566 1278//2566 1255//2566
f 1163//2567 1160//2567 1278//2567
f 1255//2568 1276//2568 1252//2568
f 1252//2569 1276//2569 1280//2569
f 1201//2570 1199//2570 1205//2570
f 1203//2571 1201//2571 1202//2571
f 1201//2572 1207//2572 1277//2572
f 1207//2573 1206//2573 1277//2573
f 1205//2574 1202//2574 1201//2574
f 1280//2575 1276//2575 1278//2575
f 1280//2576 1278//2576 1282//2576
f 1282//2577 1278//2577 1279//2577
f 1281//2578 1280//2578 1282//2578
f 1279//2579 1278//2579 1160//2579
f 1283//2580 1289//2580 1284//2580
f 1284//2581 1289//2581 1285//2581
f 1284//2582 1285//2582 1286//2582
f 1286//2583 1285//2583 1287//2583
f 1286//2584 1287//2584 1288//2584
f 1288//2585 1287//2585 1283//2585
f 1283//2586 1287//2586 1289//2586
f 1287//2587 1292//2587 1289//2587
f 1289//2588 1290//2588 1285//2588
f 1285//2589 1291//2589 1287//2589
f 1287//2590 1291//2590 1292//2590
f 1202//2591 1204//2591 1290//2591
f 1291//2592 1285//2592 1109//2592
f 1285//2593 1204//2593 1109//2593
f 1290//2594 1204//2594 1285//2594
f 1289//2595 1202//2595 1290//2595
f 1289//2596 1203//2596 1202//2596
f 1203//2597 1289//2597 1292//2597
f 1203//2598 1292//2598 1291//2598
f 1203//2599 1291//2599 1109//2599
f 1281//2600 1258//2600 1256//2600
f 1256//2601 1279//2601 1281//2601
f 1257//2602 1279//2602 1256//2602
f 1257//2603 1282//2603 1279//2603
f 1258//2604 1282//2604 1257//2604
f 1282//2605 1258//2605 1281//2605
f 1228//2606 1229//2606 1236//2606
f 1206//2607 1207//2607 1141//2607
f 1207//2608 1114//2608 1115//2608
f 1207//2609 1115//2609 1141//2609
f 1214//2610 1140//2610 1111//2610
f 1214//2611 1111//2611 1110//2611
f 1214//2612 1110//2612 1138//2612
f 1270//2613 1274//2613 1271//2613
f 1271//2614 1274//2614 1272//2614
f 1271//2615 1272//2615 1275//2615
f 1271//2616 1275//2616 1268//2616
f 1268//2617 1275//2617 1273//2617
f 1268//2618 1273//2618 1269//2618
f 1269//2619 1273//2619 1274//2619
f 1269//2620 1274//2620 1270//2620
f 1260//2621 1264//2621 1262//2621
f 1262//2622 1264//2622 1263//2622
f 1262//2623 1263//2623 1267//2623
f 1262//2624 1267//2624 1261//2624
f 1261//2625 1267//2625 1265//2625
f 1261//2626 1265//2626 1259//2626
f 1259//2627 1265//2627 1264//2627
f 1259//2628 1264//2628 1260//2628
f 1198//2629 1200//2629 1197//2629
f 1198//2630 1197//2630 1157//2630
f 1157//2631 1197//2631 1156//2631
f 1199//2632 1138//2632 1205//2632
f 1277//2633 1199//2633 1201//2633
f 1200//2634 1199//2634 1197//2634
f 1197//2635 1199//2635 1277//2635
f 1248//2636 1198//2636 1156//2636
f 1156//2637 1198//2637 1157//2637
f 1156//2638 1296//2638 1248//2638
f 1296//2639 1194//2639 1248//2639
f 1248//2640 1194//2640 1208//2640
f 1208//2641 1194//2641 1302//2641
f 1193//2642 1303//2642 1296//2642
f 1296//2643 1303//2643 1196//2643
f 1297//2644 1302//2644 1194//2644
f 1297//2645 1195//2645 1302//2645
f 1299//2646 1178//2646 1179//2646
f 1299//2647 1179//2647 1298//2647
f 1298//2648 1179//2648 1177//2648
f 1298//2649 1177//2649 1178//2649
f 1298//2650 1178//2650 1299//2650
f 1175//2651 1300//2651 1147//2651
f 1152//2652 1151//2652 1176//2652
f 1176//2653 1151//2653 1153//2653
f 1176//2654 1153//2654 1175//2654
f 1300//2655 1175//2655 1153//2655
f 1151//2656 1147//2656 1153//2656
f 1153//2657 1147//2657 1300//2657
f 1135//2658 1301//2659 1137//2660
f 1193//2661 1302//2661 1195//2661
f 1195//2662 1303//2662 1193//2662
f 1305//2663 1304//2663 1306//2663
f 1304//2664 1129//2664 1306//2664
f 1306//2665 1129//2665 1354//2665
f 1306//2666 1335//2666 1305//2666
f 1305//2667 1335//2667 1336//2667
f 1336//2668 1307//2668 1305//2668
f 1129//2669 1305//2669 1307//2669
f 1190//2670 1220//2670 1234//2670
f 1190//2671 1234//2671 1191//2671
f 1191//2672 1234//2672 1221//2672
f 1191//2673 1221//2673 1192//2673
f 1192//2674 1221//2675 1308//2676
f 1308//2676 1221//2675 1348//2677
f 1308//2678 1348//2678 1189//2678
f 1189//2678 1348//2678 1349//2679
f 1312//2680 1309//2680 1210//2680
f 1210//2681 1309//2681 1158//2681
f 1158//2682 1309//2682 1310//2682
f 1158//2683 1310//2683 1162//2683
f 1311//2684 1310//2685 1312//2686
f 1245//2687 1312//2687 1210//2687
f 1162//2688 1310//2685 1311//2684
f 1311//2684 1312//2686 1245//2689
f 1172//2690 1338//2690 1184//2690
f 1184//2691 1338//2692 1313//2693
f 1313//2694 1338//2694 1341//2694
f 1342//2695 1225//2696 1340//2697
f 1340//2698 1225//2698 1313//2698
f 1342//2695 1314//2699 1225//2696
f 1184//2691 1313//2693 1225//2700
f 1184//2701 1225//2702 1183//2703
f 1183//2703 1225//2702 1224//2704
f 1315//2705 1316//2705 1183//2705
f 1183//2706 1316//2706 1187//2706
f 1224//2707 1315//2707 1183//2707
f 1187//2708 1316//2708 1317//2708
f 1187//2709 1317//2710 1318//2711
f 1318//2711 1317//2710 1319//2712
f 1224//2713 1319//2713 1320//2714
f 1318//2715 1319//2713 1224//2713
f 1224//2716 1320//2716 1315//2716
f 1188//2717 1187//2717 1246//2717
f 1246//2718 1187//2718 1318//2718
f 1233//2719 1322//2720 1246//2721
f 1246//2721 1322//2720 1323//2722
f 1233//2723 1321//2724 1322//2725
f 1182//2726 1324//2726 1321//2726
f 1188//2727 1324//2728 1182//2729
f 1182//2730 1321//2724 1233//2723
f 1246//2731 1323//2731 1324//2731
f 1246//2732 1324//2728 1188//2727
f 1182//2733 1233//2733 1155//2733
f 1155//2734 1233//2734 1232//2734
f 1325//2735 1326//2735 1155//2735
f 1155//2736 1326//2737 1185//2738
f 1232//2739 1325//2739 1155//2739
f 1185//2738 1326//2737 1327//2740
f 1185//2741 1327//2741 1328//2741
f 1328//2742 1327//2742 1329//2742
f 1232//2743 1329//2743 1330//2744
f 1328//2745 1329//2743 1232//2743
f 1232//2746 1330//2746 1325//2746
f 1328//2747 1247//2747 1185//2747
f 1185//2748 1247//2748 1186//2748
f 1332//2749 1247//2750 1231//2751
f 1247//2750 1332//2749 1333//2752
f 1231//2751 1331//2753 1332//2749
f 1154//2754 1334//2755 1331//2756
f 1186//2757 1334//2757 1154//2757
f 1154//2754 1331//2756 1231//2758
f 1247//2759 1333//2759 1334//2759
f 1247//2760 1334//2760 1186//2760
f 1189//2761 1349//2762 1190//2763
f 1190//2763 1349//2762 1220//2764
f 1162//2765 1311//2765 1172//2765
f 1311//2766 1337//2766 1172//2766
f 1339//2767 1337//2767 1311//2767
f 1314//2768 1339//2769 1311//2770
f 1311//2770 1245//2771 1314//2768
f 1354//2772 1335//2772 1306//2772
f 1180//2773 1307//2773 1336//2773
f 1337//2774 1338//2774 1172//2774
f 1339//2775 1340//2775 1337//2775
f 1337//2776 1341//2776 1338//2776
f 1340//2777 1339//2777 1342//2777
f 1339//2778 1314//2778 1342//2778
f 1309//2779 1345//2779 1343//2779
f 1309//2780 1343//2780 1310//2780
f 1310//2781 1343//2781 1344//2781
f 1310//2782 1344//2782 1312//2782
f 1312//2783 1344//2783 1345//2783
f 1312//2784 1345//2784 1309//2784
f 1344//2785 1346//2785 1345//2785
f 1345//2786 1346//2786 1347//2786
f 1347//2787 1343//2787 1345//2787
f 1346//2788 1340//2788 1347//2788
f 1346//2789 1337//2789 1340//2789
f 1337//2790 1346//2790 1344//2790
f 1341//2791 1337//2791 1343//2791
f 1343//2792 1337//2792 1344//2792
f 1341//2793 1343//2793 1313//2793
f 1313//2794 1343//2794 1347//2794
f 1347//2795 1340//2795 1313//2795
f 1354//2796 1127//2796 1131//2796
f 1154//2797 1130//2797 1180//2797
f 1180//2798 1130//2798 1128//2798
f 1325//2799 1334//2799 1326//2799
f 1326//2800 1334//2800 1327//2800
f 1327//2801 1334//2801 1333//2801
f 1327//2802 1333//2802 1329//2802
f 1329//2803 1333//2803 1332//2803
f 1329//2804 1332//2804 1330//2804
f 1330//2805 1332//2805 1325//2805
f 1325//2806 1332//2806 1331//2806
f 1325//2807 1331//2807 1334//2807
f 1315//2808 1324//2808 1316//2808
f 1316//2809 1324//2809 1317//2809
f 1317//2810 1324//2810 1323//2810
f 1317//2811 1323//2811 1319//2811
f 1319//2812 1323//2812 1322//2812
f 1319//2813 1322//2813 1320//2813
f 1320//2814 1322//2814 1315//2814
f 1315//2815 1322//2815 1321//2815
f 1315//2816 1321//2816 1324//2816
f 1288//2817 1129//2817 1286//2817
f 1305//2818 1129//2818 1283//2818
f 1283//2819 1129//2819 1288//2819
f 1305//2820 1283//2821 1284//2822
f 1284//2822 1304//2823 1305//2820
f 1286//2824 1304//2824 1284//2824
f 1304//2825 1286//2825 1129//2825
f 1208//2826 1350//2826 1351//2826
f 1352//2827 1174//2827 1180//2827
f 1352//2828 1353//2828 1174//2828
f 1208//2829 1351//2829 1354//2829
f 1350//2830 1208//2830 1209//2830
f 1350//2831 1209//2831 1353//2831
f 1353//2832 1209//2832 1174//2832
f 1335//2833 1354//2833 1351//2833
f 1335//2834 1351//2834 1336//2834
f 1180//2835 1336//2835 1352//2835
f 1351//2836 1352//2836 1336//2836
f 1353//2837 1352//2837 1350//2837
f 1350//2838 1352//2838 1351//2838
f 1208//2839 1302//2839 1193//2839
f 1208//2840 1193//2840 1174//2840
f 1208//2841 1174//2841 1209//2841
f 1356//2842 1250//2842 1249//2842
f 1356//2843 1249//2843 1355//2843
f 1355//2844 1249//2844 1251//2844
f 1355//2845 1251//2845 1356//2845
f 1356//2846 1251//2846 1250//2846
f 1181//2847 1301//2847 1136//2847
f 1136//2848 1301//2659 1135//2658
f 1132//2849 1134//2849 1301//2849
f 1132//2850 1301//2850 1181//2850
f 1134//2851 1137//2851 1301//2851
f 1357//2852 1359//2852 1361//2852
f 1358//2853 1357//2853 1360//2853
f 1360//2854 1361//2854 1359//2854
f 1133//2855 1362//2855 1134//2855
f 1358//2856 1134//2856 1362//2856
f 1363//2857 1134//2857 1358//2857
f 1363//2858 1137//2858 1134//2858
f 1137//2859 1363//2859 1135//2859
f 1359//2860 1135//2860 1363//2860
f 1359//2861 1362//2861 1135//2861
f 1135//2862 1362//2862 1133//2862
f 1360//2863 1363//2863 1358//2863
f 1357//2864 1358//2864 1362//2864
f 1357//2865 1362//2865 1359//2865
f 1360//2866 1359//2866 1363//2866
f 1360//2867 1357//2867 1361//2867
f 1144//2868 1142//2868 1146//2868
f 1253//2869 1370//2869 1213//2869
f 1213//2870 1370//2870 1371//2870
f 1213//2871 1371//2871 1212//2871
f 1212//2872 1371//2872 1372//2872
f 1212//2873 1372//2873 1254//2873
f 1254//2874 1372//2874 1253//2874
f 1253//2875 1372//2875 1370//2875
f 1378//2876 1379//2876 1380//2876
f 1381//2877 1584//2878 1382//2879
f 1383//2880 1583//2881 1584//2878
f 1383//2880 1584//2878 1381//2877
f 1404//2882 1386//2883 1405//2884
f 1405//2884 1386//2883 1583//2885
f 1378//2886 1546//2886 1387//2886
f 1388//2887 1389//2887 1390//2887
f 1390//2888 1389//2888 1377//2888
f 1395//2889 1396//2890 1377//2891
f 1377//2891 1396//2890 1391//2892
f 1397//2893 1398//2893 1395//2893
f 1395//2889 1398//2894 1394//2895
f 1393//2896 1396//2890 1394//2895
f 1394//2895 1396//2890 1395//2889
f 1392//2897 1399//2897 1400//2897
f 1390//2898 1377//2898 1391//2898
f 1399//2899 1368//2899 1391//2899
f 1391//2900 1368//2900 1390//2900
f 1401//2901 1402//2902 1393//2903
f 1393//2896 1394//2895 1401//2904
f 1401//2905 1394//2905 1485//2905
f 1401//2906 1485//2906 1403//2906
f 1385//667 1370//667 1372//667
f 1380//667 1372//667 1371//667
f 1380//667 1371//667 1404//667
f 1404//667 1370//667 1385//667
f 1385//667 1372//667 1380//667
f 1404//667 1371//667 1370//667
f 1553//2907 1405//2907 1376//2907
f 1376//2908 1405//2908 1383//2908
f 1383//2909 1405//2909 1583//2909
f 1406//2910 1407//2910 1382//2910
f 1382//2879 1407//2911 1381//2877
f 1382//2879 1584//2878 1384//2912
f 1382//2913 1384//2913 1387//2913
f 1387//2914 1384//2914 1380//2914
f 1387//2915 1380//2915 1379//2915
f 1408//2916 1546//2916 1373//2916
f 1373//2917 1546//2918 1378//2919
f 1373//2917 1378//2919 1380//2920
f 1485//2921 1408//2922 1424//2923
f 1374//2344 1411//2344 1409//2344
f 1410//2924 1411//2924 1374//2924
f 1411//2925 1485//2925 1409//2925
f 1485//2926 1411//2926 1412//2926
f 1485//2921 1412//2927 1546//2928
f 1485//2921 1546//2928 1408//2922
f 1412//2929 1410//2929 1546//2929
f 1374//2930 1546//2930 1410//2930
f 1413//667 1368//2931 1414//2932
f 1414//2932 1368//2931 1399//2933
f 1368//2931 1413//667 1415//2934
f 1368//2931 1415//2934 1367//2935
f 1365//2936 1416//2936 1417//2936
f 1417//2937 1369//2938 1418//2939
f 1416//2940 1517//2941 1367//2935
f 1416//2940 1367//2935 1415//2934
f 1416//2942 1365//2942 1517//2942
f 1419//2943 1365//2943 1418//2943
f 1418//2944 1365//2944 1417//2944
f 1404//667 1420//667 1422//667
f 1420//2945 1404//2945 1369//2945
f 1420//2946 1369//2938 1417//2937
f 1404//2947 1385//2947 1386//2947
f 1421//667 1380//667 1422//667
f 1422//667 1380//667 1404//667
f 1393//2903 1423//2948 1414//2932
f 1423//2948 1393//2903 1424//2949
f 1380//667 1421//667 1373//667
f 1384//2950 1385//2950 1380//2950
f 1393//2903 1425//2951 1427//2952
f 1392//2953 1427//2952 1426//2954
f 1392//2953 1426//2954 1399//2933
f 1426//2954 1425//2951 1414//2932
f 1485//2955 1424//2955 1403//2955
f 1403//2956 1424//2956 1402//2956
f 1402//2902 1424//2949 1393//2903
f 1392//2953 1393//2903 1427//2952
f 1399//2933 1426//2954 1414//2932
f 1414//2932 1425//2951 1393//2903
f 1452//2957 1428//2958 1429//2959
f 1430//2960 1431//2960 1428//2960
f 1428//2958 1431//2961 1429//2959
f 1434//2962 1435//2962 1436//2962
f 1436//2963 1435//2963 1437//2963
f 1436//2964 1437//2964 1438//2964
f 1503//2965 1442//2965 1432//2965
f 1432//2966 1442//2966 1433//2966
f 1443//2967 1439//2967 1438//2967
f 1445//2968 1446//2968 1440//2968
f 1440//2969 1446//2970 1441//2971
f 1432//2972 1433//2973 1366//2974
f 1366//2975 1448//2976 1449//2977
f 1366//2974 1449//2978 1432//2972
f 1432//2979 1449//2980 1526//2981
f 1513//2982 1450//2982 1441//2982
f 1441//2983 1450//2984 1530//2985
f 1441//2971 1530//2986 1440//2969
f 1436//2987 1585//2988 1429//2989
f 1429//2989 1585//2988 1570//2990
f 1450//2984 1447//2991 1530//2985
f 1530//2985 1447//2991 1451//2992
f 1530//2993 1451//2993 1438//2993
f 1438//2994 1451//2994 1436//2994
f 1436//2995 1451//2995 1585//2995
f 1447//2991 1450//2984 1448//2996
f 1447//2991 1448//2996 1364//2997
f 1364//2998 1448//2998 1454//2998
f 1447//2999 1571//3000 1452//3001
f 1429//3002 1570//3002 1453//3002
f 1429//3003 1453//3004 1452//3001
f 1452//3001 1453//3004 1447//2999
f 1432//2979 1526//2981 1441//3005
f 1441//3005 1526//2981 1513//3006
f 1447//3007 1364//3007 1571//3007
f 1444//3008 1456//3008 1439//3008
f 1444//3009 1530//3009 1457//3009
f 1457//3010 1456//3010 1444//3010
f 1438//3011 1455//3011 1530//3011
f 1530//3012 1455//3012 1457//3012
f 1366//2975 1454//3013 1448//2976
f 1456//3014 1455//3014 1439//3014
f 1439//3015 1455//3015 1438//3015
f 1218//3016 1425//3016 1426//3016
f 1218//3017 1426//3017 1223//3017
f 1223//3018 1426//3018 1219//3018
f 1219//3019 1426//3019 1427//3019
f 1219//3020 1427//3020 1218//3020
f 1218//3021 1427//3021 1425//3021
f 1458//3022 1438//3022 1117//3022
f 1108//3023 1544//3023 1117//3023
f 1117//3024 1544//3024 1458//3024
f 1112//3025 1546//3025 1541//3025
f 1112//3026 1541//3026 1459//3026
f 1459//3027 1108//3027 1112//3027
f 1119//3028 1437//3028 1387//3028
f 1387//3029 1437//3029 1382//3029
f 1387//3030 1462//3030 1378//3030
f 1387//3031 1460//3031 1462//3031
f 1378//3032 1462//3032 1461//3032
f 1530//3033 1486//3033 1467//3033
f 1467//3034 1486//3034 1468//3034
f 1468//3035 1486//3035 1485//3035
f 1469//3036 1394//3036 1470//3036
f 1470//3037 1394//3037 1440//3037
f 1474//3038 1473//3038 1471//3038
f 1479//3039 1475//3039 1476//3039
f 1477//3040 1476//3040 1475//3040
f 1476//3041 1477//3041 1478//3041
f 1478//3042 1477//3042 1473//3042
f 1478//3043 1474//3043 1479//3043
f 1478//3044 1473//3044 1474//3044
f 1479//3045 1474//3045 1475//3045
f 1471//3046 1475//3046 1474//3046
f 1472//3047 1477//3047 1471//3047
f 1471//3048 1477//3048 1475//3048
f 1473//3049 1477//3049 1472//3049
f 1479//3050 1476//3050 1401//3050
f 1478//3051 1479//3051 1403//3051
f 1403//3052 1479//3052 1401//3052
f 1439//3053 1532//3053 1444//3053
f 1444//3054 1532//3054 1534//3054
f 1481//3055 1482//3056 1483//3057
f 1483//3057 1482//3056 1484//3058
f 1484//3059 1482//3059 1533//3059
f 1484//3060 1533//3060 1534//3060
f 1487//3061 1486//3061 1530//3061
f 1530//3062 1514//3062 1487//3062
f 1487//3063 1514//3063 1488//3063
f 1485//3064 1486//3064 1489//3064
f 1514//3065 1489//3065 1488//3065
f 1486//3066 1488//3066 1489//3066
f 1400//3067 1449//3067 1448//3067
f 1400//3068 1448//3068 1392//3068
f 1392//3069 1448//3069 1450//3069
f 1392//3070 1450//3070 1393//3070
f 1393//3071 1450//3072 1396//3073
f 1396//3073 1450//3072 1513//3074
f 1396//3075 1513//3076 1391//3077
f 1391//3077 1513//3076 1526//3078
f 1493//3079 1490//3079 1364//3079
f 1364//3080 1490//3080 1365//3080
f 1365//3081 1490//3081 1492//3081
f 1492//3082 1490//3083 1491//3084
f 1492//3082 1491//3084 1493//3085
f 1492//3086 1493//3086 1364//3086
f 1517//3087 1516//3087 1367//3087
f 1367//3088 1516//3089 1494//3090
f 1494//2694 1516//2694 1520//2694
f 1519//3091 1366//3091 1494//3091
f 1519//3092 1454//3092 1366//3092
f 1366//3093 1367//3088 1494//3090
f 1367//3094 1366//3094 1495//3094
f 1495//3095 1366//3095 1433//3095
f 1495//3096 1496//3097 1497//3098
f 1495//3099 1497//3099 1388//3099
f 1388//3100 1497//3100 1498//3100
f 1433//3101 1496//3097 1495//3096
f 1388//3102 1498//3103 1442//3104
f 1498//3103 1499//3105 1442//3104
f 1433//3106 1499//3107 1496//3108
f 1442//3109 1499//3107 1433//3106
f 1389//3110 1388//3110 1503//3110
f 1503//3111 1388//3111 1442//3111
f 1389//3112 1504//3113 1501//3114
f 1432//3115 1502//3116 1503//3117
f 1503//3117 1502//3116 1504//3118
f 1500//3119 1502//3120 1432//3121
f 1377//3122 1501//3114 1500//3123
f 1389//3112 1501//3114 1377//3122
f 1377//3124 1500//3119 1432//3121
f 1503//3125 1504//3125 1389//3125
f 1377//3126 1432//3126 1395//3126
f 1395//3127 1432//3127 1441//3127
f 1395//3128 1505//3129 1506//3130
f 1395//3131 1506//3132 1397//3133
f 1397//3133 1506//3132 1507//3134
f 1441//3135 1505//3129 1395//3128
f 1397//3136 1507//3136 1446//3136
f 1446//3137 1507//3138 1508//3139
f 1441//3135 1508//3140 1505//3129
f 1446//3137 1508//3139 1441//3141
f 1446//3142 1445//3142 1397//3142
f 1397//3143 1445//3143 1398//3143
f 1510//3144 1445//3145 1440//3146
f 1445//3145 1510//3144 1511//3147
f 1509//3148 1510//3149 1440//3150
f 1511//3151 1512//3152 1398//3153
f 1394//3154 1512//3154 1509//3148
f 1398//3155 1512//3155 1394//3155
f 1394//3154 1509//3148 1440//3150
f 1445//3156 1511//3151 1398//3153
f 1391//3157 1526//3158 1400//3159
f 1400//3159 1526//3158 1449//3160
f 1365//3161 1492//3161 1517//3161
f 1492//3162 1515//3162 1517//3162
f 1518//3163 1515//3163 1492//3163
f 1454//3164 1518//3164 1492//3164
f 1492//3165 1364//3165 1454//3165
f 1489//3166 1514//3166 1531//3166
f 1515//3167 1516//3167 1517//3167
f 1518//3168 1519//3168 1515//3168
f 1515//2776 1520//2776 1516//2776
f 1519//3169 1518//3169 1454//3169
f 1490//3170 1521//3170 1523//3170
f 1490//3171 1523//3171 1491//3171
f 1491//3172 1523//3172 1524//3172
f 1491//3173 1524//3173 1522//3173
f 1491//3174 1522//3174 1493//3174
f 1493//3175 1522//3175 1521//3175
f 1493//3176 1521//3176 1490//3176
f 1521//3177 1525//3177 1523//3177
f 1522//3178 1525//3178 1521//3178
f 1522//3179 1519//3179 1525//3179
f 1522//3180 1515//3180 1519//3180
f 1515//3181 1522//3181 1524//3181
f 1520//3182 1515//3182 1523//3182
f 1523//3183 1515//3183 1524//3183
f 1520//3184 1523//3184 1494//3184
f 1494//3185 1523//3185 1525//3185
f 1525//3186 1519//3186 1494//3186
f 1440//3187 1530//3187 1470//3187
f 1470//3188 1530//3188 1467//3188
f 1485//3189 1469//3189 1468//3189
f 1485//3190 1394//3190 1469//3190
f 1390//3191 1368//3191 1495//3191
f 1495//3192 1368//3192 1367//3192
f 1390//3193 1495//3193 1388//3193
f 1506//3194 1512//3194 1507//3194
f 1507//3195 1512//3195 1511//3195
f 1507//3196 1511//3196 1508//3196
f 1508//3197 1511//3197 1510//3197
f 1508//3198 1510//3198 1505//3198
f 1505//3199 1510//3199 1509//3199
f 1505//3200 1509//3200 1506//3200
f 1506//3201 1509//3201 1512//3201
f 1497//3202 1501//3202 1498//3202
f 1498//3203 1501//3203 1504//3203
f 1498//3204 1504//3204 1499//3204
f 1499//3205 1504//3205 1502//3205
f 1499//3206 1502//3206 1496//3206
f 1496//3207 1502//3207 1500//3207
f 1496//3208 1500//3208 1497//3208
f 1497//3209 1500//3209 1501//3209
f 1464//3210 1486//3210 1463//3210
f 1488//3211 1486//3211 1466//3211
f 1466//3212 1486//3212 1464//3212
f 1488//3213 1466//3213 1465//3213
f 1465//3214 1487//3214 1488//3214
f 1463//3215 1487//3215 1465//3215
f 1487//3216 1463//3216 1486//3216
f 1399//3217 1391//3217 1400//3217
f 1444//3218 1527//3218 1529//3218
f 1531//3219 1409//3219 1485//3219
f 1531//3220 1528//3220 1409//3220
f 1444//3221 1529//3221 1530//3221
f 1527//3222 1444//3222 1528//3222
f 1528//3223 1444//3223 1409//3223
f 1529//3224 1514//3224 1530//3224
f 1531//3225 1514//3225 1529//3225
f 1485//3226 1489//3226 1531//3226
f 1528//3227 1531//3228 1527//3229
f 1527//3229 1531//3228 1529//3230
f 1444//3231 1534//3231 1533//3231
f 1444//3232 1533//3232 1409//3232
f 1409//3233 1533//3233 1374//3233
f 1374//3234 1533//3234 1586//3234
f 1532//3235 1483//3236 1534//3237
f 1534//3237 1483//3236 1484//3238
f 1481//3239 1586//3239 1482//3239
f 1586//3240 1533//3240 1482//3240
f 1536//3241 1455//3241 1456//3241
f 1536//3242 1456//3242 1535//3242
f 1535//3243 1456//3243 1457//3243
f 1535//3244 1457//3244 1536//3244
f 1536//3245 1457//3245 1455//3245
f 1403//3246 1480//3246 1478//3246
f 1401//3247 1476//3247 1402//3247
f 1402//3248 1476//3248 1480//3248
f 1402//3249 1480//3249 1403//3249
f 1476//3250 1478//3250 1480//3250
f 1481//3251 1483//3251 1586//3251
f 1586//3252 1483//3252 1532//3252
f 1374//3253 1538//3253 1572//3253
f 1540//3254 1443//3254 1438//3254
f 1540//3255 1539//3255 1443//3255
f 1374//3256 1572//3256 1546//3256
f 1543//3257 1459//3257 1542//3257
f 1438//3258 1458//3258 1545//3258
f 1458//3259 1544//3260 1543//3261
f 1458//3259 1543//3261 1545//3262
f 1542//3263 1459//3263 1541//3263
f 1384//3264 1451//3264 1447//3264
f 1384//3265 1447//3265 1385//3265
f 1385//3266 1447//3266 1453//3266
f 1385//3267 1453//3267 1386//3267
f 1584//3268 1585//3268 1384//3268
f 1384//3268 1585//3268 1451//3269
f 1583//3270 1570//3271 1584//3271
f 1584//3271 1570//3271 1585//3272
f 1548//3273 1547//3274 1550//3275
f 1547//3274 1548//3273 1419//3276
f 1364//3277 1550//3277 1547//3277
f 1364//3278 1365//3278 1549//3278
f 1419//3279 1548//3279 1365//3279
f 1365//3280 1548//3280 1549//3280
f 1364//3281 1549//3281 1550//3281
f 1452//3282 1418//3282 1369//3282
f 1452//3283 1571//3283 1551//3283
f 1452//3284 1551//3284 1577//3284
f 1452//3285 1577//3285 1418//3285
f 1552//3286 1428//3286 1369//3286
f 1369//3287 1428//3287 1452//3287
f 1554//3288 1555//3288 1553//3288
f 1557//3289 1556//3289 1428//3289
f 1554//3290 1553//3290 1430//3290
f 1555//3291 1557//3292 1552//3293
f 1552//3293 1557//3292 1428//3294
f 1428//3295 1556//3295 1430//3295
f 1430//3296 1556//3296 1554//3296
f 1553//3297 1555//3297 1552//3297
f 1431//3298 1430//3298 1376//3298
f 1376//3299 1430//3299 1553//3299
f 1429//3300 1560//3301 1558//3302
f 1558//3303 1559//3304 1383//3305
f 1429//3300 1558//3302 1383//3306
f 1431//3307 1561//3308 1560//3301
f 1431//3307 1560//3301 1429//3300
f 1559//3304 1561//3309 1376//3310
f 1376//3311 1561//3311 1431//3311
f 1383//3305 1559//3304 1376//3310
f 1381//3312 1436//3312 1383//3312
f 1383//3313 1436//3313 1429//3313
f 1436//3314 1562//3315 1434//3316
f 1436//3314 1565//3317 1562//3315
f 1562//3318 1563//3318 1434//3318
f 1434//3319 1563//3319 1407//3319
f 1563//3320 1564//3320 1407//3320
f 1564//3321 1565//3317 1381//3322
f 1381//3322 1565//3317 1436//3314
f 1407//3323 1564//3323 1381//3323
f 1407//3324 1406//3324 1434//3324
f 1434//3325 1406//3325 1435//3325
f 1382//3326 1566//3327 1567//3328
f 1437//3329 1566//3327 1382//3326
f 1435//3330 1568//3330 1437//3330
f 1435//3331 1569//3332 1568//3333
f 1437//3329 1568//3334 1566//3327
f 1567//3335 1569//3332 1406//3336
f 1406//3336 1569//3332 1435//3331
f 1382//3337 1567//3337 1406//3337
f 1386//3338 1453//3339 1583//3340
f 1583//3340 1453//3339 1570//3341
f 1547//3342 1573//3342 1574//3342
f 1419//3343 1573//3343 1547//3343
f 1419//3344 1418//3344 1573//3344
f 1547//3345 1574//3345 1571//3345
f 1547//3346 1571//3346 1364//3346
f 1546//3347 1572//3347 1542//3347
f 1541//3348 1546//3348 1542//3348
f 1542//3349 1540//3349 1543//3349
f 1545//3350 1543//3350 1540//3350
f 1577//3351 1576//3351 1418//3351
f 1571//3352 1574//3352 1551//3352
f 1551//3353 1574//3353 1576//3353
f 1576//3354 1574//3354 1573//3354
f 1576//3355 1573//3355 1418//3355
f 1575//3356 1577//3356 1551//3356
f 1575//3357 1551//3357 1576//3357
f 1465//3358 1578//3359 1581//3360
f 1465//3361 1581//3361 1463//3361
f 1463//3362 1581//3362 1464//3362
f 1464//3363 1581//3363 1579//3363
f 1464//3364 1579//3364 1466//3364
f 1466//3365 1579//3365 1465//3365
f 1465//3366 1579//3366 1578//3366
f 1579//3367 1582//3367 1580//3367
f 1579//3368 1580//3368 1578//3368
f 1581//3369 1582//3369 1579//3369
f 1543//3370 1544//3370 1578//3370
f 1581//3371 1544//3371 1108//3371
f 1578//3359 1544//3372 1581//3360
f 1580//3373 1543//3373 1578//3373
f 1582//3374 1459//3374 1580//3374
f 1580//3375 1459//3375 1543//3375
f 1459//3376 1582//3376 1108//3376
f 1108//3377 1582//3377 1581//3377
f 1549//3378 1548//3378 1577//3378
f 1548//3379 1576//3379 1577//3379
f 1550//3380 1576//3380 1548//3380
f 1550//3381 1575//3381 1576//3381
f 1575//3382 1550//3382 1549//3382
f 1575//3383 1549//3383 1577//3383
f 1405//3384 1552//3384 1404//3384
f 1404//3385 1552//3385 1369//3385
f 1405//3386 1553//3386 1552//3386
f 1387//3387 1546//3387 1112//3387
f 1117//3388 1438//3388 1119//3388
f 1119//3389 1438//3389 1437//3389
f 1564//3390 1567//3390 1566//3390
f 1564//3391 1566//3391 1565//3391
f 1565//3392 1566//3392 1568//3392
f 1565//3393 1568//3393 1562//3393
f 1562//3394 1568//3394 1563//3394
f 1563//3395 1568//3395 1569//3395
f 1563//3396 1569//3397 1564//3398
f 1564//3398 1569//3397 1567//3399
f 1555//3400 1559//3400 1558//3400
f 1555//3401 1558//3401 1557//3401
f 1557//3402 1558//3402 1560//3402
f 1557//3403 1560//3403 1556//3403
f 1556//3404 1560//3404 1554//3404
f 1554//3405 1560//3405 1561//3405
f 1554//3406 1561//3407 1555//3408
f 1555//3408 1561//3407 1559//3409
f 1443//2629 1539//2629 1538//2629
f 1443//2630 1538//2630 1375//2630
f 1375//2631 1538//2631 1374//2631
f 1540//3410 1542//3410 1572//3410
f 1540//3411 1438//3411 1545//3411
f 1539//3412 1540//3413 1538//3414
f 1538//3414 1540//3413 1572//3415
f 1439//2636 1443//2636 1374//2636
f 1374//2637 1443//2637 1375//2637
f 1374//3416 1586//3416 1439//3416
f 1586//3417 1532//3417 1439//3417
f 1588//2646 1410//2646 1412//2646
f 1588//2647 1412//2647 1587//2647
f 1587//2648 1412//2648 1411//2648
f 1587//2649 1411//2649 1410//2649
f 1587//2650 1410//2650 1588//2650
f 1379//3418 1589//3418 1387//3418
f 1387//3419 1589//3419 1460//3419
f 1378//3420 1461//3420 1537//3420
f 1378//3421 1537//3421 1379//3421
f 1589//3422 1379//3422 1537//3422
f 1461//2656 1460//2656 1537//2656
f 1537//2657 1460//2657 1589//2657
f 1590//3423 1594//3423 1591//3423
f 1594//3424 1590//3424 1595//3424
f 1595//3425 1590//3425 1592//3425
f 1460//3426 1594//3426 1462//3426
f 1594//3427 1460//3427 1593//3427
f 1595//3428 1462//3428 1594//3428
f 1596//3429 1461//3429 1462//3429
f 1596//3430 1462//3430 1595//3430
f 1460//2304 1461//2304 1593//2304
f 1593//3431 1461//3431 1596//3431
f 1594//3432 1593//3432 1591//3432
f 1592//3433 1596//3433 1595//3433
f 1591//3434 1596//3434 1592//3434
f 1591//3435 1593//3435 1596//3435
f 1472//3436 1471//3436 1473//3436
f 1590//3437 1591//3437 1592//3437
f 1422//3438 1212//3438 1421//3438
f 1421//3439 1212//3439 1211//3439
f 1421//3440 1211//3440 1373//3440
f 1373//3441 1211//3441 1216//3441
f 1373//3442 1216//3442 1408//3442
f 1408//3443 1216//3443 1215//3443
f 1408//3444 1215//3444 1424//3444
f 1424//3445 1215//3445 1217//3445
f 1424//3446 1217//3446 1423//3446
f 1423//3447 1217//3447 1218//3447
f 1423//3448 1218//3448 1414//3448
f 1414//3449 1218//3450 1222//3451
f 1414//3449 1222//3451 1413//3452
f 1413//3453 1222//3454 1226//3455
f 1413//3453 1226//3455 1415//3456
f 1415//3457 1226//3457 1416//3457
f 1416//3458 1226//3458 1210//3458
f 1416//3459 1210//3459 1417//3459
f 1417//3460 1210//3460 1230//3460
f 1417//3461 1230//3462 1227//3463
f 1417//3461 1227//3463 1420//3464
f 1420//3465 1227//3466 1213//3467
f 1420//3465 1213//3467 1422//3468
f 1422//3469 1213//3469 1212//3469
f 1599//3470 1597//3471 1128//3472
f 1125//3473 1128//3473 1597//3473
f 1130//3474 1598//3472 1128//3472
f 1128//3472 1598//3472 1599//3470
f 1602//3475 1600//3476 1467//3477
f 1467//3478 1600//3478 1470//3478
f 1126//3479 1601//3479 1467//3479
f 1467//3477 1601//3480 1602//3475
f 1126//3481 1467//3482 1468//3483
f 1126//3481 1468//3483 1125//3484
f 1125//3484 1468//3483 1127//3485
f 1125//3484 1127//3485 1128//3486
f 1125//3487 1597//3488 1126//3489
f 1126//3489 1597//3488 1601//3490
f 1597//3491 1599//3492 1601//3493
f 1601//3493 1599//3492 1602//3494
f 1599//3495 1598//3496 1602//3497
f 1602//3497 1598//3496 1600//3498
f 1469//3499 1470//3500 1124//3501
f 1123//3502 1130//3503 1131//3504
f 1130//3503 1123//3502 1598//3505
f 1469//3499 1124//3501 1131//3504
f 1131//3504 1124//3501 1123//3502
f 1598//3505 1123//3502 1124//3506
f 1598//3505 1124//3506 1600//3507
f 1600//3507 1124//3506 1470//3508
f 1468//3509 1469//3509 1127//3509
f 1127//3510 1469//3510 1131//3510
f 1606//3511 1603//3511 1604//3511
f 1606//3512 1604//3512 1605//3512
f 1605//3513 1604//3513 1603//3513
f 1605//3514 1603//3514 1606//3514
f 1607//3515 1608//3516 1609//3517
f 1607//3518 1609//3518 1610//3518
f 1607//3519 1610//3519 1611//3519
f 1611//3520 1610//3520 1612//3520
f 1612//3521 1610//3521 1613//3521
f 1612//3522 1613//3522 1614//3522
f 1612//3523 1614//3524 1615//3525
f 1615//3525 1614//3524 1616//3526
f 1615//3525 1616//3526 1608//3516
f 1615//3525 1608//3516 1607//3515
f 1619//3527 1614//3527 1617//3527
f 1617//3528 1614//3528 1613//3528
f 1617//3529 1613//3529 1610//3529
f 1617//3530 1610//3530 1618//3530
f 1618//3531 1610//3531 1609//3531
f 1618//3532 1609//3532 1619//3532
f 1619//3533 1609//3533 1608//3533
f 1619//3534 1608//3534 1616//3534
f 1619//3535 1616//3535 1614//3535
f 1619//3536 1615//3536 1607//3536
f 1619//3537 1607//3537 1618//3537
f 1618//3538 1607//3538 1611//3538
f 1618//3539 1611//3539 1612//3539
f 1618//3540 1612//3540 1617//3540
f 1617//3541 1612//3541 1619//3541
f 1619//3542 1612//3542 1615//3542
f 1621//3543 1620//3543 1622//3543
f 1621//3544 1622//3544 1623//3544
f 1621//3545 1623//3545 1624//3545
f 1624//3546 1623//3546 1625//3546
f 1625//3547 1623//3547 1626//3547
f 1625//3548 1626//3548 1627//3548
f 1625//3549 1627//3549 1620//3549
f 1625//3550 1620//3550 1621//3550
f 1625//3551 1628//3551 1624//3551
f 1624//3552 1628//3552 1629//3552
f 1624//3553 1629//3553 1630//3553
f 1624//3554 1630//3554 1621//3554
f 1621//3555 1630//3555 1631//3555
f 1621//3556 1631//3556 1632//3556
f 1621//3557 1632//3557 1625//3557
f 1625//3558 1632//3558 1633//3558
f 1625//3559 1633//3559 1634//3559
f 1625//3560 1634//3560 1628//3560
f 1626//3561 1628//3561 1634//3561
f 1626//3562 1634//3563 1633//3564
f 1626//3562 1633//3564 1627//3565
f 1627//3565 1633//3564 1632//3566
f 1627//3565 1632//3566 1620//3567
f 1620//3567 1632//3566 1622//3568
f 1622//3569 1632//3570 1631//3571
f 1622//3569 1631//3571 1630//3572
f 1622//3569 1630//3572 1623//3573
f 1623//3573 1630//3572 1629//3574
f 1623//3573 1629//3574 1628//3575
f 1623//3573 1628//3575 1626//3576
f 1642//3577 1635//3577 1636//3577
f 1642//3578 1636//3578 1637//3578
f 1637//3579 1636//3579 1638//3579
f 1637//3580 1638//3580 1639//3580
f 1637//3581 1639//3581 1640//3581
f 1640//3582 1639//3582 1641//3582
f 1640//3583 1641//3583 1642//3583
f 1642//3584 1641//3584 1635//3584
f 1642//3585 1647//3585 1643//3585
f 1642//3586 1643//3586 1640//3586
f 1640//3587 1643//3587 1644//3587
f 1640//3588 1644//3588 1637//3588
f 1637//3589 1644//3589 1645//3589
f 1637//3590 1645//3590 1646//3590
f 1637//3591 1646//3591 1642//3591
f 1642//3592 1646//3592 1647//3592
f 1643//3593 1647//3593 1635//3593
f 1635//3594 1647//3594 1636//3594
f 1636//3595 1647//3596 1646//3597
f 1636//3595 1646//3597 1638//3598
f 1638//3598 1646//3597 1645//3599
f 1638//3600 1645//3601 1644//3602
f 1638//3600 1644//3602 1639//3603
f 1639//3604 1644//3604 1641//3604
f 1641//3605 1644//3605 1643//3605
f 1641//3606 1643//3606 1635//3606
f 1654//3607 1648//3607 1649//3607
f 1654//3608 1649//3608 1650//3608
f 1650//3609 1649//3609 1651//3609
f 1650//3610 1651//3610 1652//3610
f 1652//3611 1651//3611 1653//3611
f 1652//3612 1653//3612 1654//3612
f 1654//3613 1653//3613 1655//3613
f 1654//3614 1655//3614 1648//3614
f 1652//3615 1661//3615 1656//3615
f 1652//3616 1656//3616 1650//3616
f 1650//3617 1656//3617 1657//3617
f 1650//3618 1657//3618 1658//3618
f 1650//3619 1658//3619 1654//3619
f 1654//3620 1658//3620 1659//3620
f 1654//3621 1659//3621 1660//3621
f 1654//3622 1660//3622 1652//3622
f 1652//3623 1660//3623 1661//3623
f 1651//3624 1661//3624 1660//3624
f 1651//3625 1660//3625 1653//3625
f 1653//3626 1660//3626 1655//3626
f 1655//3627 1660//3628 1659//3627
f 1655//3629 1659//3630 1648//3631
f 1648//3631 1659//3630 1658//3632
f 1648//3631 1658//3632 1649//3633
f 1649//3633 1658//3632 1657//3634
f 1649//3635 1657//3635 1656//3635
f 1649//3636 1656//3636 1651//3636
f 1651//3637 1656//3637 1661//3637
f 1664//3638 1666//3638 1663//3638
f 1662//3639 1666//3639 1664//3639
f 1665//3640 1669//3640 1666//3640
f 1665//3641 1666//3641 1662//3641
f 1667//3642 1669//3642 1665//3642
f 1668//3643 1669//3643 1667//3643
f 1670//3644 1669//3644 1668//3644
f 1670//3645 1672//3645 1669//3645
f 1671//3646 1672//3646 1670//3646
f 1664//3647 1663//3647 1671//3647
f 1671//3648 1663//3648 1672//3648
f 1673//3649 1672//3649 1679//3649
f 1679//3650 1672//3650 1663//3650
f 1673//3651 1674//3651 1672//3651
f 1674//3652 1669//3652 1672//3652
f 1669//3653 1674//3653 1675//3653
f 1669//3654 1675//3654 1676//3654
f 1677//3655 1669//3655 1676//3655
f 1669//3656 1677//3656 1678//3656
f 1669//3657 1678//3657 1666//3657
f 1679//3658 1666//3658 1678//3658
f 1679//3659 1663//3659 1666//3659
f 1671//3660 1670//3661 1674//3662
f 1671//3660 1673//3663 1664//3664
f 1664//3664 1673//3663 1679//3665
f 1674//3662 1673//3663 1671//3660
f 1668//3666 1667//3667 1676//3668
f 1677//3669 1665//3669 1678//3669
f 1678//3670 1665//3670 1662//3670
f 1678//3671 1662//3672 1679//3665
f 1679//3665 1662//3672 1664//3664
f 1676//3673 1667//3673 1665//3673
f 1676//3674 1665//3674 1677//3674
f 1668//3666 1676//3668 1675//3675
f 1668//3676 1675//3676 1670//3676
f 1670//3677 1675//3677 1674//3677
f 1681//3678 1685//3678 1682//3678
f 1683//3679 1685//3679 1681//3679
f 1685//3680 1683//3680 1684//3680
f 1685//3681 1684//3681 1680//3681
f 1685//3682 1680//3682 1688//3682
f 1686//3683 1688//3683 1680//3683
f 1686//3684 1687//3684 1688//3684
f 1681//3685 1682//3685 1687//3685
f 1687//3686 1682//3686 1688//3686
f 1690//3687 1682//3687 1689//3687
f 1682//3688 1690//3688 1688//3688
f 1691//3689 1688//3689 1690//3689
f 1688//3690 1691//3690 1692//3690
f 1692//3691 1685//3691 1688//3691
f 1685//3692 1692//3692 1693//3692
f 1694//3693 1685//3693 1693//3693
f 1682//3694 1685//3694 1689//3694
f 1689//3695 1685//3695 1694//3695
f 1684//3696 1693//3697 1680//3698
f 1690//3699 1689//3699 1681//3699
f 1686//3700 1691//3700 1690//3700
f 1686//3701 1690//3702 1687//3703
f 1693//3704 1684//3704 1694//3704
f 1687//3705 1690//3705 1681//3705
f 1684//3706 1683//3706 1694//3706
f 1694//3707 1683//3707 1681//3707
f 1694//3708 1681//3708 1689//3708
f 1693//3697 1692//3709 1680//3698
f 1680//3710 1692//3710 1686//3710
f 1686//3711 1692//3711 1691//3711
f 1697//3712 1696//3712 1699//3712
f 1699//3713 1696//3713 1695//3713
f 1696//3714 1697//3714 1698//3714
f 1696//3715 1698//3715 1695//3715
f 1695//3716 1698//3716 1699//3716
f 1699//3717 1698//3717 1697//3717
f 1703//3718 1701//3718 1700//3718
f 1703//3719 1700//3719 1702//3719
f 1702//3720 1700//3720 1701//3720
f 1702//3721 1701//3721 1703//3721
f 1705//3722 1704//3722 1706//3722
f 1705//3723 1706//3723 1707//3723
f 1707//3724 1706//3724 1708//3724
f 1707//3725 1708//3725 1709//3725
f 1709//3726 1708//3726 1710//3726
f 1709//3727 1710//3727 1704//3727
f 1709//3728 1704//3728 1705//3728
f 1705//3729 1711//3729 1709//3729
f 1709//3730 1711//3730 1712//3730
f 1709//3731 1712//3731 1713//3731
f 1709//3732 1713//3732 1714//3732
f 1709//3733 1714//3733 1707//3733
f 1707//3734 1714//3734 1715//3734
f 1707//3735 1715//3735 1705//3735
f 1705//3736 1715//3736 1711//3736
f 1708//3737 1714//3737 1713//3737
f 1708//3738 1713//3738 1710//3738
f 1710//3739 1713//3739 1712//3739
f 1710//3740 1712//3741 1704//3742
f 1704//3742 1712//3741 1711//3743
f 1704//3744 1711//3744 1715//3744
f 1704//3745 1715//3745 1706//3745
f 1706//3746 1715//3746 1708//3746
f 1708//3747 1715//3747 1714//3747
f 1717//3748 1716//3748 1718//3748
f 1717//3749 1718//3749 1719//3749
f 1719//3750 1718//3750 1720//3750
f 1719//3751 1720//3751 1721//3751
f 1719//3752 1721//3752 1722//3752
f 1722//3753 1721//3753 1723//3753
f 1722//3754 1723//3754 1724//3754
f 1722//3755 1724//3755 1716//3755
f 1722//3756 1716//3756 1717//3756
f 1719//3757 1730//3757 1725//3757
f 1719//3758 1725//3758 1717//3758
f 1717//3759 1725//3759 1726//3759
f 1717//3760 1726//3760 1727//3760
f 1717//3761 1727//3761 1722//3761
f 1722//3762 1727//3762 1728//3762
f 1722//3763 1728//3763 1729//3763
f 1722//3764 1729//3764 1730//3764
f 1722//3765 1730//3765 1719//3765
f 1720//3766 1730//3766 1721//3766
f 1721//3767 1730//3767 1729//3767
f 1721//3768 1729//3768 1728//3768
f 1721//3769 1728//3769 1723//3769
f 1723//3770 1728//3770 1724//3770
f 1724//3771 1728//3771 1727//3771
f 1724//3772 1727//3772 1716//3772
f 1716//3773 1727//3773 1726//3773
f 1716//3774 1726//3775 1718//3776
f 1718//3776 1726//3775 1725//3777
f 1718//3776 1725//3777 1730//3778
f 1718//3779 1730//3779 1720//3779
f 1732//3780 1731//3780 1736//3780
f 1731//3781 1732//3781 1733//3781
f 1731//3782 1733//3782 1734//3782
f 1734//3783 1733//3783 1735//3783
f 1734//3784 1735//3784 1736//3784
f 1736//3785 1735//3785 1737//3785
f 1736//3786 1737//3786 1732//3786
f 1732//3787 1738//3788 1739//3789
f 1732//3787 1739//3789 1733//3790
f 1733//3791 1739//3791 1740//3791
f 1733//3792 1740//3793 1741//3794
f 1733//3792 1741//3794 1735//3795
f 1735//3796 1741//3796 1742//3796
f 1735//3797 1742//3797 1737//3797
f 1737//3798 1742//3798 1743//3798
f 1737//3799 1743//3800 1732//3787
f 1732//3787 1743//3800 1738//3788
f 1736//3801 1738//3801 1743//3801
f 1736//3802 1743//3802 1742//3802
f 1736//3803 1742//3803 1741//3803
f 1736//3804 1741//3804 1734//3804
f 1734//3805 1741//3805 1740//3805
f 1734//3806 1740//3806 1731//3806
f 1731//3807 1740//3807 1739//3807
f 1731//3808 1739//3808 1738//3808
f 1731//3809 1738//3809 1736//3809
f 1744//3810 1752//3810 1745//3810
f 1744//3811 1745//3811 1746//3811
f 1744//3812 1746//3812 1747//3812
f 1747//3813 1746//3813 1748//3813
f 1747//3814 1748//3814 1749//3814
f 1747//3815 1749//3815 1750//3815
f 1750//3816 1749//3816 1751//3816
f 1750//3817 1751//3817 1752//3817
f 1750//3818 1752//3818 1744//3818
f 1747//3819 1753//3819 1744//3819
f 1744//3820 1753//3820 1754//3820
f 1744//3821 1754//3821 1755//3821
f 1744//3822 1755//3822 1750//3822
f 1750//3823 1755//3823 1756//3823
f 1750//3824 1756//3824 1757//3824
f 1750//3825 1757//3825 1758//3825
f 1750//3826 1758//3826 1747//3826
f 1747//3827 1758//3827 1753//3827
f 1746//3828 1753//3829 1748//3830
f 1748//3830 1753//3829 1758//3831
f 1748//3832 1758//3833 1749//3834
f 1749//3834 1758//3833 1757//3835
f 1749//3834 1757//3835 1751//3836
f 1751//3836 1757//3835 1756//3837
f 1751//3838 1756//3838 1755//3838
f 1751//3839 1755//3839 1752//3839
f 1752//3840 1755//3840 1745//3840
f 1745//3841 1755//3841 1754//3841
f 1745//3842 1754//3843 1753//3844
f 1745//3842 1753//3844 1746//3845
f 1760//3846 1764//3846 1761//3846
f 1762//3679 1764//3679 1760//3679
f 1764//3847 1762//3847 1763//3847
f 1764//3848 1763//3848 1759//3848
f 1764//3682 1759//3682 1767//3682
f 1765//3849 1767//3849 1759//3849
f 1765//3850 1766//3850 1767//3850
f 1760//3851 1761//3851 1766//3851
f 1766//3686 1761//3686 1767//3686
f 1769//3852 1761//3852 1768//3852
f 1761//3688 1769//3688 1767//3688
f 1770//3853 1767//3853 1769//3853
f 1767//3854 1770//3854 1771//3854
f 1771//3691 1764//3691 1767//3691
f 1764//3855 1771//3855 1772//3855
f 1773//3856 1764//3856 1772//3856
f 1761//3857 1764//3857 1768//3857
f 1768//3858 1764//3858 1773//3858
f 1763//3696 1772//3859 1759//3860
f 1769//3861 1768//3861 1760//3861
f 1765//3862 1770//3862 1769//3862
f 1765//3863 1769//3864 1766//3865
f 1772//3704 1763//3704 1773//3704
f 1766//3866 1769//3866 1760//3866
f 1763//3867 1762//3867 1773//3867
f 1773//3868 1762//3868 1760//3868
f 1773//3708 1760//3708 1768//3708
f 1772//3859 1771//3869 1759//3860
f 1759//3870 1771//3870 1765//3870
f 1765//3871 1771//3872 1770//3871
f 1775//3873 1777//3873 1776//3873
f 1775//3874 1776//3874 1774//3874
f 1774//3875 1776//3875 1777//3875
f 1774//3876 1777//3876 1775//3876
f 1780//3638 1782//3638 1779//3638
f 1778//3877 1782//3877 1780//3877
f 1781//3640 1785//3640 1782//3640
f 1781//3878 1782//3878 1778//3878
f 1783//3642 1785//3642 1781//3642
f 1784//3879 1785//3879 1783//3879
f 1786//3644 1785//3644 1784//3644
f 1786//3645 1788//3645 1785//3645
f 1787//3880 1788//3880 1786//3880
f 1780//3881 1779//3881 1787//3881
f 1787//3648 1779//3648 1788//3648
f 1789//3882 1788//3882 1795//3882
f 1795//3883 1788//3883 1779//3883
f 1789//3651 1790//3651 1788//3651
f 1790//3884 1785//3884 1788//3884
f 1785//3885 1790//3885 1791//3885
f 1785//3654 1791//3654 1792//3654
f 1793//3655 1785//3655 1792//3655
f 1785//3656 1793//3656 1794//3656
f 1785//3886 1794//3886 1782//3886
f 1795//3887 1782//3887 1794//3887
f 1795//3888 1779//3888 1782//3888
f 1787//3889 1786//3890 1790//3891
f 1787//3889 1789//3892 1780//3893
f 1780//3893 1789//3892 1795//3894
f 1790//3891 1789//3892 1787//3889
f 1784//3895 1783//3667 1792//3896
f 1793//3897 1781//3897 1794//3897
f 1794//3898 1781//3898 1778//3898
f 1794//3899 1778//3900 1795//3894
f 1795//3894 1778//3900 1780//3893
f 1792//3673 1783//3673 1781//3673
f 1792//3901 1781//3901 1793//3901
f 1784//3895 1792//3896 1791//3675
f 1784//3902 1791//3902 1786//3902
f 1786//3903 1791//3903 1790//3903
f 1798//3904 1796//3904 1797//3904
f 1798//3905 1797//3905 1799//3905
f 1799//3906 1797//3906 1796//3906
f 1799//3907 1796//3907 1798//3907
f 1802//3908 1800//3908 1801//3908
f 1802//3909 1801//3909 1803//3909
f 1803//3910 1801//3910 1800//3910
f 1803//3911 1800//3911 1802//3911
f 1809//3912 1808//3912 1901//3912
f 1807//3913 1810//3913 1811//3913
f 1811//3914 1810//3914 1808//3914
f 1807//3915 1812//3915 1810//3915
f 1813//3916 1814//3916 1807//3916
f 1807//3917 1814//3917 1812//3917
f 1813//3918 1818//3918 1814//3918
f 1815//3919 1816//3919 1817//3919
f 1816//3920 1818//3920 1813//3920
f 1815//3921 1888//3921 1816//3921
f 1815//3922 1886//3922 1888//3922
f 1809//3923 1885//3923 1815//3923
f 1885//3924 1886//3924 1815//3924
f 1809//3925 1901//3925 1885//3925
f 1831//3926 1820//3926 1819//3926
f 1816//3927 1813//3927 1817//3927
f 1817//3928 1813//3928 1819//3928
f 1817//3929 1819//3929 1820//3929
f 1808//3930 1809//3930 1811//3930
f 1811//3931 1809//3931 1821//3931
f 1811//3932 1821//3932 1823//3932
f 1811//3933 1823//3933 1822//3933
f 1822//3934 1823//3935 1824//3936
f 1824//3936 1823//3935 1825//3937
f 1824//3938 1825//3938 1826//3938
f 1824//3939 1826//3939 1827//3939
f 1826//3940 1828//3940 1827//3940
f 1827//3941 1828//3941 1829//3941
f 1829//3942 1828//3942 1830//3942
f 1829//3943 1830//3943 1831//3943
f 1831//3944 1830//3944 1820//3944
f 1835//3945 1822//3946 1834//3947
f 1835//3945 1811//3948 1822//3946
f 1831//3949 1819//3950 1833//3951
f 1832//3952 1813//3953 1835//3945
f 1835//3945 1813//3953 1807//3954
f 1831//3949 1833//3951 1836//3955
f 1836//3955 1827//3956 1829//3957
f 1813//3953 1832//3952 1819//3950
f 1819//3950 1832//3952 1833//3951
f 1837//3958 1824//3959 1827//3956
f 1837//3958 1827//3956 1836//3955
f 1835//3945 1807//3954 1811//3948
f 1831//3949 1836//3955 1829//3957
f 1822//3946 1824//3959 1834//3947
f 1834//3947 1824//3959 1837//3958
f 1809//3960 1838//3961 1821//2241
f 1820//3962 1840//3963 1817//3964
f 1817//3965 1842//3966 1815//3967
f 1815//3967 1842//3966 1809//3960
f 1823//3968 1843//3969 1825//3970
f 1826//3971 1844//3972 1828//3973
f 1830//3974 1839//3974 1845//3974
f 1820//3962 1830//3975 1846//3976
f 1817//3977 1847//3977 1842//3977
f 1828//3973 1844//3972 1830//3978
f 1820//3962 1846//3976 1840//3963
f 1809//3960 1842//3966 1838//3961
f 1823//3979 1848//3979 1843//3979
f 1817//3980 1840//3980 1847//3980
f 1825//3970 1843//3969 1841//3981
f 1830//3982 1844//3982 1839//3982
f 1830//3983 1845//3983 1846//3983
f 1821//3984 1838//3984 1848//3984
f 1821//3985 1848//3985 1823//3985
f 1826//3971 1849//3986 1844//3972
f 1840//3987 1846//3987 1850//3987
f 1838//3988 1842//3988 1851//3988
f 1825//3970 1841//3981 1826//3971
f 1826//3971 1841//3981 1849//3986
f 1841//3981 1843//3969 1852//3989
f 1846//3990 1845//3990 1858//3990
f 1858//3991 1850//3991 1846//3991
f 1849//3992 1853//3992 1844//3992
f 1844//3993 1853//3993 1856//3993
f 1839//3994 1844//3994 1856//3994
f 1843//3995 1848//3995 1863//3995
f 1852//3996 1843//3996 1860//3996
f 1863//3997 1860//3997 1843//3997
f 1842//3998 1847//3998 1862//3998
f 1862//3999 1851//3999 1842//3999
f 1845//4000 1857//4000 1858//4000
f 1857//4001 1839//4001 1856//4001
f 1839//4002 1857//4002 1845//4002
f 1847//4003 1859//4003 1862//4003
f 1859//4004 1850//4004 1858//4004
f 1850//4005 1859//4005 1840//4005
f 1840//4006 1859//4006 1847//4006
f 1849//4007 1855//4007 1853//4007
f 1841//4008 1855//4008 1849//4008
f 1852//4009 1860//4009 1841//4009
f 1841//4010 1860//4010 1854//4010
f 1841//4011 1854//4011 1855//4011
f 1848//4012 1861//4012 1863//4012
f 1851//4013 1862//4014 1838//4015
f 1838//4015 1862//4014 1861//4016
f 1838//4017 1861//4017 1848//4017
f 1864//4018 1887//4018 1810//4018
f 1887//4019 1885//4019 1901//4019
f 1810//4020 1887//4020 1808//4020
f 1887//4021 1901//4021 1808//4021
f 1816//4022 1884//4022 1818//4022
f 1892//4023 1893//4023 1876//4023
f 1890//4024 1891//4025 1888//4026
f 1890//4027 1804//4027 1930//4027
f 1886//4028 1890//4028 1888//4028
f 1930//4029 1915//4029 1890//4029
f 1891//4025 1816//4030 1888//4026
f 1816//4030 1891//4025 1878//4031
f 1878//4032 1891//4032 1879//4032
f 1884//4033 1917//4034 1818//4035
f 1818//4035 1917//4034 1877//4036
f 1873//4037 1812//4037 1874//4037
f 1873//4038 1894//4038 1812//4038
f 1812//4039 1894//4039 1810//4039
f 1810//4040 1894//4040 1896//4040
f 1810//4041 1896//4041 1865//4041
f 1899//4042 1866//4042 1895//4042
f 1895//4043 1866//4043 1865//4043
f 1895//4044 1865//4044 1896//4044
f 1882//4045 1883//4045 1864//4045
f 1864//4046 1883//4046 1887//4046
f 1887//4047 1883//4047 1889//4047
f 1887//4048 1898//4048 1885//4048
f 1898//4049 1887//4049 1889//4049
f 1885//4050 1898//4050 1806//4050
f 1806//4051 1898//4051 1911//4051
f 1806//4052 1911//4052 1916//4052
f 1806//4053 1916//4053 1930//4053
f 1885//4054 1805//4054 1886//4054
f 1805//4055 1804//4055 1886//4055
f 1804//4056 1890//4056 1886//4056
f 1915//4057 1871//4057 1919//4057
f 1912//4058 1919//4058 1870//4058
f 1912//4059 1870//4059 1913//4059
f 1914//4060 1903//4061 1876//4062
f 1914//4060 1876//4062 1881//4063
f 1903//4064 1914//4064 1870//4064
f 1870//4065 1914//4065 1913//4065
f 1878//4066 1880//4066 1881//4066
f 1878//4067 1881//4068 1876//4069
f 1880//4070 1878//4070 1879//4070
f 1912//4071 1915//4071 1919//4071
f 1818//4072 1900//4072 1814//4072
f 1814//4073 1900//4073 1902//4073
f 1892//4074 1900//4075 1818//4076
f 1818//4077 1877//4077 1892//4077
f 1877//4078 1876//4078 1893//4078
f 1877//4079 1893//4079 1892//4079
f 1872//4080 1902//4080 1903//4080
f 1902//4081 1872//4081 1875//4081
f 1872//4082 1904//4083 1918//4083
f 1918//4083 1904//4083 1905//4084
f 1918//4085 1905//4085 1873//4085
f 1873//4086 1905//4086 1894//4086
f 1866//4087 1899//4087 1906//4087
f 1866//4088 1906//4088 1903//4088
f 1903//4089 1906//4089 1872//4089
f 1872//4090 1906//4090 1904//4090
f 1810//4091 1865//4091 1864//4091
f 1866//4092 1897//4093 1867//4094
f 1867//4094 1897//4093 1882//4095
f 1882//4096 1864//4096 1867//4096
f 1870//4097 1909//4097 1910//4097
f 1870//4098 1910//4098 1903//4098
f 1903//4099 1910//4099 1866//4099
f 1866//4100 1910//4100 1897//4100
f 1871//4101 1915//4101 1916//4101
f 1871//4102 1916//4102 1868//4102
f 1915//4103 1930//4103 1916//4103
f 1868//4104 1916//4104 1908//4104
f 1868//4105 1908//4105 1869//4105
f 1869//4106 1908//4107 1907//4108
f 1869//4106 1907//4108 1870//4109
f 1870//4110 1907//4110 1909//4110
f 1902//4111 1875//4111 1814//4111
f 1814//4112 1875//4112 1874//4112
f 1814//4113 1874//4113 1812//4113
f 1878//4114 1917//4114 1884//4114
f 1878//4115 1884//4115 1816//4115
f 1876//4069 1877//4116 1878//4067
f 1880//4117 1879//4117 1890//4117
f 1891//4025 1890//4024 1879//4024
f 1915//4118 1912//4118 1890//4118
f 1890//4119 1912//4119 1880//4119
f 1880//4120 1912//4120 1881//4120
f 1881//4121 1912//4121 1913//4121
f 1913//4122 1914//4060 1881//4063
f 1892//4074 1902//4123 1900//4075
f 1902//4124 1876//4124 1903//4124
f 1892//4125 1876//4125 1902//4125
f 1904//4083 1899//4126 1905//4084
f 1905//4127 1899//4127 1895//4127
f 1904//4128 1906//4128 1899//4128
f 1895//4129 1894//4129 1905//4129
f 1895//4130 1896//4130 1894//4130
f 1909//4131 1897//4132 1910//4133
f 1897//4132 1909//4131 1882//4134
f 1882//4135 1909//4135 1907//4135
f 1882//4136 1907//4137 1898//4138
f 1898//4139 1907//4139 1908//4139
f 1916//4140 1911//4140 1908//4140
f 1908//4141 1911//4141 1898//4141
f 1889//4142 1883//4142 1882//4142
f 1882//4136 1898//4138 1889//4143
f 1922//4144 1867//4144 1864//4144
f 1922//4145 1864//4145 1920//4145
f 1920//4146 1864//4146 1865//4146
f 1920//4147 1865//4147 1866//4147
f 1920//4148 1866//4148 1924//4148
f 1924//4149 1866//4149 1921//4149
f 1921//4150 1866//4150 1867//4150
f 1921//4151 1867//4151 1922//4151
f 1924//4152 1923//4152 1920//4152
f 1920//4153 1923//4153 1922//4153
f 1923//4154 1924//4154 1921//4154
f 1921//4155 1922//4155 1923//4155
f 1918//4156 1873//4157 1874//4158
f 1874//4159 1875//4159 1872//4159
f 1874//4158 1872//4160 1918//4156
f 1925//4161 1878//4161 1927//4161
f 1927//4162 1878//4162 1877//4162
f 1927//4163 1877//4163 1929//4163
f 1929//4164 1877//4164 1917//4164
f 1929//4165 1917//4165 1878//4165
f 1929//4166 1878//4166 1926//4166
f 1926//4167 1878//4167 1925//4167
f 1929//4168 1928//4168 1927//4168
f 1927//4169 1928//4169 1925//4169
f 1929//4170 1925//4170 1928//4170
f 1929//4171 1926//4171 1925//4171
f 1868//4172 1869//4172 1870//4172
f 1919//4173 1871//4173 1868//4173
f 1868//4174 1870//4174 1919//4174
f 1805//4175 1885//4175 1806//4175
f 1806//4176 1804//4177 1805//4178
f 1804//4177 1806//4176 1930//4179
f 1931//3946 1934//4180 1933//4181
f 1931//3946 1935//2243 1934//4180
f 1931//3946 1936//2243 1935//2243
f 1932//3946 1936//2243 1931//3946
f 1835//4182 1934//4182 1935//4182
f 1835//4183 1935//4183 1936//4183
f 1835//4184 1936//4184 1832//4184
f 1837//4185 1933//4185 1834//4185
f 1834//4186 1933//4186 1934//4186
f 1834//4187 1934//4187 1835//4187
f 1836//4188 1931//4188 1933//4188
f 1836//4189 1933//4189 1837//4189
f 1832//4190 1936//4190 1833//4190
f 1833//4191 1936//4191 1932//4191
f 1833//4192 1932//4192 1931//4192
f 1833//4193 1931//4193 1836//4193
f 1937//4194 1853//4194 1855//4194
f 1937//4195 1854//4195 1938//4195
f 1938//4196 1854//4196 1860//4196
f 1938//4197 1860//4197 1863//4197
f 1938//4198 1863//4198 1939//4198
f 1939//4199 1863//4199 1861//4199
f 1939//4200 1861//4200 1940//4200
f 1940//4201 1861//4201 1862//4201
f 1940//4202 1862//4202 1859//4202
f 1940//4203 1859//4203 1941//4203
f 1941//4204 1859//4204 1858//4204
f 1941//4205 1858//4205 1942//4205
f 1942//4206 1858//4206 1857//4206
f 1942//4207 1857//4207 1856//4207
f 1942//4208 1856//4208 1937//4208
f 1937//4209 1856//4209 1853//4209
f 1937//4210 1855//4210 1854//4210
f 1940//2241 1941//2241 1942//2241
f 1942//2241 1939//2241 1940//2241
f 1938//2241 1939//2241 1942//2241
f 1942//2241 1937//4211 1938//2241
f 1947//4212 2020//4212 1946//4212
f 1946//4213 2020//4213 1954//4213
f 1947//4214 1946//4214 1948//4214
f 1945//4215 2036//4215 1948//4215
f 1949//4216 2036//4216 1945//4216
f 1949//4217 1950//4217 2036//4217
f 1949//4218 1953//4218 1950//4218
f 1951//4219 1952//4219 1953//4219
f 1954//4220 2019//4220 1952//4220
f 1954//4221 1952//4221 1951//4221
f 1956//4222 1957//4222 1959//4222
f 1959//4223 1957//4223 1960//4223
f 1959//4224 1960//4224 1958//4224
f 1958//4225 1960//4225 1961//4225
f 1958//4226 1961//4226 1963//4226
f 1958//4227 1963//4227 1964//4227
f 1964//4228 1963//4228 1965//4228
f 1964//4229 1965//4229 1966//4229
f 1966//4230 1965//4230 1962//4230
f 1953//4231 1949//4231 1951//4231
f 1951//4232 1949//4232 1967//4232
f 1967//4233 1949//4233 1968//4233
f 1967//4234 1968//4234 1962//4234
f 1962//4235 1968//4235 1966//4235
f 1948//4236 1946//4236 1945//4236
f 1945//4237 1946//4238 1969//4239
f 1969//4239 1946//4238 1970//4240
f 1969//4241 1970//4241 1955//4241
f 1957//4242 1956//4242 1969//4242
f 1957//4243 1969//4243 1955//4243
f 1973//2243 1968//2243 1971//2243
f 1971//2243 1968//2243 1949//2243
f 1972//2243 1958//2243 1964//2243
f 1973//2243 1966//2243 1968//2243
f 1972//2243 1964//2243 1973//2243
f 1974//2243 1958//2243 1972//2243
f 1973//2243 1964//2243 1966//2243
f 1975//2243 1969//2243 1974//2243
f 1974//2243 1969//2243 1956//2243
f 1971//2243 1949//2243 1976//4244
f 1974//2243 1956//2243 1959//2243
f 1974//2243 1959//2243 1958//2243
f 1976//4244 1969//2243 1975//2243
f 1949//2243 1945//4245 1976//4244
f 1976//4244 1945//4245 1969//2243
f 1977//4246 1957//4246 1978//4246
f 1977//4247 1960//4247 1957//4247
f 1955//4248 1986//4248 1957//4248
f 1979//2241 1965//2241 1963//2241
f 1970//4249 1980//4249 1981//4249
f 1970//4250 1986//4248 1955//4248
f 1980//2241 1970//2241 1946//2241
f 1980//4251 1946//4251 1982//4251
f 1960//4252 1989//4253 1961//4253
f 1954//4254 1990//4254 1946//4254
f 1961//4253 1989//4253 1963//4247
f 1965//4255 1992//4255 1962//4255
f 1951//4256 1990//4256 1954//4256
f 1970//4257 1981//4257 1986//4257
f 1963//4258 1989//4258 1983//4258
f 1967//4259 1984//4259 1985//4259
f 1957//4260 1986//4260 1978//4260
f 1962//4255 1992//4255 1967//4261
f 1960//4262 1988//4262 1989//4262
f 1963//4263 1983//4263 1979//4263
f 1951//4264 1987//4264 1990//4264
f 1967//2241 1985//2241 1951//2241
f 1951//4265 1985//4265 1987//4265
f 1988//4266 1960//4266 1977//4266
f 1965//4267 1991//4267 1992//4267
f 1965//4268 1979//4268 1991//4268
f 1946//4269 1990//4269 1982//4269
f 1967//4270 1992//4270 1984//4270
f 1993//4271 1992//4271 1991//4271
f 1984//4272 1992//4272 1993//4272
f 1995//4273 1989//4273 1988//4273
f 1995//4274 1983//4274 1989//4274
f 1994//4275 1986//4275 1981//4275
f 1978//4276 1986//4276 1994//4276
f 1996//4277 1990//4277 1987//4277
f 1982//4278 1990//4278 1996//4278
f 1998//4279 2021//4279 1948//4279
f 1950//4280 1953//4280 2035//4280
f 1948//4281 2021//4281 1947//4281
f 1952//4282 2019//4282 2018//4282
f 1947//4283 2021//4283 2020//4283
f 2018//4284 2035//4284 1952//4284
f 1952//4285 2035//4285 1953//4285
f 2028//4286 2029//4286 2040//4286
f 2040//4287 2029//4287 2033//4287
f 2017//4288 2023//4288 2030//4288
f 2024//4289 1943//4289 2069//4289
f 2019//4290 2024//4290 2018//4290
f 2069//4291 2055//4291 2024//4292
f 2018//4293 2024//4294 2025//4295
f 2018//4293 2025//4295 2012//4296
f 2012//4297 2025//4297 2014//4297
f 2006//4298 2036//4298 2007//4298
f 2036//4299 2006//4299 2005//4299
f 2036//4300 2033//4300 1948//4300
f 1948//4301 2033//4301 2029//4301
f 1999//4302 1998//4302 1948//4302
f 2029//4303 1999//4303 1948//4303
f 1999//4304 2029//4304 2056//4304
f 2056//4305 2029//4305 2028//4305
f 1998//4306 2030//4307 2021//4308
f 2021//4309 2030//4309 2023//4309
f 2020//4310 2022//4311 1954//4312
f 2022//4311 2020//4310 2021//4313
f 2022//4314 2021//4314 2023//4314
f 1944//4315 2022//4315 2070//4315
f 2070//4316 2022//4316 2047//4316
f 2070//4317 2047//4317 2054//4317
f 2022//4318 1944//4318 1954//4318
f 1954//4319 1944//4319 2019//4319
f 1944//4320 1943//4320 2019//4320
f 1943//4321 2024//4321 2019//4321
f 2003//4322 2002//4322 2051//4322
f 2055//4323 2000//4323 2003//4323
f 2051//4324 2002//4324 2050//4324
f 2049//4325 2009//4325 2016//4325
f 2002//4326 2049//4326 2050//4326
f 2013//4327 2015//4327 2016//4327
f 2013//4328 2016//4328 2009//4328
f 2015//4329 2013//4329 2012//4329
f 2015//4330 2012//4330 2014//4330
f 2051//4331 2055//4331 2003//4331
f 2055//4332 2051//4333 2052//4334
f 2031//4335 1950//4335 2035//4335
f 1950//4336 2034//4336 2037//4336
f 1950//4337 2031//4337 2034//4337
f 2035//4338 2011//4338 2031//4338
f 2031//4339 2011//4339 2010//4339
f 2009//4340 2027//4340 2026//4340
f 2009//4341 2026//4341 2010//4341
f 2010//4342 2026//4342 2031//4342
f 2049//4343 2039//4343 2009//4343
f 2009//4344 2039//4344 2027//4344
f 2004//4345 2038//4346 2039//4347
f 2004//4348 2039//4348 2049//4348
f 1950//4349 2037//4349 2007//4349
f 2007//4350 2037//4350 2008//4350
f 2008//4351 2037//4351 2038//4351
f 2008//4352 2038//4352 2004//4352
f 2036//4353 2005//4353 2033//4353
f 2004//4354 2042//4355 2041//4356
f 2004//4357 2041//4357 2005//4357
f 2005//4358 2041//4358 2033//4358
f 2056//4359 2028//4359 2043//4359
f 2056//4360 2043//4360 2049//4360
f 2049//4361 2043//4361 2004//4361
f 2004//4362 2043//4362 2042//4362
f 2056//4363 2032//4363 1997//4363
f 1997//4364 2030//4307 1998//4306
f 2030//4365 1997//4365 2017//4365
f 2017//4366 1997//4366 2032//4366
f 2002//4367 2046//4368 2048//4369
f 2002//4370 2048//4370 2049//4370
f 2049//4371 2048//4371 2056//4371
f 2056//4372 2048//4372 2032//4372
f 2000//4373 2055//4374 2054//4375
f 2055//4291 2069//4291 2070//4376
f 2055//4377 2070//4377 2054//4377
f 2000//4373 2054//4375 2001//4378
f 2001//4379 2054//4379 2044//4379
f 2001//4380 2044//4380 2045//4380
f 2001//4381 2045//4381 2046//4381
f 2001//4382 2046//4368 2002//4367
f 1950//4383 2007//4383 2036//4383
f 2035//4384 2012//4385 2011//4386
f 2012//4385 2035//4384 2018//4387
f 2025//4388 2053//4388 2014//4388
f 2025//4389 2024//4389 2053//4389
f 2015//4390 2014//4390 2053//4390
f 2015//4391 2053//4391 2024//4391
f 2024//4392 2055//4332 2052//4334
f 2024//4393 2052//4393 2015//4393
f 2015//4394 2052//4395 2051//4396
f 2015//4394 2051//4396 2016//4397
f 2016//4398 2051//4398 2050//4398
f 2050//4399 2049//4399 2016//4399
f 2026//4400 2034//4400 2031//4400
f 2026//4401 2037//4401 2034//4401
f 2037//4402 2027//4403 2038//4346
f 2038//4346 2027//4403 2039//4347
f 2037//4402 2026//4404 2027//4403
f 2042//4355 2028//4405 2041//4356
f 2042//4406 2043//4406 2028//4406
f 2028//4407 2033//4407 2041//4407
f 2028//4408 2040//4408 2033//4408
f 2045//4409 2032//4409 2046//4409
f 2046//4368 2032//4410 2048//4369
f 2032//4411 2045//4411 2017//4411
f 2017//4412 2045//4412 2022//4412
f 2022//4413 2045//4413 2044//4413
f 2054//4414 2047//4414 2044//4414
f 2044//4415 2047//4415 2022//4415
f 2023//4416 2017//4416 2022//4416
f 2057//4417 1999//4417 2060//4417
f 2060//4418 1999//4418 2056//4418
f 2060//4419 2056//4419 2058//4419
f 2058//4420 2056//4420 1997//4420
f 2058//4421 1997//4421 2059//4421
f 2059//4422 1997//4422 2057//4422
f 2057//4423 1997//4423 1998//4423
f 2057//4424 1998//4424 1999//4424
f 2059//4425 2062//4425 2058//4425
f 2057//4426 2062//4426 2059//4426
f 2057//4427 2061//4427 2062//4427
f 2060//4428 2061//4428 2057//4428
f 2061//4429 2060//4429 2058//4429
f 2058//4430 2062//4430 2061//4430
f 2004//4431 2007//4432 2008//4433
f 2063//4434 2004//4434 2005//4434
f 2063//4435 2005//4435 2006//4435
f 2063//4436 2006//4436 2007//4436
f 2007//4432 2004//4431 2063//4437
f 2009//4438 2010//4438 2066//4438
f 2066//4439 2010//4439 2011//4439
f 2011//4440 2012//4440 2013//4440
f 2011//4441 2013//4441 2065//4441
f 2065//4442 2013//4442 2009//4442
f 2011//4443 2067//4443 2066//4443
f 2011//4444 2065//4444 2067//4444
f 2065//4445 2064//4445 2066//4445
f 2009//4446 2064//4446 2065//4446
f 2066//4447 2064//4447 2009//4447
f 2067//4448 2065//4448 2066//4448
f 2068//4449 2002//4449 2003//4449
f 2000//4450 2001//4450 2068//4450
f 2068//4451 2001//4451 2002//4451
f 2068//4323 2003//4323 2000//4323
f 2070//4452 1943//4452 1944//4452
f 1943//4453 2070//4453 2069//4453
f 2072//2241 2073//4454 2071//3967
f 2072//2241 2074//4455 2073//4454
f 2072//2241 2076//3967 2075//3961
f 2072//2241 2071//3967 2076//3967
f 1984//4456 1993//4456 2075//4456
f 1996//4457 1987//4457 2076//4457
f 2076//4458 1982//4458 1996//4458
f 2071//4459 1994//4459 1981//4459
f 1978//4460 1994//4460 2073//4460
f 2073//4461 1994//4461 2071//4461
f 1983//4462 1995//4462 2074//4462
f 2074//4463 1995//4463 1988//4463
f 1993//4464 1991//4464 2075//4464
f 2075//4465 1991//4465 2072//4465
f 2074//4466 1988//4466 1977//4466
f 2074//4467 1977//4467 2073//4467
f 2073//4468 1977//4468 1978//4468
f 2072//4469 1991//4469 1979//4469
f 2072//4470 1979//4470 1983//4470
f 2072//4471 1983//4471 2074//4471
f 2076//4472 1987//4472 1985//4472
f 2076//4473 1985//4473 2075//4473
f 2075//4474 1985//4474 1984//4474
f 2071//4475 1981//4475 1980//4475
f 2071//4476 1980//4476 1982//4476
f 2071//4477 1982//4477 2076//4477
f 1975//4478 2077//4478 2078//4478
f 1975//4479 2078//4479 1976//4479
f 1976//4480 2078//4480 1971//4480
f 1971//4481 2078//4481 2079//4481
f 1971//4482 2079//4482 1973//4482
f 1973//4483 2079//4483 2080//4483
f 1973//4484 2080//4484 1972//4484
f 1972//4485 2080//4485 2081//4485
f 1972//4486 2081//4486 1974//4486
f 1974//4487 2081//4487 2077//4487
f 1974//4488 2077//4488 1975//4488
f 2079//2243 2078//2243 2077//2243
f 2081//2243 2080//2243 2079//2243
f 2077//2243 2081//2243 2079//2243
f 2082//4489 2083//4489 2086//4489
f 2086//4490 2084//4490 2082//4490
f 2086//4491 2083//4491 2085//4491
f 2084//4492 2086//4492 2085//4492
f 2106//4493 2094//4493 2091//4493
f 2091//4494 2094//4494 2116//4494
f 2115//4495 2093//4495 2096//4495
f 2094//4496 2095//4496 2116//4496
f 2115//4497 2096//4497 2097//4497
f 2097//4498 2114//4498 2115//4498
f 2115//4499 2114//4499 2117//4499
f 2117//4500 2114//4500 2118//4500
f 2104//4501 2105//4501 2107//4501
f 2106//4502 2090//4502 2109//4502
f 2143//4503 2140//4503 2141//4503
f 2093//4504 2100//4504 2096//4504
f 2084//4505 2150//4506 2100//4507
f 2096//4508 2100//4509 2101//4510
f 2097//4511 2096//4508 2101//4510
f 2097//4512 2101//4513 2145//4514
f 2145//4514 2101//4513 2087//4515
f 2145//4516 2118//4516 2114//4516
f 2140//4517 2112//4517 2118//4517
f 2140//4518 2118//4518 2141//4518
f 2112//4519 2140//4519 2113//4519
f 2091//4520 2107//4520 2105//4520
f 2140//4521 2110//4522 2113//4523
f 2113//4524 2107//4524 2091//4524
f 2113//4523 2110//4522 2107//4525
f 2131//4526 2130//4526 2091//4526
f 2105//4527 2131//4527 2091//4527
f 2131//4528 2105//4528 2132//4528
f 2132//4529 2105//4529 2104//4529
f 2094//4530 2106//4530 2099//4530
f 2095//4531 2098//4531 2092//4531
f 2098//4532 2095//4532 2094//4532
f 2098//4533 2094//4533 2099//4533
f 2083//4534 2098//4534 2125//4534
f 2083//4535 2125//4535 2085//4535
f 2098//4536 2083//4536 2092//4536
f 2092//4537 2083//4537 2082//4537
f 2092//4538 2082//4538 2084//4538
f 2092//4539 2084//4539 2093//4539
f 2084//4540 2100//4540 2093//4540
f 2150//4541 2084//4542 2085//4543
f 2138//4544 2137//4544 2148//4544
f 2148//4545 2137//4545 2136//4545
f 2148//4546 2136//4546 2149//4546
f 2147//4547 2121//4547 2146//4547
f 2147//4548 2146//4548 2088//4548
f 2121//4549 2147//4549 2136//4549
f 2136//4550 2147//4550 2149//4550
f 2146//4551 2087//4551 2089//4551
f 2146//4552 2089//4552 2088//4552
f 2087//4553 2146//4553 2145//4553
f 2148//4554 2151//4555 2138//4556
f 2118//4557 2111//4557 2141//4557
f 2108//4558 2118//4558 2145//4558
f 2141//4559 2111//4560 2119//4561
f 2108//4562 2111//4563 2118//4564
f 2103//4565 2144//4565 2146//4565
f 2108//4566 2145//4566 2144//4566
f 2144//4567 2103//4567 2102//4567
f 2144//4568 2102//4568 2108//4568
f 2146//4569 2121//4569 2103//4569
f 2139//4570 2120//4570 2121//4570
f 2119//4571 2142//4571 2141//4571
f 2142//4572 2119//4573 2139//4574
f 2139//4575 2119//4575 2120//4575
f 2139//4576 2122//4576 2123//4576
f 2139//4577 2123//4577 2140//4577
f 2140//4578 2123//4578 2110//4578
f 2132//4579 2104//4579 2124//4579
f 2132//4580 2124//4580 2121//4580
f 2121//4581 2124//4581 2139//4581
f 2139//4582 2124//4582 2122//4582
f 2091//4583 2130//4583 2106//4583
f 2106//4584 2130//4584 2133//4584
f 2132//4585 2109//4585 2090//4585
f 2132//4586 2090//4586 2133//4586
f 2133//4587 2090//4587 2106//4587
f 2136//4588 2128//4588 2129//4588
f 2136//4589 2129//4589 2121//4589
f 2121//4590 2129//4590 2132//4590
f 2132//4591 2129//4591 2109//4591
f 2138//4556 2151//4555 2134//4592
f 2134//4593 2151//4593 2150//4593
f 2134//4594 2150//4541 2085//4543
f 2134//4595 2085//4595 2125//4595
f 2134//4596 2125//4596 2126//4596
f 2134//4597 2126//4598 2135//4599
f 2135//4600 2126//4600 2127//4600
f 2128//4601 2136//4601 2135//4601
f 2135//4602 2127//4602 2128//4602
f 2145//4603 2114//4603 2097//4603
f 2089//4604 2147//4604 2088//4604
f 2156//4605 2155//4605 2152//4605
f 2156//4606 2152//4606 2154//4606
f 2153//4607 2154//4607 2152//4607
f 2154//4608 2153//4608 2156//4608
f 2155//4609 2156//4609 2153//4609
f 2153//4610 2152//4610 2144//4610
f 2152//4611 2146//4611 2144//4611
f 2144//4612 2145//4612 2153//4612
f 2153//4613 2145//4613 2155//4613
f 2155//4614 2145//4614 2146//4614
f 2155//4615 2146//4615 2152//4615
f 2143//4616 2142//4616 2157//4616
f 2143//4617 2141//4617 2142//4617
f 2142//4572 2139//4574 2140//4618
f 2142//4619 2140//4619 2157//4619
f 2157//4620 2140//4620 2143//4620
f 2160//4621 2159//4621 2158//4621
f 2158//4622 2159//4622 2161//4622
f 2162//4623 2160//4623 2161//4623
f 2160//4624 2158//4624 2161//4624
f 2160//4625 2131//4625 2159//4625
f 2159//4626 2131//4626 2132//4626
f 2159//4627 2132//4627 2133//4627
f 2159//4628 2133//4628 2161//4628
f 2161//4629 2133//4629 2162//4629
f 2162//4630 2133//4630 2130//4630
f 2162//4631 2130//4631 2160//4631
f 2160//4632 2130//4632 2131//4632
f 2163//4633 2164//4634 2165//4635
f 2166//4636 2167//4637 2168//4638
f 2166//4636 2173//2243 2167//4637
f 2171//2243 2170//3959 2177//2243
f 2177//4639 2170//4640 2178//4641
f 2168//4642 2174//4643 2169//4644
f 2166//4645 2172//4645 2173//4645
f 2163//4633 2165//4635 2173//2243
f 2163//4646 2173//4646 2172//4646
f 2165//4635 2164//4634 2176//4647
f 2177//4639 2178//4641 2179//4648
f 2167//4637 2174//4649 2168//4638
f 2169//4245 2179//4648 2175//4650
f 2175//4650 2179//4648 2178//4641
f 2169//4644 2175//4651 2168//4642
f 2170//3959 2171//2243 2176//4652
f 2170//3959 2176//4652 2164//4653
f 2184//2241 2196//2241 2193//2241
f 2185//4654 2182//4654 2186//4654
f 2182//4655 2183//4655 2187//4655
f 2188//4656 2189//4656 2219//4656
f 2192//4657 2191//4657 2193//4658
f 2194//4659 2197//4660 2189//4661
f 2185//4662 2186//4662 2220//4662
f 2195//4663 2181//4663 2180//4663
f 2181//4664 2191//4657 2192//4657
f 2196//4665 2197//4660 2194//4659
f 2190//4666 2198//4666 2092//4666
f 2092//4667 2198//4667 2186//4667
f 2199//4668 2196//4668 2184//4668
f 2182//4669 2185//4669 2221//4669
f 2182//4670 2221//4670 2183//4670
f 2183//4671 2200//4671 2187//4671
f 2193//4672 2191//4672 2201//4672
f 2189//4673 2197//4673 2219//4673
f 2191//4674 2181//4674 2195//4674
f 2193//4675 2201//4675 2184//4675
f 2198//4676 2190//4676 2202//4676
f 2202//4677 2190//4677 2188//4677
f 2188//4678 2190//4678 2189//4678
f 2186//4679 2198//4679 2220//4679
f 2197//4680 2196//4680 2199//4680
f 2180//4247 2181//4247 2187//4247
f 2180//4681 2187//4681 2200//4681
f 2116//4682 2095//4682 2186//4682
f 2186//4683 2095//4683 2092//4683
f 2116//4684 2186//4684 2091//4684
f 2179//4685 2113//4685 2091//4685
f 2112//4686 2113//4686 2169//4686
f 2169//4687 2113//4687 2179//4687
f 2118//4688 2112//4688 2169//4688
f 2117//4689 2118//4689 2169//4689
f 2190//4690 2115//4690 2117//4690
f 2093//4691 2115//4691 2190//4691
f 2092//4692 2093//4692 2190//4692
f 2171//4693 2187//4693 2176//4693
f 2176//4694 2187//4694 2181//4694
f 2176//4695 2181//4695 2165//4695
f 2165//4696 2181//4696 2192//4696
f 2165//4697 2192//4697 2193//4697
f 2165//4698 2193//4698 2173//4698
f 2173//4699 2193//4699 2196//4699
f 2173//4700 2196//4700 2167//4700
f 2167//4701 2196//4701 2194//4701
f 2167//4702 2194//4702 2189//4702
f 2117//4703 2169//4703 2190//4703
f 2190//4704 2169//4704 2174//4704
f 2190//4705 2174//4705 2189//4705
f 2189//4706 2174//4706 2167//4706
f 2091//4707 2186//4707 2179//4707
f 2179//4708 2186//4708 2177//4708
f 2177//4709 2186//4709 2182//4709
f 2177//4710 2182//4710 2171//4710
f 2187//4711 2171//4711 2182//4711
f 2203//2243 2205//2243 2204//4712
f 2203//2243 2206//2243 2205//2243
f 2203//2243 2207//2243 2206//2243
f 2172//4713 2207//4713 2163//4713
f 2163//4714 2207//4714 2164//4714
f 2164//4715 2207//4715 2203//4715
f 2172//4716 2166//4717 2207//4718
f 2207//4718 2166//4717 2206//4719
f 2206//4720 2166//4720 2168//4720
f 2206//4721 2168//4721 2205//4721
f 2178//4722 2204//4722 2175//4722
f 2175//4723 2204//4723 2205//4723
f 2175//4724 2205//4724 2168//4724
f 2164//4725 2203//4725 2170//4725
f 2170//4726 2203//4726 2204//4726
f 2170//4727 2204//4727 2178//4727
f 2089//4728 2087//4728 2100//4728
f 2101//4729 2100//4729 2087//4729
f 2100//4507 2150//4506 2151//4730
f 2100//4731 2151//4731 2089//4731
f 2089//4732 2151//4732 2148//4732
f 2149//4733 2147//4734 2148//4735
f 2148//4735 2147//4734 2089//4736
f 2102//4737 2111//4563 2108//4562
f 2119//4738 2103//4739 2120//4740
f 2120//4740 2103//4739 2121//4741
f 2119//4561 2102//4742 2103//4743
f 2111//4560 2102//4742 2119//4561
f 2122//4405 2104//4405 2123//4405
f 2122//4406 2124//4406 2104//4406
f 2104//4407 2110//4407 2123//4407
f 2104//4744 2107//4744 2110//4744
f 2128//4745 2109//4745 2129//4745
f 2109//4746 2128//4746 2127//4746
f 2109//4747 2127//4748 2106//4749
f 2106//4749 2127//4748 2098//4750
f 2098//4751 2127//4751 2126//4751
f 2098//4752 2126//4752 2125//4752
f 2099//4753 2106//4749 2098//4750
f 2136//4754 2137//4754 2208//4754
f 2137//4755 2138//4755 2208//4755
f 2208//4756 2138//4756 2134//4756
f 2208//4757 2134//4757 2136//4757
f 2136//4758 2134//4597 2135//4599
f 2211//3960 2209//4654 2210//4759
f 2210//4759 2213//2241 2212//4760
f 2210//4759 2214//4761 2213//2241
f 2210//4759 2209//4654 2214//4761
f 2218//4762 2191//4762 2195//4762
f 2201//4763 2191//4763 2218//4763
f 2219//4764 2197//4764 2215//4764
f 2215//4765 2197//4765 2199//4765
f 2216//4766 2198//4766 2202//4766
f 2220//4767 2198//4767 2216//4767
f 2217//4768 2183//4768 2221//4768
f 2200//4769 2183//4769 2217//4769
f 2209//4770 2217//4770 2221//4770
f 2209//4771 2200//4771 2217//4771
f 2211//4772 2218//4772 2195//4772
f 2211//4773 2201//4773 2218//4773
f 2215//4774 2199//4774 2210//4774
f 2212//4775 2219//4775 2215//4775
f 2212//4776 2215//4776 2210//4776
f 2213//4777 2216//4777 2202//4777
f 2220//4778 2216//4779 2214//4780
f 2214//4780 2216//4779 2213//4781
f 2211//4782 2195//4782 2180//4782
f 2211//4783 2180//4783 2209//4783
f 2209//4784 2180//4784 2200//4784
f 2210//4785 2199//4785 2184//4785
f 2210//4786 2184//4786 2211//4786
f 2211//4787 2184//4787 2201//4787
f 2213//4788 2202//4788 2188//4788
f 2213//4789 2188//4789 2212//4789
f 2212//4790 2188//4790 2219//4790
f 2209//4791 2221//4791 2185//4791
f 2209//4792 2185//4792 2214//4792
f 2214//4793 2185//4793 2220//4793
f 2222//4794 2233//4794 2223//4794
f 2222//4795 2223//4795 2225//4795
f 2225//4796 2223//4797 2224//4798
f 2267//4799 2231//4799 2257//4799
f 2257//4800 2231//4800 2232//4800
f 2234//4801 2236//4801 2251//4801
f 2243//4802 2246//4802 2269//4802
f 2250//4803 2232//4803 2231//4803
f 2235//4804 2250//4804 2231//4804
f 2251//4805 2236//4805 2252//4805
f 2252//4806 2236//4806 2256//4806
f 2257//4807 2255//4807 2254//4807
f 2255//4808 2257//4808 2232//4808
f 2252//4809 2256//4809 2253//4809
f 2269//4810 2246//4810 2262//4810
f 2238//4811 2239//4811 2236//4811
f 2234//4812 2238//4812 2236//4812
f 2225//4813 2283//4813 2238//4813
f 2236//4814 2239//4814 2244//4814
f 2256//4815 2280//4815 2279//4815
f 2279//4816 2253//4816 2256//4816
f 2254//4817 2276//4818 2257//4819
f 2276//4820 2247//4820 2257//4820
f 2257//4821 2247//4821 2242//4821
f 2257//4822 2268//4822 2267//4822
f 2257//4823 2242//4823 2268//4823
f 2243//4824 2269//4824 2268//4824
f 2243//4825 2268//4825 2242//4825
f 2267//4826 2229//4826 2231//4826
f 2231//4827 2229//4828 2237//4829
f 2235//4830 2245//4831 2233//4832
f 2245//4831 2235//4830 2237//4833
f 2237//4829 2235//4834 2231//4827
f 2223//4835 2233//4835 2245//4835
f 2223//4797 2245//4836 2224//4798
f 2224//4798 2245//4836 2263//4837
f 2233//4838 2222//4838 2234//4838
f 2225//4839 2238//4839 2234//4839
f 2225//4840 2234//4840 2222//4840
f 2283//4841 2270//4841 2274//4841
f 2284//4842 2274//4843 2273//4844
f 2285//4845 2262//4845 2282//4845
f 2285//4846 2282//4846 2227//4846
f 2262//4847 2285//4847 2273//4847
f 2273//4844 2285//4848 2284//4842
f 2281//4849 2226//4850 2282//4851
f 2282//4851 2226//4850 2227//4852
f 2226//4853 2281//4853 2244//4853
f 2284//4854 2283//4854 2274//4854
f 2284//4855 2286//4856 2283//4857
f 2253//4858 2249//4858 2277//4858
f 2240//4859 2253//4859 2279//4859
f 2249//4860 2258//4860 2277//4860
f 2240//4861 2249//4861 2253//4861
f 2282//4862 2248//4863 2241//4862
f 2282//4862 2241//4862 2279//4864
f 2279//4865 2241//4865 2240//4865
f 2262//4866 2259//4866 2282//4866
f 2282//4867 2259//4867 2248//4867
f 2278//4868 2258//4868 2259//4868
f 2278//4869 2259//4869 2262//4869
f 2258//4870 2278//4870 2277//4870
f 2276//4871 2275//4872 2247//4873
f 2278//4874 2261//4874 2275//4874
f 2275//4875 2261//4875 2260//4875
f 2275//4872 2260//4876 2247//4873
f 2278//4877 2262//4878 2261//4879
f 2269//4880 2230//4880 2228//4880
f 2229//4881 2267//4881 2269//4881
f 2229//4882 2269//4882 2228//4882
f 2273//4883 2265//4883 2266//4883
f 2273//4884 2266//4884 2262//4884
f 2262//4885 2266//4885 2269//4885
f 2269//4886 2266//4886 2230//4886
f 2270//4887 2283//4888 2263//4889
f 2283//4890 2225//4890 2224//4890
f 2283//4888 2224//4891 2263//4889
f 2270//4892 2263//4893 2271//4894
f 2271//4894 2263//4893 2264//4895
f 2271//4896 2264//4896 2272//4896
f 2272//4897 2264//4898 2273//4899
f 2273//4899 2264//4898 2265//4900
f 2253//4901 2277//4901 2254//4901
f 2254//4817 2277//4902 2276//4818
f 2244//4903 2280//4903 2256//4903
f 2244//4904 2281//4904 2280//4904
f 2244//4905 2256//4905 2236//4905
f 2289//4906 2291//4906 2290//4906
f 2288//4907 2291//4907 2289//4907
f 2287//4908 2290//4908 2291//4908
f 2292//4909 2289//4909 2290//4909
f 2288//4910 2289//4910 2292//4910
f 2293//4911 2292//4911 2287//4911
f 2287//4912 2291//4912 2288//4912
f 2287//4913 2292//4913 2290//4913
f 2292//4914 2279//4914 2288//4914
f 2288//4915 2279//4915 2280//4915
f 2288//4916 2280//4916 2287//4916
f 2287//4917 2280//4917 2281//4917
f 2287//4918 2281//4918 2293//4918
f 2293//4919 2281//4919 2282//4919
f 2293//4920 2282//4920 2292//4920
f 2292//4921 2282//4921 2279//4921
f 2278//4922 2275//4922 2294//4922
f 2275//4923 2276//4923 2294//4923
f 2294//4924 2276//4924 2277//4924
f 2294//4925 2277//4925 2278//4925
f 2300//4926 2299//4926 2296//4926
f 2296//4927 2295//4927 2300//4927
f 2298//4928 2300//4928 2297//4928
f 2299//4929 2300//4929 2298//4929
f 2297//4930 2295//4930 2296//4930
f 2300//4931 2295//4931 2297//4931
f 2297//4932 2269//4932 2267//4932
f 2297//4933 2267//4933 2298//4933
f 2298//4934 2267//4934 2268//4934
f 2298//4935 2268//4935 2299//4935
f 2299//4936 2268//4936 2269//4936
f 2299//4937 2269//4937 2296//4937
f 2296//4938 2269//4938 2297//4938
f 2301//2243 2304//2243 2302//2243
f 2301//2243 2302//2243 2303//2243
f 2301//2243 2303//2243 2310//2243
f 2306//2243 2304//2243 2301//2243
f 2305//2243 2308//2243 2306//2243
f 2306//2243 2313//4245 2304//2243
f 2308//2243 2307//3946 2306//2243
f 2310//2243 2312//2243 2309//2243
f 2309//2243 2312//2243 2311//2243
f 2310//2243 2303//2243 2312//2243
f 2306//2243 2307//3946 2313//4245
f 2309//2243 2311//2243 2314//2243
f 2309//2243 2314//2243 2305//2243
f 2305//2243 2314//2243 2308//2243
f 2316//4939 2315//4940 2319//4941
f 2322//4942 2333//4943 2334//4944
f 2319//4945 2315//4945 2323//4945
f 2318//4946 2317//4947 2325//2241
f 2322//4942 2334//4944 2326//4948
f 2319//4949 2327//4950 2324//4951
f 2320//4952 2321//4953 2330//4954
f 2320//4955 2330//4955 2328//4955
f 2323//4956 2327//4956 2319//4956
f 2333//4943 2336//4957 2330//4957
f 2315//4940 2316//4939 2331//4958
f 2321//4959 2329//4959 2233//4959
f 2233//4960 2329//4960 2316//4960
f 2330//4961 2336//4961 2328//4961
f 2335//4962 2329//4962 2321//4962
f 2325//4963 2332//4964 2334//4944
f 2324//4951 2327//4950 2348//4965
f 2337//4966 2332//4966 2325//4966
f 2317//4947 2318//4946 2324//4967
f 2317//4947 2324//4967 2348//4968
f 2322//4942 2336//4957 2333//4943
f 2334//4944 2332//4964 2326//4948
f 2321//4953 2320//4952 2335//4969
f 2316//4939 2329//4970 2331//4958
f 2325//4971 2317//4971 2337//4971
f 2316//4972 2250//4972 2235//4972
f 2232//4973 2250//4973 2316//4973
f 2313//4974 2255//4975 2232//4976
f 2313//4974 2254//4977 2255//4975
f 2307//4978 2253//4978 2313//4978
f 2313//4979 2253//4979 2254//4979
f 2307//4980 2252//4980 2253//4980
f 2321//4981 2251//4981 2252//4981
f 2321//4982 2234//4982 2251//4982
f 2233//4983 2234//4983 2321//4983
f 2316//4984 2235//4984 2233//4984
f 2319//4985 2324//4985 2302//4985
f 2232//4986 2316//4986 2313//4986
f 2313//4987 2316//4987 2304//4987
f 2304//4988 2316//4988 2319//4988
f 2304//4989 2319//4989 2302//4989
f 2252//4990 2307//4990 2321//4990
f 2321//4991 2307//4991 2308//4991
f 2321//4992 2308//4992 2330//4992
f 2330//4993 2308//4993 2314//4993
f 2333//4994 2330//4994 2314//4994
f 2333//4995 2314//4995 2311//4995
f 2333//4996 2311//4996 2334//4996
f 2334//4997 2311//4997 2312//4997
f 2334//4998 2312//4998 2325//4998
f 2325//4999 2312//4999 2303//4999
f 2325//5000 2303//5000 2318//5000
f 2318//5001 2303//5001 2324//5001
f 2324//5002 2303//5002 2302//5002
f 2338//4454 2340//4941 2339//2241
f 2341//4454 2340//4941 2338//4454
f 2338//4454 2343//4946 2342//3967
f 2339//2241 2343//4946 2338//4454
f 2347//5003 2329//5003 2335//5003
f 2331//5004 2329//5004 2347//5004
f 2345//5005 2327//5005 2323//5005
f 2348//5006 2327//5006 2345//5006
f 2346//5007 2332//5007 2337//5007
f 2326//5008 2332//5008 2346//5008
f 2341//5009 2347//5009 2340//5009
f 2331//5010 2347//5010 2341//5010
f 2338//5011 2345//5011 2323//5011
f 2338//5012 2348//5012 2345//5012
f 2342//5013 2346//5013 2337//5013
f 2343//5014 2344//5015 2322//5016
f 2339//5017 2344//5015 2343//5014
f 2328//5018 2344//5018 2339//5018
f 2331//5019 2341//5019 2315//5019
f 2315//5020 2341//5021 2338//5022
f 2315//5020 2338//5022 2323//5023
f 2340//5024 2347//5024 2335//5024
f 2340//5025 2335//5025 2320//5025
f 2340//5026 2320//5026 2339//5026
f 2339//5027 2320//5027 2328//5027
f 2346//5028 2342//5028 2343//5028
f 2346//5029 2343//5029 2326//5029
f 2326//5030 2343//5030 2322//5030
f 2348//5031 2338//5031 2317//5031
f 2317//5032 2338//5032 2342//5032
f 2317//5033 2342//5033 2337//5033
f 2344//5034 2328//5034 2336//5034
f 2336//5035 2322//5035 2344//5035
f 2238//5036 2226//5037 2239//5038
f 2239//5039 2226//5039 2244//5039
f 2286//4856 2238//5040 2283//4857
f 2238//5036 2286//5041 2226//5037
f 2284//4855 2226//5042 2286//4856
f 2284//4855 2227//5043 2226//5042
f 2285//5044 2227//5043 2284//4855
f 2241//5045 2249//5046 2240//5047
f 2241//5045 2258//5048 2249//5046
f 2259//5049 2258//5049 2248//5049
f 2258//5050 2241//5050 2248//5050
f 2242//5051 2247//5052 2243//5053
f 2260//5054 2243//5053 2247//5052
f 2243//5055 2260//5056 2246//5057
f 2262//4878 2246//5058 2261//4879
f 2261//5059 2246//5057 2260//5056
f 2229//5060 2245//5060 2237//5060
f 2245//5061 2229//5061 2228//5061
f 2266//5062 2265//4900 2264//4898
f 2266//5063 2264//5063 2230//5063
f 2230//5064 2264//5064 2228//5064
f 2228//5065 2264//5065 2245//5065
f 2245//5066 2264//5066 2263//5066
f 2274//5067 2271//5067 2272//5067
f 2272//5068 2273//5068 2274//5068
f 2274//5069 2270//5069 2271//5069
f 2350//2243 2351//2243 2349//2243
f 2350//2243 2353//2243 2352//2243
f 2354//2243 2353//2243 2350//2243
f 2349//2243 2354//2243 2350//2243
f 2349//5070 2305//5070 2354//5070
f 2354//5071 2305//5071 2306//5071
f 2354//5072 2306//5072 2353//5072
f 2353//5073 2306//5073 2301//5073
f 2353//5074 2301//5074 2352//5074
f 2352//5075 2301//5075 2310//5075
f 2352//5076 2310//5076 2350//5076
f 2350//5077 2310//5077 2309//5077
f 2350//5078 2309//5078 2351//5078
f 2351//5079 2309//5079 2349//5079
f 2349//5080 2309//5080 2305//5080
f 2357//5081 2358//5081 2355//5081
f 2355//5082 2358//5082 2356//5082
f 2358//5083 2357//5083 2356//5083
f 2356//5084 2357//5084 2355//5084
f 2359//5085 2362//5085 2363//5085
f 2363//5086 2361//5086 2359//5086
f 2361//5087 2363//5087 2360//5087
f 2360//5088 2363//5088 2362//5088
f 2407//5089 2369//5090 2367//5091
f 2393//5092 2361//5092 2392//5092
f 2378//5093 2379//5093 2405//5093
f 2367//5094 2369//5094 2391//5094
f 2390//5095 2368//5095 2370//5095
f 2392//5096 2361//5096 2368//5096
f 2391//5097 2369//5097 2393//5097
f 2370//5098 2389//5098 2390//5098
f 2390//5099 2389//5099 2388//5099
f 2361//5100 2360//5100 2362//5100
f 2405//5101 2379//5102 2399//5103
f 2368//5104 2373//5104 2370//5104
f 2370//5105 2373//5105 2374//5105
f 2370//5106 2374//5106 2364//5106
f 2389//5107 2422//5107 2388//5107
f 2417//5108 2386//5108 2388//5108
f 2386//5109 2418//5109 2387//5109
f 2387//5110 2381//5110 2367//5110
f 2387//5111 2383//5112 2381//5113
f 2381//5114 2405//5115 2367//5116
f 2367//5116 2405//5115 2408//5117
f 2378//5118 2405//5118 2381//5118
f 2367//5091 2408//5119 2407//5089
f 2366//5120 2380//5121 2407//5122
f 2407//5123 2380//5123 2369//5123
f 2369//5124 2380//5124 2372//5124
f 2393//5125 2371//5125 2361//5125
f 2371//5126 2393//5126 2369//5126
f 2371//5127 2369//5127 2372//5127
f 2371//5128 2359//5128 2361//5128
f 2359//5129 2371//5129 2402//5129
f 2359//5130 2402//5131 2400//5132
f 2368//5133 2361//5133 2362//5133
f 2362//5134 2373//5134 2368//5134
f 2373//5135 2362//5136 2427//5137
f 2413//5138 2411//5138 2426//5138
f 2425//5139 2411//5139 2423//5139
f 2410//5140 2423//5140 2411//5140
f 2424//5141 2396//5141 2420//5141
f 2424//5142 2420//5142 2385//5142
f 2396//5143 2424//5143 2410//5143
f 2410//5144 2424//5144 2423//5144
f 2419//5145 2365//5145 2420//5145
f 2420//5146 2365//5146 2385//5146
f 2365//5147 2419//5147 2364//5147
f 2411//5148 2425//5148 2426//5148
f 2388//5149 2384//5149 2417//5149
f 2417//5150 2384//5150 2394//5150
f 2376//5151 2384//5151 2388//5151
f 2388//5152 2422//5152 2421//5152
f 2388//5153 2421//5153 2376//5153
f 2420//5154 2377//5154 2375//5154
f 2420//5155 2375//5155 2421//5155
f 2421//5156 2375//5156 2376//5156
f 2420//5157 2396//5157 2377//5157
f 2414//5158 2395//5159 2396//5160
f 2417//5161 2394//5161 2414//5161
f 2414//5158 2394//5162 2395//5159
f 2418//5163 2415//5163 2387//5163
f 2387//5164 2415//5164 2383//5164
f 2414//5165 2398//5166 2415//5167
f 2415//5168 2398//5168 2397//5168
f 2415//5169 2397//5170 2383//5112
f 2405//5101 2399//5103 2396//5171
f 2396//5172 2399//5172 2414//5172
f 2414//5173 2399//5173 2398//5173
f 2405//5174 2382//5174 2406//5174
f 2407//5122 2406//5175 2366//5120
f 2366//5176 2406//5176 2382//5176
f 2410//5177 2403//5177 2404//5177
f 2410//5178 2404//5178 2396//5178
f 2396//5179 2404//5179 2405//5179
f 2405//5180 2404//5180 2382//5180
f 2413//5181 2426//5181 2427//5181
f 2413//5182 2427//5182 2412//5182
f 2412//5183 2427//5183 2400//5183
f 2427//5137 2362//5136 2359//5184
f 2427//5185 2359//5130 2400//5132
f 2403//5186 2410//5187 2409//5188
f 2403//5186 2409//5188 2401//5189
f 2401//5190 2409//5190 2402//5190
f 2402//5191 2409//5191 2400//5191
f 2400//5192 2409//5192 2412//5192
f 2417//5193 2416//5193 2386//5193
f 2386//5194 2416//5194 2418//5194
f 2419//5195 2422//5195 2364//5195
f 2364//5196 2422//5196 2389//5196
f 2364//5197 2389//5197 2370//5197
f 2431//5198 2429//5198 2428//5198
f 2431//5199 2428//5199 2430//5199
f 2430//5200 2421//5200 2431//5200
f 2430//5201 2428//5201 2421//5201
f 2431//5202 2421//5202 2422//5202
f 2431//5203 2422//5203 2429//5203
f 2429//5204 2422//5204 2419//5204
f 2429//5205 2419//5205 2420//5205
f 2429//5206 2420//5206 2428//5206
f 2428//5207 2420//5207 2421//5207
f 2416//5208 2414//5165 2415//5167
f 2415//5167 2418//5209 2416//5208
f 2414//5210 2416//5210 2417//5210
f 2435//5211 2433//5211 2432//5211
f 2432//5212 2433//5212 2436//5212
f 2434//5213 2436//5213 2433//5213
f 2434//5214 2435//5214 2436//5214
f 2435//5215 2432//5215 2436//5215
f 2433//5216 2406//5216 2434//5216
f 2434//5217 2406//5217 2407//5217
f 2434//5218 2407//5219 2435//5220
f 2435//5220 2407//5219 2408//5221
f 2435//5222 2408//5222 2405//5222
f 2435//5223 2405//5223 2433//5223
f 2433//5224 2405//5224 2406//5224
f 2437//5225 2442//5226 2438//5227
f 2439//5228 2446//5229 2440//5230
f 2443//5231 2438//5227 2444//5232
f 2449//5233 2448//5234 2455//5235
f 2451//5236 2450//5237 2459//5238
f 2459//5238 2450//5237 2467//5239
f 2454//667 2453//667 2456//667
f 2457//5240 2448//5234 2449//5233
f 2481//5241 2460//5241 2461//5241
f 2452//5242 2469//5242 2454//5242
f 2456//5243 2464//5243 2457//5243
f 2461//5244 2460//5244 2452//5244
f 2392//5245 2466//5245 2461//5245
f 2452//5246 2460//5246 2462//5246
f 2457//5247 2464//5247 2448//5247
f 2458//5248 2468//5248 2451//5248
f 2459//5249 2466//5249 2392//5249
f 2469//5250 2463//5250 2454//5250
f 2465//5251 2464//5251 2456//5251
f 2461//5252 2466//5252 2481//5252
f 2456//5253 2453//5253 2465//5253
f 2455//5254 2468//5254 2458//5254
f 2451//5255 2468//5255 2450//5255
f 2462//5256 2469//5256 2452//5256
f 2453//5257 2454//5257 2463//5257
f 2449//5233 2455//5235 2458//5258
f 2459//5259 2467//5259 2466//5259
f 2446//5260 2387//5260 2367//5260
f 2391//5261 2393//5261 2461//5261
f 2393//5262 2392//5262 2461//5262
f 2446//5263 2386//5263 2387//5263
f 2439//5264 2386//5264 2446//5264
f 2388//5265 2386//5265 2439//5265
f 2459//5266 2390//5266 2388//5266
f 2368//5267 2390//5267 2459//5267
f 2392//5268 2368//5268 2459//5268
f 2452//5269 2454//5269 2447//5269
f 2447//5270 2454//5270 2444//5270
f 2444//5271 2454//5271 2443//5271
f 2443//5272 2454//5272 2456//5272
f 2443//5273 2456//5273 2438//5273
f 2438//5274 2456//5274 2457//5274
f 2438//5275 2457//5275 2437//5275
f 2437//5276 2457//5276 2449//5276
f 2437//5277 2449//5277 2442//5277
f 2442//5278 2449//5278 2458//5278
f 2442//5279 2458//5279 2441//5279
f 2441//5280 2458//5280 2451//5280
f 2388//5281 2439//5281 2459//5281
f 2459//5282 2439//5282 2440//5282
f 2459//5283 2440//5283 2451//5283
f 2451//5284 2440//5284 2441//5284
f 2452//5285 2447//5285 2445//5285
f 2452//5286 2445//5286 2461//5286
f 2461//5287 2445//5287 2446//5287
f 2461//5288 2446//5288 2367//5288
f 2461//5289 2367//5289 2391//5289
f 2365//5290 2364//5290 2373//5290
f 2374//5291 2373//5291 2364//5291
f 2373//5135 2427//5137 2426//5292
f 2373//5293 2426//5293 2425//5293
f 2373//5294 2425//5294 2365//5294
f 2365//5295 2425//5295 2423//5295
f 2423//5296 2385//5297 2365//5298
f 2423//5296 2424//5299 2385//5297
f 2375//5300 2384//5301 2376//5302
f 2375//5300 2394//5303 2384//5301
f 2394//5162 2377//5304 2395//5159
f 2395//5159 2377//5304 2396//5160
f 2394//5305 2375//5305 2377//5305
f 2397//5170 2379//5306 2378//5307
f 2398//5308 2399//5309 2397//5310
f 2397//5310 2399//5309 2379//5311
f 2378//5307 2383//5112 2397//5170
f 2378//5307 2381//5113 2383//5112
f 2403//5312 2382//5312 2404//5312
f 2382//5313 2403//5313 2366//5313
f 2366//5314 2403//5315 2401//5316
f 2366//5314 2401//5316 2371//5317
f 2371//5317 2401//5316 2402//5318
f 2372//5319 2380//5319 2371//5319
f 2371//5320 2380//5320 2366//5320
f 2410//5321 2413//5322 2412//5323
f 2410//5321 2411//5324 2413//5322
f 2412//5325 2409//5325 2410//5325
f 2476//5326 2470//5327 2471//5328
f 2471//5328 2470//5327 2472//5329
f 2472//5329 2470//5327 2473//5330
f 2473//5330 2470//5327 2474//5331
f 2474//5331 2470//5327 2475//5332
f 2475//5332 2470//5327 2476//5326
f 2480//5333 2464//5333 2465//5333
f 2448//5334 2464//5334 2480//5334
f 2450//5335 2468//5335 2477//5335
f 2477//5336 2468//5336 2455//5336
f 2478//5337 2466//5337 2467//5337
f 2481//5338 2466//5338 2478//5338
f 2479//5339 2469//5339 2462//5339
f 2463//5340 2469//5340 2479//5340
f 2479//5341 2462//5341 2476//5341
f 2476//5342 2463//5342 2479//5342
f 2471//5343 2480//5343 2465//5343
f 2471//5344 2448//5344 2480//5344
f 2473//5345 2477//5345 2455//5345
f 2473//5346 2450//5346 2477//5346
f 2475//5347 2478//5348 2467//5349
f 2467//5349 2474//5350 2475//5347
f 2481//5351 2478//5351 2475//5351
f 2471//5352 2465//5352 2453//5352
f 2471//5353 2453//5353 2476//5353
f 2476//5354 2453//5354 2463//5354
f 2473//5355 2455//5355 2472//5355
f 2472//5356 2455//5356 2448//5356
f 2472//5357 2448//5357 2471//5357
f 2474//5358 2467//5358 2450//5358
f 2474//5359 2450//5359 2473//5359
f 2476//5360 2462//5360 2460//5360
f 2476//5361 2460//5361 2475//5361
f 2475//5362 2460//5362 2481//5362
f 2442//5363 2485//5363 2482//5363
f 2482//5364 2438//5227 2442//5226
f 2483//5365 2440//5365 2486//5365
f 2486//5366 2440//5230 2446//5229
f 2486//5366 2446//5229 2445//5367
f 2441//5368 2485//5368 2442//5368
f 2488//5369 2444//5369 2482//5369
f 2482//5364 2444//5232 2438//5227
f 2487//5370 2447//5370 2444//5370
f 2489//5371 2447//5371 2487//5371
f 2447//5372 2489//5372 2445//5372
f 2440//5373 2483//5373 2441//5373
f 2486//5374 2445//5374 2489//5374
f 2441//5375 2483//5375 2484//5375
f 2441//5376 2484//5376 2485//5376
f 2487//5377 2444//5377 2488//5377
f 2491//1805 2492//5378 2490//5379
f 2491//1805 2493//5380 2492//5378
f 2491//1805 2494//5381 2493//5380
f 2491//1805 2495//1495 2494//5381
f 2485//5382 2495//5382 2491//5382
f 2485//5383 2491//5383 2482//5383
f 2482//5384 2491//5384 2490//5384
f 2482//5385 2490//5385 2488//5385
f 2493//5386 2494//5386 2483//5386
f 2483//5387 2494//5387 2484//5387
f 2484//5388 2494//5388 2495//5388
f 2484//5389 2495//5389 2485//5389
f 2489//5390 2492//5390 2486//5390
f 2486//5391 2492//5391 2493//5391
f 2486//5392 2493//5392 2483//5392
f 2488//5393 2490//5393 2487//5393
f 2487//5394 2490//5394 2492//5394
f 2487//5395 2492//5395 2489//5395
f 2498//5396 2496//5396 2501//5396
f 2498//5397 2501//5397 2502//5397
f 2502//5398 2501//5398 2503//5398
f 2502//5399 2503//5399 2504//5399
f 2504//5400 2503//5400 2505//5400
f 2504//5401 2505//5401 2506//5401
f 2504//5402 2506//5402 2507//5402
f 2507//5403 2506//5403 2508//5403
f 2507//5404 2508//5404 2509//5404
f 2509//5405 2508//5405 2510//5405
f 2509//5406 2510//5406 2511//5406
f 2511//5407 2510//5407 2512//5407
f 2511//5408 2512//5408 2513//5408
f 2513//5409 2512//5409 2514//5409
f 2513//5410 2514//5410 2499//5410
f 2513//5411 2499//5411 2497//5411
f 2515//5412 2516//5413 2507//5414
f 2507//5414 2516//5413 2504//2954
f 2504//2954 2516//5413 2521//5415
f 2504//2954 2518//5416 2502//5417
f 2509//667 2519//5418 2507//5419
f 2498//5420 2520//5420 2497//5421
f 2518//5416 2517//5422 2502//5417
f 2497//5423 2520//5424 2523//5425
f 2513//5426 2524//5427 2511//5428
f 2502//5417 2517//5422 2498//5429
f 2498//5430 2517//5430 2522//5430
f 2519//5418 2515//5431 2507//5419
f 2504//2954 2521//5415 2518//5416
f 2509//667 2525//5432 2519//5418
f 2498//5420 2522//5433 2520//5420
f 2524//5427 2527//5434 2511//5428
f 2525//5432 2509//667 2511//5428
f 2525//5432 2511//5428 2527//5434
f 2513//5426 2526//5435 2524//5427
f 2526//5435 2513//5426 2497//5436
f 2526//5437 2497//5423 2523//5425
f 2499//5438 2514//5438 2500//5438
f 2500//5439 2514//5439 2496//5439
f 2501//5440 2496//5441 2503//5442
f 2508//5443 2506//5444 2510//5445
f 2529//5446 2528//5447 2530//5448
f 2530//5448 2528//5447 2531//5449
f 2531//5449 2528//5447 2532//5450
f 2532//5450 2528//5447 2533//5451
f 2533//5451 2528//5447 2534//5452
f 2534//5452 2528//5447 2529//5446
f 2536//5453 2520//5453 2522//5453
f 2536//5454 2523//5454 2520//5454
f 2535//5455 2524//5455 2537//5455
f 2537//5456 2524//5456 2526//5456
f 2538//5457 2527//5457 2524//5457
f 2538//5458 2524//5458 2535//5458
f 2540//5459 2519//5459 2539//5459
f 2539//5460 2519//5460 2525//5460
f 2540//5461 2515//5461 2519//5461
f 2536//5462 2522//5462 2530//5462
f 2536//5463 2530//5463 2523//5463
f 2538//5464 2535//5464 2531//5464
f 2535//5465 2537//5465 2531//5465
f 2532//5466 2538//5467 2531//5468
f 2540//5469 2539//5469 2533//5469
f 2533//5470 2515//5470 2540//5470
f 2534//5471 2542//5471 2541//5471
f 2534//5472 2541//5472 2521//5472
f 2529//5473 2517//5473 2542//5473
f 2529//5474 2542//5474 2534//5474
f 2530//5475 2522//5475 2517//5475
f 2530//5476 2517//5476 2529//5476
f 2537//5477 2526//5477 2531//5477
f 2531//5478 2526//5478 2530//5478
f 2530//5479 2526//5479 2523//5479
f 2539//5480 2525//5480 2533//5480
f 2533//5481 2525//5481 2532//5481
f 2532//5482 2525//5482 2527//5482
f 2532//5466 2527//5483 2538//5467
f 2534//5484 2521//5484 2516//5484
f 2534//5485 2516//5486 2533//5487
f 2533//5487 2516//5486 2515//5488
f 2542//5489 2517//5489 2518//5489
f 2542//5490 2518//5490 2541//5490
f 2541//5491 2518//5491 2521//5491
f 2498//5492 2543//5492 2496//5492
f 2496//5493 2543//5493 2544//5493
f 2499//5494 2545//5494 2497//5494
f 2497//5495 2545//5495 2546//5495
f 2545//5496 2499//5496 2500//5496
f 2545//5497 2500//5498 2544//5499
f 2544//5499 2500//5498 2496//5500
f 2543//5501 2498//5502 2497//5503
f 2543//5501 2497//5503 2546//5504
f 2547//2240 2546//2240 2545//2240
f 2546//2240 2547//2240 2543//2240
f 2543//2240 2547//2240 2548//2240
f 2543//2240 2548//2240 2544//2240
f 2544//2240 2548//2240 2549//2240
f 2544//2240 2549//2240 2545//2240
f 2545//2240 2549//2240 2550//2240
f 2545//2240 2550//2240 2547//2240
f 2550//2241 2551//2241 2547//2241
f 2547//2241 2551//2241 2552//2241
f 2551//2242 2553//2242 2552//2242
f 2552//2242 2553//2242 2554//2242
f 2553//2243 2549//2243 2554//2243
f 2554//2243 2549//2243 2548//2243
f 2547//667 2552//667 2548//667
f 2548//667 2552//667 2554//667
f 2553//678 2551//678 2549//678
f 2549//678 2551//678 2550//678
f 2557//5505 2512//5505 2558//5505
f 2506//5444 2555//5506 2510//5445
f 2510//5507 2555//5507 2558//5507
f 2505//5508 2559//5508 2562//5508
f 2558//5509 2512//5509 2510//5509
f 2556//5510 2496//5510 2560//5510
f 2560//5511 2496//5512 2514//5513
f 2496//5514 2556//5514 2561//5514
f 2496//5441 2561//5515 2503//5442
f 2505//5516 2562//5516 2506//5516
f 2512//5517 2560//5511 2514//5513
f 2555//5518 2506//5518 2562//5518
f 2557//5519 2560//5519 2512//5519
f 2505//5520 2503//5520 2559//5520
f 2559//5521 2503//5521 2561//5521
f 2563//5379 2565//5522 2564//5523
f 2566//5522 2565//5522 2563//5379
f 2567//5379 2566//5522 2563//5379
f 2560//5524 2566//5524 2567//5524
f 2560//5525 2567//5525 2556//5525
f 2556//5526 2567//5526 2561//5526
f 2558//5527 2565//5527 2566//5527
f 2558//5528 2566//5528 2557//5528
f 2557//5529 2566//5529 2560//5529
f 2562//5530 2564//5530 2555//5530
f 2555//5531 2564//5531 2565//5531
f 2555//5532 2565//5532 2558//5532
f 2561//5533 2567//5533 2563//5533
f 2561//5534 2563//5534 2559//5534
f 2559//5535 2563//5536 2564//5537
f 2559//5535 2564//5537 2562//5538
