# Blender 4.5.7 LTS
# www.blender.org
o launchersystemfinal-v4.005
v 0.249603 2.086914 -1.036348
v 0.314743 2.199478 -1.056703
v 0.450897 2.732346 -1.341340
v 0.082413 1.408035 -0.810151
v -0.100937 0.336212 -0.599306
v -0.023819 0.773407 -0.661928
v 0.879822 3.318527 -1.551637
v 0.622192 3.032791 -1.475068
v 0.673233 3.316788 -1.713807
v 0.978653 3.771774 -2.018861
v 2.116074 4.299515 -1.654817
v 2.243698 4.375916 -1.648195
v 2.791077 4.752808 -1.965608
v 3.977921 5.262177 -2.669801
v 1.880280 8.309021 -1.617494
v 1.970749 9.169098 -1.698152
v 1.933472 9.207367 -1.491059
v 1.676743 7.510590 -1.261476
v 1.926193 9.224457 -1.385774
v 2.053421 10.062225 -1.566865
v 2.059906 10.077499 -1.459352
v 1.534348 6.527527 0.047881
v 1.397049 3.512833 0.037810
v 1.382233 3.410324 -0.296205
v 1.496719 3.534973 -0.774202
v 0.859604 2.722397 -0.517824
v 0.484955 2.081955 -0.563844
v 0.483582 2.081314 -0.527131
v -0.000107 0.771713 -0.565187
v -0.001617 0.771622 -0.559968
v 0.181366 1.403915 -0.497285
v 0.161163 1.403030 -0.446748
v 0.428955 2.077682 -0.318391
v 0.692627 2.713608 -0.014772
v 0.372711 2.076019 -0.223756
v 0.131378 1.402206 -0.400087
v -0.020493 0.771011 -0.525056
v 0.088715 1.299103 -0.407533
v -0.028000 0.770859 -0.516878
v 0.103485 1.401337 -0.369264
v 0.900894 3.282242 0.433928
v 1.445328 3.798630 0.581816
v 1.531815 3.804367 0.459105
v 1.507034 3.747269 0.375304
v 1.506058 4.889038 0.202330
v 1.596207 6.402237 0.192931
v 1.623138 6.502640 0.221892
v 1.562424 6.647568 0.050902
v 1.941101 6.474731 0.590850
v 3.193283 11.532761 0.367156
v 3.109543 11.559799 0.292144
v 2.077652 8.274628 0.243895
v 4.774384 23.479507 -2.824219
v -0.506424 28.978378 -7.024200
v -0.108185 28.196960 -6.886414
v 0.252716 27.441132 -6.735504
v 0.363510 27.039673 -6.693177
v 0.195709 27.418686 -6.770386
v 0.309250 27.016922 -6.736145
v -0.035065 27.772720 -6.876343
v 0.257812 26.993866 -6.782319
v 0.088593 27.372818 -6.849579
v 0.038879 27.349548 -6.893707
v -0.087906 27.749680 -6.912537
v 0.209412 26.970566 -6.831543
v 0.329468 26.561783 -6.821625
v 0.372726 26.585236 -6.764283
v 0.487381 26.167389 -6.753846
v 0.528641 26.190796 -6.691498
v 0.638168 25.764633 -6.680970
v 0.573990 26.214020 -6.632111
v 0.469986 26.631531 -6.658783
v 1.039307 25.008301 -6.300721
v 0.821152 25.856506 -6.430420
v 0.877014 25.878540 -6.376221
v 0.936386 25.900024 -6.325745
v 1.266449 25.094131 -6.053437
v 1.132980 25.960434 -6.198334
v 0.899704 26.779449 -6.399170
v 1.553391 25.167191 -5.875153
v 1.718048 24.305496 -5.648896
v 1.848175 23.438843 -5.439515
v 1.570679 24.269913 -5.755890
v 1.708725 23.401306 -5.574708
v 1.646957 23.380875 -5.649354
v 1.771378 22.511719 -5.504334
v 1.440186 24.230255 -5.882020
v 1.884918 21.640671 -5.382233
v 2.093475 20.837128 -4.955323
v 2.155197 19.959045 -4.840027
v 2.027710 21.708664 -5.091279
v 2.270477 20.895248 -4.661042
v 2.236740 21.763458 -4.840851
v 2.345169 20.911026 -4.573487
v 2.490677 19.222931 -4.044434
v 2.319260 21.778259 -4.769135
v 2.296570 22.967743 -5.049744
v 1.973709 24.329559 -5.522583
v 2.091721 23.485260 -5.277833
v 1.948715 22.574448 -5.252930
v 1.797226 24.321518 -5.603364
v 1.632233 25.182785 -5.843079
v 2.594055 20.067123 -4.133790
v 2.566376 19.234680 -3.950959
v 2.474548 18.384262 -3.884827
v 2.400833 16.634308 -3.943269
v 2.433304 14.974075 -3.446961
v 2.426056 15.826996 -3.577363
v 2.300034 18.240784 -4.685273
v 2.114319 19.911865 -5.082245
v 1.853928 21.615616 -5.485505
v 1.982666 20.739120 -5.395112
v 2.137619 19.835159 -5.436799
v 2.661697 14.821579 -4.086610
v 2.210114 19.779175 -5.670929
v 2.381226 18.162155 -5.029267
v 2.090454 20.230209 -5.646271
v 0.994095 24.985519 -6.371583
v 0.603622 25.741180 -6.750855
v 0.573807 25.717758 -6.822815
v 1.966156 21.025040 -6.029175
v 2.371826 19.687912 -6.091706
v 2.824997 17.904861 -5.807526
v 2.871979 17.907974 -5.985962
v 3.309677 16.124176 -5.659638
v 4.054184 12.554718 -4.925477
v 3.236511 15.777603 -5.302613
v 2.736206 14.593811 -4.114076
v 2.253952 11.700958 -2.186830
v 2.333344 12.554398 -2.291902
v 2.549530 14.264969 -2.421937
v 2.655045 15.106796 -2.563477
v 2.448242 12.609039 -1.858064
v 2.498627 12.617783 -1.756959
v 2.590240 13.451202 -1.984864
v 2.706100 17.593506 -3.331971
v 2.774216 18.426956 -3.514405
v 2.788635 17.600952 -3.245972
v 4.364075 10.770325 -4.532960
v 4.419479 10.771378 -4.593293
v 4.105804 12.556030 -5.000825
v 3.780609 14.342606 -5.473145
v 3.361282 16.127304 -5.838868
v 1.312912 23.283417 -6.734742
v 0.760605 25.059708 -6.803528
v 0.747925 25.164520 -6.805512
v 0.729095 25.061295 -6.887452
v 0.690475 25.062805 -6.973816
v 1.287399 23.285004 -6.825623
v 1.817398 21.492554 -6.807465
v 3.378891 16.128922 -5.931581
v 3.811157 14.344131 -5.561372
v 4.580322 10.775269 -4.817170
v 4.530579 10.773895 -4.738252
v 4.816544 8.988678 -4.297456
v 4.875931 8.989883 -4.366914
v 5.583328 5.468964 -3.690400
v 4.700073 10.779724 -5.072419
v 4.729248 10.781296 -5.162202
v 5.688766 5.524872 -3.854707
v 5.140472 8.998520 -4.862153
v 4.770187 10.784485 -5.345674
v 5.165527 9.000092 -4.952180
v 4.781799 10.786118 -5.438722
v 5.198166 9.003281 -5.134950
v 5.550507 7.219223 -4.617585
v 5.860870 5.798126 -4.435121
v 5.864059 5.821472 -4.477662
v 5.578094 7.230560 -5.267671
v 5.761383 6.250992 -5.169526
v 4.479218 6.268464 -6.428254
v 4.063171 5.884293 -6.382813
v 3.011734 8.841919 -6.784211
v 3.097885 8.842484 -6.817170
v 2.477097 10.602875 -6.988923
v 4.340729 6.125840 -6.429475
v 3.097702 10.605743 -7.154237
v 3.740280 8.843765 -6.890779
v 3.194290 10.605759 -7.155335
v 3.836044 8.843536 -6.877870
v 3.385605 10.605484 -7.139619
v 4.847473 6.718674 -6.325471
v 4.531082 8.691971 -6.574616
v 3.894211 10.602554 -6.971192
v 3.100784 14.374908 -7.324037
v 3.749756 12.591080 -7.009004
v 5.517792 6.619889 -5.657228
v 5.428925 7.238144 -5.702088
v 4.920151 9.021729 -6.192231
v 5.020645 9.018967 -6.034486
v 4.481232 10.804428 -6.487733
v 3.404373 14.371048 -7.103547
v 3.470261 14.369904 -7.037934
v 4.073212 12.585205 -6.672853
v 5.131531 9.014572 -5.782411
v 3.588394 14.367432 -6.896546
v 3.640320 14.366119 -6.821351
v 3.687973 14.364746 -6.742372
v 4.245377 12.579559 -6.349305
v 4.276245 12.578003 -6.260011
v 3.801727 14.360260 -6.485047
v 3.828934 14.358673 -6.394197
v 4.331009 12.566681 -5.611543
v 4.315262 12.565063 -5.518250
v 3.856110 14.347336 -5.744752
v 4.266403 12.561874 -5.335847
v 2.343582 19.699295 -6.743897
v 2.316330 19.700867 -6.833588
v 1.753662 21.495621 -6.983368
v 1.219711 23.288071 -7.000977
v 0.598206 25.065643 -7.136567
v -0.045166 26.842133 -7.210419
v 0.032288 26.922089 -7.054444
v 0.068161 26.840500 -7.064759
v -0.218552 27.445587 -7.110748
v -0.417969 28.058990 -7.082397
v -0.371262 28.082275 -7.043030
v 0.122375 26.923599 -6.938630
v 0.083984 26.900116 -6.995881
v 0.225555 26.493668 -7.001954
v 0.254364 26.514786 -6.943909
v -0.609695 28.933243 -7.061371
v -1.032410 29.774826 -7.176605
v -1.548279 30.640717 -7.301239
v -1.575974 30.618256 -7.312408
v -0.755692 28.864426 -7.135651
v -0.801529 28.841400 -7.165131
v -0.792969 28.607758 -7.212463
v -0.882782 28.794159 -7.226898
v -1.100128 29.259827 -7.262024
v -0.858719 28.626480 -7.333801
v -0.939133 28.627197 -7.382782
v -1.307693 29.731339 -7.297119
v -1.341400 29.811005 -7.303070
v -1.637268 30.351166 -7.306976
v -1.605942 30.444229 -7.346954
v -1.712051 30.337067 -7.335205
v -1.637039 30.589005 -7.340393
v -1.879303 31.043533 -7.371857
v -2.071289 31.430328 -7.361908
v -2.160110 31.536545 -7.363373
v -2.105927 31.452255 -7.367859
v -2.047577 31.475128 -7.347046
v -2.312210 31.852783 -7.321259
v -2.538345 32.026245 -7.288757
v -2.511948 31.961243 -7.303650
v -2.340500 31.430389 -7.264740
v -2.351059 31.729263 -7.219208
v -2.189240 31.408539 -7.249878
v -2.023438 31.224136 -7.248535
v -1.819183 30.379288 -7.356262
v -1.194733 28.628342 -7.497223
v -0.487869 26.848145 -7.554200
v -1.108276 28.627777 -7.465027
v -0.406799 26.847366 -7.509583
v 0.356964 25.070618 -7.421052
v 0.894943 23.296005 -7.456238
v 1.563431 21.501205 -7.304169
v 1.023071 23.293564 -7.316620
v 1.714294 21.497070 -7.066498
v 1.131546 23.290909 -7.164338
v -0.177322 26.845139 -7.342133
v -0.796448 28.622940 -7.291809
v 3.361374 16.138687 -6.490663
v 3.338455 16.140244 -6.579926
v 2.802597 17.922424 -6.814515
v 2.765961 17.923965 -6.902009
v 3.274567 16.143356 -6.758424
v 3.234451 16.144852 -6.844239
v 3.189133 16.146301 -6.927125
v 2.568909 17.929535 -7.221741
v 1.438599 21.503693 -7.446259
v 2.099991 19.708084 -7.247162
v 0.053207 25.074387 -7.637635
v -0.656219 26.849411 -7.627320
v -1.462662 28.629456 -7.561005
v -2.175873 30.407700 -7.392853
v -1.649078 28.629730 -7.576080
v -0.924164 26.850647 -7.697602
v 0.432892 23.301285 -7.758027
v -0.112549 25.075729 -7.714081
v 0.598434 23.299866 -7.677125
v 1.149567 21.507629 -7.671570
v 2.508759 17.930756 -7.291657
v 3.139679 16.147659 -7.005280
v 3.730713 14.363312 -6.660340
v 3.027557 16.150208 -7.150575
v 2.965454 16.151367 -7.217378
v -0.381592 25.077072 -7.791169
v 0.164749 23.302734 -7.841248
v 2.229065 17.934937 -7.530488
v 2.898010 16.152496 -7.281556
v 2.066223 17.936569 -7.624390
v 2.590530 16.156204 -7.494782
v 1.533234 17.686218 -7.794648
v -0.662064 25.077530 -7.817383
v 0.072174 23.303009 -7.857819
v -0.568100 25.077484 -7.814515
v -1.111191 26.850998 -7.716950
v -3.533752 32.288498 -6.908081
v -2.328934 28.270065 -7.450470
v -1.795761 26.508255 -7.611847
v -2.489090 28.268738 -7.373749
v -1.254456 24.746094 -7.730408
v 0.825562 19.450012 -7.878296
v 0.736786 19.450012 -7.878205
v 1.453644 17.686417 -7.805878
v 1.983414 15.922180 -7.696473
v 1.895020 15.922333 -7.705842
v 1.276306 17.686584 -7.815156
v 2.412308 14.144928 -7.556031
v 1.709961 15.922379 -7.708650
v 1.183838 17.686508 -7.811677
v -1.340729 24.745499 -7.696930
v -2.041763 26.506165 -7.491730
v -1.961060 26.506958 -7.537262
v -3.008575 30.029724 -7.166809
v -7.405655 35.228531 -3.902863
v -7.457840 34.344971 -3.422607
v -8.284546 36.956100 -2.590637
v -8.516708 37.825722 -2.271942
v -8.248413 37.839920 -3.085754
v -7.771698 38.737106 -4.352752
v -7.706161 36.099411 -3.653229
v -7.169052 36.995590 -4.852997
v -8.724854 38.694908 -1.935760
v -6.958511 44.666466 6.527405
v -6.637604 44.660721 6.856659
v -6.081360 46.396980 7.425080
v -6.759628 46.407799 6.805420
v -6.108841 48.397316 7.437562
v -8.787140 48.461403 3.766297
v -9.210220 48.484238 2.458039
v -8.800430 50.462029 3.769807
v -8.813370 52.462692 3.774049
v -8.448746 54.448708 4.613526
v -8.433044 52.448128 4.608003
v -8.416779 50.447487 4.603059
v -6.603485 60.406319 7.203737
v -5.938690 62.397087 7.820985
v -6.265320 60.400909 7.513399
v -5.572845 62.392265 8.097353
v -6.239624 58.399834 7.500428
v -6.213501 56.399162 7.488099
v -6.187485 54.398743 7.475923
v -6.161560 52.398285 7.463258
v -5.461395 54.388954 8.036805
v -3.036743 56.367828 9.283297
v -3.468964 56.370529 9.128664
v -2.630112 58.365952 9.441469
v -3.500641 58.371025 9.150942
v -2.663223 60.366798 9.467440
v -3.101578 60.369179 9.331423
v -2.185425 58.363976 9.554873
v -2.562714 54.365318 9.390595
v -3.403091 52.370003 9.083711
v -5.720200 46.392014 7.709351
v -6.799179 42.918869 6.552063
v -7.897400 37.716522 3.983643
v -8.081589 37.723297 3.595642
v -8.078156 35.986725 2.802033
v -8.205566 35.993637 2.406586
v -7.221237 32.238968 -2.808533
v -6.124191 29.694290 -3.701630
v -5.937958 29.699402 -3.994812
v -7.075867 32.245041 -3.156555
v -6.913193 32.250992 -3.497406
v -6.867035 32.600830 -3.755646
v -4.072586 31.258499 -6.362213
v -3.978210 31.170242 -6.455017
v -3.038788 28.259735 -6.858521
v -1.054977 22.980347 -7.643006
v -0.517395 21.213776 -7.679871
v 0.191071 19.447937 -7.759247
v -0.346008 21.215332 -7.768952
v -1.590286 24.743164 -7.563141
v -0.886551 22.981949 -7.735169
v -1.509033 24.744034 -7.613251
v -0.798981 22.982605 -7.773041
v -4.027893 31.641037 -6.519928
v 2.224503 14.145050 -7.563142
v 2.912903 12.366837 -7.365632
v 2.722519 12.367035 -7.377229
v 1.241348 15.920731 -7.613801
v 0.720551 17.684692 -7.707245
v 0.018570 19.446457 -7.674042
v 0.547134 17.683273 -7.625763
v 2.341583 12.366196 -7.329103
v 2.254501 12.365753 -7.303681
v 1.668930 14.143005 -7.445649
v 1.586472 14.142349 -7.407868
v -3.158508 28.254517 -6.627930
v -2.651093 26.493225 -6.796052
v -3.129517 28.266769 -6.548981
v -2.684692 26.492523 -6.710877
v -2.089859 24.733627 -7.016266
v -1.562363 22.971039 -7.109375
v -0.929199 21.207367 -7.312378
v -0.397659 19.440231 -7.317109
v 1.428848 14.140762 -7.317140
v 1.506271 14.141602 -7.364930
v 2.085678 12.364594 -7.236848
v 2.169174 12.365219 -7.272920
v 0.641785 15.913498 -7.199067
v 0.126724 17.677231 -7.279175
v -0.504166 19.437592 -7.165894
v -1.076614 21.203278 -7.077973
v -1.032196 21.204681 -7.159394
v -1.604828 22.969604 -7.027466
v -2.196396 24.729156 -6.760682
v -2.166092 24.730682 -6.848359
v -1.674438 22.966599 -6.855500
v -1.149765 21.200302 -6.907776
v -0.550308 19.436172 -7.085358
v -0.591232 19.434738 -7.002411
v 0.016769 17.674622 -7.129792
v 0.528915 15.910934 -7.052217
v 1.148331 14.136581 -7.077119
v 2.396561 10.602081 -6.943879
v 2.845871 8.840500 -6.702394
v 3.437149 7.083680 -6.505830
v 3.668411 5.625535 -6.208558
v 3.523834 5.555741 -6.110780
v 2.549637 8.836609 -6.479737
v 2.105774 10.598114 -6.715699
v 1.639175 12.358978 -6.914918
v 1.032501 14.134064 -6.933045
v -0.073593 17.671799 -6.968506
v -1.178299 21.198761 -6.819855
v -1.219360 21.195572 -6.637269
v -1.714310 22.828293 -6.379639
v -1.327347 21.517181 -6.319764
v -0.948212 20.217957 -6.240967
v -1.116577 20.785294 -6.285523
v -0.555115 18.842178 -6.472718
v -0.559113 18.840637 -6.384736
v 0.002151 16.895065 -6.432770
v -0.557938 18.839096 -6.296662
v -0.352264 18.120010 -6.274781
v -0.004761 16.893539 -6.344971
v 0.082535 16.463531 -5.490510
v -2.886948 24.786453 -5.328248
v -3.677750 25.543716 -5.006226
v -2.883484 24.134842 -5.144898
v -2.729416 23.518723 -5.070740
v -2.461441 23.176483 -5.142090
v -1.084503 16.585953 -4.070496
v -0.704437 9.660614 -2.580506
v -0.772171 6.442703 -2.125947
v -0.791519 7.547989 -2.226136
v -0.860336 8.405716 -2.345490
v -0.757507 8.423325 -2.339601
v -1.230316 10.947983 -2.715486
v -1.337677 10.932495 -2.694856
v -1.448685 11.781876 -2.811799
v -1.343399 11.795425 -2.847169
v -1.967239 14.299255 -3.121979
v -2.064438 14.288269 -3.060090
v -2.322586 15.116119 -3.097749
v -2.166382 14.275177 -3.006898
v -2.166168 14.933609 -3.156586
v -3.348877 15.814423 -2.856538
v -3.203613 14.964157 -2.878602
v -4.966217 20.680649 -2.386322
v -5.094376 21.561340 -2.284913
v -5.198608 21.535873 -2.240967
v -5.082108 20.653061 -2.359589
v -5.214966 20.165268 -2.417206
v -5.199783 20.624390 -2.343689
v -5.422882 21.024734 -2.255433
v -5.524399 21.908615 -2.091126
v -5.632294 21.880981 -2.071412
v -5.538834 20.995148 -2.256592
v -5.437317 20.564499 -2.346222
v -5.555145 20.533752 -2.364655
v -5.768234 20.935150 -2.290925
v -5.670700 20.502884 -2.393860
v -5.753433 21.396072 -2.167420
v -5.941925 22.701675 -1.845582
v -5.632767 22.333542 -1.995179
v -5.531448 22.360336 -2.028229
v -5.247910 22.435532 -2.176636
v -4.898163 21.608475 -2.398621
v -4.743149 20.731903 -2.470490
v -4.876465 22.534760 -2.562470
v -4.822311 22.549362 -2.656586
v -4.426071 21.513397 -2.867402
v -4.945190 22.925400 -2.602570
v -5.134613 23.399521 -2.465912
v -5.479645 24.225494 -2.151642
v -5.523026 24.207169 -2.066498
v -5.627716 24.166229 -1.907593
v -5.847641 25.020660 -1.731934
v -6.081635 25.868103 -1.519318
v -5.893494 24.999176 -1.656006
v -5.688324 24.143860 -1.834626
v -6.150406 25.825562 -1.369965
v -6.366562 26.665222 -1.119263
v -6.238083 25.779205 -1.231903
v -6.288513 25.754852 -1.167847
v -6.597809 26.521896 -0.736389
v -6.549438 26.547272 -0.793152
v -7.065369 28.948257 0.346985
v -7.197739 29.691177 0.839752
v -7.164490 29.287964 0.658264
v -7.185272 29.263153 0.701843
v -7.211761 29.666641 0.882019
v -7.227966 29.641983 0.923401
v -7.302475 30.314423 1.466308
v -7.325607 30.624146 1.774933
v -7.518799 28.484512 1.076477
v -7.558502 26.718414 0.334594
v -7.620804 26.715424 0.506164
v -7.644424 26.713852 0.596191
v -7.562820 28.474823 1.630768
v -7.371078 30.240921 2.371002
v -7.550079 28.473206 1.723572
v -7.744080 23.184753 -0.462189
v -7.721848 23.186340 -0.553406
v -7.693985 23.187927 -0.643189
v -7.648087 24.953171 -0.154206
v -7.612473 24.954636 -0.238251
v -7.532883 23.193695 -0.973999
v -7.525620 24.957458 -0.400116
v -7.422791 23.196289 -1.122467
v -7.474426 24.958801 -0.477265
v -7.460190 28.487549 0.902283
v -7.355225 24.961380 -0.624298
v -7.219910 23.199753 -1.321076
v -7.208435 29.238251 0.744141
v -7.088196 28.027252 0.177246
v -7.067612 23.201645 -1.429688
v -6.988083 23.202454 -1.476014
v -6.856354 21.428192 -2.080903
v -6.769272 21.428787 -2.115723
v -6.588806 21.429718 -2.168519
v -6.214233 19.655060 -2.751435
v -7.009735 28.078323 0.085510
v -6.841064 26.848969 -0.417481
v -6.990631 24.966446 -0.914643
v -6.899780 26.086197 -0.573822
v -6.823013 25.556580 -0.808380
v -5.943146 23.151291 -1.753083
v -6.233246 23.516266 -1.587281
v -6.234253 23.963440 -1.479615
v -6.325073 23.935791 -1.455323
v -6.369858 23.205338 -1.643158
v -6.308060 21.430344 -2.204529
v -6.313751 22.914352 -1.746460
v -6.121536 21.430252 -2.199402
v -6.055603 22.222046 -1.954041
v -6.161255 22.194229 -1.966156
v -6.069092 21.767944 -2.089234
v -5.844925 19.654343 -2.710450
v -5.782700 20.472244 -2.433197
v -5.686279 20.042358 -2.537873
v -4.290451 16.480820 -2.944916
v -4.729706 18.150879 -2.733186
v -1.886551 11.710892 -2.756043
v -2.662308 12.426346 -2.911439
v -3.016144 13.230682 -2.971864
v -3.115707 13.204010 -3.022920
v -2.762955 12.400406 -2.957185
v -2.044189 9.900833 -2.816773
v -2.006500 12.563629 -2.820558
v -1.765152 7.712280 -2.895540
v -1.818008 8.151733 -2.863191
v -0.735657 4.931732 -2.243440
v -0.675079 3.810608 -2.316774
v -0.904495 3.847778 -2.269563
v -0.458817 2.734177 -1.446840
v -0.193741 1.409103 -0.859498
v -0.158493 1.409256 -0.868471
v -0.345825 2.734833 -1.483796
v -0.119812 0.773972 -0.694459
v -0.122025 0.773956 -0.694032
v -0.400574 2.087509 -1.070833
v -0.616882 2.732773 -1.365724
v -0.605881 2.587387 -1.262636
v -0.431656 2.089478 -1.051973
v -0.695297 2.702042 -1.285066
v -0.725616 2.734451 -1.287294
v -0.440674 2.089218 -1.045595
v -0.326599 1.707779 -0.917817
v -0.279892 1.424179 -0.820558
v -0.468216 2.089005 -1.024782
v -0.278137 1.409119 -0.815370
v -0.156128 0.773727 -0.680482
v -0.305374 1.408707 -0.792055
v -0.407532 1.706558 -0.847780
v -0.520981 2.088181 -0.976716
v -0.574600 2.088074 -0.913942
v -0.630844 2.086411 -0.819276
v -0.645447 2.085831 -0.785768
v -0.370895 1.407410 -0.697969
v -0.195450 0.772949 -0.636384
v -0.196899 0.772888 -0.633211
v -0.675949 2.084030 -0.682435
v -1.049316 2.725861 -0.715944
v -1.057205 2.724838 -0.657502
v -0.681793 2.083405 -0.647004
v -0.391266 1.406219 -0.628999
v -0.204071 0.772461 -0.608858
v -1.442444 3.293808 -0.135255
v -0.378784 1.403687 -0.484102
v -0.934174 2.714737 -0.078615
v -1.297806 3.288223 0.185057
v -1.878769 3.769562 0.034850
v -2.317963 4.260269 0.593840
v -2.235413 4.155945 0.439452
v -1.824997 4.890564 0.114989
v -1.733917 6.402496 0.177886
v -5.038635 7.611542 2.917266
v -4.849564 8.742416 3.195678
v -5.172623 7.197327 2.860747
v -4.855133 9.072815 3.328307
v -4.915421 9.071823 3.384856
v -5.581146 5.321915 2.456847
v -4.445221 12.191711 4.345946
v -4.865295 10.433655 4.013427
v -5.260635 8.676208 3.646056
v -4.936554 10.430847 4.174132
v -4.560074 12.185913 4.677642
v -4.538208 12.187439 4.590240
v -4.123718 13.942764 5.060607
v -4.511169 12.188934 4.504394
v -4.065475 13.947296 4.801391
v -3.601257 15.706314 5.060210
v -3.165451 17.465698 5.533477
v -2.666977 19.230209 5.713562
v -2.659164 19.231705 5.628173
v -2.159760 20.996567 5.937652
v -2.155304 20.995071 6.023315
v -2.145279 20.993515 6.112701
v -1.586288 22.759125 6.378845
v -2.667206 19.227142 5.889312
v -2.659302 19.225571 5.979034
v -2.645523 19.223969 6.071411
v -3.152313 17.459320 5.899353
v -4.133194 13.941147 5.153533
v -3.647583 15.695358 5.688079
v -3.111053 17.456055 6.085784
v -2.600647 19.220764 6.254913
v -2.081543 20.988815 6.381835
v -2.108475 20.990372 6.292327
v -0.544540 25.959061 6.659881
v -0.661819 25.883499 6.496521
v -1.076859 24.613297 6.310974
v -1.350983 23.776108 6.127258
v -1.238525 24.223907 6.132659
v -0.895325 25.525864 6.269958
v -1.513870 23.414093 5.841644
v -1.612411 22.963776 5.835449
v -1.690918 22.612762 5.968505
v -3.316635 16.690460 5.132995
v -4.013412 13.949417 4.668242
v -3.761353 14.764359 4.702575
v -3.719666 14.765717 4.624572
v -3.287079 16.691910 5.049621
v -2.756638 18.634598 5.270538
v -3.216217 16.694641 4.893981
v -2.382935 19.905060 5.328399
v -2.218521 20.401611 5.205963
v -2.051498 21.232391 5.530670
v -1.937897 21.692017 5.525085
v -2.031097 21.294739 5.306884
v -2.118515 20.865036 5.197723
v -1.948822 21.752197 5.306701
v -1.969025 21.781357 5.199279
v -1.880508 22.205948 5.315063
v -1.914017 22.233917 5.214233
v -2.112320 21.411819 4.867004
v -2.215515 20.529221 4.735076
v -2.242722 20.558350 4.619689
v -2.339539 19.782028 4.399322
v -2.327789 20.612030 4.397521
v -2.446014 18.985123 4.041046
v -2.450638 20.658432 4.192199
v -2.271225 21.486877 4.567810
v -2.525101 20.678467 4.097869
v -2.607620 20.696167 4.010192
v -2.417130 21.528412 4.393096
v -2.500732 21.546143 4.315155
v -2.590820 21.561630 4.244415
v -2.891846 19.941406 3.546447
v -2.851929 19.118744 3.323669
v -2.738922 18.276047 3.212737
v -2.710007 17.441727 3.028075
v -2.682678 16.603546 2.853912
v -2.856934 15.029251 1.879119
v -2.751419 14.192871 1.708282
v -2.804840 14.206818 1.606597
v -2.608398 12.543152 1.191314
v -2.264618 20.038269 4.859375
v -2.199142 20.498779 4.852233
v -2.200607 20.434723 5.088684
v -2.117859 20.896652 5.082305
v -2.399567 19.599136 5.116851
v -2.575104 18.791122 4.968353
v -2.501816 18.143387 3.874786
v -2.686630 15.783401 2.575622
v -2.600891 13.218079 2.220702
v -2.616867 14.068649 2.373595
v -2.283707 9.956619 1.025420
v -2.266357 9.979935 0.920348
v -2.368393 10.809921 1.146941
v -2.581329 13.268738 1.997283
v -2.540253 12.418045 1.852080
v -2.364365 10.831879 1.038421
v -1.853378 7.505356 0.216491
v -1.834900 7.526398 0.118468
v -1.982086 8.379028 0.197722
v -1.987671 8.359528 0.300231
v -2.299301 10.074280 0.388946
v -2.330505 10.087723 0.285949
v -2.469101 10.916214 0.506377
v -3.388351 13.346634 -0.432069
v -1.713806 6.423157 -1.005464
v -0.981903 2.729813 -0.942781
v -1.593979 3.412476 -0.711824
v -1.609436 3.419983 -0.618501
v -1.609848 4.901215 -0.495149
v -1.602585 6.413574 -0.456697
v -1.807693 3.675980 -0.082979
v -1.280746 3.314285 -1.308259
v -1.643097 3.647736 -1.296235
v -1.784134 4.916992 -1.399415
v -1.733704 3.839188 -1.536073
v -1.835999 3.968994 -1.653077
v -1.875443 4.018799 -1.701539
v -1.856644 4.049118 -1.781038
v -1.831863 4.918396 -1.480104
v -1.895889 6.428787 -1.327974
v -1.953812 6.430069 -1.401521
v -1.842896 6.628998 -1.190553
v -2.181763 6.499100 -1.609254
v -2.141541 4.924561 -1.833009
v -2.168472 4.320114 -1.955659
v -2.242538 4.382050 -1.999818
v -2.187668 4.689087 -2.807130
v -1.331696 3.843002 -1.999177
v -2.687241 5.009933 -3.266053
v -2.257080 5.295731 -4.592226
v -1.544113 4.778107 -3.414247
v -1.879059 5.031433 -3.859987
v -1.520813 4.711288 -3.288209
v -1.220169 4.397308 -2.873445
v -1.194061 4.315506 -2.758149
v -1.072891 4.210144 -2.666505
v -1.198105 4.939590 -2.693666
v -1.292938 6.449478 -2.513490
v -3.415726 7.238602 -5.567872
v -3.829651 9.010696 -5.241578
v -3.885162 9.011749 -5.301820
v -4.348541 10.785080 -4.994447
v -4.277756 10.784073 -4.936738
v -4.716095 12.556747 -4.591310
v -4.794495 12.557571 -4.638246
v -4.971283 14.323074 -4.114686
v -5.436188 16.091110 -3.735230
v -5.795990 17.873428 -3.263398
v -5.617493 17.872620 -3.216523
v -6.026764 19.654892 -2.742127
v -5.934418 19.654663 -2.728882
v -5.888077 17.873703 -3.278748
v -5.615448 16.091995 -3.786805
v -5.708176 16.092316 -3.804414
v -5.307037 14.325729 -4.266389
v -5.218811 14.325195 -4.235871
v -4.501678 10.786880 -5.097505
v -4.020355 9.013885 -5.424592
v -4.172760 9.015762 -5.532258
v -3.660004 7.243134 -5.828401
v -3.389175 5.547104 -6.266297
v -4.757004 10.788971 -5.217134
v -5.051208 12.559555 -4.751771
v -5.490433 14.326508 -4.311280
v -5.801956 16.092514 -3.816224
v -5.896194 16.092621 -3.822144
v -6.170822 17.873901 -3.290314
v -6.076416 17.873947 -3.292359
v -6.265106 17.873764 -3.282288
v -6.084076 16.092514 -3.816163
v -5.678131 14.326889 -4.332917
v -5.233658 12.560410 -4.800538
v -4.938507 10.789886 -5.269776
v -4.426376 9.017960 -5.657929
v -4.062012 7.247376 -6.071107
v -4.605835 9.018936 -5.714021
v -3.798187 5.717225 -6.429963
v -3.928268 5.780671 -6.454530
v -4.788681 9.019501 -5.746614
v -5.307480 10.790482 -5.304322
v -5.605621 12.560867 -4.827577
v -5.123413 10.790390 -5.298768
v -5.865250 14.326843 -4.330689
v -5.419937 12.560837 -4.825929
v -6.762680 19.653122 -2.640198
v -7.020233 21.426727 -1.996918
v -7.177200 21.424866 -1.890290
v -6.931015 19.651703 -2.558655
v -6.624847 17.872208 -3.193513
v -6.447037 16.091095 -3.734772
v -6.230972 14.325562 -4.256776
v -6.621201 16.089798 -3.659943
v -6.797440 17.870850 -3.114777
v -7.382599 21.421494 -1.697724
v -7.297714 19.646637 -2.269135
v -6.406326 14.324326 -4.185731
v -5.975632 12.559723 -4.761262
v -4.975494 9.019669 -5.756410
v -4.420105 7.249039 -6.166718
v -4.253540 5.954529 -6.468232
v -5.681198 10.789474 -5.245912
v -6.150345 12.558563 -4.694612
v -7.167618 17.865967 -2.835541
v -7.412994 19.644165 -2.127594
v -7.495255 21.418961 -1.552674
v -7.589645 21.416199 -1.394440
v -7.629791 21.414734 -1.310578
v -7.058701 16.083923 -3.323548
v -6.714401 14.320847 -3.987061
v -4.889969 7.248887 -6.157960
v -4.773666 6.271760 -6.358949
v -5.730667 5.538071 -4.173585
v -3.446350 5.567521 -6.298585
v -3.077698 5.470124 -6.000672
v -5.511795 5.448135 -3.917451
v -5.631119 5.913132 -3.839448
v -5.960739 7.719147 -3.390382
v -6.116333 9.522461 -2.786408
v -6.253830 9.524643 -2.911988
v -6.366440 11.284988 -2.300721
v -6.578415 13.047134 -1.793397
v -6.505692 11.287109 -2.422395
v -6.373184 9.527084 -3.051270
v -6.077591 7.721634 -3.533784
v -6.174530 7.724335 -3.687776
v -5.839249 5.918457 -4.144197
v -6.216690 7.725784 -3.770967
v -6.425888 9.528381 -3.125581
v -6.519104 9.531204 -3.287385
v -6.682648 11.290771 -2.632783
v -6.895187 14.832855 -1.374604
v -6.902359 13.052826 -2.119447
v -6.955307 13.054184 -2.197755
v -6.779724 11.293579 -2.793733
v -6.820801 11.295074 -2.879060
v -5.902573 5.705399 -4.465943
v -6.027481 6.051987 -4.891908
v -6.938034 11.302353 -3.296296
v -6.675339 9.543320 -3.981874
v -7.104507 13.059570 -2.506166
v -7.071381 13.058060 -2.420259
v -7.174271 14.838776 -1.713258
v -7.219559 14.840164 -1.793610
v -7.194824 18.390656 -0.330994
v -7.261795 18.391830 -0.398011
v -7.099960 16.617432 -0.888581
v -7.050003 18.388565 -0.211030
v -7.031113 16.616318 -0.825226
v -6.972824 18.387650 -0.158661
v -6.894379 18.386826 -0.112244
v -6.856216 20.159317 0.488128
v -6.772079 20.158722 0.522644
v -6.376251 24.967712 2.082214
v -6.274307 26.748215 2.667755
v -6.035706 24.424744 1.995666
v -6.051086 26.021484 2.519806
v -6.020706 27.639771 3.074371
v -6.901871 25.460022 2.086639
v -7.036743 25.461411 2.006836
v -7.112030 25.462341 1.953491
v -7.184830 25.463379 1.894775
v -7.264450 23.692902 1.327881
v -7.332092 23.694031 1.263366
v -7.395309 23.695236 1.194885
v -7.472839 20.168213 -0.021363
v -7.523804 20.169571 -0.099213
v -7.570435 20.171005 -0.181397
v -7.510300 18.398026 -0.753327
v -7.549881 18.399521 -0.839112
v -7.583862 18.401062 -0.927033
v -7.187714 13.067596 -2.966279
v -6.938446 11.308929 -3.673097
v -5.941177 6.694626 -5.432038
v -6.097153 7.751633 -5.252717
v -6.523026 9.554337 -4.613557
v -6.813934 11.316605 -4.113038
v -6.437241 9.557007 -4.766145
v -5.828018 6.961518 -5.595155
v -6.379776 10.781815 -4.807191
v -6.665222 12.551804 -4.307801
v -6.778656 12.549194 -4.158296
v -7.021896 14.314743 -3.636933
v -7.271683 16.078568 -3.016358
v -7.312531 16.077087 -2.931855
v -6.969116 14.316101 -3.714600
v -6.601700 12.553009 -4.376985
v -6.911606 14.317398 -3.788850
v -7.434540 17.859360 -2.456788
v -7.118530 16.082687 -3.252442
v -6.533936 12.554138 -4.442109
v -6.783966 14.319778 -3.925263
v -5.937973 10.787704 -5.144837
v -5.605789 9.017136 -5.611360
v -5.068420 7.248139 -6.114533
v -5.012848 6.435929 -6.257173
v -7.665085 21.413223 -1.223450
v -7.623352 19.636917 -1.711701
v -7.683228 25.478470 1.029998
v -7.531113 27.245819 1.776153
v -7.307983 29.012436 2.503143
v -7.576141 25.472534 1.369812
v -7.706100 23.705246 0.620453
v -7.728683 23.706802 0.531616
v -7.771271 21.945892 -0.224823
v -7.762131 21.944366 -0.137970
v -7.548920 16.637650 -2.047944
v -7.551285 16.636047 -1.955994
v -7.652100 18.405853 -1.201386
v -7.663284 18.407471 -1.294434
v -7.538834 16.632782 -1.768952
v -7.389877 14.852783 -2.515961
v -7.647690 20.174011 -0.353821
v -7.586853 21.935135 0.391387
v -7.667831 21.938110 0.220245
v -7.699921 21.939651 0.132019
v -7.678101 23.703720 0.707946
v -7.534973 25.471054 1.454010
v -7.036774 29.005859 2.880218
v -7.199112 27.236191 2.327270
v -6.642181 30.748337 3.559784
v -6.896149 29.003677 3.005890
v -6.646606 31.640137 3.759186
v -7.014450 30.779526 3.202911
v -7.065125 30.780853 3.126404
v -7.345322 29.013840 2.423614
v -6.946930 32.283630 3.453186
v -7.003525 32.285614 3.340027
v -6.386703 30.759476 3.779083
v -6.088898 29.297302 3.574646
v -4.991776 25.439590 3.372070
v -3.166122 18.333725 2.770690
v -2.995926 15.424683 1.848327
v -2.855240 14.076752 1.463073
v -2.866898 14.218399 1.509582
v -2.924469 15.040512 1.784484
v -4.203995 18.343460 1.079101
v -4.825012 21.519745 1.721038
v -4.246658 18.336807 0.961547
v -3.935120 16.908691 0.751861
v -3.758133 13.242188 -0.882417
v -4.977753 23.094009 2.277404
v -4.871445 22.638153 2.228179
v -2.301056 6.435379 -1.705934
v -5.600281 7.714127 -3.103029
v -5.825333 7.716873 -3.260621
v -6.164627 13.043381 -1.577973
v -6.335510 14.827301 -1.056031
v -6.465240 16.610977 -0.519562
v -6.367523 18.383804 0.061645
v -6.551788 18.384445 0.024902
v -6.752792 14.830887 -1.261323
v -6.719238 13.049179 -1.910890
v -6.807144 16.613525 -0.665650
v -6.884338 16.614365 -0.713746
v -6.595215 20.157776 0.576904
v -6.641754 18.384903 -0.001923
v -6.503311 20.157440 0.596069
v -6.410492 20.157196 0.609527
v -6.160034 14.826553 -1.012605
v -6.281479 16.610275 -0.478760
v -3.294113 5.019257 -2.574922
v -2.279526 8.299179 -1.164979
v -1.760559 6.668289 -1.019899
v -2.735779 13.382919 1.342162
v -2.184738 25.402420 5.501464
v -2.028580 23.201065 5.055664
v -1.664169 24.893082 5.576904
v -1.316330 25.698776 5.893768
v -1.080322 26.538773 6.124633
v -1.226410 26.578323 6.082336
v -1.298874 26.651733 6.082733
v -1.544891 25.758575 5.799224
v -1.301605 26.596329 6.068176
v -1.625275 25.775879 5.778076
v -0.154541 29.546707 6.945435
v 1.138306 32.101608 7.503906
v 0.835281 30.408188 7.106842
v -7.004227 32.475555 3.421204
v -5.798050 34.184555 5.767670
v -5.829697 35.926895 6.230286
v -5.128738 37.660538 7.191132
v -5.507263 34.179779 6.040466
v -5.203461 34.175278 6.298706
v 2.791702 32.410980 7.120544
v 4.084457 32.422684 6.450073
v 3.921631 32.132858 6.480072
v 3.957321 32.122513 6.440338
v 3.950180 32.079041 6.447754
v 3.734650 31.939758 6.575531
v 3.331863 32.048843 6.820740
v 3.135239 32.138748 6.920258
v 3.169037 32.230927 6.915436
v 2.431870 31.757294 7.127930
v 2.587051 32.002213 7.105530
v 2.138885 31.390228 7.145172
v 1.751968 29.798843 7.261230
v 1.043152 28.031662 7.339752
v 1.658188 29.799026 7.250793
v 1.862854 30.718750 7.153778
v 1.678741 30.577576 7.136841
v 1.512756 30.167877 7.150391
v 1.404541 30.239532 7.114532
v 1.211426 29.855438 7.105560
v 0.699615 28.033844 7.215210
v 1.029404 29.462158 7.098633
v 0.779312 29.104202 7.036865
v 0.617645 28.686600 7.020569
v 0.012756 26.268661 7.177215
v -0.524353 24.506790 7.185272
v 0.164673 26.267029 7.270751
v 0.952011 28.032074 7.315674
v -0.372833 24.505066 7.283416
v -0.117874 24.503067 7.398223
v 0.603683 26.264328 7.425231
v 1.325928 28.030991 7.378113
v 2.038712 29.798904 7.257721
v 0.698227 26.264069 7.440032
v 0.793243 26.263916 7.448913
v 1.516449 28.031067 7.374023
v 1.608994 28.031250 7.363098
v 1.074249 26.264084 7.439331
v 0.888489 26.263870 7.451721
v 0.348251 24.501617 7.481262
v 0.160507 24.501892 7.466003
v -0.380569 22.740448 7.449005
v -1.108978 20.972061 7.341796
v -0.566238 22.741196 7.406036
v -0.026413 24.502579 7.426635
v -1.453674 20.974854 7.181274
v -2.140640 19.208572 6.952728
v -1.604721 20.976730 7.073425
v -0.913300 22.743866 7.253387
v -1.064301 22.745667 7.150573
v -2.331100 19.211960 6.759033
v -2.855087 17.447266 6.589813
v -3.465317 15.685913 6.229766
v -3.366379 15.683273 6.380675
v -3.246689 15.680801 6.522460
v -3.861710 13.924072 6.132049
v -4.432068 12.168289 5.687224
v -3.958267 13.926773 5.977050
v -2.956177 17.449829 6.442901
v -1.804459 20.980148 6.877990
v -1.329910 22.750305 6.884155
v -0.800034 24.511414 6.919738
v -1.436920 22.753082 6.725097
v -1.965836 20.984238 6.644104
v -2.490341 19.216141 6.519744
v -1.862900 20.981445 6.803955
v -2.443390 19.214706 6.601562
v -4.093597 13.932892 5.626250
v -4.559372 12.174408 5.336516
v -5.029495 10.419525 4.822326
v -5.003708 10.416275 5.009063
v -5.834152 6.907196 4.072539
v -5.422607 8.658661 4.650756
v -6.018036 5.973022 3.988311
v -6.068359 5.710602 3.522216
v -5.445862 8.662018 4.458770
v -5.443954 8.665329 4.268706
v -5.799316 6.913971 3.684783
v -5.031418 10.422867 4.630706
v -4.588943 12.177689 5.148772
v -4.127213 13.936188 5.437621
v -3.610184 15.692078 5.875701
v -4.588791 12.182693 4.862182
v -4.594772 12.181030 4.957519
v -5.009537 10.426178 4.440978
v -5.418060 8.668640 4.079131
v -6.047791 5.601212 3.301329
v -5.966431 5.468338 2.995970
v -3.359421 5.280991 4.734068
v -3.053009 7.041260 5.196349
v -2.514862 8.806442 5.377288
v -2.019760 10.577042 5.589202
v -2.068573 10.575638 5.669250
v -2.630173 8.803848 5.525207
v -2.122253 10.574310 5.746032
v -2.693741 8.802673 5.592620
v -2.905228 8.799622 5.767760
v -3.494675 7.035522 5.525054
v -4.085709 5.551224 5.305877
v -3.851135 7.033401 5.645995
v -3.149582 8.797272 5.902709
v -3.237793 8.796646 5.937865
v -2.526443 10.567810 6.118163
v -0.764282 15.888733 6.539489
v -1.553024 14.110535 6.608642
v -0.893570 15.886368 6.674834
v -0.239838 17.674683 6.676513
v -0.367783 17.672241 6.816314
v -1.040939 15.884277 6.794646
v -2.301575 12.335205 6.515136
v -1.120010 15.883347 6.847564
v -1.799789 14.108154 6.745605
v -2.476044 12.334167 6.574981
v -0.588211 17.669159 6.992584
v -1.282089 15.881821 6.935607
v -0.666733 17.668320 7.040863
v -1.368423 15.881165 6.972564
v -1.974380 14.107040 6.809722
v -2.064926 14.106613 6.833495
v -2.848114 12.333237 6.627990
v -1.547760 15.880173 7.029784
v -0.834976 17.666870 7.123535
v -1.013931 17.665802 7.184844
v -2.942673 12.333252 6.626494
v -2.440369 14.105957 6.871001
v -3.129272 12.333618 6.606109
v -2.626205 14.106247 6.854796
v -1.921005 15.879379 7.075164
v -2.014221 15.879425 7.072021
v -2.716064 14.106522 6.838561
v -3.395386 12.334854 6.534789
v -2.701202 15.674393 6.889281
v -3.374054 13.916336 6.574798
v -3.453583 13.917191 6.526244
v -3.531555 13.918152 6.471526
v -4.156311 12.161652 6.067321
v -4.087067 12.160522 6.132964
v -4.678604 10.404587 5.677917
v -5.222000 8.649658 5.166411
v -4.792160 10.407272 5.523894
v -4.221512 12.162872 5.997283
v -3.676773 13.920303 6.347503
v -3.743469 13.921509 6.278777
v -4.884506 10.410141 5.359588
v -5.991516 6.033478 4.087157
v -5.624527 6.894928 4.775970
v -5.673401 6.493683 4.743438
v -5.111847 8.646942 5.322448
v -5.049789 8.645676 5.394713
v -4.476791 10.401108 5.876983
v -4.915527 8.643433 5.523650
v -5.458405 6.890915 5.005675
v -4.502228 8.798553 5.828918
v -4.035477 10.566940 6.168273
v -3.878494 10.565659 6.241118
v -3.792587 10.565109 6.272124
v -4.421722 8.797806 5.871917
v -4.853348 7.035873 5.504455
v -4.953613 6.382858 5.386596
v -4.251678 8.796555 5.943572
v -3.612030 10.564301 6.319030
v -3.518814 10.564041 6.334228
v -3.978043 8.795364 6.011962
v -4.686127 6.066559 5.434813
v -4.409851 7.033248 5.655181
v -3.789612 8.795059 6.028716
v -3.330231 10.563812 6.347075
v -4.542114 5.919128 5.430572
v -3.420227 8.795715 5.991546
v -2.959427 10.564590 6.302062
v -2.780853 10.565582 6.245177
v -5.516983 6.659897 4.941894
v -2.593277 17.442688 6.851806
v -3.107437 15.678543 6.651610
v -3.031555 15.677521 6.709899
v -1.647736 19.203674 7.233917
v -0.926346 20.971252 7.387939
v -0.928635 19.451111 7.358886
v -0.369522 21.228271 7.435485
v 0.354462 23.006470 7.451782
v 1.622833 26.560074 7.330200
v 2.326996 28.347076 7.152344
v 2.486801 28.348679 7.060150
v 1.167068 24.783752 7.364440
v 1.253479 24.784363 7.329345
v 0.532928 23.007141 7.413604
v 0.444244 23.006760 7.435424
v -0.196869 21.228470 7.423584
v 0.621964 23.007629 7.385864
v -0.562286 19.451782 7.320312
v 0.163086 21.230072 7.331604
v 1.337646 24.785065 7.288940
v 1.956100 26.562820 7.173400
v 2.109406 26.564743 7.063018
v 2.772293 28.352951 6.815521
v 1.575806 24.787735 7.135803
v -0.381180 19.452713 7.266448
v -1.105881 17.665421 7.206939
v -0.293488 19.453339 7.231140
v 0.416245 21.232300 7.204071
v 1.109818 23.012482 7.106811
v 2.247894 26.566986 6.934234
v 2.941574 28.356110 6.588989
v 2.986679 28.358292 6.509766
v 0.568314 21.234207 7.094482
v -0.126266 19.454849 7.144683
v 0.026871 19.456696 7.039093
v 0.097733 19.457733 6.979858
v 2.511185 26.572922 6.550048
v 3.007278 28.359375 6.330536
v 2.888885 27.860718 6.302979
v 3.138840 28.859299 6.351837
v 3.279861 29.348419 6.366974
v 2.582382 26.576752 6.374572
v 2.675827 26.856201 6.232269
v 1.988419 24.796539 6.631347
v 0.928284 21.241730 6.663940
v 0.292023 19.461365 6.771606
v -0.438278 17.671127 6.880126
v 0.396729 19.464066 6.616424
v 0.970840 21.243164 6.581634
v 1.567337 23.024628 6.411438
v 1.008041 21.244644 6.497100
v 1.591599 23.026154 6.323394
v 0.479492 19.466934 6.452636
v -0.133255 17.677307 6.525482
v -0.655182 15.891296 6.391997
v -1.273148 14.114853 6.361236
v -1.767288 12.341690 6.143493
v -2.449463 10.568695 6.066741
v -3.064026 8.797958 5.862212
v -1.707764 12.342896 6.074553
v -1.161545 14.117371 6.217193
v -1.111786 14.118744 6.139037
v -0.564926 15.894089 6.232055
v 0.019302 17.683136 6.191986
v 0.541611 19.469940 6.279754
v -0.047333 17.680130 6.364746
v 1.065796 21.247665 6.324157
v -1.026855 14.121628 5.973357
v -1.600204 12.345535 5.923797
v -1.553146 12.346939 5.842834
v -0.992065 14.123154 5.886352
v -0.938995 14.126282 5.706634
v -1.529282 9.875259 3.625884
v -1.233215 6.377838 1.590850
v -1.347092 5.201584 1.504332
v -1.125046 6.380035 1.465361
v -1.332733 6.375290 1.737212
v -1.005295 6.381958 1.354186
v -0.827209 6.485855 1.240477
v -0.664154 6.385696 1.140960
v -0.641830 6.586746 1.160308
v -0.717056 4.874252 1.048857
v -0.934464 3.666367 1.029906
v -0.980881 3.703918 1.050719
v -1.056396 4.871506 1.206328
v -1.119812 3.793823 1.081389
v -1.213043 3.918304 1.193602
v -1.347290 3.996719 1.220549
v -1.444046 4.162582 1.422210
v -1.545929 4.285522 1.568022
v -4.179810 5.186920 1.641814
v -2.850327 4.640015 0.934233
v -1.081711 3.283478 0.456481
v -0.902618 2.713837 -0.027467
v -0.791336 2.711411 0.111296
v -0.598999 2.076660 -0.260499
v -0.364456 1.403091 -0.450014
v -0.617294 2.077209 -0.292238
v -0.198547 0.771515 -0.554262
v -0.199570 0.771561 -0.557039
v -0.508820 2.074707 -0.148164
v -0.312286 1.401794 -0.376008
v -0.373276 1.696457 -0.268953
v -0.284729 1.401398 -0.350892
v -0.270233 1.401215 -0.340059
v -0.389130 2.707275 0.359313
v -0.527527 3.430023 0.935302
v -0.877121 3.280853 0.622283
v -0.452423 2.073975 -0.099946
v -0.749207 2.710693 0.152312
v -0.458389 6.582993 1.089232
v -0.285507 6.387680 1.026244
v -0.356628 4.875458 0.979979
v -0.204208 3.390488 0.956176
v 0.501266 6.386230 1.109679
v 0.174057 6.703568 1.055724
v 0.391663 7.524643 1.248809
v 0.190964 7.556107 1.247741
v 0.452545 8.373795 1.424346
v 0.630020 9.205688 1.591704
v 0.502548 9.585800 1.706084
v 0.785812 11.013092 1.999724
v 0.613983 10.061295 1.800323
v -0.655945 9.932999 2.128570
v -0.747971 9.909424 2.187652
v 1.842316 21.452682 4.492279
v 2.173859 22.987122 4.799011
v 2.686630 24.606888 4.978942
v -0.796402 11.515900 2.806792
v -0.871872 11.488708 2.890075
v 3.073380 27.428665 5.721558
v 3.530487 29.022415 5.825073
v 7.764755 39.609535 -4.212371
v 7.772049 41.364189 -4.531433
v 8.388031 46.592400 -3.770232
v 8.010681 52.605133 -4.387053
v 8.231155 52.598122 -3.984801
v 7.532364 54.618164 -5.094665
v 7.789734 54.611534 -4.714965
v 6.377213 58.641747 -6.358947
v 5.710342 60.652557 -6.903716
v 5.683533 58.652237 -6.959746
v 6.352188 56.641884 -6.417388
v 3.394028 64.677872 -8.175810
v 3.362427 62.677155 -8.223967
v 2.559494 66.683739 -8.430876
v 2.526672 64.683113 -8.476255
v 0.793243 68.690231 -8.737822
v 0.759247 66.689789 -8.777525
v -0.089066 70.691216 -8.744444
v -0.123291 68.690987 -8.780912
v -3.995438 76.676254 -7.795073
v -4.026047 74.676147 -7.814238
v -4.437958 74.672615 -7.611937
v -4.810333 76.668892 -7.373564
v -5.201447 76.664703 -7.133390
v -0.650345 64.689400 -8.836363
v 0.233307 62.688637 -8.881498
v 1.983536 58.682999 -8.722166
v 2.428223 58.681015 -8.608793
v 2.834854 56.678589 -8.520414
v 3.267090 56.675896 -8.365812
v 5.547043 48.653503 -7.239501
v 6.226303 46.643707 -6.709777
v 6.435806 44.893936 -6.503814
v 5.518311 46.653931 -7.295623
v 3.201202 52.676239 -8.460509
v 2.360825 54.681053 -8.697569
v 2.327042 52.681145 -8.741576
v 0.166275 58.687080 -8.956022
v 0.624390 58.686646 -8.931181
v -0.718536 60.687462 -8.903013
v -0.328278 56.686783 -8.989378
v 0.554871 54.686401 -9.004087
v -0.360672 54.686729 -9.023069
v 0.522675 52.686371 -9.040679
v 1.850739 50.683029 -8.891265
v 2.705276 48.679031 -8.701690
v 2.295959 50.681183 -8.785186
v 3.138412 48.676453 -8.554290
v 3.168732 50.676338 -8.507873
v 4.359726 46.666885 -8.037505
v 5.748642 44.904564 -7.113098
v 6.274734 43.148125 -6.581512
v 6.099457 44.899399 -6.816925
v 7.276794 41.377289 -5.281738
v 7.002502 41.383507 -5.637725
v 7.543610 39.616188 -4.593750
v 6.120331 26.741425 1.058746
v 6.448242 27.802902 0.595276
v 6.361832 27.456604 0.673706
v 6.371780 27.439346 0.606048
v 6.590088 28.181381 0.178192
v 6.796600 28.907272 -0.399231
v 6.613419 28.142059 0.054993
v 6.822830 28.864609 -0.506897
v 6.448257 27.362183 0.346161
v 6.507355 27.319626 0.225403
v 6.671432 28.078888 -0.122315
v 6.859207 28.820648 -0.610962
v 6.541824 27.297577 0.167999
v 6.653946 27.653671 -0.056610
v 6.689743 27.630936 -0.109863
v 6.620209 27.252213 0.060058
v 6.500595 26.894547 0.274505
v 6.458038 26.917099 0.329162
v 6.120850 25.752884 0.822418
v 5.597961 24.103897 1.356903
v 5.784439 24.967560 1.198211
v 6.070755 25.774216 0.882171
v 5.141693 23.313324 1.751159
v 5.472534 24.143463 1.488128
v 5.276215 23.275879 1.611023
v 5.350510 23.255234 1.548889
v 5.102661 22.409424 1.711090
v 5.190323 22.386703 1.658172
v 6.100616 24.858170 0.923919
v 6.423569 25.637878 0.581543
v 6.441528 26.065628 0.479461
v 6.030182 24.881393 0.969543
v 6.503464 26.041855 0.437774
v 6.493027 25.613800 0.546570
v 6.564590 25.589661 0.516327
v 6.539291 25.043106 0.677643
v 6.619385 24.935181 0.658661
v 6.535126 24.934555 0.690307
v 6.705780 24.935852 0.620056
v 6.526382 23.149872 1.186309
v 6.435471 23.149429 1.211853
v 6.198547 21.347229 1.738678
v 6.146805 23.030426 1.287506
v 6.061111 23.058075 1.287078
v 5.997879 22.318100 1.478179
v 5.673218 22.256775 1.507995
v 5.678635 21.800873 1.599731
v 5.574036 21.830215 1.599548
v 5.572357 22.284546 1.521575
v 5.469818 21.858932 1.608245
v 5.473099 22.311554 1.543701
v 4.826797 20.667648 1.875640
v 4.718048 20.692902 1.908813
v 4.409958 19.853745 2.018859
v 4.612183 20.716583 1.951171
v 4.598206 19.815826 1.971740
v 4.098160 19.041748 2.103210
v 3.146988 15.726212 2.196716
v 1.804611 12.478668 2.047271
v 1.684662 11.628708 1.953063
v 2.561066 12.310776 2.178130
v 0.945480 9.153595 1.589324
v 0.840515 9.172653 1.582366
v 1.036194 10.004791 1.724151
v 0.928970 10.021805 1.730926
v 1.135788 10.852905 1.864745
v 1.246796 11.697693 2.011230
v 0.819946 10.890945 1.953429
v 1.862549 14.193878 2.346893
v 2.483704 15.834320 2.398040
v 2.656784 16.668808 2.494079
v 1.949921 14.790298 2.462096
v 1.765350 14.202713 2.409087
v 2.694046 24.011505 4.781799
v 3.490997 25.416641 4.687103
v 3.301422 18.303329 2.423675
v 3.123688 17.469040 2.366668
v 3.772507 19.097443 2.252807
v 3.949997 19.931366 2.270385
v 4.226044 21.425674 2.406372
v 4.735199 22.500595 2.068725
v 4.980850 23.358322 1.995514
v 5.028503 23.344955 1.910003
v 5.082245 23.329926 1.828430
v 4.866089 22.469055 1.908569
v 4.797653 22.485718 1.986053
v 4.591599 21.625488 2.033935
v 4.411942 20.758606 2.061798
v 4.259766 19.881668 2.077514
v 4.763336 21.586624 1.900573
v 4.940063 22.450714 1.836669
v 0.691666 6.485901 1.196349
v 0.705170 3.791809 1.196837
v 0.994873 4.241226 1.701445
v 0.870361 4.137009 1.600341
v 0.670868 3.929535 1.391356
v 1.105621 3.796173 0.946990
v 1.262634 4.243896 1.548980
v 1.272354 3.998428 1.123137
v 1.321686 4.617386 2.244902
v 1.342224 4.677155 2.368895
v 1.680008 4.916656 2.827544
v 2.485352 4.914017 2.228911
v 1.985794 4.609406 1.759063
v 3.092224 4.947449 1.538512
v 1.943771 4.255188 0.884429
v 1.534576 4.236023 1.326781
v 2.040649 4.330704 0.941527
v 1.972275 4.271210 0.891936
v 2.173019 6.392288 0.763183
v 2.100616 6.393036 0.720427
v 3.044571 5.305542 5.145598
v 3.817123 8.834763 4.526641
v 4.759842 12.400192 3.946441
v 4.465897 10.615540 4.347075
v 4.938873 12.399139 4.006560
v 5.196060 14.185501 3.580352
v 5.966995 17.758545 2.704986
v 5.778168 17.758575 2.703063
v 5.105118 14.185944 3.555053
v 4.674469 12.400848 3.908599
v 5.323395 15.972595 3.113158
v 4.930771 14.187103 3.488647
v 4.848724 14.187805 3.448425
v 5.234589 15.973099 3.084625
v 5.413727 17.759842 2.630920
v 5.066589 15.974335 3.013091
v 4.437912 12.403320 3.767058
v 4.700607 14.189377 3.358733
v 4.994370 15.975021 2.974456
v 4.871109 15.632584 3.005645
v 4.680176 14.465561 3.252044
v 2.814255 13.140015 2.221770
v 3.001724 14.875702 2.189086
v 4.296844 18.122116 2.112457
v 5.143784 18.839478 2.198180
v 4.190826 16.359299 2.362334
v 5.299362 19.647125 2.045105
v 5.280075 18.534210 2.351562
v 5.327927 17.760376 2.599700
v 5.473969 19.547226 2.140167
v 5.407104 19.616974 2.093963
v 5.375565 20.978409 1.767059
v 5.367355 21.433624 1.689453
v 5.062302 20.158722 1.900176
v 5.050186 20.612854 1.838531
v 4.722946 19.789032 1.955840
v 5.914597 19.545670 2.229644
v 6.385056 21.347748 1.708953
v 6.476685 21.348160 1.685302
v 6.701782 23.151062 1.118621
v 6.757233 26.368271 0.181640
v 6.868591 24.937469 0.527771
v 6.828003 26.723083 0.028198
v 6.818253 26.807220 -0.007813
v 6.758224 26.777176 0.047149
v 6.699539 26.389893 0.210815
v 6.701416 26.800980 0.085968
v 6.883362 27.332169 -0.248841
v 6.864975 27.942947 -0.434509
v 6.826004 27.966110 -0.387390
v 6.663940 27.229034 0.009949
v 7.139603 30.517624 -1.547760
v 7.167343 30.988831 -1.746094
v 7.189209 31.381882 -2.004333
v 7.203293 31.337250 -2.028839
v 7.167099 30.488968 -1.609314
v 6.961349 28.730362 -0.804382
v 6.932281 28.753113 -0.758148
v 7.179260 30.453262 -1.625672
v 7.116196 29.706696 -1.327301
v 7.206467 30.947021 -1.843628
v 7.220779 28.518112 -1.031494
v 7.158661 30.239929 -1.691803
v 7.210526 31.317719 -2.038330
v 7.179718 30.281509 -1.794586
v 7.258392 28.519592 -1.116059
v 7.290558 28.521103 -1.202576
v 7.272568 26.730530 -0.446533
v 7.221832 26.729141 -0.366822
v 7.215225 24.942932 0.215027
v 7.153183 24.941681 0.286621
v 6.806961 19.549835 1.990661
v 6.816498 21.350739 1.537719
v 7.017502 23.154480 0.921997
v 7.086731 24.940491 0.354278
v 7.016190 24.939392 0.417724
v 7.166016 26.727814 -0.290283
v 7.105103 26.727234 -0.217102
v 7.004822 28.498169 -0.800995
v 7.127289 28.516220 -0.866333
v 7.085388 28.512299 -0.804260
v 7.022827 28.689285 -0.889130
v 7.066040 29.157806 -1.098114
v 6.973343 26.724228 -0.084961
v 6.865173 23.152588 1.030456
v 6.652603 21.349274 1.621551
v 6.381546 19.546524 2.180389
v 6.290588 19.546158 2.201812
v 6.153687 17.758926 2.683288
v 5.789215 15.971573 3.171508
v 5.882462 15.971680 3.165557
v 4.643616 10.614410 4.411010
v 4.136002 8.831314 4.723479
v 4.312439 8.830139 4.791137
v 3.772888 7.050156 5.072265
v 3.524460 5.477676 5.395720
v 5.011978 10.613403 4.469146
v 4.677155 8.828995 4.856536
v 5.198868 10.613495 4.463347
v 4.772018 8.828949 4.858672
v 5.293015 10.613708 4.451690
v 3.872711 5.647888 5.459411
v 4.406479 7.047562 5.220580
v 4.961060 8.829178 4.845244
v 4.717331 6.166687 5.310515
v 5.814560 10.616928 4.266418
v 5.484894 8.832214 4.671355
v 5.969269 10.618744 4.163024
v 5.564865 8.833038 4.623839
v 5.826157 6.159454 4.157683
v 5.964157 7.060822 4.094909
v 6.345673 8.839645 3.514403
v 6.638687 10.619644 3.085509
v 6.295120 8.836502 3.694427
v 6.618042 10.618042 3.177184
v 6.261292 8.834976 3.782226
v 5.726913 6.555649 4.477386
v 6.178665 8.832062 3.948821
v 6.560089 10.614944 3.355010
v 6.486069 10.612152 3.514312
v 6.821854 12.395309 2.905334
v 6.851456 12.396851 2.817199
v 7.275024 15.989883 1.761016
v 7.429993 17.776352 0.983489
v 7.428986 17.774734 1.076476
v 7.422287 17.773102 1.169189
v 7.516388 19.558136 0.474182
v 7.496979 19.561386 0.288269
v 7.536987 21.354904 -0.229096
v 7.551529 21.353302 -0.137238
v 7.483200 23.151596 -0.929474
v 7.550110 23.146851 -0.657807
v 7.517441 19.556519 0.567108
v 7.563477 21.350235 0.037933
v 7.544052 21.370102 0.428283
v 7.445251 19.565323 1.102966
v 7.569489 23.172714 -0.122345
v 7.419022 19.563751 1.193267
v 7.516174 21.367371 0.585144
v 7.387131 19.562210 1.281768
v 7.491882 21.365784 0.676055
v 7.558868 23.171082 -0.028778
v 7.348495 28.533936 -1.937958
v 7.480820 26.744476 -1.244995
v 7.190033 30.319931 -2.431671
v 7.368240 28.530685 -1.751160
v 7.473236 26.741196 -1.057007
v 7.060928 32.111145 -2.785309
v 7.048462 32.128357 -2.821259
v 7.101044 31.348099 -2.577271
v 7.108749 31.346466 -2.483459
v 7.164200 31.831543 -2.414825
v 7.206070 30.311798 -1.965302
v 7.354248 28.525787 -1.470673
v 7.390366 26.734894 -0.695801
v 7.317093 28.522629 -1.290070
v 7.418900 26.736404 -0.782410
v 7.369934 24.946976 -0.016877
v 7.420776 23.163300 0.417022
v 7.291733 21.358475 1.094390
v 7.237854 21.357193 1.168182
v 7.027893 19.552872 1.816467
v 7.115585 21.354767 1.306549
v 7.277985 23.159210 0.651367
v 7.323730 24.945572 0.062896
v 7.356537 26.733398 -0.610932
v 6.675613 17.762421 2.482696
v 6.333557 15.973709 3.049438
v 6.508423 17.760864 2.571807
v 6.245346 17.759262 2.663635
v 5.754776 14.184998 3.609679
v 5.310745 12.398254 4.057342
v 5.494583 12.398407 4.047545
v 6.117798 14.186691 3.512817
v 6.204208 14.187347 3.474578
v 6.502258 15.975204 2.963989
v 6.580414 15.976059 2.914550
v 6.898071 17.765350 2.314605
v 7.152435 19.555237 1.681701
v 7.340958 21.359818 1.017608
v 7.386322 21.361237 0.936279
v 7.459137 23.164780 0.332183
v 7.477600 24.951385 -0.270203
v 7.503265 24.952957 -0.359589
v 7.492172 23.166306 0.245239
v 7.520096 23.167862 0.155334
v 7.461990 21.364212 0.765228
v 7.307159 19.559235 1.451965
v 7.024902 17.767639 2.183379
v 6.725693 15.978027 2.802428
v 6.856705 15.980286 2.672881
v 6.512192 14.190811 3.275970
v 6.440414 14.189835 3.332275
v 6.029968 12.401306 3.881652
v 6.365219 14.188934 3.384216
v 5.947266 12.400604 3.922515
v 6.185486 12.402985 3.786101
v 5.734390 10.616180 4.309966
v 6.260071 12.403946 3.730315
v 6.581833 14.191895 3.214141
v 6.916580 15.981522 2.601714
v 7.186462 17.771637 1.954864
v 7.230881 17.773087 1.872009
v 7.070053 15.985657 2.365356
v 6.709641 14.194275 3.077575
v 6.330994 12.404999 3.670135
v 6.462555 12.407349 3.535705
v 6.042374 10.619781 4.103728
v 6.111603 10.620880 4.040069
v 6.521790 12.408615 3.462615
v 6.237488 10.623322 3.900359
v 5.787613 8.836060 4.451018
v 5.331421 6.661179 4.928008
v 5.037079 6.407486 5.146483
v 7.303787 17.776108 1.698730
v 7.257462 15.988464 1.841857
v 7.538116 24.956177 -0.544495
v 7.460678 26.739563 -0.963684
v 7.192413 30.310211 -1.875092
v 7.092468 31.304413 -2.139771
v 7.067184 31.619354 -2.281433
v 7.206696 31.443024 -2.114594
v 7.206039 31.457245 -2.123688
v 7.172653 31.492264 -1.938477
v 7.151764 31.241440 -1.551056
v 7.172989 31.516800 -1.879028
v 7.098099 30.713455 -1.279114
v 7.147385 31.120483 -1.615875
v 6.989120 29.667343 -1.018952
v 7.079224 30.552139 -1.010040
v 7.432022 32.256363 -1.362122
v 6.936890 29.736404 -0.458771
v 7.205811 34.346817 -3.528473
v 7.112534 32.189865 -2.524139
v 7.014709 32.371811 -2.930359
v 7.117661 32.161804 -2.551331
v 7.144424 32.006302 -2.398621
v 7.113770 32.138229 -2.565094
v 7.114487 32.093887 -2.564270
v 7.074112 32.157455 -2.726166
v 6.857315 32.576584 -3.374359
v 6.962280 36.116104 -4.609924
v 6.476669 36.127747 -5.276520
v 5.920670 37.895454 -6.267334
v 5.925827 36.138519 -5.894012
v 6.382584 34.370453 -4.882965
v 6.135529 34.375900 -5.194916
v 6.400192 32.155411 -4.044800
v 6.443634 32.023041 -3.965149
v 6.607162 32.137054 -3.761261
v 6.820648 30.335709 -3.269653
v 7.112976 28.549225 -2.631043
v 7.355148 24.959991 -1.621613
v 7.309448 24.961411 -1.702729
v 7.449585 23.153122 -1.017273
v 7.459030 21.359604 -0.498749
v 7.414490 17.779617 0.796203
v 7.301239 15.994736 1.482543
v 7.298386 15.996384 1.388610
v 7.112717 14.195602 2.160918
v 7.127869 14.200500 1.880553
v 7.275299 15.999603 1.204040
v 7.398132 17.781219 0.704620
v 7.425095 19.566101 0.017974
v 7.390259 19.567596 -0.067933
v 7.380280 21.362549 -0.666901
v 7.367035 23.156036 -1.183960
v 6.554764 30.340240 -3.529999
v 6.369034 30.498611 -3.741455
v 6.363190 31.599442 -3.983154
v 6.360092 29.806671 -3.552307
v 6.674789 28.557556 -3.108032
v 6.363205 30.152481 -3.649384
v 6.751572 26.774612 -2.671295
v 7.011353 24.967575 -2.056031
v 6.939728 24.968597 -2.114197
v 7.333176 21.363937 -0.746949
v 7.304855 19.570465 -0.232392
v 7.315460 17.785858 0.438873
v 7.108856 14.203720 1.695800
v 7.090714 14.205307 1.604644
v 6.910889 12.406509 2.263549
v 6.915482 12.404892 2.356170
v 6.654373 10.627716 2.623199
v 6.378281 8.844482 3.237914
v 6.377548 8.846100 3.145354
v 4.276794 5.878555 5.439055
v 5.245163 5.319916 2.833007
v 5.645126 8.867645 1.911986
v 5.735992 10.648788 1.416686
v 5.800156 8.865784 2.018310
v 5.641846 7.088043 2.536315
v 5.940140 8.863617 2.142364
v 6.062103 10.645538 1.602324
v 6.134842 10.644547 1.660277
v 6.003845 8.862442 2.210296
v 6.203995 10.643448 1.722655
v 6.062088 8.861206 2.280517
v 6.327820 10.641098 1.856780
v 5.636185 5.492432 3.324340
v 5.793198 5.751923 3.715911
v 6.057587 7.070358 3.548674
v 6.358734 8.849319 2.961211
v 6.640091 10.629318 2.531432
v 6.835205 12.412827 1.901641
v 7.037598 14.208405 1.427093
v 7.119995 16.007187 0.769409
v 7.233475 17.788757 0.272704
v 7.198349 16.004257 0.937072
v 7.199707 19.573135 -0.384644
v 7.224609 21.366562 -0.897065
v 7.077377 23.162308 -1.543152
v 7.006973 23.163361 -1.603211
v 6.930756 23.164352 -1.660523
v 6.783676 24.970413 -2.218781
v 7.098694 21.368912 -1.032166
v 7.074829 19.575577 -0.524872
v 7.131866 17.791443 0.118469
v 6.963150 14.211349 1.258025
v 7.020142 16.009964 0.610320
v 6.916885 14.212814 1.174621
v 6.865524 14.214218 1.094237
v 6.763428 12.415863 1.728057
v 6.802521 12.414337 1.815093
v 6.287048 8.854095 2.687469
v 5.767014 5.683273 3.624602
v 5.976501 7.078430 3.086577
v 6.210953 8.857132 2.513183
v 6.483414 10.637039 2.089293
v 6.557129 12.421387 1.412017
v 6.833023 16.013733 0.395049
v 6.793854 17.797195 -0.210633
v 6.867935 17.796219 -0.154938
v 6.776108 19.579590 -0.755311
v 6.694946 19.580368 -0.799470
v 6.540192 21.374786 -1.368989
v 6.625946 21.374237 -1.337433
v 6.438812 19.582123 -0.900452
v 6.527328 19.581619 -0.871613
v 6.555634 17.799576 -0.347291
v 6.637375 17.798874 -0.306855
v 6.617111 14.219116 0.814086
v 6.429550 12.423691 1.279815
v 6.370438 16.018936 0.096130
v 6.455322 16.018280 0.134094
v 6.382080 17.800735 -0.414216
v 5.126541 19.844955 -1.120453
v 4.673813 18.223480 -0.782105
v 5.746140 27.586105 -3.298462
v 5.821823 29.189148 -3.727661
v 2.010910 6.420517 0.655822
v 1.816589 4.135742 0.779052
v 3.782059 7.638321 1.383483
v 6.051086 14.224548 0.502746
v 6.043686 12.428192 1.022643
v 6.227646 14.223419 0.567199
v 6.192444 16.020004 0.035522
v 6.291550 17.801193 -0.439789
v -9.395874 54.502159 1.551270
v -9.439682 50.508598 1.102326
v -9.388214 50.500618 1.559144
v -9.320602 52.493431 2.012483
v -9.226364 52.485580 2.462434
v -9.241241 56.487007 2.455598
v -8.690292 60.458717 4.201784
v -8.298904 62.445824 5.028749
v -8.280792 60.444252 5.030550
v -8.675720 58.457352 4.205232
v -8.464096 56.449249 4.618592
v -8.825897 54.463295 3.777864
v -9.218369 50.484879 2.460755
v -9.383514 48.499939 1.558076
v -9.378540 46.499420 1.556092
v -5.990738 66.399574 7.848848
v -4.078323 68.379257 9.077669
v -3.658569 68.376045 9.261721
v -2.826019 70.371147 9.591829
v -3.261185 70.373657 9.448122
v -2.761383 66.370003 9.542940
v -3.198242 66.372459 9.402010
v -3.595917 64.374260 9.218050
v -4.017609 64.377426 9.036592
v -5.545151 60.390991 8.081667
v -5.517380 58.389946 8.066866
v -5.489319 56.389320 8.052004
v -3.924332 58.374107 8.974367
v -3.564316 62.373077 9.196352
v -2.728561 64.369019 9.518496
v 0.803604 70.364853 9.952791
v 0.837570 68.364632 9.915743
v 0.871719 66.364143 9.878603
v 1.744919 68.367012 9.779329
v 1.711166 70.367172 9.819674
v 1.677795 72.367111 9.860872
v 3.371628 76.375473 9.436587
v 1.644272 74.366898 9.902712
v 0.769562 72.364853 9.990297
v 0.735245 74.364693 10.028841
v 0.700974 76.364441 10.068515
v -0.512772 84.027451 9.689029
v -1.003815 86.843567 9.018832
v -1.793976 86.845795 8.891055
v -1.205353 88.241531 8.566440
v -1.947937 88.244064 8.421268
v -1.484085 91.001389 7.440493
v -2.110275 91.004288 7.274050
v -1.483047 94.991653 5.234103
v -1.009720 96.260696 4.482516
v -1.886261 94.994362 5.078616
v -1.339355 96.262535 4.377139
v -0.632553 98.679054 2.597110
v -0.100937 100.320984 1.145938
v 1.469498 98.706192 1.042636
v 1.454453 98.708878 0.888827
v 3.423035 96.322250 0.956027
v 3.394043 96.328285 0.610599
v 4.289932 95.070274 0.729556
v 4.864929 93.802216 -0.541867
v 4.008118 95.092224 -0.527829
v 3.109772 96.345596 -0.381375
v 1.349167 97.572815 -1.037900
v 1.132965 97.575119 -1.169675
v -0.081421 97.580597 -1.483579
v -0.334503 97.580414 -1.472989
v -2.083817 97.564392 -0.554990
v -1.362488 98.721252 0.179660
v -2.236176 97.560860 -0.352628
v -1.448334 98.719017 0.307864
v -1.158325 98.684570 2.281100
v -1.039078 98.682861 2.379184
v -2.508423 96.275185 3.652469
v -2.244217 96.271286 3.875949
v -2.272217 94.997749 4.884555
v -3.354050 93.703728 5.100162
v -2.939774 93.698509 5.399234
v -2.497910 93.694031 5.656100
v -3.849503 91.019203 6.419680
v -3.298553 91.013252 6.760714
v -4.041229 88.259041 7.563021
v -4.037476 86.860367 8.056369
v -4.718567 86.867706 7.635867
v -3.859039 84.041924 8.859714
v -2.567902 86.849365 8.686526
v -2.226883 84.031807 9.439670
v -3.256256 79.789352 9.579928
v -5.377090 74.392525 8.434603
v -6.081741 72.401894 7.868074
v -8.318649 64.447517 5.021303
v -8.706100 62.460419 4.192750
v -9.248642 58.488091 2.444124
v -9.398895 56.503006 1.539186
v -9.171860 48.563873 -2.104644
v -8.910843 46.578651 -2.982787
v -6.649231 48.640022 -6.466918
v -6.625061 50.640511 -6.455199
v -6.600830 52.641029 -6.443114
v -7.207870 54.629890 -5.766509
v -7.229935 52.629387 -5.776458
v -7.251724 50.628822 -5.785918
v -8.959961 62.578651 -2.580413
v -8.971069 60.577171 -2.584319
v -9.217651 62.563293 -1.700804
v -8.836792 56.582611 -3.021758
v -9.118393 58.568268 -2.149504
v -8.849411 54.581985 -3.022124
v -8.862183 52.581238 -3.017730
v -9.136734 54.566650 -2.143523
v -9.146179 52.565781 -2.132293
v -8.875854 50.580330 -3.007598
v -9.027527 50.572632 -2.566467
v -9.255661 52.557861 -1.678863
v -9.418839 62.507446 1.498201
v -9.410721 60.505714 1.509248
v -9.403687 58.504150 1.523988
v -9.257950 60.489647 2.429719
v -9.269699 62.491432 2.416017
v -9.281998 64.493164 2.405885
v -8.764450 68.465057 4.162355
v -8.388641 70.451370 4.996278
v -8.365097 68.450401 5.001924
v -8.744766 66.463783 4.170076
v -8.724396 64.462181 4.181062
v -8.341095 66.449104 5.011293
v -8.409286 72.452034 4.995699
v -8.780838 70.465973 4.159517
v -9.291809 66.494667 2.400880
v -9.425125 64.509109 1.492647
v -9.127686 56.567375 -2.148955
v -9.432892 70.512505 1.493898
v -9.463867 66.518539 1.033479
v -9.429184 66.510544 1.491243
v -9.376144 68.503723 1.947328
v -9.298538 68.495827 2.399721
v -9.309418 72.497284 2.403383
v -9.209274 64.564796 -1.697752
v -9.089478 64.572525 -2.140532
v -8.798996 62.586143 -3.009948
v -7.185257 56.630363 -5.757171
v -6.575821 54.641502 -6.431426
v -3.592865 48.674744 -8.456542
v -3.130524 50.677841 -8.593902
v -4.739655 54.665375 -7.799315
v -4.396240 50.668427 -8.054381
v -6.526154 58.642632 -6.409575
v -6.184158 58.647972 -6.715667
v -6.828842 60.638123 -6.076415
v -7.140350 60.632240 -5.739409
v -7.162796 58.631088 -5.748473
v -6.550949 56.641945 -6.420562
v -8.758957 68.590073 -2.999846
v -9.057434 70.575821 -2.133665
v -9.068268 68.574997 -2.136168
v -8.772797 66.589005 -3.003386
v -8.785812 64.587639 -3.006438
v -9.079025 66.573898 -2.138213
v -9.047073 72.576431 -2.130980
v -8.744690 70.590866 -2.995756
v -7.095718 64.635010 -5.720305
v -6.476776 62.645073 -6.386015
v -3.921097 54.672607 -8.213652
v -3.098312 52.678154 -8.570098
v 1.625931 44.937660 -9.009185
v 0.452164 48.686249 -9.115233
v 0.417191 46.686340 -9.152495
v 2.075485 44.935982 -8.912658
v 2.519760 44.933914 -8.794311
v 2.791260 43.184395 -8.659575
v 5.305374 34.390900 -6.053955
v 5.596146 34.386139 -5.781128
v 5.753815 32.623764 -5.069061
v 5.602081 29.702774 -4.187683
v 5.257401 32.285675 -5.484283
v 6.303604 31.689178 -4.052307
v 6.408920 31.802597 -3.974060
v 4.455475 43.171577 -7.925537
v 2.957565 44.931473 -8.654571
v 1.782867 46.683250 -8.975127
v 2.672760 46.679260 -8.746459
v 1.817673 48.683060 -8.932647
v 0.064026 52.686699 -9.059813
v -0.819092 54.686317 -8.998960
v -0.431198 50.686516 -9.090850
v -0.466156 48.686417 -9.124663
v -3.433655 58.676437 -8.346373
v -3.401123 60.677353 -8.324034
v -4.210724 62.672157 -7.938078
v -4.243256 60.670975 -7.958403
v -4.649933 60.667244 -7.745024
v -3.858078 58.673393 -8.171934
v -6.730698 68.643036 -6.033751
v -7.324142 70.631866 -5.344695
v -7.047516 68.637222 -5.700926
v -7.608139 70.625565 -4.983550
v -8.527130 74.599228 -3.407469
v -7.301956 72.632385 -5.336393
v -6.705536 70.643707 -6.022765
v -4.180328 64.673370 -7.917723
v -3.367859 62.678474 -8.299681
v -3.734177 66.677681 -8.083921
v -4.530502 68.671555 -7.668028
v -4.499161 70.672081 -7.648314
v -6.659409 74.644455 -5.998472
v -7.261673 76.633003 -5.317503
v -7.281830 74.632729 -5.326750
v -6.682281 72.644142 -6.010191
v -8.677704 84.218590 -1.261411
v -8.428558 84.233025 -2.088285
v -8.080414 87.014542 -0.776578
v -8.256699 86.986923 0.806124
v -8.924744 84.173569 1.317721
v -8.227356 86.972961 1.605898
v -8.838394 84.158485 2.182070
v -8.120392 86.959091 2.400546
v -8.667053 84.143631 3.032748
v -7.936295 86.945465 3.181033
v -8.413040 84.129166 3.861788
v -7.676071 86.932243 3.938632
v -8.079346 84.115204 4.661685
v -6.471848 86.896149 6.006411
v -5.795441 88.283981 6.134341
v -5.941666 86.885689 6.605776
v -5.258408 88.274681 6.666934
v -5.355270 86.876175 7.150607
v -4.671692 88.266342 7.144625
v -4.837769 91.033775 5.584658
v -4.093369 92.379372 5.410311
v -4.505478 92.386566 4.997988
v -3.737076 93.709633 4.761874
v -3.153107 96.289352 2.841067
v -4.034866 95.030106 3.031131
v -3.311646 96.294716 2.533542
v -4.210007 95.036995 2.636172
v -3.533707 96.306091 1.881900
v -5.066818 93.747276 2.605166
v -5.697266 92.421333 3.006106
v -4.888321 93.738922 3.084140
v -5.866516 92.431068 2.448153
v -6.661255 91.126999 0.244296
v -6.036026 92.461281 0.717318
v -5.978973 92.471428 0.135928
v -4.471207 95.074036 0.514316
v 1.757645 96.372459 -1.920285
v 2.306534 96.365128 -1.500272
v 3.535187 93.839859 -2.698545
v 2.951218 96.350967 -0.688901
v 3.832977 95.099121 -0.922788
v 4.686432 93.810570 -1.020810
v 5.495377 92.491066 -0.988828
v 6.244965 91.145844 -0.835538
v 5.664642 92.481323 -0.430845
v 5.767426 91.166885 -2.041074
v 7.474182 87.037857 -2.112363
v 6.856995 88.432663 -2.383573
v 7.734406 87.024635 -1.354764
v 8.025467 86.997147 0.220400
v 7.040955 89.766953 0.121890
v 7.089340 89.754707 0.823092
v 6.479019 91.123672 0.434664
v 5.834122 92.451111 1.299960
v 4.269318 95.055191 1.594027
v 3.200760 96.298538 2.314456
v 1.319397 98.693115 1.791629
v 1.246445 98.690742 1.927554
v 2.698959 96.282753 3.219058
v 0.127701 98.677734 2.672946
v 0.363312 96.259155 4.571017
v -0.025864 98.677467 2.687930
v 0.018433 96.258652 4.599795
v -0.484985 98.678268 2.642001
v -0.394592 92.352608 6.943179
v -0.034470 93.683838 6.239810
v 0.188644 92.352608 6.943545
v 0.475830 93.684387 6.208316
v 1.474731 93.688087 5.996371
v 1.072632 94.990540 5.297732
v 1.482910 94.992905 5.162173
v 3.967865 93.717972 4.284183
v 4.267303 93.725204 3.870059
v 3.063553 96.292999 2.631930
v 5.777084 92.440964 1.881381
v 6.355148 91.089951 2.366793
v 6.459351 91.101135 1.726138
v 7.529358 88.355469 2.038729
v 7.878510 86.955559 2.602847
v 7.384155 88.342506 2.781100
v 7.673920 86.942055 3.376559
v 5.675690 91.058243 4.183016
v 6.525757 88.305916 4.877871
v 6.880325 88.317589 4.208865
v 5.334549 91.048637 4.733553
v 3.486252 91.017319 6.527529
v 2.925812 91.011650 6.852694
v 1.798660 88.244286 8.408328
v 2.896255 84.036430 9.174594
v 3.883896 79.795341 9.236728
v 4.175964 78.381660 9.106936
v 3.824158 74.379066 9.205629
v 3.005234 72.373383 9.501497
v 3.434326 72.376228 9.338900
v 4.236069 74.382599 9.003328
v 0.483490 62.361832 9.841188
v 0.516647 60.360901 9.805544
v -2.528931 52.365105 9.364778
v -3.370621 50.369675 9.061250
v -6.139313 42.907944 7.178132
v -5.788193 42.902924 7.465516
v -5.972031 41.076385 7.111847
v -4.010742 44.629150 8.665711
v -2.874649 46.366692 9.160218
v -3.589569 44.625992 8.846772
v -3.159470 44.623184 9.007386
v -3.843918 42.882698 8.624482
v -3.422607 42.879662 8.798249
v -2.721664 44.620743 9.147126
v -2.556717 42.874687 9.083436
v 6.891663 44.669060 6.379059
v 0.298615 46.359512 9.572022
v 0.264206 48.359428 9.608186
v 0.229263 50.359497 9.644166
v 1.109787 52.360878 9.606629
v 1.496887 56.361946 9.620424
v 0.619812 54.360016 9.694581
v 0.585663 56.360008 9.731691
v 1.462158 58.362144 9.659853
v 3.165970 62.371758 9.272066
v 3.137009 64.372528 9.317354
v 3.950455 66.379333 9.008333
v 3.532288 66.376060 9.195986
v 2.703125 64.369957 9.464693
v 1.847839 62.365082 9.654604
v 2.669388 66.370583 9.509798
v 3.499283 68.376366 9.243441
v 1.362152 64.364464 9.779177
v 1.396591 62.363609 9.738832
v 0.973801 60.361626 9.764193
v -2.497833 50.364830 9.338593
v -3.340302 48.369385 9.037873
v 6.480392 72.411255 7.331758
v 7.079941 74.422485 6.718142
v 7.665909 81.270737 5.814821
v 7.137589 81.257843 6.553560
v 7.365601 82.681549 5.988406
v 7.489502 84.102562 5.385714
v 6.824448 82.669182 6.697237
v 6.460510 84.078194 6.781863
v 4.513489 88.266907 7.112551
v 3.885712 88.259529 7.534884
v 5.179932 84.057846 7.947787
v 7.037659 78.421211 6.840822
v 6.433548 76.410149 7.450014
v 6.457504 74.410759 7.389833
v 7.059769 76.421867 6.778719
v 7.896561 84.115959 4.618350
v 8.475815 84.144386 2.989809
v 8.641754 84.159180 2.142306
v 8.054810 86.983185 1.020144
v 8.722855 84.189400 0.410708
v 8.821167 82.800003 -0.797666
v 8.961716 79.982239 -1.470549
v 9.077026 81.376495 -0.243986
v 9.209320 78.508041 1.866213
v 9.212418 76.508827 1.796846
v 9.063538 76.493027 2.702181
v 9.069244 74.493790 2.633242
v 7.168961 66.423569 6.473848
v 7.190842 64.423225 6.412721
v 6.579803 64.411278 7.097291
v 6.603607 62.410751 7.038179
v 4.102173 56.376976 8.759127
v 3.294922 54.370697 9.082643
v 1.144485 50.360832 9.567262
v 1.178360 48.360832 9.527589
v 2.928650 50.368164 9.147309
v 3.750290 52.373947 8.857759
v 4.163956 52.377419 8.658998
v 3.359131 50.370949 8.988313
v 6.650635 58.409973 6.919496
v 7.232925 60.422272 6.289857
v 9.168747 68.503220 1.975984
v 9.107529 72.558113 -1.081785
v 9.101990 70.558640 -1.149229
v 8.903412 74.573021 -1.906126
v 8.893677 72.573669 -1.972685
v 8.242798 76.602028 -3.542753
v 8.225739 74.602722 -3.607481
v 7.804337 78.615227 -4.274382
v 7.785019 76.615906 -4.337797
v 7.763092 74.616592 -4.402464
v 8.207397 72.603363 -3.674132
v 8.884338 70.574188 -2.040220
v 8.874283 68.574547 -2.110350
v 9.096649 68.558968 -1.217802
v 9.089920 66.559074 -1.288786
v 9.118057 60.494415 2.156801
v 9.123947 58.494347 2.085878
v 8.916519 58.478699 2.982209
v 8.925797 56.479042 2.911805
v 6.447342 48.405815 6.950470
v 7.049835 50.417183 6.339326
v 6.744644 50.411201 6.681733
v 9.015762 62.486938 2.673188
v 9.181107 64.503044 1.840059
v 6.721710 52.410896 6.740663
v 6.086105 50.400078 7.319245
v 3.812698 48.374260 8.758637
v 2.993637 46.368538 9.054322
v 6.374084 54.404877 7.124604
v 6.983414 56.416061 6.520082
v 6.111267 48.400375 7.262635
v 8.934891 54.479729 2.836579
v 9.129196 56.494789 2.010072
v 9.134293 54.495583 1.928376
v 8.944305 52.480469 2.755525
v 9.067810 62.558800 -1.443633
v 9.056046 60.558716 -1.527220
v 8.829010 62.574547 -2.345641
v 8.815063 60.574448 -2.428649
v 8.139206 66.604637 -3.899199
v 8.116776 64.604614 -3.979064
v 7.656174 66.618568 -4.697478
v 7.632675 64.618477 -4.773009
v 5.845901 70.654022 -6.613677
v 5.137604 72.663277 -7.106199
v 5.104843 70.663658 -7.165923
v 5.816132 68.654266 -6.677184
v 3.160324 76.680794 -8.055478
v 2.688492 74.683777 -8.251432
v 3.518173 72.678581 -7.983244
v 2.247055 74.685974 -8.377317
v 3.090576 72.681496 -8.150114
v 5.762665 64.653740 -6.793364
v 6.425552 62.642586 -6.243804
v 7.591125 60.617729 -4.908080
v 7.571701 58.617516 -4.970794
v 8.061661 58.603981 -4.195067
v 8.044861 56.604218 -4.259643
v 8.781494 54.575554 -2.653594
v 8.770493 52.576057 -2.720885
v 9.024475 52.560661 -1.839233
v 9.016479 50.561127 -1.907378
v 9.032120 54.560104 -1.768340
v 9.039352 56.559418 -1.692748
v 8.803497 58.574539 -2.508940
v 8.792480 56.574966 -2.583556
v 8.078903 60.604118 -4.127989
v 7.611313 62.618134 -4.842894
v 8.097015 62.604401 -4.056365
v 9.046738 58.558884 -1.611449
v 9.150589 50.497131 1.759004
v 9.160873 48.497849 1.678162
v 8.984680 46.482803 2.508485
v 8.969971 48.481964 2.588197
v 8.955887 50.481201 2.671510
v 9.141251 52.496384 1.843476
v 9.008331 48.561600 -1.974487
v 8.759232 50.576485 -2.787017
v 8.747589 48.576950 -2.853515
v 8.999817 46.562233 -2.042022
v 6.401596 60.642052 -6.301207
v 5.736801 62.653145 -6.848570
v 3.456680 68.678749 -8.079802
v 3.028290 68.681595 -8.243101
v 2.624130 70.684151 -8.340086
v 2.182327 70.686287 -8.462309
v 0.404037 72.691010 -8.695311
v -0.479156 74.691040 -8.667234
v -3.964401 78.676338 -7.775053
v -4.085785 80.090210 -7.656309
v -4.894302 80.082687 -7.225248
v -4.377853 78.672859 -7.575895
v -4.780975 78.669037 -7.356688
v -5.381821 84.305130 -6.219388
v -4.662369 84.313568 -6.702573
v -4.545914 87.104408 -5.924833
v -3.853989 87.111435 -6.327360
v -2.537888 91.221161 -5.150449
v -2.640015 92.549973 -4.363706
v -2.101028 92.553864 -4.586515
v -2.155716 93.858292 -3.754606
v -0.677719 93.865105 -4.145017
v -0.390533 92.559792 -4.926237
v -0.167419 93.865654 -4.176480
v 0.192703 92.559784 -4.925901
v 3.152161 93.845764 -3.036863
v 3.891479 92.533028 -3.393003
v 4.303589 92.525833 -2.980680
v 4.635880 91.194344 -3.614225
v 5.063797 91.185860 -3.128049
v 6.497787 88.444283 -3.049436
v 7.140961 87.050568 -2.840147
v 5.153381 87.093925 -5.324338
v 3.835587 87.109734 -6.230070
v 1.908386 91.223839 -5.303617
v 1.282196 91.226738 -5.470060
v 1.746048 88.505325 -6.546476
v 1.003464 88.507858 -6.691648
v -0.004028 91.229286 -5.615781
v 0.801926 87.126541 -7.192564
v 1.592087 87.124306 -7.064786
v 0.310883 84.335526 -7.960630
v 2.024994 84.331169 -7.711240
v 0.034286 82.929710 -8.228757
v 3.201294 78.680321 -8.003201
v 2.763123 78.683014 -8.157529
v 2.319183 78.685310 -8.289273
v 5.175201 74.662689 -7.043242
v 5.879852 72.653503 -6.546476
v 5.216965 76.662025 -6.979856
v 5.918152 74.652840 -6.479002
v 5.259872 78.661377 -6.917906
v 3.657150 84.321053 -7.131315
v 5.145340 84.305580 -6.245054
v 5.816711 84.296005 -5.696348
v 7.466995 84.261093 -3.696531
v 5.958633 76.652145 -6.413694
v 7.738144 72.617264 -4.470213
v 7.710190 70.617867 -4.542693
v 8.186737 70.603935 -3.744536
v 8.163208 68.604393 -3.820006
v 8.861450 66.574707 -2.184447
v 8.845184 64.574669 -2.263335
v 9.080109 64.558960 -1.363646
v 8.913589 76.572289 -1.838957
v 9.113968 74.557449 -1.013945
v 8.923615 78.571533 -1.770841
v 9.121414 76.556686 -0.945249
v 8.696609 79.997543 -2.347379
v 9.217209 72.510284 1.658724
v 9.082123 70.494995 2.496614
v 9.075348 72.494469 2.564913
v 9.214752 74.509590 1.727754
v 7.212036 62.422737 6.351533
v 6.627029 60.410240 6.979005
v 9.089767 68.495331 2.428041
v 9.220703 70.510834 1.589601
v 9.256775 70.518814 1.132173
v 7.682205 68.618347 -4.619383
v 2.366013 87.120735 -6.860227
v 2.855255 84.326813 -7.461332
v 0.366531 80.105583 -8.537137
v -0.550064 80.105598 -8.537564
v -1.419022 84.333977 -7.871915
v -1.590271 87.125015 -7.105314
v -2.000549 88.505096 -6.533536
v -0.796951 87.126884 -7.212430
v -1.258926 88.507713 -6.683500
v -1.293777 91.227402 -5.507871
v -0.869186 78.690331 -8.576749
v 0.013443 76.691032 -8.641599
v -2.615143 93.854378 -3.530301
v -4.169754 93.831520 -2.220884
v -4.469193 93.824287 -1.806730
v -4.726288 93.816582 -1.365201
v -4.938889 93.808472 -0.900540
v -5.695801 92.491180 -0.995633
v -5.105103 93.800034 -0.417081
v -6.557053 91.138176 -0.396360
v -7.586060 88.406876 -0.906309
v -7.731262 88.393913 -0.163938
v -7.875824 87.028053 -1.550260
v -5.536438 91.179489 -2.763120
v -5.143021 91.188469 -3.277524
v -6.824707 87.065659 -3.704618
v -7.245255 87.053749 -3.022794
v -7.286545 85.666916 -3.710844
v -8.098480 84.247017 -2.889951
v -7.211273 84.273048 -4.381284
v -6.662399 84.284782 -5.053464
v -6.800690 85.678833 -4.393522
v -3.701172 68.678429 -8.061522
v -0.259903 60.687790 -8.921751
v -6.635437 76.644722 -5.988829
v -7.239548 78.633301 -5.309813
v 2.830902 56.367798 9.285158
v 3.591522 62.374733 9.101656
v 4.386215 64.382423 8.750429
v 3.978668 64.378761 8.960176
v 6.196091 68.406235 7.532350
v 6.820847 70.417389 6.942934
v 6.528656 68.411766 7.215517
v 7.122040 70.423439 6.596254
v 7.145767 68.423645 6.534944
v 8.987091 81.329132 2.469393
v 6.554825 66.411659 7.156465
v 4.071854 58.376976 8.809969
v 3.656036 58.373581 9.004488
v 3.262939 56.370499 9.130404
v 4.574097 32.127686 6.009918
v 3.872681 31.040329 6.237610
v 3.778946 30.949844 6.326080
v 3.828003 31.418060 6.408325
v 3.749039 31.163300 6.453461
v 3.399109 30.139725 6.503662
v 3.648514 31.166382 6.443726
v 3.758377 31.244034 6.463165
v 3.765503 31.327393 6.474457
v 3.697189 31.399796 6.437805
v 3.768661 31.530426 6.509094
v 3.151321 30.137283 6.789307
v 2.848923 30.133606 6.999664
v 2.167877 28.345886 7.220367
v 3.817368 31.840439 6.496155
v 3.284012 30.139633 6.654846
v 3.441574 29.884720 6.380585
v -5.473450 37.665001 6.935303
v -5.805038 37.669746 6.663330
v -6.122574 37.674759 6.376068
v -6.410965 35.937202 5.639313
v -6.127731 35.931931 5.941650
v -6.678574 35.942711 5.324127
v -7.164154 35.954338 4.657562
v -7.409546 34.223877 3.514343
v -7.382111 35.960472 4.306213
v -6.686737 39.428398 6.165131
v -6.606735 41.170982 6.537415
v -6.913544 41.176689 6.210480
v -6.476624 42.913261 6.873353
v -7.474121 37.703499 4.729797
v -7.694702 37.709923 4.362030
v -7.766342 35.973297 3.571778
v -7.931564 35.979950 3.190796
v -5.772278 25.059921 -1.893158
v -7.047958 28.972641 0.297302
v -7.282242 31.931335 2.460419
v -7.279099 31.884827 2.472137
v -7.573334 34.230209 3.151703
v -7.057922 32.295273 3.229004
v -7.206360 32.196213 2.832336
v -7.288040 31.977646 2.448761
v -7.250153 32.033859 2.644196
v -7.250580 31.987671 2.645203
v -7.288589 31.260925 2.554413
v -7.216110 32.012680 2.800720
v -7.207550 32.104233 2.816406
v -7.410126 29.216827 2.246490
v -7.350784 30.239670 2.441986
v -7.576080 27.497314 1.613098
v -7.269348 31.259323 2.646301
v -7.060501 32.249451 3.210968
v -7.143829 32.224960 3.013062
v -7.059204 32.460098 3.299225
v -7.222366 30.198044 0.825134
v -7.160965 29.810623 0.618805
v -7.001602 29.110123 -0.017395
v 3.037125 79.789238 9.586429
v 1.217133 84.028999 9.600314
v 1.388382 86.845085 8.931613
v 0.595062 86.843216 9.038730
v 1.057037 88.241669 8.558291
v -0.197861 90.998840 7.586215
v 1.610306 76.366600 9.945102
v 1.576401 78.366287 9.987430
v -3.624924 96.318062 1.196139
v -4.491837 95.058945 1.378787
v -3.595932 96.312035 1.541568
v -5.265686 91.042267 5.098483
v -6.018600 84.066971 7.424746
v -5.347229 84.057396 7.973452
v -5.461761 78.393143 8.448947
v -6.160522 76.402733 7.874880
v -6.120041 74.402374 7.870394
v -5.418854 76.392853 8.441043
v -6.633102 84.077652 6.812899
v -7.185074 84.089325 6.144167
v -8.877258 76.584908 -2.561979
v -8.888626 74.584488 -2.563139
v -8.541962 72.598763 -3.410338
v -8.731201 72.591461 -2.992155
v -9.037704 74.576912 -2.128996
v -9.341492 79.918999 2.152254
v -9.163605 79.903313 3.050997
v -9.323303 76.498184 2.406466
v -9.125504 78.482986 3.301882
v -8.116623 79.859116 5.583040
v -7.608383 79.845802 6.345858
v -8.794983 72.466606 4.160799
v -8.427628 74.452492 4.998873
v 4.845291 43.167526 -7.693328
v 5.770142 41.320686 -6.883972
v 7.272568 37.866722 -4.620972
v 7.564484 36.097153 -3.524139
v 7.381165 36.103653 -3.896301
v 7.034744 37.872932 -4.977051
v 6.180283 39.646141 -6.309692
v 6.386642 38.613625 -5.928955
v 5.860428 39.651360 -6.608490
v 5.396805 41.410576 -7.188507
v -6.047791 70.401283 7.865449
v -6.018021 68.400528 7.859132
v -5.306732 70.391647 8.417696
v -4.549759 72.383751 8.907778
v -4.139450 72.380096 9.116793
v -5.277344 68.391006 8.404696
v -3.720062 72.376816 9.304811
v -2.890381 74.371437 9.642824
v -3.325668 74.374016 9.495089
v -3.753860 74.376968 9.325624
v -5.339493 72.392128 8.427767
v -4.126175 32.650925 -6.625275
v -3.559967 32.656403 -6.939514
v -3.438248 32.639786 -6.994781
v -3.665527 32.637802 -6.881165
v -2.110031 31.879501 -7.310211
v -1.589233 31.338547 -7.311615
v -1.310791 30.817978 -7.267395
v -1.924652 31.611954 -7.328430
v -1.654617 31.219864 -7.309692
v -1.983643 31.586334 -7.328552
v -2.290390 31.941498 -7.313446
v -2.134140 31.772186 -7.325470
v -2.990707 32.445572 -7.155579
v -3.595276 32.464096 -6.885559
v -2.279114 31.981979 -7.314056
v -1.956177 31.630600 -7.328247
v -2.616425 32.109665 -7.266632
v 6.597595 23.167450 -1.837739
v 6.792847 21.372849 -1.257660
v 6.931580 19.577759 -0.650422
v 6.952637 21.371048 -1.154664
v 6.699860 24.971222 -2.264374
v 6.587204 26.776199 -2.762360
v 6.340225 28.572601 -3.226807
v 6.352982 29.118729 -3.362213
v 6.672028 26.775436 -2.718659
v 6.524963 24.972519 -2.339142
v 6.899750 16.012543 0.462676
v 7.068558 31.568466 -2.238281
v 7.176224 28.517487 -0.946808
v 7.109344 29.631973 -1.297180
v 1.240067 6.375381 1.731688
v 1.131744 6.404449 1.571685
v 1.195831 6.376572 1.662749
v 1.147842 6.377747 1.596404
v 1.002457 6.432938 1.427062
v 0.975723 6.498062 1.400634
v 0.889572 6.382324 1.333647
v 0.823685 4.867462 1.438414
v 0.914490 4.187531 1.657195
v 1.038956 4.862488 1.723235
v 2.055191 5.153351 3.564238
v 3.681961 8.836914 4.403808
v 4.014282 10.620789 4.045867
v 4.145386 10.618820 4.158996
v 3.323578 7.055939 4.740783
v 2.875824 5.278488 4.977934
v 1.129822 3.792038 0.922087
v 0.776184 3.280273 0.546782
v 0.493423 2.676682 0.168578
v 0.403992 2.562866 0.142150
v 0.239075 2.073410 -0.091829
v 0.061981 1.400986 -0.335756
v 0.124710 1.695831 -0.233125
v 0.041977 1.400925 -0.323488
v 0.199722 2.073380 -0.065858
v 0.416901 2.709137 0.252501
v 0.067078 2.072357 -0.007600
v -0.038681 2.071991 0.013396
v 0.128098 3.277115 0.836486
v -0.045120 3.276810 0.853850
v 0.004059 3.442383 1.008391
v -0.210831 2.706619 0.396697
v -0.206177 1.400620 -0.306062
v -0.137878 0.770477 -0.494111
v -0.135147 0.770447 -0.493074
v 0.267990 3.588669 1.116698
v 0.449554 4.872421 1.154509
v 7.194458 43.130493 -5.571807
v 6.605911 50.637329 -6.272735
v 6.327148 54.642281 -6.476256
v 5.656433 56.652336 -7.016112
v 2.899689 60.679192 -8.428862
v 3.722443 58.672867 -8.141661
v 2.461334 60.681557 -8.564909
v 0.725632 64.689049 -8.816069
v 0.267654 64.689560 -8.845335
v -0.157333 66.690475 -8.816923
v -0.616028 66.690231 -8.802946
v 3.298752 58.675941 -8.318266
v 5.231445 52.657700 -7.398162
v 5.602417 52.652985 -7.128020
v 5.933441 50.648216 -6.896880
v 6.277344 50.642914 -6.592986
v 5.959671 52.647957 -6.840056
v 7.975845 48.605980 -4.516479
v 0.882614 16.454910 3.436828
v -1.835724 4.630981 2.085326
v -2.992966 4.702438 0.920287
v -2.445587 4.336853 0.589904
v -5.693451 5.332855 2.557555
v -5.884338 5.403259 2.817900
v -5.630249 6.921570 3.250151
v -5.337524 8.673355 3.808837
v -4.990311 10.427780 4.349486
v -3.787186 5.385345 5.135680
v -0.273392 26.273270 6.913208
v -0.910110 24.514160 6.763153
v -0.088196 27.052567 6.842315
v -0.298492 26.673599 6.717071
v 0.695160 29.153397 6.989105
v 0.868271 29.559448 7.022675
v 0.825592 29.583496 7.009064
v 0.345886 28.834503 6.863617
v 0.295776 28.858337 6.846619
v 1.997452 31.574326 7.174500
v 0.981461 30.491928 7.114075
v 1.388245 31.087082 7.191223
v 1.878281 32.104401 7.344269
v 2.718872 32.235306 7.101135
v 2.928940 32.329987 7.040741
v -1.751556 24.017548 5.402282
v -1.446396 24.826660 5.728332
v -1.619598 23.969574 5.537475
v -0.695007 26.398132 6.353454
v 0.651169 29.177826 6.968719
v -0.641266 26.372406 6.404968
v -0.943115 25.552536 6.204650
v -0.545105 26.319778 6.518219
v -0.338303 26.700043 6.658447
v -0.465271 26.266327 6.643280
v -2.006027 22.286819 5.022155
v -2.063690 22.311462 4.932006
v -1.888367 23.155716 5.201141
v -2.128540 22.334671 4.846527
v -5.506714 32.439713 5.475220
v -6.369812 29.952087 3.561035
v -7.061234 27.233948 2.456115
v -7.319183 25.465668 1.763427
v -7.559891 23.699265 0.963928
v -7.604797 23.700714 0.880554
v -7.336334 15.508484 -2.895173
v -7.103012 13.786209 -3.506715
v -7.529556 17.855103 -2.213563
v -7.507156 17.856339 -2.283723
v -6.659775 9.546600 -4.169984
v -6.950119 11.305634 -3.484376
v -7.407028 16.624924 -1.318848
v -6.947067 11.303986 -3.390260
v -6.670532 9.544968 -4.075929
v -6.034042 6.251587 -5.083253
v -7.416565 18.395218 -0.592408
v -7.357178 20.165680 0.123565
v -7.231384 21.927658 0.819854
v -6.816559 25.459290 2.128021
v -6.900391 23.688690 1.569427
v -6.640305 25.458145 2.193847
v -7.173981 20.162689 0.295318
v -7.098083 20.161697 0.351745
v -7.019592 20.160812 0.402740
v -6.856079 21.923676 1.047790
v -6.460541 27.151947 2.714721
v -6.601166 27.229446 2.713806
v -6.481888 27.705490 2.875030
v -5.531662 17.872070 -3.185334
v -5.072998 15.749084 -3.668244
v -3.863998 14.577652 -3.188325
v -4.575974 12.554977 -4.489625
v -3.840515 14.804520 -3.109833
v -0.849350 2.733627 -1.161256
v -0.809784 2.733032 -1.205873
v -1.216309 3.314270 -1.397737
v -0.894516 2.732574 -1.100557
v -0.770493 2.584702 -1.108034
v -0.203354 0.772537 -0.612733
v -0.243607 1.408722 -0.837739
v -0.049545 1.409271 -0.869325
v 0.008774 2.735260 -1.508638
v 0.065231 3.435638 -2.038484
v 0.128510 2.734894 -1.487520
v 0.055801 2.088562 -1.131166
v 0.019760 2.088715 -1.139802
v -0.031281 1.409195 -0.865571
v 0.653656 3.661469 -2.083650
v 0.438309 4.928619 -2.065950
v 0.411377 6.442368 -2.105836
v 0.625259 6.546310 -2.223390
v 0.238846 6.727631 -2.082368
v 0.236053 6.728165 -2.081605
v -0.137482 6.440430 -1.994630
v -0.125443 4.927963 -2.028322
v -0.558914 3.713760 -2.247377
v -0.674606 16.742264 -4.301545
v 0.609604 6.644699 -2.236848
v 0.690506 8.302567 -2.697083
v 0.733932 6.445541 -2.287904
v 0.807480 6.446548 -2.345796
v 0.859665 4.931839 -2.250276
v 0.081360 14.985168 -4.340333
v 1.016388 6.515915 -2.572603
v 1.111938 6.452606 -2.692994
v 1.212646 4.937256 -2.559907
v 2.187622 8.902649 -5.983949
v 0.601868 13.221878 -4.318604
v 1.087830 13.024811 -6.293916
v 1.640503 11.133118 -6.281648
v 3.237793 5.470749 -5.850739
v 5.389206 5.426254 -3.487703
v 1.982300 10.595657 -6.575135
v 0.602402 14.964005 -6.596253
v 1.519440 12.356491 -6.772523
v 1.633835 4.722046 -3.132447
v 1.369965 4.393753 -2.670411
v 1.324722 4.331314 -2.597413
v 1.229523 4.210205 -2.470979
v 1.311874 4.312241 -2.570924
v 1.065384 4.029419 -2.309633
v 0.915665 3.845764 -2.153932
v 0.778992 4.931015 -2.202577
v -7.247162 28.766373 0.670593
v -3.599319 18.383133 -2.922700
v -3.429260 17.545349 -2.908387
v -0.693130 7.567001 -2.207338
v -3.324768 28.994919 -6.552277
v -3.195633 28.530548 -6.552429
v -3.172073 28.445831 -6.552460
v -3.453308 29.457184 -6.552094
v -3.085251 28.258377 -6.780579
v -3.126968 28.255569 -6.698883
v -3.721558 32.250290 -6.809265
v 3.259445 14.373138 -7.223298
v -2.329346 31.706421 -7.220276
v -2.168213 31.548691 -7.362610
v -2.284744 31.655380 -7.222656
v 0.855316 2.721344 -0.457795
v 0.193039 1.405167 -0.568941
v 0.186798 1.406433 -0.641755
v 0.468002 2.084488 -0.708528
v 1.240555 3.308197 -0.959901
v 0.807358 2.728577 -0.872255
v 0.785873 2.729568 -0.928407
v 0.458130 2.085098 -0.743928
v 1.178482 3.311066 -1.124269
v 1.703888 3.826324 -1.154146
v 0.415405 2.086868 -0.845460
v -0.006485 0.772949 -0.635866
v -0.007538 0.772980 -0.638032
v 1.704834 3.827560 -1.155488
v 1.538879 4.910034 -1.000947
v 1.469101 6.423080 -1.000886
v 1.522629 6.670898 -1.115846
v 1.557297 6.651627 -1.202363
v 1.624710 6.429001 -1.340303
v 1.736740 4.915512 -1.314637
v 1.393616 3.411652 -0.398347
vn 0.3417 -0.3872 -0.8563
vn 0.6771 -0.4539 -0.5793
vn 0.3135 -0.5422 -0.7796
vn -0.2173 -0.2154 -0.9520
vn -0.0091 -0.9996 -0.0270
vn 0.9055 -0.2436 -0.3476
vn 0.5705 -0.6457 -0.5075
vn 0.5914 -0.5902 -0.5495
vn 0.8619 -0.4833 -0.1534
vn 0.4353 -0.7237 -0.5356
vn 0.4881 -0.7982 -0.3531
vn 0.7139 -0.5508 0.4324
vn 0.6151 -0.6589 0.4330
vn 0.5333 -0.4956 0.6855
vn 0.9907 -0.1218 0.0602
vn 0.9909 -0.1146 -0.0699
vn 0.8167 0.5770 -0.0078
vn 0.9764 -0.1535 -0.1520
vn 0.9527 -0.1525 -0.2628
vn 0.9861 -0.1443 -0.0823
vn 0.9853 -0.1563 -0.0685
vn 0.9938 -0.0845 -0.0728
vn 0.8961 -0.4371 0.0768
vn 0.9109 -0.4017 0.0938
vn 0.9174 -0.3845 0.1024
vn 0.8367 -0.5461 0.0422
vn 0.8850 -0.4644 -0.0326
vn 0.8813 -0.4572 0.1190
vn 0.8548 -0.2462 0.4568
vn 0.9723 -0.2332 -0.0176
vn 0.9054 -0.3473 0.2444
vn 0.8387 -0.3461 0.4205
vn 0.8228 -0.4627 0.3300
vn 0.8199 -0.5235 0.2316
vn 0.9043 -0.4093 0.1214
vn 0.7420 -0.3703 0.5588
vn 0.6631 -0.2444 0.7075
vn 0.7402 -0.2938 0.6049
vn 0.4612 -0.2408 0.8540
vn 0.6383 -0.3775 0.6709
vn 0.5204 -0.6528 0.5505
vn 0.5297 -0.7496 0.3968
vn 0.5335 -0.7572 0.3769
vn 0.8896 -0.4564 -0.0142
vn 0.9962 0.0125 0.0864
vn 0.8421 -0.0642 -0.5354
vn 0.8118 -0.1234 -0.5708
vn 0.8793 -0.1958 -0.4343
vn 0.6698 -0.1460 -0.7280
vn 0.4404 -0.2182 -0.8709
vn 0.7603 -0.2354 -0.6054
vn 0.4913 -0.2504 -0.8342
vn 0.8816 -0.2273 -0.4138
vn 0.3624 0.0174 -0.9319
vn 0.3796 -0.0686 -0.9226
vn 0.7803 0.3022 -0.5476
vn 0.6391 0.0914 -0.7636
vn 0.5047 0.0646 -0.8608
vn 0.5873 0.0799 -0.8054
vn 0.5872 0.1851 -0.7880
vn 0.8659 0.4933 -0.0832
vn 0.6177 0.1435 -0.7732
vn 0.5451 0.1098 -0.8312
vn 0.5032 0.1190 -0.8559
vn 0.6264 0.1593 -0.7631
vn 0.7198 0.1869 -0.6686
vn 0.7470 0.1893 -0.6373
vn 0.7771 0.1945 -0.5985
vn 0.7393 -0.6219 -0.2584
vn 0.8518 0.2093 -0.4802
vn 0.7502 0.1234 -0.6496
vn 0.7221 0.1641 -0.6721
vn 0.9254 0.2813 -0.2541
vn 0.6447 0.0136 -0.7644
vn 0.6631 0.0440 -0.7473
vn 0.9175 0.3037 -0.2566
vn 0.6134 -0.0356 -0.7889
vn 0.6125 -0.0096 -0.7904
vn 0.2716 -0.1560 -0.9497
vn 0.3427 -0.1718 -0.9236
vn 0.5540 -0.1088 -0.8254
vn 0.5902 -0.1168 -0.7988
vn 0.5973 -0.0736 -0.7986
vn 0.7817 -0.0198 -0.6234
vn 0.7545 -0.0126 -0.6562
vn 0.7535 -0.0655 -0.6542
vn 0.4915 -0.1554 -0.8569
vn 0.9694 0.2442 -0.0265
vn 0.9356 0.0194 -0.3526
vn 0.8780 -0.0650 -0.4741
vn 0.9748 0.1680 -0.1470
vn 0.2605 -0.3082 -0.9150
vn 0.6406 -0.1313 -0.7566
vn 0.7879 -0.1128 -0.6055
vn 0.9893 0.1353 -0.0553
vn 0.6694 -0.1447 -0.7287
vn 0.4930 -0.1952 -0.8478
vn 0.4722 -0.1738 -0.8642
vn 0.5266 -0.1621 -0.8345
vn 0.6510 -0.1362 -0.7467
vn 0.5368 -0.1296 -0.8337
vn 0.4286 -0.1476 -0.8913
vn 0.6107 -0.2029 -0.7654
vn 0.6387 -0.2215 -0.7369
vn 0.8563 -0.1418 -0.4966
vn 0.9991 0.0394 -0.0166
vn 0.9290 -0.1456 -0.3403
vn 0.9500 0.1153 0.2901
vn 0.9612 -0.0506 -0.2713
vn 0.9841 0.1509 0.0939
vn 0.9572 0.1218 -0.2626
vn 0.9856 0.1692 -0.0022
vn 0.9808 0.1598 0.1121
vn 0.5490 0.2511 0.7972
vn 0.9109 0.2507 0.3278
vn 0.6840 0.2754 0.6755
vn 0.9688 0.2033 0.1417
vn 0.7298 0.0227 -0.6833
vn 0.8565 0.2069 -0.4729
vn 0.8638 0.2414 -0.4423
vn 0.9554 0.2825 0.0857
vn 0.9590 0.2745 0.0711
vn 0.9222 0.2737 0.2733
vn 0.9404 0.2760 0.1987
vn 0.9211 0.2726 0.2778
vn 0.7779 0.2640 0.5703
vn 0.5402 0.0893 0.8368
vn 0.8163 0.1026 0.5685
vn 0.9930 -0.1138 -0.0313
vn 0.9389 0.0500 0.3406
vn 0.8130 -0.2117 -0.5424
vn 0.7770 -0.2119 -0.5928
vn 0.8778 -0.2054 -0.4328
vn 0.9182 -0.2149 -0.3327
vn 0.8329 -0.2214 -0.5072
vn 0.6720 -0.2256 -0.7053
vn 0.6439 -0.2178 -0.7334
vn 0.7155 -0.2162 -0.6643
vn 0.6432 0.1795 0.7444
vn 0.7257 0.2348 0.6467
vn 0.8241 0.2696 0.4982
vn 0.8838 0.2736 0.3794
vn 0.9314 0.2737 0.2402
vn 0.9501 0.2763 -0.1447
vn 0.6239 0.1168 -0.7727
vn 0.9178 0.2670 0.2939
vn 0.8919 0.2377 -0.3847
vn 0.8578 0.2585 -0.4443
vn 0.8961 0.2599 -0.3599
vn 0.9423 0.2697 -0.1982
vn 0.9329 0.2255 -0.2808
vn 0.9326 0.2702 0.2391
vn 0.8608 0.2675 0.4329
vn 0.7867 0.2682 0.5560
vn 0.6503 0.2137 0.7290
vn 0.7750 0.2406 0.5844
vn 0.6862 -0.5010 0.5274
vn 0.7339 0.2584 0.6283
vn 0.9466 0.2546 0.1979
vn 0.8269 -0.5209 0.2120
vn 0.8286 0.2622 0.4946
vn 0.9426 0.2638 0.2046
vn 0.9607 0.2383 0.1424
vn 0.9711 0.2373 -0.0262
vn 0.9650 0.2412 0.1029
vn 0.9288 0.2464 0.2767
vn 0.9075 -0.4177 -0.0448
vn 0.9974 0.0559 0.0448
vn 0.9804 0.1778 -0.0848
vn 0.8910 -0.2599 -0.3723
vn 0.4186 -0.3639 -0.8321
vn 0.1515 -0.5844 -0.7972
vn -0.4309 -0.2372 -0.8706
vn -0.2144 -0.2053 -0.9549
vn -0.2069 -0.1579 -0.9655
vn 0.5824 -0.6830 -0.4409
vn -0.1097 -0.1595 -0.9811
vn -0.1071 -0.1956 -0.9748
vn 0.1483 -0.0918 -0.9847
vn 0.8039 0.1089 -0.5847
vn 0.7218 0.0831 -0.6871
vn 0.5698 -0.1445 -0.8089
vn 0.5680 -0.0014 -0.8230
vn 0.1773 -0.0566 -0.9825
vn 0.2926 -0.0033 -0.9562
vn 0.7895 0.0922 -0.6068
vn 0.8033 -0.1303 -0.5812
vn 0.9879 0.1477 0.0471
vn 0.8246 0.1101 -0.5549
vn 0.9726 0.2029 -0.1133
vn 0.5160 0.0130 -0.8565
vn 0.6706 0.1031 -0.7346
vn 0.7911 0.1472 -0.5937
vn 0.7383 0.0774 -0.6701
vn 0.9483 0.2108 -0.2371
vn 0.7084 0.1130 -0.6967
vn 0.8321 0.1640 -0.5298
vn 0.8585 0.1694 -0.4841
vn 0.6904 0.0415 -0.7223
vn 0.9688 0.2477 0.0070
vn 0.8898 0.1840 -0.4176
vn 0.9603 0.2309 -0.1563
vn 0.9712 0.2350 -0.0391
vn 0.9339 0.2673 0.2375
vn 0.9552 0.2687 0.1238
vn 0.9267 0.2651 0.2663
vn 0.9596 0.2754 -0.0582
vn 0.8129 0.1922 -0.5498
vn 0.9086 0.2627 -0.3247
vn 0.8928 0.2690 -0.3613
vn 0.7670 0.2404 -0.5949
vn 0.8003 0.2887 -0.5255
vn 0.8565 0.3656 -0.3643
vn 0.8122 0.3337 -0.4786
vn 0.7461 0.2741 -0.6068
vn 0.6234 0.2294 -0.7475
vn 0.6666 0.2385 -0.7062
vn 0.7987 0.3049 -0.5188
vn 0.7587 0.2762 -0.5900
vn 0.8067 0.2688 -0.5262
vn 0.8380 0.2792 -0.4688
vn 0.4509 0.0955 -0.8874
vn 0.4728 0.1695 -0.8647
vn 0.7214 0.3710 -0.5848
vn 0.3408 0.1004 -0.9348
vn 0.4585 0.1122 -0.8816
vn 0.4860 0.1449 -0.8619
vn 0.8415 0.3358 -0.4232
vn 0.7317 0.3179 -0.6029
vn 0.6509 0.2359 -0.7216
vn 0.5522 0.3143 -0.7722
vn 0.1860 0.1475 -0.9714
vn 0.4292 0.1157 -0.8958
vn 0.4029 0.1569 -0.9017
vn 0.0712 -0.2059 -0.9760
vn 0.2539 -0.0207 -0.9670
vn 0.2494 -0.0235 -0.9681
vn 0.3622 0.1216 -0.9241
vn 0.3148 0.2588 -0.9132
vn 0.2851 0.1714 -0.9431
vn -0.2788 -0.1273 -0.9519
vn -0.2419 -0.1118 -0.9638
vn 0.1819 0.1313 -0.9745
vn -0.0252 0.1035 -0.9943
vn 0.0665 0.3040 -0.9503
vn -0.2406 0.0013 -0.9706
vn 0.2599 0.0972 -0.9607
vn 0.0569 -0.2092 -0.9762
vn -0.2760 -0.1412 -0.9507
vn -0.1287 0.3318 -0.9345
vn 0.0862 0.0607 -0.9944
vn -0.3034 -0.0088 -0.9528
vn 0.3254 0.1503 -0.9336
vn 0.4115 0.1941 -0.8905
vn 0.5259 0.2051 -0.8255
vn 0.6466 0.2168 -0.7313
vn 0.5240 0.1615 -0.8363
vn 0.7382 0.2011 -0.6439
vn 0.6927 0.2125 -0.6892
vn 0.6638 0.1689 -0.7286
vn 0.8220 0.2516 -0.5109
vn 0.6406 0.2428 -0.7285
vn 0.8025 0.4072 -0.4362
vn 0.9610 0.2621 -0.0878
vn 0.9028 0.2148 -0.3727
vn 0.9373 0.2613 -0.2305
vn 0.7151 0.1729 -0.6773
vn 0.9230 0.2326 -0.3066
vn 0.7234 0.1636 -0.6707
vn 0.9511 0.2585 0.1690
vn 0.8493 0.2279 -0.4763
vn 0.2582 0.0552 -0.9645
vn 0.6997 0.1522 -0.6981
vn 0.5728 0.1847 -0.7986
vn -0.1155 0.0357 -0.9927
vn 0.1378 0.1083 -0.9845
vn -0.3123 -0.0259 -0.9496
vn -0.3800 -0.0181 -0.9248
vn 0.5672 0.2162 -0.7947
vn -0.1476 -0.0231 -0.9888
vn -0.2161 -0.0196 -0.9762
vn 0.7362 0.2251 -0.6382
vn 0.4709 0.0913 -0.8775
vn 0.4341 0.0829 -0.8970
vn 0.7370 0.1460 -0.6600
vn 0.9168 0.2134 -0.3377
vn 0.8069 0.1827 -0.5617
vn 0.1663 -0.0148 -0.9860
vn 0.5903 0.2046 -0.7809
vn 0.8014 0.2108 -0.5598
vn 0.7264 0.1922 -0.6599
vn 0.8817 0.2100 -0.4224
vn -0.0580 -0.0603 -0.9965
vn -0.2001 -0.1307 -0.9710
vn 0.6552 0.1341 -0.7435
vn -0.6050 -0.1337 -0.7849
vn -0.0128 0.0021 -0.9999
vn 0.1872 0.1020 -0.9770
vn -0.0522 0.0623 -0.9967
vn -0.5044 -0.0448 -0.8623
vn -0.2198 0.0239 -0.9752
vn 0.0104 0.0711 -0.9974
vn -0.4434 -0.0309 -0.8958
vn 0.2724 0.1034 -0.9566
vn 0.1912 0.0447 -0.9805
vn -0.7130 -0.1864 -0.6760
vn -0.0228 -0.0597 -0.9980
vn 0.6849 0.1232 -0.7182
vn -0.0489 -0.0891 -0.9948
vn 0.1373 -0.0021 -0.9905
vn 0.2122 -0.0440 -0.9762
vn -0.4273 -0.1799 -0.8860
vn -0.7586 -0.2280 -0.6103
vn -0.4938 -0.1057 -0.8631
vn -0.6215 -0.1210 -0.7740
vn -0.3357 -0.0218 -0.9417
vn -0.4924 -0.0187 -0.8702
vn -0.8231 -0.1973 -0.5325
vn -0.8991 -0.1978 -0.3905
vn -0.9519 -0.1891 -0.2412
vn -0.9693 -0.1579 -0.1887
vn -0.9230 -0.1029 -0.3709
vn -0.8485 -0.0545 -0.5264
vn -0.8892 -0.1629 -0.4276
vn -0.7358 -0.1336 -0.6639
vn -0.8596 -0.0905 0.5029
vn -0.8463 -0.0166 0.5325
vn -0.6596 -0.0513 0.7498
vn -0.6556 -0.0273 0.7547
vn -0.8214 0.0045 0.5704
vn -0.6591 -0.0057 0.7520
vn -0.9884 -0.0552 0.1412
vn -0.8747 -0.0423 0.4829
vn -0.9994 -0.0066 0.0340
vn -0.9995 -0.0065 0.0316
vn -0.8959 -0.0081 0.4442
vn -0.8240 -0.0080 0.5665
vn -0.8125 -0.0394 0.5817
vn -0.7361 -0.0131 0.6767
vn -0.6456 -0.0070 0.7637
vn -0.6509 -0.0114 0.7590
vn -0.2560 -0.0385 0.9659
vn -0.6622 -0.0134 0.7492
vn -0.6613 -0.0133 0.7500
vn -0.6601 -0.0133 0.7510
vn -0.6423 -0.0219 0.7662
vn 0.0120 -0.0092 0.9999
vn -0.2948 -0.0178 0.9554
vn -0.3631 -0.0153 0.9316
vn -0.2785 -0.0194 0.9603
vn -0.3544 -0.0136 0.9350
vn -0.2727 -0.0185 0.9619
vn -0.3384 -0.0153 0.9409
vn 0.5327 0.0198 0.8461
vn -0.2861 -0.0128 0.9581
vn -0.3607 -0.0163 0.9325
vn -0.1850 -0.0473 0.9816
vn -0.7775 -0.0672 0.6253
vn -0.8863 -0.1212 0.4470
vn -0.9452 -0.0951 0.3125
vn -0.6252 -0.7531 0.2046
vn -0.9917 -0.1282 0.0090
vn -0.9626 -0.2324 -0.1394
vn -0.8479 -0.2168 -0.4839
vn -0.7625 -0.2105 -0.6118
vn -0.8869 -0.2314 -0.3999
vn -0.8670 -0.2318 -0.4411
vn -0.8180 -0.2048 -0.5376
vn -0.7338 -0.1967 -0.6502
vn -0.4755 -0.2116 -0.8539
vn -0.7554 -0.1586 -0.6358
vn -0.7665 -0.2059 -0.6083
vn -0.7463 -0.2146 -0.6301
vn 0.1324 0.0113 -0.9911
vn -0.2908 -0.0929 -0.9523
vn -0.6943 -0.1792 -0.6970
vn -0.5164 -0.1334 -0.8459
vn -0.3751 -0.0578 -0.9252
vn 0.2369 0.0769 -0.9685
vn -0.7580 -0.1468 -0.6355
vn -0.2241 -0.1416 -0.9642
vn 0.5715 0.0491 -0.8191
vn -0.0033 -0.1056 -0.9944
vn 0.1877 -0.0195 -0.9820
vn 0.2923 0.0387 -0.9556
vn -0.4876 -0.1615 -0.8580
vn -0.6915 -0.2268 -0.6859
vn 0.0791 -0.0552 -0.9953
vn -0.3008 -0.1893 -0.9347
vn -0.0977 -0.0912 -0.9910
vn -0.4387 -0.1910 -0.8781
vn -0.9707 -0.2195 0.0980
vn -0.9218 -0.3206 0.2177
vn -0.9655 -0.2379 -0.1063
vn -0.8967 -0.1913 -0.3993
vn -0.2337 0.0234 -0.9720
vn -0.7947 -0.2099 -0.5696
vn -0.7102 -0.1864 -0.6789
vn -0.5713 -0.1744 -0.8020
vn -0.5688 -0.2184 -0.7930
vn -0.4863 -0.1946 -0.8518
vn -0.5186 -0.2386 -0.8211
vn -0.3594 -0.1988 -0.9118
vn -0.7062 -0.2400 -0.6661
vn -0.6579 -0.2151 -0.7218
vn -0.8664 -0.2571 -0.4281
vn -0.8171 -0.2409 -0.5238
vn -0.8839 -0.2545 -0.3923
vn -0.8947 -0.2524 -0.3684
vn -0.9526 -0.2630 -0.1528
vn -0.8685 -0.2254 -0.4416
vn -0.9024 -0.2486 -0.3519
vn -0.8800 -0.2524 -0.4025
vn -0.4559 -0.1404 -0.8789
vn -0.8925 -0.2658 -0.3645
vn -0.8472 -0.2601 -0.4632
vn -0.7805 -0.2541 -0.5712
vn -0.7155 -0.2537 -0.6509
vn -0.6125 -0.2520 -0.7492
vn -0.4744 -0.2375 -0.8476
vn -0.3177 -0.2241 -0.9213
vn 0.2153 -0.8686 -0.4464
vn -0.1787 -0.7454 -0.6422
vn -0.6870 -0.2791 -0.6709
vn -0.2287 -0.1707 -0.9584
vn -0.6664 -0.2602 -0.6987
vn -0.7996 -0.2630 -0.5400
vn -0.8725 -0.2647 -0.4108
vn -0.9271 -0.2721 -0.2577
vn -0.9619 -0.2714 -0.0327
vn -0.9662 -0.2513 0.0582
vn -0.9555 -0.2853 -0.0744
vn -0.9589 -0.2828 -0.0242
vn -0.9547 -0.2691 0.1267
vn -0.9553 -0.2788 -0.0981
vn -0.9603 -0.2787 0.0098
vn -0.9425 -0.2588 -0.2113
vn -0.9610 -0.2696 -0.0614
vn -0.9619 -0.2732 -0.0065
vn -0.9505 -0.3036 -0.0661
vn -0.9499 -0.2416 -0.1983
vn -0.4388 -0.2199 -0.8713
vn -0.6486 -0.2166 -0.7297
vn -0.5268 -0.2259 -0.8194
vn -0.4881 -0.2258 -0.8431
vn 0.1349 -0.0892 -0.9868
vn -0.3980 -0.2241 -0.8896
vn -0.1182 -0.1701 -0.9783
vn 0.5532 0.1291 -0.8230
vn -0.1780 -0.1463 -0.9731
vn -0.0156 -0.1325 -0.9911
vn 0.6495 0.0920 -0.7548
vn -0.1728 -0.1684 -0.9704
vn -0.1979 -0.1592 -0.9672
vn -0.4614 -0.1992 -0.8646
vn -0.3075 -0.2093 -0.9283
vn -0.4718 -0.2048 -0.8576
vn -0.4748 -0.1966 -0.8579
vn -0.5826 -0.2067 -0.7861
vn -0.6322 -0.2339 -0.7386
vn -0.5530 -0.2141 -0.8052
vn 0.4198 0.2474 -0.8733
vn -0.3669 -0.1504 -0.9180
vn 0.0374 0.0954 -0.9947
vn -0.3240 0.0539 -0.9445
vn -0.4131 0.0548 -0.9091
vn -0.1957 0.0559 -0.9791
vn 0.0292 0.1122 -0.9933
vn -0.1037 0.1246 -0.9868
vn -0.0601 0.1874 -0.9805
vn -0.2429 0.1393 -0.9600
vn -0.7647 -0.0472 -0.6427
vn -0.0094 0.2102 -0.9776
vn 0.0626 0.2100 -0.9757
vn -0.2969 0.0131 -0.9548
vn 0.1653 0.2680 -0.9491
vn 0.3541 0.2891 -0.8894
vn 0.0327 0.2567 -0.9659
vn -0.5305 0.0467 -0.8464
vn -0.3242 0.1462 -0.9346
vn -0.3990 0.1250 -0.9084
vn -0.5394 0.0770 -0.8385
vn -0.6535 -0.0883 -0.7517
vn -0.6662 -0.1633 -0.7276
vn -0.8932 -0.2798 -0.3520
vn -0.7856 -0.1743 -0.5937
vn -0.7431 -0.1747 -0.6460
vn -0.8569 -0.2189 -0.4667
vn -0.8823 -0.2212 -0.4156
vn -0.9413 -0.2895 -0.1737
vn -0.8769 -0.2086 -0.4331
vn -0.7306 -0.0587 -0.6803
vn -0.8195 -0.0808 -0.5674
vn -0.9072 -0.1405 -0.3966
vn -0.8448 -0.0938 -0.5269
vn -0.8080 -0.1383 -0.5727
vn -0.9424 -0.3322 -0.0402
vn -0.8244 0.0295 -0.5653
vn -0.6272 0.1717 -0.7597
vn -0.8935 -0.1335 -0.4288
vn -0.7195 0.1273 -0.6828
vn -0.4359 0.3223 -0.8403
vn -0.9309 0.0237 -0.3644
vn -0.9250 0.1739 -0.3378
vn -0.9143 0.1012 -0.3921
vn -0.9049 0.1259 -0.4065
vn -0.9525 0.0907 -0.2908
vn -0.9665 0.0719 -0.2464
vn -0.6313 0.5166 -0.5785
vn -0.9349 0.2232 -0.2760
vn -0.9821 0.1317 -0.1348
vn -0.7238 0.2338 -0.6492
vn -0.9080 0.1676 -0.3840
vn -0.9012 -0.0759 0.4266
vn -0.9928 0.0730 -0.0948
vn -0.9843 0.0443 0.1711
vn -0.9795 0.0116 0.2012
vn -0.8724 -0.1297 0.4712
vn -0.9605 0.0871 -0.2643
vn -0.8472 0.1752 -0.5016
vn -0.9962 0.0251 -0.0828
vn -0.5003 0.2700 -0.8227
vn -0.9961 0.0245 -0.0850
vn -0.9895 0.0567 -0.1329
vn -0.7486 0.2034 -0.6310
vn -0.7904 0.2007 -0.5788
vn -0.9666 0.1198 -0.2265
vn -0.6214 0.2546 -0.7409
vn -0.6935 0.2091 -0.6894
vn -0.8998 0.1938 -0.3909
vn -0.8583 0.1232 -0.4982
vn -0.5274 0.2512 -0.8117
vn -0.4058 0.2723 -0.8725
vn -0.4843 0.2436 -0.8403
vn -0.3139 0.2773 -0.9081
vn -0.1998 0.2864 -0.9370
vn -0.0148 0.2935 -0.9558
vn -0.7436 0.1702 -0.6466
vn -0.6888 0.1966 -0.6978
vn -0.6251 0.2597 -0.7361
vn -0.6166 0.2117 -0.7583
vn -0.2163 0.3619 -0.9068
vn -0.2037 0.2418 -0.9487
vn -0.1984 0.2426 -0.9496
vn 0.0919 0.3889 -0.9167
vn -0.3266 0.2484 -0.9120
vn -0.2534 0.2984 -0.9202
vn -0.0442 0.2929 -0.9551
vn 0.1747 0.2352 -0.9561
vn 0.0500 0.2944 -0.9544
vn 0.1538 0.3295 -0.9316
vn 0.0196 0.2915 -0.9564
vn 0.1155 0.2877 -0.9507
vn 0.2276 0.2943 -0.9282
vn 0.2466 0.2804 -0.9277
vn 0.3654 0.2776 -0.8885
vn 0.5141 0.2144 -0.8305
vn 0.6321 0.3307 -0.7008
vn -0.0746 -0.1414 -0.9871
vn 0.8528 0.2414 -0.4631
vn 0.6509 0.2377 -0.7209
vn 0.1923 0.0255 -0.9810
vn 0.1789 -0.0244 -0.9836
vn 0.8486 0.1691 -0.5013
vn 0.4540 0.1569 -0.8771
vn 0.8335 0.1507 -0.5316
vn 0.8907 0.2389 -0.3868
vn 0.5680 0.0819 -0.8190
vn 0.3774 -0.2850 -0.8811
vn -0.7785 -0.5667 -0.2699
vn -0.3283 -0.5690 -0.7540
vn -0.1754 -0.8302 -0.5291
vn -0.1302 -0.3553 -0.9256
vn -0.3215 -0.5816 -0.7472
vn -0.2557 -0.2308 -0.9388
vn -0.2702 -0.2441 -0.9313
vn -0.6537 -0.4087 -0.6368
vn -0.4193 -0.5821 -0.6966
vn -0.5260 -0.4861 -0.6979
vn -0.4596 -0.5740 -0.6777
vn -0.4744 -0.5481 -0.6889
vn -0.6714 -0.6558 -0.3452
vn -0.5527 0.3166 -0.7709
vn -0.4746 -0.3788 -0.7945
vn -0.6823 -0.3306 -0.6520
vn -0.5686 -0.4384 -0.6961
vn -0.7213 -0.2981 -0.6252
vn -0.0001 -0.1992 -0.9800
vn -0.3233 -0.2668 -0.9079
vn -0.5622 -0.3311 -0.7578
vn -0.6459 -0.4439 -0.6211
vn -0.7340 -0.4178 -0.5354
vn -0.8022 -0.4258 -0.4185
vn -0.8387 -0.4463 -0.3119
vn -0.9178 -0.2638 0.2966
vn -0.9735 -0.2254 0.0385
vn -0.9015 -0.2538 -0.3506
vn -0.8697 -0.4478 -0.2078
vn -0.8092 -0.5579 -0.1845
vn -0.8374 -0.5348 -0.1132
vn -0.6711 -0.3609 -0.6475
vn -0.7738 -0.3150 -0.5495
vn -0.6250 -0.7795 -0.0426
vn -0.7013 -0.6687 0.2471
vn -0.8018 -0.3293 0.4987
vn -0.6850 -0.5473 0.4809
vn -0.6272 -0.6832 0.3739
vn -0.8317 -0.5415 -0.1225
vn -0.4920 -0.8188 0.2959
vn -0.8307 -0.4844 -0.2746
vn -0.9276 0.0490 -0.3702
vn -0.9914 -0.0201 -0.1294
vn -0.4935 0.2887 -0.8204
vn -0.4958 0.3093 -0.8115
vn -0.5846 0.2904 -0.7576
vn -0.5589 0.2921 -0.7761
vn -0.7060 0.2880 -0.6470
vn -0.4970 -0.6704 -0.5509
vn -0.7974 0.2906 -0.5289
vn -0.8451 0.2846 -0.4526
vn -0.8320 0.2831 -0.4771
vn -0.9409 0.1727 0.2913
vn -0.9573 0.2606 -0.1253
vn -0.8701 0.2814 -0.4047
vn -0.9365 0.2845 -0.2049
vn -0.9285 0.2769 -0.2476
vn -0.9202 0.2826 -0.2708
vn -0.9500 0.2736 -0.1504
vn -0.9392 0.1942 0.2831
vn -0.9620 0.2729 0.0063
vn -0.9474 0.2823 -0.1508
vn -0.9610 0.2764 0.0068
vn -0.7680 0.1979 0.6091
vn -0.9455 0.2603 0.1954
vn -0.9044 0.2535 0.3431
vn -0.9600 0.2726 0.0631
vn -0.9390 0.2745 -0.2071
vn -0.9338 0.2462 0.2595
vn -0.9509 0.2424 0.1922
vn -0.9667 0.2542 0.0296
vn -0.9651 0.2614 0.0148
vn -0.9262 0.2310 0.2980
vn -0.9313 0.2506 0.2644
vn -0.8803 0.2435 0.4072
vn -0.9421 0.2642 0.2067
vn -0.8270 0.2292 0.5134
vn -0.8190 0.1453 0.5551
vn -0.9249 0.3023 0.2305
vn -0.9490 0.2521 0.1894
vn -0.9391 0.3022 0.1637
vn -0.7197 0.0180 0.6941
vn -0.9520 0.2605 0.1609
vn -0.8398 0.0432 0.5412
vn -0.9593 0.2817 -0.0190
vn -0.9182 0.2842 -0.2760
vn -0.8945 0.2810 -0.3479
vn -0.8633 0.2865 -0.4154
vn -0.7308 0.2699 -0.6269
vn -0.8907 0.2828 -0.3559
vn -0.9164 0.2825 -0.2834
vn -0.8791 0.2829 -0.3836
vn -0.9189 0.2328 -0.3185
vn -0.9605 0.2115 -0.1810
vn -0.9590 0.2609 -0.1105
vn -0.9594 0.2745 -0.0651
vn -0.9802 0.1784 0.0860
vn -0.9803 0.1959 0.0232
vn -0.9088 0.1455 -0.3911
vn -0.9623 0.1182 0.2450
vn -0.9383 0.1341 0.3187
vn -0.9124 0.0939 0.3984
vn -0.9099 0.0317 0.4136
vn -0.9749 0.0566 0.2155
vn -0.9711 0.0623 0.2302
vn -0.9442 -0.0177 0.3288
vn -0.9476 0.0130 0.3191
vn -0.9677 0.1972 -0.1573
vn -0.1893 -0.3391 0.9215
vn -0.9738 0.0918 0.2079
vn -0.5663 0.5540 0.6102
vn -0.7546 -0.1468 0.6395
vn -0.6707 -0.1423 0.7279
vn -0.6481 -0.1847 0.7388
vn -0.5942 -0.2309 0.7704
vn -0.5923 -0.2436 0.7680
vn -0.6261 -0.2535 0.7374
vn -0.9924 0.1129 0.0491
vn -0.9049 -0.1167 0.4093
vn -0.9217 -0.1219 0.3683
vn -0.7853 -0.2265 0.5761
vn -0.6723 -0.3035 0.6752
vn -0.7090 0.5138 0.4829
vn -0.9523 -0.1723 0.2519
vn -0.9881 0.0009 0.1536
vn -0.9885 0.1060 0.1077
vn -0.9861 0.1576 -0.0525
vn -0.9838 0.1674 0.0636
vn -0.8365 0.2492 -0.4881
vn -0.7159 0.2785 -0.6402
vn -0.6203 -0.2340 0.7486
vn -0.9998 -0.0057 0.0199
vn -0.8615 -0.2182 0.4584
vn -0.9597 0.1481 -0.2388
vn -0.8678 -0.2732 0.4151
vn -0.9643 -0.0782 -0.2531
vn -0.9954 -0.0960 -0.0024
vn -0.9910 -0.0121 -0.1330
vn -0.9951 -0.0836 -0.0526
vn -0.9925 -0.1125 -0.0470
vn -0.9942 -0.1078 -0.0042
vn -0.9770 -0.1477 0.1539
vn -0.9850 -0.1707 0.0244
vn -0.9880 -0.1503 -0.0343
vn -0.9397 -0.2116 0.2687
vn -0.9448 -0.2261 0.2371
vn -0.8992 -0.2370 0.3677
vn -0.8184 -0.2652 0.5099
vn -0.9576 -0.0734 0.2787
vn -0.7613 -0.5574 -0.3311
vn -0.9186 -0.3802 -0.1079
vn -0.9246 -0.3598 -0.1250
vn -0.9835 0.0109 -0.1807
vn -0.8256 -0.2989 0.4786
vn -0.9079 -0.3853 -0.1648
vn -0.5128 -0.6483 -0.5627
vn -0.9150 -0.4024 -0.0297
vn -0.8911 -0.0774 0.4472
vn -0.5709 -0.7353 -0.3652
vn -0.6273 -0.7380 -0.2488
vn -0.8256 -0.5619 0.0526
vn -0.7149 -0.6786 0.1687
vn -0.8442 -0.0900 0.5283
vn -0.8226 -0.1322 0.5530
vn -0.7356 -0.1613 0.6579
vn -0.8397 -0.1682 0.5163
vn -0.6318 -0.1860 0.7525
vn -0.6683 -0.1192 0.7343
vn -0.7197 -0.3441 0.6030
vn -0.6579 -0.6877 0.3071
vn -0.2665 -0.8897 -0.3706
vn -0.3894 -0.6466 -0.6560
vn -0.1995 -0.9484 -0.2464
vn 0.8791 0.0527 -0.4737
vn 0.5822 -0.4698 -0.6636
vn -0.4054 -0.9061 -0.1209
vn -0.2918 -0.8682 -0.4014
vn 0.5249 -0.4718 -0.7084
vn -0.4161 -0.7935 -0.4441
vn 0.4491 -0.3837 -0.8069
vn 0.8385 0.1362 -0.5277
vn 0.2536 -0.1160 -0.9603
vn 0.7919 0.2689 -0.5483
vn 0.7476 0.2857 -0.5996
vn 0.6883 0.2882 -0.6658
vn 0.5601 0.2925 -0.7751
vn 0.6762 0.2687 -0.6859
vn 0.5288 0.2907 -0.7974
vn 0.4414 0.2931 -0.8481
vn 0.4487 0.2960 -0.8432
vn 0.2745 0.2934 -0.9157
vn 0.1925 0.2957 -0.9357
vn 0.2720 0.2949 -0.9160
vn 0.0624 0.2956 -0.9533
vn 0.1633 0.3010 -0.9395
vn 0.1189 0.2922 -0.9490
vn 0.2353 0.2940 -0.9264
vn 0.1495 0.2915 -0.9448
vn 0.2353 0.2907 -0.9274
vn 0.4028 0.2931 -0.8671
vn 0.4585 0.2912 -0.8396
vn 0.5620 0.2910 -0.7742
vn 0.4898 0.2934 -0.8210
vn 0.6527 0.2855 -0.7018
vn 0.1811 -0.7411 -0.6465
vn 0.3549 0.2878 -0.8895
vn 0.2752 0.2870 -0.9175
vn 0.1927 0.2906 -0.9372
vn 0.0902 0.2908 -0.9525
vn -0.0474 0.2749 -0.9603
vn -0.0341 0.7977 -0.6021
vn 0.0406 0.2951 -0.9546
vn -0.1740 0.2781 -0.9447
vn -0.0826 0.2749 -0.9579
vn -0.0213 0.2667 -0.9636
vn 0.1568 0.2794 -0.9473
vn -0.1184 0.2235 -0.9675
vn 0.3826 0.2841 -0.8791
vn 0.3555 0.2743 -0.8935
vn 0.1647 0.2724 -0.9480
vn -0.0630 -0.6762 -0.7340
vn -0.0485 -0.4308 -0.9011
vn 0.2499 0.2728 -0.9290
vn -0.1793 0.2272 -0.9572
vn -0.1991 0.2278 -0.9531
vn 0.2024 0.2757 -0.9397
vn -0.1049 0.2588 -0.9602
vn 0.1685 0.2809 -0.9448
vn -0.4131 0.2389 -0.8788
vn -0.5319 0.2360 -0.8133
vn -0.0899 0.2881 -0.9534
vn -0.7556 0.1489 -0.6379
vn -0.1692 0.2714 -0.9475
vn -0.3968 0.2167 -0.8919
vn -0.0969 0.2609 -0.9605
vn -0.6086 0.1871 -0.7711
vn -0.9390 0.0222 -0.3433
vn -0.8081 0.1444 -0.5710
vn -0.4818 0.2340 -0.8445
vn -0.8888 0.0273 -0.4574
vn -0.1168 0.2465 -0.9621
vn -0.0100 0.2445 -0.9696
vn 0.1253 0.2479 -0.9606
vn -0.2155 -0.3345 -0.9174
vn -0.3234 0.1684 -0.9312
vn -0.5321 0.1613 -0.8312
vn -0.6891 0.1435 -0.7103
vn -0.8794 0.1082 -0.4637
vn -0.9714 0.0540 -0.2312
vn -0.3633 0.2650 -0.8932
vn -0.9105 0.0973 -0.4018
vn -0.5902 0.1920 -0.7841
vn 0.0173 0.2592 -0.9657
vn 0.0178 0.2119 -0.9771
vn -0.3961 -0.2528 -0.8827
vn -0.6474 -0.7494 0.1391
vn 0.4473 -0.2367 -0.8625
vn 0.5484 -0.5798 -0.6026
vn -0.5116 -0.7812 0.3577
vn -0.7358 -0.2888 0.6124
vn -0.6942 -0.2897 0.6589
vn -0.6202 -0.2891 0.7293
vn -0.6758 -0.2870 0.6789
vn -0.5896 -0.2878 0.7547
vn -0.5574 -0.2870 0.7790
vn -0.6811 -0.2844 0.6747
vn -0.7601 -0.2774 0.5877
vn -0.8220 -0.2696 0.5017
vn -0.8184 -0.2753 0.5043
vn -0.8671 -0.2711 0.4179
vn -0.9138 -0.2435 0.3249
vn -0.8540 -0.2548 0.4536
vn -0.9093 -0.2425 0.3383
vn -0.8183 -0.2528 0.5163
vn -0.7077 -0.2663 0.6544
vn -0.7662 -0.2571 0.5889
vn -0.8590 -0.2341 0.4553
vn -0.8272 -0.2571 0.4996
vn -0.9764 -0.1853 0.1109
vn -0.7654 -0.6381 -0.0836
vn -0.4621 -0.7069 -0.5354
vn -0.9616 -0.1914 0.1967
vn -0.9213 -0.2623 0.2872
vn -0.9749 -0.1505 0.1643
vn -0.8745 -0.2290 0.4276
vn -0.7670 -0.2434 0.5937
vn -0.9760 -0.1240 0.1790
vn -0.6132 -0.2618 0.7453
vn -0.8078 -0.2203 0.5467
vn -0.9079 -0.1963 0.3703
vn -0.6469 -0.2502 0.7204
vn -0.5864 -0.2749 0.7620
vn -0.5174 -0.2749 0.8104
vn -0.4230 -0.2856 0.8600
vn -0.4682 -0.2677 0.8421
vn -0.3232 -0.2856 0.9022
vn -0.1889 -0.2919 0.9376
vn -0.2530 -0.2585 0.9323
vn -0.5458 -0.2579 0.7973
vn 0.1613 -0.2209 0.9619
vn -0.7896 -0.2733 0.5494
vn -0.4645 -0.2380 0.8530
vn -0.5360 -0.2144 0.8165
vn -0.5869 -0.2086 0.7823
vn -0.7380 -0.1628 0.6549
vn -0.5398 -0.2551 0.8022
vn -0.4661 -0.7672 0.4407
vn -0.9995 0.0190 0.0254
vn -0.8023 -0.1831 0.5682
vn -0.8390 -0.1722 0.5162
vn -0.9331 -0.1235 0.3376
vn -0.8322 -0.2097 0.5133
vn -0.6105 -0.7542 0.2418
vn -0.9708 -0.1125 0.2117
vn -0.9917 -0.1167 0.0537
vn -0.9341 -0.0455 -0.3541
vn -0.8031 -0.1879 -0.5654
vn -0.8263 -0.0079 -0.5631
vn -0.8976 -0.0244 -0.4401
vn -0.9607 -0.0415 -0.2746
vn -0.8296 0.0021 -0.5583
vn -0.7063 -0.0244 -0.7074
vn -0.7681 0.0354 -0.6394
vn -0.8370 0.0231 -0.5467
vn -0.9886 -0.1058 -0.1069
vn -0.9241 -0.0013 -0.3822
vn -0.8725 0.0565 -0.4854
vn -0.9454 0.0004 -0.3259
vn -0.5673 0.7228 -0.3946
vn -0.5319 -0.6548 -0.5369
vn -0.6892 0.1319 -0.7124
vn -0.5798 0.1966 -0.7907
vn -0.7993 0.1037 -0.5919
vn -0.6032 0.1317 -0.7866
vn -0.7798 0.0796 -0.6210
vn -0.4037 0.1672 -0.8995
vn -0.4248 0.1463 -0.8934
vn -0.7599 -0.0534 -0.6479
vn -0.5454 -0.2085 -0.8118
vn -0.9967 -0.0239 -0.0780
vn -0.9600 0.0622 -0.2729
vn -0.9857 -0.0330 0.1655
vn -0.8544 -0.1106 0.5076
vn -0.7027 -0.1729 0.6902
vn -0.9965 0.0711 0.0441
vn -0.9603 -0.0621 0.2721
vn -0.9962 0.0628 -0.0604
vn -0.9584 0.0689 -0.2769
vn -0.8946 -0.1663 0.4148
vn -0.8274 0.0897 -0.5544
vn -0.9849 -0.1233 0.1217
vn -0.7973 -0.2154 0.5638
vn -0.9559 0.0757 -0.2839
vn -0.9870 -0.1142 0.1128
vn -0.9209 0.0111 -0.3896
vn -0.9662 -0.1095 0.2334
vn -0.6316 -0.2312 0.7400
vn -0.8717 -0.1529 0.4655
vn -0.9997 -0.0153 0.0180
vn -0.8890 -0.1239 0.4408
vn -0.7429 -0.1542 0.6514
vn -0.5101 -0.2134 0.8332
vn -0.8153 -0.1244 0.5656
vn -0.5591 -0.1901 0.8070
vn -0.6193 -0.1550 0.7697
vn -0.5758 -0.2234 0.7865
vn -0.9852 0.1001 -0.1388
vn -0.8747 -0.0439 0.4827
vn -0.9234 -0.0390 0.3819
vn -0.9995 -0.0017 -0.0323
vn -0.8927 -0.1097 0.4370
vn -0.7134 -0.2168 0.6664
vn -0.5097 -0.2591 0.8204
vn -0.8226 -0.2209 0.5240
vn -0.6816 -0.2544 0.6861
vn -0.7773 -0.2338 0.5840
vn -0.8323 -0.2309 0.5039
vn -0.8560 -0.2157 0.4698
vn -0.8024 -0.2379 0.5474
vn -0.9040 -0.2471 0.3487
vn -0.8729 -0.2406 0.4244
vn -0.9286 -0.2374 0.2853
vn -0.9292 -0.2410 0.2801
vn -0.5068 -0.2784 0.8159
vn -0.9960 -0.0893 0.0055
vn -0.8391 -0.2445 0.4859
vn -0.5110 -0.1642 0.8438
vn -0.4886 -0.3731 0.7887
vn -0.6218 -0.2965 0.7249
vn -0.3142 -0.2919 0.9034
vn -0.3083 -0.2942 0.9046
vn -0.2897 -0.2941 0.9108
vn -0.2063 -0.2934 0.9335
vn -0.2250 -0.2987 0.9274
vn -0.5808 -0.2795 0.7645
vn -0.6520 -0.2764 0.7061
vn -0.4852 -0.2839 0.8270
vn -0.4821 -0.2838 0.8289
vn -0.2415 -0.2901 0.9260
vn -0.4214 -0.2771 0.8635
vn -0.1678 -0.2934 0.9412
vn -0.0871 -0.2938 0.9519
vn -0.2088 -0.2920 0.9333
vn -0.2400 -0.2936 0.9253
vn -0.5174 -0.7873 0.3354
vn -0.3594 -0.2090 0.9095
vn -0.9592 -0.1866 0.2125
vn -0.8609 -0.2278 0.4550
vn -0.3385 -0.1977 0.9200
vn -0.5673 -0.1703 0.8057
vn -0.4182 -0.1163 0.9009
vn -0.0345 -0.3492 0.9364
vn -0.2257 -0.1877 0.9559
vn -0.2632 -0.1879 0.9463
vn -0.2590 -0.2029 0.9443
vn -0.3120 -0.2049 0.9277
vn -0.2409 -0.2349 0.9417
vn -0.3056 -0.2198 0.9265
vn -0.2342 -0.1487 0.9608
vn 0.0325 -0.1640 0.9859
vn 0.1077 -0.2881 0.9515
vn -0.8845 -0.1924 0.4250
vn -0.7221 -0.2212 0.6555
vn -0.6272 -0.1940 0.7543
vn -0.0071 -0.0838 0.9965
vn -0.6545 -0.2027 0.7283
vn -0.5209 -0.2174 0.8254
vn 0.3504 -0.1667 0.9216
vn 0.5360 -0.1562 0.8296
vn 0.6581 -0.2385 0.7142
vn 0.6465 -0.1232 0.7529
vn 0.6062 -0.0979 0.7892
vn 0.5435 -0.1109 0.8320
vn 0.4690 -0.0757 0.8800
vn 0.3731 -0.0673 0.9253
vn 0.3947 -0.1233 0.9105
vn 0.0713 0.0381 0.9967
vn 0.2954 -0.1108 0.9489
vn 0.0104 -0.0028 0.9999
vn 0.5347 -0.0616 0.8428
vn 0.0507 0.0119 0.9986
vn -0.2294 0.1401 0.9632
vn -0.2399 0.1147 0.9640
vn -0.1568 0.0830 0.9841
vn -0.2576 0.1413 0.9559
vn -0.1353 0.0340 0.9902
vn -0.4091 0.1886 0.8928
vn -0.1990 0.1092 0.9739
vn -0.4642 0.1967 0.8636
vn -0.7984 0.3973 0.4524
vn -0.6606 0.2354 0.7129
vn -0.5271 0.1651 0.8336
vn -0.5150 0.1429 0.8452
vn -0.4763 0.1704 0.8626
vn -0.3690 0.1423 0.9185
vn -0.5439 0.1651 0.8228
vn -0.3510 0.1056 0.9304
vn -0.3701 0.1500 0.9168
vn -0.0666 0.0607 0.9959
vn 0.4892 -0.0633 0.8699
vn -0.1148 0.0460 0.9923
vn -0.0719 0.0398 0.9966
vn -0.0379 0.0677 0.9970
vn 0.6339 -0.1171 0.7645
vn 0.1361 0.0003 0.9907
vn 0.1400 -0.0173 0.9900
vn -0.4205 0.1071 0.9009
vn 0.4578 -0.1278 0.8798
vn 0.4096 -0.1356 0.9021
vn -0.7080 0.1748 0.6842
vn -0.4610 0.0983 0.8820
vn -0.1338 0.0378 0.9903
vn -0.2885 0.0275 0.9571
vn -0.6588 0.1169 0.7432
vn -0.7828 0.2004 0.5892
vn -0.5009 0.1271 0.8561
vn -0.8027 0.2216 0.5537
vn -0.3702 0.0297 0.9285
vn -0.2250 -0.0376 0.9736
vn -0.9425 0.2297 0.2428
vn -0.8321 0.1813 0.5241
vn -0.6353 0.0911 0.7669
vn -0.8513 0.1563 0.5009
vn -0.9635 0.2202 0.1520
vn -0.9311 0.1990 0.3058
vn -0.8430 0.1794 0.5071
vn -0.5592 0.1153 0.8210
vn -0.6905 0.1932 0.6970
vn -0.7695 0.2259 0.5974
vn -0.8490 0.2305 0.4756
vn -0.9122 0.2481 0.3261
vn -0.8729 0.2205 0.4352
vn -0.8275 0.2196 0.5167
vn -0.7717 0.1752 0.6113
vn -0.7167 0.0827 0.6925
vn -0.9374 0.2129 0.2757
vn -0.9645 0.2467 -0.0939
vn -0.9651 0.2034 0.1647
vn -0.9786 0.2017 0.0408
vn -0.9627 0.1873 0.1955
vn -0.6690 -0.5758 0.4700
vn -0.9077 -0.3866 0.1630
vn -0.9319 0.2619 -0.2509
vn -0.9700 0.2377 -0.0520
vn -0.9804 0.1949 -0.0303
vn -0.9569 0.1977 0.2126
vn -0.9644 0.2550 -0.0700
vn -0.9656 0.2582 -0.0293
vn -0.8827 0.1865 0.4314
vn -0.9540 0.2659 -0.1383
vn -0.8038 0.1014 0.5862
vn -0.9665 0.2444 -0.0778
vn -0.9560 0.2444 -0.1625
vn -0.9014 -0.4327 0.0154
vn -0.8552 -0.4818 -0.1912
vn 0.3980 -0.7745 0.4916
vn 0.6482 -0.2967 0.7013
vn 0.7661 -0.2880 0.5745
vn 0.7961 -0.4472 0.4077
vn 0.8126 -0.2982 0.5008
vn 0.7363 -0.2888 0.6119
vn 0.6699 -0.2705 0.6914
vn 0.6191 -0.2885 0.7304
vn 0.5113 -0.2703 0.8158
vn 0.2413 -0.2628 0.9342
vn -0.0735 -0.6454 0.7603
vn 0.1086 -0.2377 0.9653
vn 0.3840 -0.2481 0.8893
vn 0.2340 -0.2220 0.9465
vn 0.1082 -0.1459 0.9834
vn 0.5069 -0.2285 0.8312
vn 0.4425 -0.2466 0.8622
vn 0.8095 -0.2799 0.5162
vn 0.6943 -0.2550 0.6730
vn 0.9642 -0.2649 -0.0108
vn 0.6226 -0.2516 0.7409
vn 0.5406 -0.2569 0.8011
vn -0.0385 -0.1025 0.9940
vn 0.5858 -0.2539 0.7696
vn 0.2066 -0.2007 0.9576
vn 0.6055 -0.2354 0.7602
vn 0.5735 -0.2511 0.7798
vn 0.4258 -0.1914 0.8843
vn 0.2326 -0.1576 0.9597
vn 0.3665 -0.2162 0.9049
vn -0.3092 -0.0205 0.9508
vn 0.5203 -0.2597 0.8136
vn -0.0327 -0.1072 0.9937
vn 0.3748 -0.1692 0.9115
vn 0.3630 -0.1796 0.9143
vn -0.1821 -0.0892 0.9792
vn 0.3744 -0.2142 0.9022
vn -0.2758 -0.0794 0.9579
vn -0.0246 -0.1233 0.9921
vn 0.3467 -0.1846 0.9196
vn -0.4230 0.0650 0.9038
vn -0.4951 0.0543 0.8671
vn -0.3747 -0.0356 0.9265
vn -0.4571 0.0673 0.8869
vn -0.4218 -0.0062 0.9067
vn -0.5416 0.0288 0.8401
vn -0.6883 0.0891 0.7200
vn -0.7092 0.0620 0.7023
vn -0.4484 -0.0510 0.8924
vn -0.3771 -0.0706 0.9235
vn -0.9733 0.1983 0.1158
vn -0.7684 0.0690 0.6362
vn -0.8145 0.1156 0.5685
vn -0.5915 0.0412 0.8053
vn -0.7453 0.1051 0.6584
vn -0.9015 0.1431 0.4085
vn -0.9786 0.1633 0.1252
vn -0.9376 0.0902 0.3358
vn -0.8197 -0.1529 0.5520
vn -0.6513 0.0064 0.7588
vn -0.9401 0.1562 0.3030
vn -0.4062 -0.0514 0.9124
vn -0.6879 0.0337 0.7251
vn -0.6970 -0.0205 0.7168
vn -0.8770 0.0959 0.4709
vn -0.4672 -0.0449 0.8830
vn -0.4964 -0.0175 0.8679
vn 0.2842 -0.2105 0.9354
vn -0.3227 -0.1079 0.9403
vn -0.5089 -0.0736 0.8577
vn -0.5407 -0.2315 0.8087
vn -0.3225 -0.0922 0.9421
vn -0.3536 -0.0829 0.9317
vn -0.0186 -0.1663 0.9859
vn -0.2584 -0.1292 0.9574
vn -0.4200 -0.3656 0.8306
vn -0.1661 -0.1733 0.9708
vn -0.1143 -0.1505 0.9820
vn 0.3229 -0.2342 0.9170
vn -0.2805 -0.5013 0.8186
vn 0.2483 -0.2390 0.9387
vn 0.2200 -0.2138 0.9518
vn 0.5136 -0.2641 0.8164
vn -0.7218 -0.0659 0.6889
vn -0.5828 0.1118 0.8049
vn -0.7104 0.1198 0.6935
vn -0.2029 -0.0462 0.9781
vn -0.4179 0.0248 0.9082
vn 0.3407 -0.1392 0.9298
vn -0.2728 -0.0008 0.9621
vn -0.1072 -0.0220 0.9940
vn 0.0648 -0.0272 0.9975
vn 0.1071 -0.0049 0.9942
vn 0.6362 -0.1218 0.7619
vn 0.5253 -0.1041 0.8446
vn 0.0814 0.0193 0.9965
vn 0.4032 -0.0962 0.9100
vn 0.1832 -0.7294 0.6592
vn 0.2141 -0.0737 0.9740
vn 0.5194 -0.1761 0.8362
vn 0.5063 -0.1759 0.8442
vn -0.2308 0.0097 0.9729
vn 0.2504 -0.0724 0.9654
vn 0.5669 -0.1502 0.8100
vn 0.3295 -0.0465 0.9430
vn 0.6893 -0.1692 0.7045
vn 0.9005 -0.2251 0.3720
vn 0.1766 -0.0376 0.9836
vn 0.2087 -0.1076 0.9720
vn -0.4723 0.0651 0.8790
vn 0.4140 -0.1653 0.8951
vn 0.2872 -0.1182 0.9505
vn 0.6182 -0.1614 0.7693
vn 0.8964 -0.2449 0.3694
vn 0.4469 -0.0903 0.8900
vn 0.9220 -0.2291 0.3121
vn 0.6295 -0.1833 0.7551
vn 0.5689 -0.2062 0.7962
vn 0.5014 -0.1853 0.8452
vn 0.8395 -0.2583 0.4781
vn 0.9143 -0.2538 0.3155
vn 0.9433 -0.2639 0.2012
vn 0.9703 -0.2330 0.0653
vn 0.8005 -0.2461 0.5465
vn 0.7636 -0.2438 0.5979
vn 0.8789 -0.2163 0.4251
vn 0.9736 -0.2068 -0.0969
vn 0.7304 -0.2140 0.6486
vn 0.5665 -0.1403 0.8121
vn 0.7642 -0.2562 0.5919
vn 0.5415 -0.2133 0.8132
vn 0.7932 -0.2541 0.5534
vn 0.8720 -0.2603 0.4145
vn 0.8507 -0.2306 0.4723
vn 0.9102 -0.2747 0.3101
vn 0.9544 -0.2785 -0.1071
vn 0.8949 -0.2793 0.3481
vn 0.8549 -0.2762 0.4392
vn 0.7935 -0.2714 0.5446
vn 0.5661 -0.2417 0.7881
vn 0.6593 -0.2711 0.7013
vn 0.5909 -0.2714 0.7597
vn 0.4920 -0.2737 0.8264
vn 0.7812 -0.2891 0.5533
vn 0.7551 -0.2765 0.5945
vn 0.9355 -0.2884 0.2043
vn 0.8098 -0.2808 0.5152
vn 0.9179 -0.2780 0.2831
vn 0.9245 -0.2792 0.2593
vn 0.8717 -0.2822 0.4006
vn 0.9486 -0.2773 0.1523
vn 0.8224 -0.2740 0.4986
vn 0.3852 -0.1989 0.9011
vn 0.8547 -0.2859 0.4333
vn 0.9065 -0.2869 0.3097
vn 0.9175 -0.2802 0.2821
vn 0.9256 -0.1767 0.3348
vn 0.5396 -0.7400 0.4014
vn 0.7728 -0.1210 0.6231
vn 0.7176 -0.1705 0.6753
vn 0.8541 -0.1779 0.4887
vn 0.6313 -0.1525 0.7604
vn 0.5056 -0.1916 0.8412
vn 0.0425 -0.1082 0.9932
vn 0.8761 -0.1600 0.4548
vn 0.2881 -0.0672 0.9552
vn -0.0247 -0.4667 0.8841
vn -0.3515 -0.7402 0.5732
vn 0.5257 -0.0975 0.8451
vn -0.3356 -0.7491 0.5711
vn 0.0316 -0.5502 0.8344
vn -0.3975 -0.8293 0.3927
vn 0.3348 -0.5370 0.7743
vn 0.8368 -0.0457 0.5456
vn -0.5180 -0.0446 -0.8542
vn -0.3573 -0.9062 0.2261
vn -0.5259 -0.6710 0.5226
vn -0.6774 -0.5664 0.4693
vn -0.6156 -0.5608 0.5536
vn -0.8834 -0.3986 0.2465
vn -0.9562 -0.2691 -0.1149
vn -0.6225 -0.4401 0.6471
vn -0.8895 -0.2586 0.3767
vn -0.9418 -0.2687 0.2018
vn -0.5086 -0.4576 0.7293
vn -0.1342 -0.3120 0.9406
vn -0.5776 -0.4037 0.7095
vn -0.6011 -0.3568 0.7151
vn -0.5140 -0.3681 0.7748
vn -0.0215 -0.5788 0.8152
vn -0.1431 -0.4205 0.8960
vn -0.4272 -0.6473 0.6312
vn 0.0540 -0.4035 0.9134
vn -0.7193 -0.5158 0.4653
vn 0.2646 -0.1469 0.9531
vn -0.0487 -0.0709 0.9963
vn -0.0332 -0.0294 0.9990
vn -0.0815 -0.5538 0.8286
vn -0.3024 -0.0021 0.9532
vn 0.1701 -0.1364 0.9760
vn 0.5263 -0.3228 0.7867
vn 0.0451 -0.2080 0.9771
vn -0.3354 -0.0793 0.9387
vn 0.3604 -0.2906 0.8864
vn 0.1703 -0.2405 0.9556
vn 0.3866 -0.2301 0.8931
vn 0.2054 -0.2319 0.9508
vn 0.4386 -0.2596 0.8604
vn 0.6751 -0.2339 0.6997
vn 0.2511 -0.2328 0.9395
vn 0.2891 -0.2315 0.9289
vn 0.5348 -0.2570 0.8049
vn 0.6770 -0.2669 0.6859
vn 0.8580 -0.2492 0.4493
vn 0.4974 -0.2685 0.8249
vn 0.6527 -0.2574 0.7126
vn 0.9596 -0.0878 -0.2674
vn 0.8699 -0.0827 -0.4863
vn 0.9656 -0.0829 0.2464
vn 0.8499 0.0030 -0.5269
vn 0.8979 0.0104 -0.4400
vn 0.6717 0.0139 -0.7407
vn 0.8518 0.0102 -0.5238
vn 0.6774 0.0129 -0.7355
vn 0.6101 0.0126 -0.7922
vn 0.7091 0.0103 -0.7050
vn 0.6765 0.0131 -0.7363
vn 0.3597 0.0169 -0.9329
vn 0.3480 0.0125 -0.9374
vn 0.3071 0.0210 -0.9514
vn 0.2888 0.0164 -0.9572
vn 0.1098 0.0189 -0.9938
vn 0.6038 0.0052 -0.7971
vn 0.0210 0.0218 -0.9995
vn 0.0071 0.0179 -0.9998
vn 0.3112 0.0039 -0.9503
vn -0.4222 0.0164 -0.9064
vn -0.4876 0.0090 -0.8730
vn -0.4945 0.0119 -0.8691
vn -0.7209 0.0702 -0.6895
vn -0.0352 0.0172 -0.9992
vn 0.0098 0.0138 -0.9999
vn 0.2078 0.0157 -0.9781
vn 0.2784 0.0141 -0.9604
vn 0.2948 0.0155 -0.9554
vn 0.3601 0.0180 -0.9327
vn 0.6017 0.0151 -0.7986
vn 0.7098 0.0037 -0.7044
vn 0.7557 -0.0164 -0.6547
vn 0.6002 0.0049 -0.7998
vn 0.2970 0.0178 -0.9547
vn 0.2828 0.0204 -0.9589
vn 0.2675 0.0167 -0.9634
vn 0.0079 0.0160 -0.9998
vn 0.0962 0.0192 -0.9952
vn -0.3761 0.0118 -0.9265
vn -0.0037 0.0208 -0.9998
vn 0.0809 0.0169 -0.9966
vn -0.0192 0.0145 -0.9997
vn 0.0894 0.0186 -0.9958
vn 0.1835 0.0144 -0.9829
vn 0.2907 0.0193 -0.9566
vn 0.2643 0.0142 -0.9643
vn 0.5995 -0.0024 -0.8004
vn 0.3547 0.0163 -0.9349
vn -0.0775 -0.0287 -0.9966
vn 0.5364 -0.0743 -0.8407
vn 0.6888 -0.0653 -0.7220
vn 0.6690 -0.0146 -0.7431
vn 0.8363 -0.0686 -0.5440
vn 0.7441 -0.0844 -0.6627
vn 0.7838 -0.1503 -0.6025
vn 0.9067 -0.1804 0.3811
vn 0.9586 -0.1606 0.2352
vn 0.9558 -0.1903 0.2240
vn 0.9555 -0.1548 0.2512
vn 0.9638 -0.0957 0.2490
vn 0.9320 0.0398 0.3604
vn 0.9738 -0.1392 0.1796
vn 0.9784 -0.0896 0.1861
vn 0.9221 -0.0957 0.3750
vn 0.8698 -0.0001 0.4934
vn 0.9195 0.0007 0.3932
vn 0.9558 -0.2683 -0.1205
vn 0.8619 0.0407 0.5055
vn 0.7912 0.1609 0.5900
vn 0.8578 0.0953 0.5050
vn 0.7755 0.1193 0.6200
vn 0.6817 0.6664 0.3019
vn 0.7376 0.1102 0.6662
vn 0.7552 0.0027 0.6554
vn 0.8167 -0.1041 0.5676
vn 0.4257 0.1881 0.8851
vn 0.3153 0.2705 0.9096
vn 0.7803 -0.1233 0.6131
vn 0.6900 -0.0091 0.7238
vn 0.6159 -0.0243 0.7875
vn 0.6677 -0.0303 0.7439
vn 0.4066 0.0246 0.9133
vn 0.7146 -0.0869 0.6941
vn 0.7884 -0.0756 0.6105
vn 0.4919 0.1520 0.8573
vn 0.6361 0.1399 0.7588
vn 0.0173 0.3436 0.9389
vn 0.6199 0.1791 0.7640
vn 0.4623 0.1579 0.8725
vn 0.4384 0.2139 0.8730
vn 0.2827 0.2587 0.9236
vn 0.3690 0.2363 0.8989
vn 0.7892 0.1275 0.6008
vn 0.5462 0.2214 0.8079
vn 0.3660 0.2399 0.8992
vn 0.2025 0.2576 0.9448
vn 0.0908 0.2548 0.9627
vn 0.1059 0.2598 0.9598
vn 0.0424 0.2718 0.9614
vn -0.0301 0.2581 0.9657
vn 0.1597 0.1846 0.9698
vn -0.0065 0.2269 0.9739
vn 0.0900 0.1768 0.9801
vn 0.2102 0.1777 0.9614
vn 0.1401 0.1503 0.9787
vn -0.1239 0.3084 0.9432
vn 0.3359 0.0304 0.9414
vn 0.2144 0.0691 0.9743
vn 0.2116 0.0282 0.9769
vn 0.5673 -0.0673 0.8207
vn 0.1964 0.0568 0.9789
vn 0.0332 -0.0181 0.9993
vn -0.4498 0.2193 0.8658
vn -0.5629 0.1469 0.8133
vn 0.1788 -0.1919 0.9650
vn -0.4013 0.0285 0.9155
vn 0.4757 -0.3132 0.8220
vn -0.1214 -0.1607 0.9795
vn 0.0798 -0.1629 0.9834
vn -0.5880 0.0907 0.8038
vn 0.5432 -0.2925 0.7870
vn 0.1100 -0.0569 0.9923
vn 0.3277 -0.2302 0.9163
vn 0.7100 -0.3007 0.6367
vn 0.7349 -0.2957 0.6103
vn 0.6257 -0.2293 0.7456
vn 0.5748 -0.2414 0.7819
vn 0.4636 -0.2460 0.8512
vn 0.5228 -0.2552 0.8134
vn 0.6503 -0.2421 0.7200
vn 0.5093 -0.1475 0.8479
vn 0.7318 -0.2691 0.6261
vn 0.7824 -0.2607 0.5656
vn 0.6653 -0.1739 0.7261
vn 0.7469 -0.2011 0.6338
vn 0.7696 -0.1656 0.6167
vn 0.8097 -0.1665 0.5627
vn 0.8270 -0.1653 0.5373
vn 0.7949 -0.1361 0.5913
vn 0.6614 0.5670 0.4911
vn 0.7469 -0.1375 0.6505
vn 0.7129 -0.1376 0.6877
vn 0.4991 -0.0749 0.8633
vn 0.1800 -0.0118 0.9836
vn 0.5715 -0.0531 0.8189
vn 0.6933 -0.0911 0.7149
vn -0.5269 0.0393 0.8490
vn 0.3020 -0.7400 0.6011
vn 0.3167 -0.8407 0.4392
vn -0.3941 -0.4586 0.7965
vn -0.2629 -0.4591 0.8486
vn 0.3798 -0.7560 0.5331
vn 0.3120 -0.8302 0.4619
vn 0.3267 -0.7706 0.5472
vn 0.3167 -0.8749 0.3664
vn -0.5753 -0.5235 0.6284
vn 0.4362 -0.8935 0.1066
vn 0.2025 -0.9530 0.2255
vn 0.3109 -0.8880 0.3387
vn 0.5117 -0.7653 -0.3904
vn 0.3859 -0.8119 0.4380
vn 0.3819 -0.8299 0.4068
vn 0.6784 -0.6604 -0.3221
vn 0.7814 -0.4785 -0.4005
vn 0.3141 -0.1289 -0.9406
vn 0.5117 -0.2204 -0.8304
vn -0.5149 -0.5296 0.6741
vn -0.5775 0.2663 0.7717
vn -0.3140 0.2552 0.9145
vn -0.3755 0.2577 0.8903
vn -0.0683 0.2283 0.9712
vn -0.1558 0.2503 0.9555
vn 0.1120 0.2448 0.9631
vn -0.1164 0.2547 0.9600
vn -0.3126 0.2619 0.9130
vn -0.4460 0.2618 0.8559
vn -0.2074 0.2622 0.9424
vn -0.3637 0.2605 0.8943
vn -0.4586 0.2607 0.8495
vn -0.3383 0.2622 0.9038
vn -0.2206 0.2647 0.9388
vn -0.4098 0.2630 0.8735
vn -0.5400 0.2625 0.7997
vn -0.5338 0.2606 0.8044
vn -0.4793 0.2602 0.8382
vn -0.5113 0.2577 0.8199
vn -0.6313 0.2224 0.7430
vn -0.5951 0.1935 0.7800
vn 0.4391 -0.2129 0.8729
vn -0.0105 -0.0126 0.9999
vn -0.4681 0.2554 0.8459
vn -0.6731 0.2728 0.6874
vn -0.2857 0.2001 0.9372
vn -0.3990 0.2570 0.8802
vn -0.3624 0.2594 0.8952
vn -0.6113 0.1777 0.7712
vn -0.3729 0.2233 0.9006
vn -0.0947 0.2098 0.9731
vn 0.0165 0.1847 0.9827
vn -0.1078 0.1684 0.9798
vn -0.5053 0.3340 0.7957
vn 0.2286 0.0431 0.9726
vn 0.0069 0.2557 0.9667
vn 0.3101 0.2408 0.9197
vn 0.2023 0.2498 0.9469
vn 0.4193 0.2430 0.8747
vn 0.5248 0.2440 0.8155
vn 0.5638 0.2212 0.7957
vn 0.4737 0.3162 0.8220
vn 0.3507 0.3501 0.8686
vn 0.5952 0.2522 0.7630
vn 0.4744 0.2545 0.8427
vn 0.6671 0.1989 0.7179
vn 0.4958 0.2629 0.8277
vn 0.7736 0.1900 0.6046
vn 0.7103 0.2145 0.6704
vn 0.7439 0.1637 0.6480
vn 0.8591 0.1517 0.4888
vn 0.9957 -0.0073 0.0923
vn 0.9771 0.1189 0.1762
vn 0.9406 0.1784 0.2888
vn 0.9120 0.1097 0.3953
vn 0.8645 0.1208 0.4879
vn 0.8154 0.1598 0.5564
vn 0.9926 -0.1036 -0.0633
vn 0.9252 0.1135 0.3622
vn 0.8720 0.1984 0.4475
vn 0.8417 0.1989 0.5019
vn 0.7950 0.1459 0.5888
vn 0.9754 -0.0254 -0.2190
vn 0.4173 -0.2657 -0.8691
vn 0.6072 0.7513 0.2587
vn 0.9321 0.1593 0.3253
vn 0.9071 0.1468 0.3945
vn 0.5355 0.7568 0.3749
vn 0.9194 0.1002 0.3804
vn 0.7191 0.1968 0.6664
vn 0.9420 0.0427 0.3329
vn 0.7078 0.1422 0.6920
vn 0.9585 0.0429 0.2820
vn 0.6762 0.2073 0.7070
vn 0.5689 0.2315 0.7891
vn 0.7748 0.2028 0.5988
vn 0.3514 0.2875 0.8910
vn 0.4393 0.3067 0.8444
vn 0.7779 0.2906 0.5572
vn 0.4440 0.3839 0.8096
vn 0.7981 0.2031 0.5672
vn 0.7269 0.2104 0.6537
vn 0.9383 0.1705 0.3010
vn 0.3887 0.2403 0.8895
vn 0.3454 0.2357 0.9084
vn 0.3432 0.2229 0.9124
vn 0.1423 0.2517 0.9573
vn 0.1186 0.2461 0.9620
vn -0.0269 0.2512 0.9675
vn 0.3336 0.1833 0.9247
vn 0.2972 0.1637 0.9407
vn -0.4294 0.2572 0.8657
vn -0.1790 0.2363 0.9551
vn -0.4480 0.2482 0.8589
vn -0.1307 -0.5017 0.8551
vn -0.1432 0.2359 0.9612
vn -0.7350 0.2470 0.6314
vn 0.0150 0.2189 0.9756
vn 0.1244 0.1783 0.9761
vn 0.2147 0.1769 0.9605
vn 0.1081 -0.4084 0.9064
vn -0.0653 0.2140 0.9746
vn 0.1674 0.1815 0.9690
vn 0.4613 -0.2408 0.8539
vn 0.6185 0.0713 0.7825
vn 0.1988 0.1601 0.9669
vn 0.5029 0.1170 0.8564
vn 0.6876 0.0169 0.7259
vn 0.8317 -0.3831 0.4020
vn 0.9315 -0.1024 0.3490
vn 0.9593 -0.0956 0.2658
vn 0.9927 -0.1173 0.0293
vn 0.9694 -0.1241 0.2120
vn 0.8674 0.0137 0.4974
vn 0.7427 0.0446 0.6682
vn 0.7926 -0.1705 0.5855
vn 0.4873 0.1056 0.8668
vn 0.9684 -0.2124 -0.1309
vn 0.7539 0.0254 0.6565
vn 0.8766 0.0194 0.4808
vn 0.9907 -0.1183 0.0671
vn 0.9915 -0.1188 -0.0535
vn 0.9956 -0.0488 0.0799
vn 0.9864 -0.0901 -0.1374
vn 0.9813 -0.0040 0.1923
vn 0.9819 -0.0868 -0.1683
vn 0.8000 -0.1834 -0.5713
vn 0.5784 -0.2120 -0.7878
vn 0.9999 -0.0043 0.0129
vn 0.9569 0.0746 0.2808
vn 0.8181 -0.1106 -0.5643
vn 0.9861 0.0058 0.1661
vn 0.9905 0.0163 0.1369
vn 0.9851 0.0363 0.1681
vn 0.7178 0.1257 0.6848
vn 0.9701 -0.0465 -0.2384
vn 0.9086 -0.1391 -0.3937
vn 0.9961 -0.0048 0.0882
vn 0.8725 0.0924 0.4798
vn 0.6570 0.1679 0.7350
vn 0.9592 0.0803 0.2712
vn 0.9234 -0.0254 -0.3830
vn 0.9876 -0.0079 -0.1568
vn 0.6433 -0.1312 -0.7543
vn 0.9881 0.0261 -0.1517
vn 0.9946 0.0617 0.0830
vn 0.9597 0.0094 -0.2810
vn 0.9635 0.0206 -0.2669
vn 0.8911 0.1740 0.4191
vn 0.8967 -0.4367 -0.0719
vn 0.9873 -0.0023 -0.1587
vn 0.9889 0.0869 -0.1201
vn 0.9654 0.1354 0.2228
vn 0.9629 -0.0304 -0.2681
vn 0.9875 0.0988 0.1231
vn 0.9476 0.1172 0.2972
vn 0.9801 0.0499 0.1922
vn 0.7839 0.1840 0.5929
vn 0.8152 0.1349 0.5632
vn 0.7107 0.1739 0.6817
vn 0.4350 0.2128 0.8749
vn 0.5586 0.1956 0.8060
vn 0.9966 0.0247 0.0790
vn 0.5186 0.2402 0.8206
vn 0.8556 0.1768 0.4865
vn 0.7501 0.1300 0.6484
vn 0.0450 0.2461 0.9682
vn -0.1607 0.2701 0.9493
vn 0.3619 0.2105 0.9081
vn 0.5620 0.1381 0.8156
vn -0.1095 0.2413 0.9643
vn 0.2201 0.2014 0.9545
vn 0.2666 0.2033 0.9421
vn 0.5448 0.1358 0.8275
vn 0.4177 0.1916 0.8881
vn 0.9532 0.0025 0.3024
vn 0.3986 0.2055 0.8938
vn 0.7543 0.1454 0.6402
vn 0.8514 0.1157 0.5116
vn 0.9426 0.0587 0.3289
vn 0.6299 0.7280 0.2706
vn 0.6194 0.2161 0.7548
vn 0.9930 0.0490 0.1076
vn 0.9705 -0.0393 -0.2379
vn 0.9521 0.0718 0.2972
vn 0.9674 0.0544 0.2475
vn 0.5655 0.1885 0.8029
vn 0.8234 0.0974 0.5590
vn 0.3530 0.2006 0.9139
vn 0.6574 0.1329 0.7418
vn 0.6296 0.1311 0.7657
vn 0.5913 0.1372 0.7947
vn 0.5874 0.1028 0.8028
vn 0.4453 0.1697 0.8792
vn -0.0003 0.2179 0.9760
vn 0.4717 0.1453 0.8697
vn 0.3866 0.1418 0.9113
vn 0.7840 0.0403 0.6195
vn 0.7810 0.0573 0.6218
vn 0.8697 0.0347 0.4924
vn 0.8309 0.0862 0.5496
vn 0.9482 0.0111 0.3175
vn 0.8801 0.0274 0.4740
vn 0.8305 0.0508 0.5548
vn 0.6476 0.0801 0.7578
vn 0.6658 0.0888 0.7408
vn 0.6537 0.0611 0.7543
vn 0.7909 0.0031 0.6120
vn 0.9162 -0.0346 0.3992
vn 0.7994 0.0184 0.6005
vn 0.3826 0.1215 0.9159
vn 0.6663 -0.0608 0.7432
vn 0.5786 -0.1783 0.7959
vn 0.9926 -0.0322 0.1174
vn 0.8890 0.0334 0.4567
vn 0.9993 0.0294 -0.0214
vn 0.9512 0.1276 0.2809
vn 0.9515 0.1592 0.2631
vn 0.9225 -0.1096 -0.3701
vn 0.9351 -0.0305 0.3529
vn 0.9727 -0.0998 -0.2096
vn 0.9507 -0.1358 -0.2788
vn 0.9974 0.0556 0.0454
vn 0.9801 -0.1660 -0.1086
vn 0.9270 0.2720 0.2582
vn 0.7668 0.5228 0.3725
vn 0.9804 0.0438 0.1920
vn 0.9769 -0.0159 0.2130
vn 0.9836 -0.1783 -0.0265
vn 0.9919 -0.1119 0.0594
vn 0.9771 -0.1857 0.1040
vn 0.8813 -0.1922 -0.4317
vn 0.9870 0.0352 -0.1570
vn 0.9312 0.0866 0.3540
vn 0.9839 0.1180 -0.1341
vn 0.9416 0.2836 0.1813
vn 0.9749 -0.0116 -0.2222
vn 0.9794 0.0406 -0.1979
vn 0.9688 0.0177 -0.2471
vn 0.7359 -0.1520 -0.6598
vn 0.8185 -0.1618 -0.5512
vn 0.9998 0.0171 0.0125
vn 0.5474 -0.1711 -0.8192
vn 0.6637 -0.1423 -0.7343
vn 0.8476 -0.1664 -0.5038
vn 0.7500 -0.1878 -0.6342
vn 0.7940 -0.1548 -0.5879
vn 0.7993 -0.0867 -0.5946
vn 0.8240 -0.0148 -0.5663
vn 0.7867 -0.0897 -0.6108
vn 0.8273 -0.1145 -0.5500
vn 0.9947 0.0530 -0.0885
vn 0.7341 -0.1433 -0.6638
vn 0.8622 -0.1285 -0.4900
vn 0.9617 -0.0919 -0.2582
vn 0.9985 -0.0547 -0.0089
vn 0.8166 0.0643 0.5736
vn 0.9746 -0.1331 -0.1799
vn 0.9684 -0.1479 -0.2007
vn 0.9923 -0.0959 0.0782
vn 0.8256 -0.2050 -0.5257
vn 0.6291 -0.2232 -0.7446
vn 0.9595 0.0443 0.2780
vn 0.8541 -0.1681 -0.4923
vn 0.9295 -0.1007 -0.3548
vn 0.6174 -0.1996 -0.7609
vn 0.9974 0.0684 -0.0210
vn 0.3023 -0.2093 -0.9299
vn 0.6649 -0.1715 -0.7270
vn 0.6936 -0.1990 -0.6924
vn 0.7889 -0.1133 -0.6039
vn 0.4153 -0.2189 -0.8829
vn 0.7867 -0.0849 -0.6115
vn 0.9971 0.0718 -0.0240
vn 0.5207 -0.2084 -0.8280
vn 0.2619 -0.2559 -0.9305
vn 0.6642 -0.2164 -0.7156
vn 0.9427 -0.1437 -0.3012
vn 0.9942 -0.1044 -0.0249
vn 0.9579 -0.1600 -0.2383
vn 0.9461 -0.1997 -0.2550
vn 0.7654 0.0544 0.6412
vn 0.9823 -0.0827 0.1683
vn 0.9754 -0.1393 0.1711
vn 0.9708 -0.1983 -0.1350
vn 0.2996 -0.3280 0.8959
vn 0.5102 -0.7938 -0.3311
vn 0.4910 -0.2509 -0.8342
vn 0.4324 -0.2455 -0.8676
vn 0.6133 -0.2635 -0.7446
vn 0.7390 -0.2693 -0.6176
vn 0.6619 -0.2688 -0.6997
vn 0.4988 -0.2663 -0.8248
vn 0.6213 -0.2650 -0.7374
vn 0.4614 -0.7817 -0.4196
vn 0.7159 -0.2548 -0.6501
vn 0.7737 -0.2627 -0.5766
vn 0.7637 -0.2503 -0.5951
vn 0.6720 -0.7327 -0.1078
vn 0.4628 -0.7364 0.4936
vn 0.9787 -0.1832 0.0921
vn 0.9332 -0.2171 -0.2862
vn 0.8370 -0.2407 -0.4914
vn 0.9834 -0.1624 -0.0804
vn 0.8881 -0.2030 -0.4124
vn 0.7197 -0.2291 -0.6554
vn 0.7190 -0.2086 -0.6630
vn 0.9322 -0.1599 -0.3248
vn 0.9735 -0.0952 -0.2081
vn 0.8526 -0.1530 -0.4997
vn 0.4741 -0.2250 -0.8513
vn 0.6831 -0.1829 -0.7071
vn 0.4982 -0.2244 -0.8375
vn 0.5922 -0.1857 -0.7841
vn 0.7508 -0.1763 -0.6366
vn 0.7542 -0.1954 -0.6269
vn 0.9961 -0.0675 -0.0570
vn 0.9241 -0.1769 -0.3387
vn 0.8980 -0.1736 -0.4042
vn 0.8378 -0.2155 -0.5017
vn 0.7368 -0.2388 -0.6326
vn 0.8107 -0.2436 -0.5323
vn 0.9026 -0.2090 -0.3762
vn 0.9633 -0.1978 -0.1816
vn 0.7907 -0.5958 0.1407
vn 0.9302 -0.2292 -0.2868
vn 0.8907 -0.2336 -0.3898
vn 0.9054 -0.2013 -0.3738
vn 0.8893 -0.2149 -0.4038
vn 0.6008 -0.2635 -0.7547
vn 0.2719 -0.2541 -0.9282
vn 0.6800 -0.2227 -0.6986
vn 0.6436 -0.2308 -0.7298
vn 0.3911 -0.2537 -0.8847
vn 0.2249 -0.2574 -0.9398
vn 0.4389 -0.2380 -0.8664
vn 0.2008 -0.2603 -0.9444
vn 0.3908 -0.2508 -0.8857
vn 0.3665 -0.2594 -0.8935
vn 0.5330 -0.2519 -0.8078
vn 0.7341 -0.2206 -0.6422
vn 0.6749 -0.2482 -0.6949
vn 0.3406 -0.2620 -0.9030
vn 0.5509 -0.2551 -0.7946
vn 0.3384 -0.2592 -0.9046
vn 0.1651 -0.2555 -0.9526
vn 0.3367 -0.2491 -0.9081
vn 0.6723 -0.2511 -0.6963
vn 0.7417 -0.2264 -0.6314
vn 0.5528 -0.2184 -0.8042
vn 0.4988 -0.8066 0.3170
vn 0.3843 -0.1141 -0.9162
vn 0.2405 -0.2608 -0.9350
vn 0.4834 -0.2627 -0.8351
vn 0.3772 -0.2638 -0.8878
vn 0.3075 -0.2613 -0.9150
vn 0.1843 -0.2628 -0.9471
vn -0.9889 -0.0054 0.1483
vn -0.7569 -0.0047 -0.6536
vn -0.9916 -0.0280 0.1263
vn -0.9869 -0.0011 0.1615
vn -0.9671 -0.0055 0.2545
vn -0.9721 -0.0030 0.2347
vn -0.9123 -0.0059 0.4096
vn -0.8717 -0.0071 0.4901
vn -0.8358 -0.0126 0.5489
vn -0.9061 -0.0107 0.4229
vn -0.9023 -0.0035 0.4311
vn -0.9699 0.0198 -0.2426
vn -0.9685 -0.0041 0.2488
vn -0.9222 -0.0021 -0.3866
vn -0.9707 -0.0987 -0.2190
vn -0.6107 -0.0219 0.7916
vn -0.4281 -0.0138 0.9036
vn -0.3607 -0.0173 0.9325
vn 0.2428 -0.0100 0.9700
vn -0.3543 -0.0152 0.9350
vn -0.1618 -0.0165 0.9867
vn -0.3489 -0.0148 0.9370
vn -0.3647 -0.0133 0.9310
vn -0.4487 -0.0143 0.8935
vn -0.8785 -0.0158 0.4774
vn -0.6838 -0.0149 0.7295
vn 0.0102 -0.0073 0.9999
vn -0.4339 -0.0146 0.9008
vn -0.3502 -0.0200 0.9365
vn -0.2820 -0.0164 0.9593
vn 0.1123 -0.0167 0.9935
vn 0.1127 -0.0166 0.9935
vn 0.1261 -0.0210 0.9918
vn 0.2007 -0.0170 0.9795
vn -0.4819 -0.0260 0.8759
vn 0.2055 -0.0156 0.9785
vn 0.3680 -0.0173 0.9297
vn 0.2105 -0.0170 0.9775
vn 0.1157 -0.0170 0.9931
vn -0.1224 -0.0336 0.9919
vn -0.1609 -0.0146 0.9869
vn -0.2719 0.0698 0.9598
vn -0.0740 0.2602 0.9627
vn -0.1955 0.2371 0.9516
vn -0.0710 0.3235 0.9436
vn -0.2696 0.3266 0.9059
vn -0.1770 0.4092 0.8951
vn -0.8126 0.2259 0.5372
vn -0.2259 0.5249 0.8206
vn -0.1644 0.5833 0.7955
vn -0.2138 0.8446 0.4909
vn -0.3554 0.6000 0.7167
vn -0.2884 0.6501 0.7030
vn -0.0029 1.0000 0.0079
vn 0.4612 0.8863 0.0426
vn 0.6926 0.6970 -0.1856
vn 0.7884 0.6113 0.0683
vn 0.7528 0.6084 -0.2512
vn 0.8325 0.5429 -0.1103
vn 0.8361 0.5210 -0.1719
vn 0.8145 0.5658 -0.1287
vn 0.7635 0.6112 -0.2085
vn 0.4989 0.6649 -0.5559
vn -0.0176 0.6157 -0.7878
vn 0.2995 0.6193 -0.7258
vn -0.2530 0.6338 -0.7310
vn -0.4750 0.6319 -0.6124
vn -0.4403 0.6784 -0.5881
vn -0.7595 0.6056 -0.2375
vn -0.6984 0.6738 -0.2414
vn -0.8486 0.5283 0.0289
vn -0.4157 0.6531 0.6330
vn -0.8070 0.5474 0.2216
vn -0.1836 0.5145 0.8376
vn -0.6168 0.5568 0.5564
vn -0.5208 0.5131 0.6822
vn -0.4771 0.5049 0.7193
vn -0.1051 0.4977 0.8610
vn -0.5460 0.4002 0.7360
vn -0.3613 0.4118 0.8366
vn -0.4465 0.3249 0.8337
vn -0.4251 0.2563 0.8681
vn -0.5409 0.2559 0.8012
vn -0.4314 0.1437 0.8906
vn -0.6748 0.3889 0.6271
vn -0.0425 0.1441 0.9886
vn -0.1001 -0.0181 0.9948
vn -0.5428 -0.0139 0.8397
vn -0.6668 -0.0097 0.7452
vn -0.8746 -0.0071 0.4848
vn -0.8251 -0.0041 0.5650
vn -0.9539 -0.0055 -0.3002
vn -0.9903 -0.0011 0.1392
vn -0.9979 -0.0176 -0.0626
vn -0.7155 -0.0275 -0.6981
vn -0.4657 -0.0202 -0.8847
vn -0.2266 0.0084 -0.9740
vn -0.5979 0.0120 -0.8014
vn -0.8007 0.0009 -0.5991
vn -0.9928 0.0116 -0.1194
vn -0.8652 0.0065 -0.5014
vn -0.9476 0.0085 -0.3192
vn -0.9367 0.0053 -0.3501
vn -0.9960 0.0042 -0.0890
vn -0.9084 0.0058 -0.4182
vn -0.9558 0.0088 -0.2940
vn -0.9068 -0.0032 -0.4215
vn -0.6429 0.0021 -0.7659
vn -0.9625 0.0034 -0.2711
vn -0.9639 0.0006 -0.2664
vn -0.6591 0.0031 -0.7521
vn -0.9584 0.0040 -0.2852
vn -0.9350 -0.0012 0.3546
vn -0.9939 -0.0034 0.1104
vn -0.9862 -0.0241 -0.1637
vn -0.9294 -0.0045 -0.3690
vn -0.8471 -0.0084 -0.5313
vn -0.9916 -0.0066 -0.1288
vn -0.9752 -0.0040 0.2211
vn -0.9333 -0.0065 0.3591
vn -0.8744 -0.0084 0.4852
vn -0.9597 -0.0104 0.2808
vn -0.9268 -0.0075 0.3756
vn -0.9247 -0.0072 0.3807
vn -0.9998 -0.0116 -0.0190
vn -0.8805 -0.0088 0.4740
vn -0.9342 -0.0073 0.3568
vn -0.9155 -0.0029 0.4022
vn -0.9938 -0.0028 0.1112
vn -0.9910 0.0046 -0.1336
vn -0.9847 0.0280 -0.1721
vn -0.9727 -0.0179 -0.2315
vn -0.9940 0.0009 0.1093
vn -0.9921 -0.0005 0.1257
vn -0.9737 -0.0060 0.2277
vn -0.9871 0.0054 0.1603
vn -0.8678 0.0216 0.4965
vn -0.9561 0.0028 -0.2930
vn -0.7536 -0.0704 -0.6535
vn -0.7497 0.0115 -0.6617
vn -0.5528 -0.0080 -0.8333
vn -0.2682 -0.0767 -0.9603
vn 0.2715 -0.0299 -0.9620
vn -0.9681 0.0101 -0.2504
vn -0.6884 -0.0189 -0.7251
vn -0.6917 0.0152 -0.7221
vn -0.4259 0.0002 -0.9048
vn -0.7045 0.0148 -0.7095
vn -0.7534 0.0112 -0.6575
vn -0.7497 0.0114 -0.6616
vn -0.6941 0.0125 -0.7198
vn -0.9010 0.0060 -0.4339
vn -0.9540 0.0054 -0.2997
vn -0.9549 0.0056 -0.2970
vn -0.9082 0.0074 -0.4185
vn -1.0000 0.0065 0.0037
vn -0.9552 0.0055 -0.2960
vn -0.9520 0.0049 -0.3060
vn -0.9258 0.0073 -0.3780
vn -0.7889 0.0072 -0.6144
vn -0.6837 0.0110 -0.7296
vn -0.3926 0.0183 -0.9195
vn -0.2687 0.0162 -0.9631
vn -0.0816 -0.0938 -0.9922
vn 0.0782 0.0098 -0.9969
vn 0.4508 -0.0553 -0.8909
vn 0.2318 -0.0214 -0.9725
vn 0.2826 -0.0044 -0.9592
vn 0.5714 -0.1396 -0.8087
vn 0.5288 -0.1640 -0.8327
vn 0.6847 -0.1790 -0.7065
vn 0.7116 -0.2339 -0.6625
vn 0.7423 -0.2200 -0.6330
vn 0.7257 -0.1971 -0.6591
vn 0.5142 -0.1093 -0.8507
vn 0.7447 -0.1140 -0.6576
vn -0.0661 -0.0655 -0.9957
vn 0.7626 -0.0326 -0.6460
vn 0.1318 0.0182 -0.9911
vn 0.2525 -0.0074 -0.9676
vn 0.1216 0.0177 -0.9924
vn -0.0017 0.0163 -0.9999
vn -0.4503 0.0188 -0.8927
vn -0.0108 0.0215 -0.9997
vn -0.2849 -0.0079 -0.9585
vn -0.3589 0.0173 -0.9332
vn 0.3966 0.0038 -0.9180
vn -0.4342 0.0165 -0.9007
vn -0.4344 0.0133 -0.9006
vn -0.7990 -0.0075 -0.6013
vn -0.4288 0.0093 -0.9034
vn -0.6863 0.0160 -0.7271
vn -0.7654 0.0087 -0.6435
vn -0.7607 0.0056 -0.6491
vn -0.8414 0.0181 -0.5401
vn -0.6564 0.0122 -0.7543
vn -0.6481 0.0103 -0.7615
vn -0.6823 0.0129 -0.7309
vn -0.4141 0.0201 -0.9100
vn -0.3135 0.0206 -0.9494
vn -0.4088 0.0123 -0.9125
vn -0.5083 0.0107 -0.8611
vn -0.4459 0.0239 -0.8948
vn -0.8143 0.0126 -0.5804
vn -0.9168 0.0113 -0.3993
vn -0.8091 0.0313 -0.5869
vn -0.9135 0.0131 -0.4066
vn -0.7851 -0.5906 -0.1864
vn -0.6948 0.6984 -0.1721
vn -0.9691 0.2394 -0.0599
vn -0.9579 0.2856 -0.0310
vn -0.9922 0.1246 -0.0027
vn -0.9486 0.3048 0.0852
vn -0.9789 0.1549 0.1332
vn -0.9352 0.3057 0.1785
vn -0.9507 0.1518 0.2703
vn -0.9166 0.2948 0.2702
vn -0.7511 -0.6065 0.2607
vn -0.7041 0.3094 0.6391
vn -0.8889 0.1620 0.4284
vn -0.8307 0.3335 0.4459
vn -0.7590 0.3319 0.5601
vn -0.5918 0.2247 0.7742
vn -0.5805 0.3244 0.7468
vn -0.6593 0.2631 0.7043
vn -0.6340 0.3461 0.6915
vn -0.1891 0.4081 0.8931
vn -0.5846 0.4375 0.6832
vn -0.7923 0.4882 0.3659
vn -0.6885 0.5215 0.5041
vn -0.4455 0.5487 0.7074
vn -0.5987 0.5489 0.5833
vn -0.7267 0.5982 0.3378
vn -0.8416 0.5143 0.1647
vn -0.7696 0.6052 0.2036
vn -0.8249 0.5148 0.2335
vn -0.7650 0.3914 0.5114
vn -0.7703 0.4878 0.4106
vn -0.9086 0.4163 0.0339
vn -0.9145 0.4046 -0.0074
vn -0.8830 0.4548 0.1157
vn -0.8668 0.4480 -0.2189
vn -0.7854 0.5931 -0.1768
vn 0.2958 0.5809 -0.7583
vn 0.5695 0.6026 -0.5591
vn 0.6464 0.5307 -0.5482
vn 0.6686 0.6087 -0.4271
vn 0.6071 0.5174 -0.6031
vn 0.7552 0.5020 -0.4215
vn 0.7792 0.4176 -0.4673
vn 0.5953 0.4315 -0.6778
vn 0.8693 0.4631 -0.1731
vn 0.8590 0.4327 -0.2736
vn 0.7726 -0.5578 -0.3031
vn 0.8822 0.3654 -0.2970
vn 0.9602 0.2789 -0.0155
vn 0.9354 0.2806 -0.2151
vn 0.9198 0.3550 -0.1674
vn 0.9285 0.3713 0.0057
vn 0.9153 0.4028 -0.0028
vn 0.8839 0.4675 0.0116
vn 0.8262 0.5365 0.1721
vn 0.7771 0.5848 0.2325
vn 0.7056 0.6602 0.2572
vn 0.4708 0.6424 0.6048
vn 0.4869 0.5936 0.6407
vn 0.4454 0.6239 0.6422
vn 0.1877 0.5920 0.7838
vn -0.0009 0.6516 0.7585
vn -0.0117 0.5782 0.8158
vn -0.1467 0.6517 0.7441
vn -0.0942 0.4588 0.8835
vn -0.0387 0.5048 0.8623
vn 0.1547 0.4268 0.8910
vn 0.1246 0.4813 0.8676
vn 0.3800 0.4939 0.7821
vn 0.2111 0.5477 0.8096
vn 0.6270 0.5324 0.5687
vn 0.5936 0.5030 0.6282
vn 0.7686 0.4986 0.4008
vn 0.7281 0.5732 0.3759
vn 0.6124 0.2452 0.7516
vn 0.8574 0.4239 0.2919
vn 0.8941 0.4430 0.0660
vn 0.9594 0.2802 0.0318
vn 0.9548 0.2667 0.1315
vn 0.8745 0.3543 0.3313
vn 0.9009 0.2781 0.3332
vn 0.9084 0.4170 -0.0300
vn 0.7786 0.3059 0.5479
vn 0.8823 0.3506 0.3141
vn 0.7396 0.3536 0.5727
vn 0.3483 0.8019 0.4855
vn 0.3870 0.4379 0.8115
vn 0.2824 0.3115 0.9073
vn 0.3733 0.1676 0.9125
vn 0.8674 0.1685 0.4681
vn 0.8628 0.1330 0.4877
vn 0.4012 -0.0153 0.9159
vn 0.3000 -0.0129 0.9538
vn 0.4032 -0.0218 0.9149
vn 0.5084 -0.0166 0.8609
vn -0.6761 0.0041 0.7368
vn 0.0651 -0.0151 0.9978
vn -0.2750 -0.0169 0.9613
vn -0.3593 -0.0164 0.9331
vn -0.6516 -0.0733 0.7550
vn -0.2582 -0.0813 0.9627
vn -0.2386 -0.1685 0.9564
vn -0.8954 -0.0548 0.4418
vn -0.2605 -0.0195 0.9653
vn -0.3742 -0.0377 0.9266
vn -0.3251 -0.0552 0.9440
vn -0.8094 -0.1300 0.5726
vn -0.3500 -0.1207 0.9289
vn 0.4844 0.0201 0.8746
vn 0.3314 -0.1005 0.9381
vn 0.8465 -0.0289 0.5316
vn -0.4148 -0.1154 0.9026
vn -0.5543 -0.0248 0.8319
vn -0.6870 0.0028 0.7266
vn 0.1027 -0.0138 0.9946
vn 0.4768 -0.0355 0.8783
vn 0.0982 -0.0216 0.9949
vn 0.0847 -0.0169 0.9963
vn 0.1413 -0.0128 0.9899
vn 0.3542 -0.0152 0.9351
vn 0.3533 -0.0132 0.9354
vn 0.4308 -0.0171 0.9023
vn 0.3789 -0.0182 0.9253
vn -0.2296 -0.0238 0.9730
vn 0.3316 -0.0385 0.9426
vn 0.2895 -0.0186 0.9570
vn 0.3605 -0.0077 0.9327
vn 0.1328 -0.0132 0.9911
vn 0.1538 -0.0169 0.9880
vn 0.1346 -0.0182 0.9907
vn 0.2787 -0.0390 0.9596
vn -0.3103 -0.0372 0.9499
vn 0.7201 -0.0160 0.6936
vn 0.9987 0.0085 0.0493
vn 0.8807 0.0313 0.4727
vn 0.7395 0.0421 0.6718
vn 0.8176 0.1349 0.5598
vn 0.8435 0.1900 0.5024
vn 0.9562 0.2314 0.1791
vn 0.6965 0.1801 0.6946
vn 0.6156 0.2927 0.7317
vn 0.4589 0.2902 0.8397
vn 0.4803 -0.5892 0.6497
vn 0.8084 0.0271 0.5880
vn 0.5906 0.0025 0.8070
vn 0.7136 -0.0124 0.7004
vn 0.9555 -0.0189 0.2943
vn 0.7309 -0.6022 0.3211
vn 0.9472 0.1555 0.2803
vn 0.9788 0.1701 0.1139
vn 0.9384 0.3050 0.1622
vn 0.9807 0.1884 -0.0517
vn 0.9561 0.1643 -0.2427
vn 0.9861 0.0630 -0.1536
vn 0.9981 0.0371 -0.0492
vn 0.9957 0.0895 -0.0230
vn 0.9985 -0.0004 0.0548
vn 0.6625 -0.0172 0.7489
vn 0.6649 -0.0236 0.7466
vn 0.9993 0.0105 0.0347
vn 0.9993 0.0099 0.0352
vn 0.4188 -0.0219 0.9078
vn 0.3347 -0.0239 0.9420
vn -0.2518 -0.0285 0.9674
vn 0.3863 -0.0200 0.9222
vn 0.4519 -0.0353 0.8914
vn 0.6581 -0.0165 0.7528
vn -0.2188 -0.0239 0.9755
vn 0.3928 -0.0147 0.9195
vn 0.9421 0.0008 0.3352
vn 0.3873 -0.0175 0.9218
vn 0.7312 -0.0160 0.6820
vn 0.9994 0.0083 0.0323
vn 0.9930 -0.0077 0.1183
vn 0.8055 0.0176 -0.5923
vn 0.9995 -0.0017 -0.0305
vn 0.9925 -0.0091 0.1220
vn 0.9938 -0.0010 -0.1115
vn 0.9020 0.0187 -0.4314
vn 0.9017 0.0061 -0.4324
vn 0.8422 0.0829 -0.5328
vn 0.7314 0.0146 -0.6817
vn 0.7940 0.0110 -0.6079
vn 0.9012 0.0059 -0.4333
vn 0.9672 0.0041 -0.2540
vn 0.9466 0.0064 -0.3223
vn 0.9910 0.0030 -0.1340
vn 0.9907 0.0004 -0.1363
vn 0.9942 -0.0215 0.1056
vn 0.9989 0.0013 0.0470
vn 0.8200 -0.0457 0.5705
vn 0.6310 -0.0248 0.7754
vn 0.7964 -0.0988 0.5967
vn 0.9770 -0.0280 0.2112
vn 0.7240 -0.0146 0.6897
vn 0.9579 -0.0009 0.2872
vn 0.9972 -0.0046 0.0748
vn 0.7150 -0.0078 0.6991
vn -0.0121 0.0336 0.9994
vn 0.6977 -0.0516 0.7145
vn -0.0604 -0.1026 0.9929
vn 0.0461 0.0459 0.9979
vn 0.9959 -0.0663 -0.0612
vn 0.3435 -0.0541 0.9376
vn 0.6408 -0.0264 0.7673
vn 0.8188 0.0232 -0.5735
vn 0.9328 -0.0122 0.3603
vn 0.6506 -0.0274 0.7590
vn 0.9897 0.0001 -0.1433
vn 0.9918 -0.0203 -0.1261
vn 0.9460 0.0058 -0.3242
vn 0.9436 0.0071 -0.3311
vn 0.7437 0.0178 -0.6682
vn 0.8481 0.0118 -0.5297
vn 0.4279 0.0298 -0.9033
vn 0.4721 0.0277 -0.8811
vn 0.6323 0.0148 -0.7746
vn 0.4846 0.0185 -0.8745
vn 0.5012 0.0172 -0.8652
vn 0.6148 0.0063 -0.7887
vn 0.4892 0.0268 -0.8718
vn 0.3163 0.0175 -0.9485
vn 0.8442 0.0031 -0.5360
vn 0.2226 0.0156 -0.9748
vn 0.3231 0.0154 -0.9462
vn 0.6427 0.0220 -0.7658
vn 0.7162 0.0139 -0.6978
vn 0.5904 0.0204 -0.8068
vn 0.6088 0.0189 -0.7931
vn 0.8646 0.0091 -0.5024
vn 0.8568 0.0049 -0.5156
vn 0.4775 0.0281 -0.8782
vn 0.4831 0.0268 -0.8751
vn 0.9972 -0.0015 -0.0746
vn 0.9973 -0.0017 -0.0731
vn 0.9757 -0.0132 0.2187
vn 0.9780 0.0043 -0.2085
vn 0.8658 0.0145 -0.5002
vn 0.4663 0.0304 -0.8841
vn 0.8851 0.0102 -0.4653
vn 0.5444 0.0235 -0.8385
vn 0.9147 0.0062 -0.4040
vn 0.9125 0.0131 -0.4089
vn 0.7981 0.0293 -0.6018
vn 0.8021 0.0130 -0.5971
vn 0.6649 -0.1319 0.7352
vn 0.9998 0.0064 0.0200
vn 0.6552 -0.0283 0.7549
vn 0.8008 0.0278 -0.5983
vn 0.9735 -0.0120 0.2283
vn 0.4840 0.0263 -0.8747
vn 0.4822 0.0113 -0.8760
vn 0.9938 -0.1047 0.0379
vn 0.6789 0.0129 -0.7341
vn 0.3028 0.0224 -0.9528
vn 0.6074 0.0236 -0.7940
vn 0.3147 0.0155 -0.9491
vn 0.3080 0.0177 -0.9512
vn 0.2196 0.0155 -0.9755
vn 0.0527 0.0162 -0.9985
vn -0.6958 -0.0523 -0.7163
vn 0.3697 0.0615 -0.9271
vn 0.0992 0.1222 -0.9875
vn -0.5739 0.0850 -0.8145
vn -0.4546 0.0332 -0.8901
vn -0.5412 0.0249 -0.8405
vn -0.6165 0.1835 -0.7657
vn -0.4014 0.1921 -0.8955
vn -0.6221 0.3577 -0.6964
vn -0.4032 0.2848 -0.8697
vn -0.3990 0.3984 -0.8259
vn -0.4572 0.4492 -0.7675
vn -0.2193 0.5015 -0.8369
vn -0.2365 0.5631 -0.7918
vn -0.5145 0.5169 -0.6842
vn -0.1082 0.4835 -0.8686
vn 0.1468 0.5474 -0.8239
vn 0.1286 0.5108 -0.8500
vn 0.3399 0.5018 -0.7954
vn 0.5343 0.4270 -0.7295
vn 0.9720 0.2342 -0.0168
vn 0.1945 0.4484 -0.8724
vn 0.7121 0.4437 -0.5441
vn 0.7763 0.3340 -0.5346
vn 0.8447 0.2445 -0.4761
vn 0.6336 0.3101 -0.7088
vn 0.4679 0.3150 -0.8257
vn 0.4197 0.4603 -0.7823
vn 0.1821 0.4421 -0.8783
vn 0.2677 0.3641 -0.8921
vn 0.0728 0.3584 -0.9307
vn -0.4114 0.2887 -0.8645
vn 0.0712 0.2958 -0.9526
vn 0.1974 0.2828 -0.9387
vn 0.0511 0.2117 -0.9760
vn 0.2257 0.1908 -0.9553
vn 0.0660 0.1437 -0.9874
vn 0.6592 0.0350 -0.7512
vn 0.3074 0.0635 -0.9495
vn 0.2256 0.0550 -0.9727
vn 0.4254 0.0208 -0.9048
vn 0.3506 0.0253 -0.9362
vn 0.4227 0.0196 -0.9061
vn 0.6790 0.0154 -0.7340
vn 0.6679 0.1511 -0.7288
vn 0.4471 0.1751 -0.8772
vn 0.5621 0.1696 -0.8095
vn 0.7009 0.1683 -0.6932
vn 0.9283 0.1549 -0.3381
vn 0.6881 0.0326 -0.7249
vn 0.8076 0.0101 -0.5897
vn 0.9623 -0.0034 -0.2718
vn 0.9008 0.0057 -0.4341
vn 0.8968 0.0071 -0.4425
vn 0.9334 0.0073 -0.3587
vn 0.9932 -0.0034 -0.1165
vn 0.9903 -0.0005 -0.1386
vn 0.9540 0.0038 -0.2996
vn 0.8543 0.0148 -0.5196
vn 0.9614 0.0131 -0.2749
vn 0.9997 -0.0001 -0.0247
vn 0.8818 0.0985 -0.4613
vn 0.9989 0.0009 0.0461
vn 0.9504 -0.0078 0.3109
vn 0.9556 -0.0045 0.2947
vn 0.9987 -0.0006 0.0509
vn 0.9966 0.0081 0.0818
vn 0.5588 -0.0284 0.8288
vn 0.9561 0.0018 0.2932
vn 0.9938 -0.0045 0.1110
vn 0.7560 0.1756 -0.6306
vn 0.4935 0.0260 -0.8694
vn 0.3241 0.2912 -0.9001
vn 0.3227 0.2011 -0.9249
vn 0.0950 0.0788 -0.9924
vn -0.1327 0.0810 -0.9878
vn -0.2664 0.1583 -0.9508
vn -0.2212 0.2752 -0.9356
vn -0.2947 0.3663 -0.8826
vn -0.0427 0.3005 -0.9528
vn -0.0339 0.3763 -0.9259
vn -0.1318 0.4183 -0.8987
vn -0.2557 0.0465 -0.9656
vn 0.0148 0.0163 -0.9998
vn -0.4867 0.5531 -0.6761
vn -0.2908 0.4826 -0.8261
vn -0.7208 0.5243 -0.4534
vn -0.7575 0.5326 -0.3775
vn -0.4816 0.8577 -0.1800
vn -0.8672 0.4418 -0.2296
vn -0.8195 0.5306 -0.2167
vn -0.8301 0.4171 -0.3700
vn -0.8943 0.3572 -0.2695
vn -0.9366 0.3396 -0.0869
vn -0.9049 0.2890 -0.3125
vn -0.7814 0.4070 -0.4730
vn -0.6276 0.3886 -0.6746
vn -0.7171 0.3351 -0.6112
vn -0.8454 0.3139 -0.4322
vn -0.8352 0.2164 -0.5055
vn -0.8658 0.1361 -0.4815
vn -0.8941 0.1060 -0.4352
vn -0.7096 0.1802 -0.6811
vn -0.6731 0.2874 -0.6814
vn 0.1961 0.0531 -0.9792
vn 0.0023 0.0191 -0.9998
vn -0.6675 0.0266 -0.7442
vn -0.8425 0.0802 -0.5326
vn -0.2274 -0.0233 0.9735
vn 0.4211 -0.0219 0.9068
vn 0.5575 -0.0381 0.8293
vn 0.4275 -0.0184 0.9038
vn 0.6353 -0.0126 0.7721
vn 0.7260 -0.0108 0.6876
vn 0.7134 -0.0088 0.7007
vn 0.9994 0.0076 0.0337
vn 0.9993 0.0108 0.0347
vn 0.9812 0.0143 -0.1924
vn 0.7150 -0.0119 0.6990
vn 0.7195 -0.0328 0.6938
vn 0.3740 -0.0101 0.9274
vn 0.3680 -0.0136 0.9297
vn 0.7431 -0.1988 0.6390
vn 0.9904 -0.0165 0.1375
vn 0.7274 -0.2522 0.6381
vn 0.8713 -0.0973 0.4811
vn 0.9895 -0.1096 -0.0947
vn 0.9260 -0.2499 0.2831
vn 0.7154 -0.1409 0.6844
vn 0.4366 -0.0720 0.8968
vn 0.2146 -0.1725 0.9613
vn 0.5833 -0.4642 0.6665
vn 0.3791 -0.0538 0.9238
vn 0.6376 -0.1228 0.7606
vn 0.5240 -0.0541 0.8500
vn 0.1738 0.0084 0.9847
vn 0.6192 -0.1658 0.7675
vn 0.6245 -0.1246 0.7710
vn 0.9346 -0.2212 0.2784
vn -0.6087 -0.1558 0.7779
vn -0.6464 -0.1542 0.7472
vn -0.7342 -0.1305 0.6663
vn -0.7375 -0.1793 0.6511
vn -0.7042 -0.1749 0.6881
vn -0.9996 -0.0211 -0.0202
vn -0.4345 -0.2643 0.8610
vn -0.8658 -0.2091 0.4545
vn -0.8799 -0.1709 0.4433
vn -0.7758 -0.1557 0.6115
vn -0.6709 -0.1073 0.7337
vn -0.9962 0.0414 0.0763
vn -0.6868 -0.0643 0.7240
vn -0.7940 -0.1374 0.5922
vn -0.8648 -0.1253 0.4863
vn -0.8691 -0.1888 0.4572
vn -0.9165 -0.1733 0.3604
vn -0.9148 -0.1945 -0.3539
vn -0.9623 -0.0692 -0.2630
vn -0.9895 -0.0625 0.1305
vn -0.9581 -0.1974 0.2076
vn -0.9117 -0.2047 0.3561
vn -0.9407 0.1444 -0.3071
vn -0.9354 -0.1223 0.3318
vn -0.9647 -0.1547 0.2129
vn -0.9851 0.0920 0.1452
vn -0.9831 0.0076 0.1829
vn -0.9770 0.0259 0.2115
vn -0.9100 0.0131 0.4144
vn -0.9846 0.0515 -0.1669
vn -0.9617 0.0011 0.2739
vn -0.9434 0.0008 0.3318
vn -0.9634 -0.0341 0.2660
vn -0.8939 0.1506 -0.4223
vn -0.9162 -0.0708 0.3944
vn -0.8550 -0.3753 0.3580
vn -0.8862 -0.1988 0.4184
vn -0.9775 -0.1979 0.0734
vn -0.7595 -0.5187 0.3925
vn -0.9637 -0.1080 -0.2441
vn 0.3003 0.0533 0.9524
vn 0.1492 0.1617 0.9755
vn 0.3109 0.2224 0.9241
vn 0.0469 0.2586 0.9648
vn 0.0920 0.3502 0.9322
vn 0.4113 0.2584 0.8741
vn 0.4463 -0.0114 0.8948
vn 0.1161 0.0318 0.9927
vn -0.7827 0.6183 -0.0715
vn -0.8396 0.5352 0.0929
vn -0.7842 0.6085 0.1212
vn -0.7941 0.3916 0.4647
vn -0.4579 0.7153 0.5279
vn -0.5735 0.1383 0.8074
vn -0.3893 0.0750 0.9180
vn -0.6806 -0.0034 0.7327
vn -0.6783 -0.0141 0.7346
vn -0.5645 -0.0154 0.8253
vn -0.7182 0.1642 0.6762
vn -0.8040 0.1687 0.5703
vn -0.9964 0.0479 0.0696
vn -0.9376 0.0167 -0.3473
vn -0.8724 0.0094 -0.4886
vn -0.9241 0.0093 -0.3822
vn -0.9772 0.0415 0.2082
vn -0.9150 0.0772 -0.3961
vn -0.9066 0.0769 0.4149
vn -0.9829 -0.0084 0.1841
vn -0.7889 0.0471 0.6127
vn -0.9132 0.0562 0.4036
vn -0.7644 0.0526 0.6426
vn -0.9925 -0.0037 0.1221
vn -0.8868 0.0010 0.4622
vn 0.5683 -0.0414 -0.8218
vn 0.6721 0.1448 -0.7261
vn 0.9039 -0.0791 -0.4205
vn 0.9924 -0.1209 -0.0247
vn 0.8453 -0.1724 -0.5057
vn 0.7439 -0.1540 -0.6503
vn 0.9362 0.0990 -0.3373
vn 0.8813 -0.0076 -0.4726
vn 0.5730 -0.1227 -0.8104
vn 0.5104 -0.1111 -0.8527
vn -0.6322 -0.0119 0.7747
vn -0.6320 -0.0123 0.7748
vn 0.1048 -0.0033 0.9945
vn -0.4991 -0.0164 0.8664
vn -0.3093 -0.7097 0.6330
vn 0.0929 -0.0069 0.9957
vn -0.3748 -0.0205 0.9269
vn 0.1051 -0.0046 0.9945
vn -0.3453 0.0098 0.9384
vn -0.4081 0.0028 0.9129
vn -0.4931 -0.0126 0.8699
vn -0.5773 -0.1112 -0.8090
vn -0.4455 -0.1668 -0.8796
vn -0.3967 -0.0608 -0.9159
vn -0.4764 -0.0853 -0.8751
vn -0.0185 0.0309 -0.9994
vn -0.0472 -0.0991 -0.9940
vn 0.0598 -0.1236 -0.9905
vn 0.0873 0.0709 -0.9937
vn 0.1913 0.0643 -0.9794
vn 0.0595 0.0465 -0.9971
vn -0.0831 0.0630 -0.9945
vn 0.0271 0.0593 -0.9979
vn -0.2948 -0.0206 -0.9553
vn -0.4760 -0.0937 -0.8744
vn 0.2466 0.5692 -0.7844
vn 0.0309 0.0466 -0.9984
vn -0.1132 0.1835 -0.9765
vn 0.3829 -0.2332 -0.8938
vn 0.4353 -0.2391 -0.8679
vn 0.5671 -0.2360 -0.7891
vn 0.5754 -0.2184 -0.7882
vn 0.4222 -0.2273 -0.8775
vn 0.2619 -0.2263 -0.9382
vn 0.0731 -0.2417 -0.9676
vn 0.0459 -0.2661 -0.9629
vn 0.4749 -0.1986 -0.8573
vn 0.1917 -0.2371 -0.9524
vn 0.4757 -0.7656 -0.4331
vn -0.1145 0.6407 0.7592
vn 0.9733 0.1284 0.1905
vn 0.9128 0.0794 0.4007
vn -0.8038 0.1235 0.5819
vn -0.6409 0.4481 0.6232
vn -0.8314 -0.0276 0.5550
vn -0.7896 -0.1049 0.6046
vn -0.6676 0.1006 0.7377
vn -0.6251 0.0896 0.7754
vn 0.1867 -0.1933 0.9632
vn -0.7361 0.0860 0.6714
vn -0.4171 -0.5183 0.7466
vn -0.8529 0.1323 0.5051
vn -0.6557 -0.5482 0.5192
vn -0.7378 0.2578 0.6239
vn -0.7262 0.2594 0.6367
vn -0.5580 0.2636 0.7869
vn -0.7636 0.2670 0.5879
vn -0.1686 0.9856 0.0106
vn 0.4510 -0.7482 0.4866
vn 0.5094 -0.6541 0.5592
vn 0.2713 -0.5168 0.8120
vn 0.5079 -0.5124 0.6924
vn 0.2262 -0.4420 0.8680
vn 0.9566 -0.2437 0.1598
vn 0.3247 -0.3893 0.8620
vn 0.3827 -0.2943 0.8757
vn 0.8557 -0.3826 0.3483
vn 0.7167 -0.5303 0.4529
vn -0.1519 -0.4401 0.8850
vn 0.2889 -0.4734 0.8321
vn -0.1339 -0.5976 0.7905
vn 0.0798 -0.6158 0.7838
vn -0.0742 -0.4194 0.9048
vn -0.7268 -0.3875 0.5672
vn -0.4030 -0.3523 0.8447
vn 0.3957 -0.2037 0.8955
vn -0.5083 -0.2576 0.8218
vn -0.1778 -0.3550 0.9178
vn -0.4964 0.0445 0.8670
vn 0.4880 0.0034 -0.8728
vn 0.8244 0.0015 -0.5660
vn 0.6681 0.0091 -0.7440
vn 0.6193 0.0136 -0.7850
vn 0.3385 0.0176 -0.9408
vn 0.5447 0.0232 -0.8383
vn 0.2727 0.0151 -0.9620
vn 0.6998 0.0042 -0.7143
vn 0.0301 0.0205 -0.9993
vn 0.0031 0.0152 -0.9999
vn -0.0416 0.0160 -0.9990
vn 0.3545 0.0190 -0.9349
vn 0.5292 0.0183 -0.8483
vn 0.6081 0.0095 -0.7938
vn 0.6296 0.0108 -0.7768
vn 0.6802 0.0144 -0.7329
vn 0.6613 0.0144 -0.7500
vn 0.8557 0.0098 -0.5174
vn 0.3015 -0.2508 0.9199
vn 0.4312 -0.7365 0.5212
vn -0.5569 -0.3835 -0.7367
vn -0.6708 -0.3712 -0.6421
vn -0.5434 -0.7804 -0.3095
vn -0.8419 -0.2322 -0.4871
vn -0.8221 0.2814 -0.4950
vn -0.9247 0.2671 -0.2713
vn -0.8688 0.2775 -0.4101
vn 0.1789 -0.7621 0.6223
vn -0.6778 0.2240 0.7003
vn -0.7927 0.2253 0.5664
vn -0.7380 0.2466 0.6282
vn -0.7569 0.2098 0.6189
vn 0.0816 -0.2955 0.9518
vn -0.2175 0.0209 0.9758
vn -0.1712 -0.0394 0.9844
vn -0.1616 -0.1765 0.9709
vn -0.2232 -0.1328 0.9657
vn 0.1726 -0.1673 0.9707
vn 0.3567 -0.5228 0.7742
vn 0.2183 -0.2706 0.9376
vn 0.2417 -0.1843 0.9527
vn 0.3278 -0.2001 0.9233
vn 0.3585 -0.2599 0.8966
vn -0.5408 -0.1393 0.8296
vn -0.5731 -0.0296 0.8190
vn -0.5113 -0.1740 0.8416
vn -0.8963 0.3609 0.2577
vn -0.3953 0.0335 0.9179
vn -0.1258 -0.2331 0.9643
vn -0.9280 0.3322 0.1687
vn -0.8916 0.4360 0.1223
vn -0.8538 0.3113 0.4172
vn -0.8199 0.2312 0.5238
vn -0.5747 0.6385 0.5119
vn -0.8344 -0.0039 0.5511
vn -0.7397 -0.0375 0.6719
vn -0.8453 -0.0278 0.5335
vn -0.8740 -0.2266 0.4299
vn -0.6189 -0.2614 0.7407
vn -0.6601 -0.1674 0.7323
vn -0.9610 -0.0494 0.2720
vn -0.5790 -0.2295 0.7823
vn -0.9465 -0.0728 0.3143
vn -0.9874 -0.0382 -0.1537
vn -0.9533 -0.0608 -0.2959
vn -0.9950 -0.0808 0.0593
vn -0.8898 0.0773 -0.4497
vn -0.8806 -0.0269 -0.4732
vn -0.9866 -0.0974 -0.1309
vn -0.8752 -0.2171 0.4323
vn -0.9867 -0.1510 0.0603
vn -0.9858 -0.1456 -0.0837
vn -0.8184 -0.3986 -0.4141
vn -0.6579 -0.2504 0.7102
vn -0.6945 -0.2294 0.6819
vn -0.7801 -0.1617 0.6044
vn -0.3074 -0.2682 0.9130
vn -0.4816 -0.2598 0.8370
vn -0.4565 -0.2191 0.8623
vn -0.6593 -0.2385 0.7131
vn -0.5529 -0.2580 0.7923
vn -0.4525 -0.2734 0.8488
vn -0.4866 -0.2428 0.8392
vn -0.2680 -0.2805 0.9217
vn -0.7873 -0.0168 0.6164
vn -0.2634 -0.2282 0.9373
vn 0.4057 0.2871 -0.8678
vn 0.5162 0.2916 -0.8053
vn 0.6152 0.2281 -0.7547
vn 0.5702 0.2897 -0.7688
vn 0.8569 0.4262 -0.2899
vn -0.4425 -0.8202 -0.3626
vn -0.5916 -0.5932 -0.5460
vn -0.8100 -0.5769 0.1049
vn -0.6867 -0.5591 -0.4647
vn -0.6326 -0.5179 -0.5758
vn -0.9384 -0.2947 -0.1803
vn -0.1315 -0.3123 -0.9408
vn 0.0871 -0.3185 -0.9439
vn 0.1891 -0.5236 -0.8307
vn 0.0969 -0.3881 -0.9165
vn 0.2335 -0.5593 -0.7954
vn 0.3016 -0.4381 -0.8468
vn 0.1604 -0.4325 -0.8872
vn 0.3035 -0.3170 -0.8986
vn 0.0366 -0.3889 -0.9206
vn -0.2044 -0.0282 -0.9785
vn -0.8530 -0.1030 -0.5117
vn -0.0727 -0.1137 -0.9909
vn -0.3727 -0.1630 -0.9135
vn 0.1561 -0.0592 -0.9860
vn -0.2647 -0.2135 -0.9404
vn 0.1806 0.0261 -0.9832
vn 0.1831 -0.3279 -0.9268
vn -0.5211 -0.2412 -0.8187
vn 0.0629 -0.1443 -0.9875
vn -0.9311 -0.1487 -0.3332
vn -0.5907 -0.1029 -0.8003
vn -0.6631 -0.1350 -0.7362
vn -0.5298 -0.0660 -0.8455
vn -0.7839 -0.2645 -0.5617
vn -0.7564 -0.1671 -0.6324
vn -0.8308 -0.1608 -0.5328
vn -0.7363 -0.0947 -0.6700
vn -0.8521 -0.2426 -0.4638
vn -0.8559 -0.2400 -0.4580
vn -0.9216 -0.2673 -0.2815
vn -0.7304 -0.2472 -0.6367
vn -0.4321 -0.7310 -0.5282
vn 0.0128 0.9759 0.2179
vn -0.7526 -0.2657 -0.6025
vn -0.9071 -0.2741 -0.3195
vn -0.7723 -0.2633 -0.5781
vn -0.4260 -0.7070 -0.5645
vn -0.2855 -0.6518 -0.7026
vn -0.0085 -0.6953 -0.7186
vn 0.3208 -0.7843 -0.5309
vn 0.4496 -0.7997 -0.3978
vn -0.4504 -0.2519 -0.8565
vn 0.3686 -0.7403 -0.5623
vn -0.4477 -0.0539 -0.8926
vn -0.8261 0.1531 -0.5423
vn -0.6595 -0.1793 -0.7300
vn -0.6795 -0.2375 -0.6942
vn -0.1566 -0.1279 -0.9794
vn -0.9630 -0.2628 0.0592
vn -0.9658 -0.2556 -0.0432
vn -0.8426 -0.2332 -0.4854
vn -0.9402 -0.2507 0.2307
vn -0.8589 -0.1924 -0.4747
vn -0.8951 -0.1756 -0.4098
vn -0.4391 -0.0208 -0.8982
vn 0.4846 0.0421 -0.8737
vn 0.7478 0.6635 0.0236
vn -0.3119 -0.1514 -0.9380
vn 0.7497 0.6490 0.1294
vn 0.8075 -0.5704 0.1504
vn 0.9402 -0.3388 0.0343
vn 0.8270 -0.2501 0.5035
vn 0.8783 -0.4440 -0.1772
vn 0.7258 -0.6467 -0.2346
vn 0.6264 -0.5151 -0.5851
vn 0.7299 -0.5486 -0.4079
vn 0.8516 -0.3929 -0.3469
vn 0.6497 -0.6643 -0.3697
vn 0.8972 -0.3899 0.2074
vn 0.8828 -0.1510 -0.4449
vn 0.5256 -0.2195 -0.8219
vn 0.8283 -0.2809 -0.4847
vn 0.8626 -0.3977 0.3125
vn 0.8868 0.0502 0.4594
vn 0.7967 -0.1861 -0.5750
vn 0.9597 -0.0901 0.2661
vn 0.8006 0.0235 0.5988
vn 0.9902 -0.0825 -0.1126
vn 0.6825 0.0930 0.7250
vn 0.9212 -0.3777 0.0938
s 1
f 2076//2076 2082//2082 2185//2185
f 5//5 2590//2590 2589//2589
f 13//13 12//12 11//11
f 5//5 2761//2761 2757//2757
f 37//37 36//36 38//38
f 38//38 40//40 39//39
f 739//739 740//740 748//748
f 40//40 2575//2575 2577//2577
f 2758//2758 2728//2728 11//11
f 1738//1738 1740//1740 1739//1739
f 2102//2102 2093//2093 2100//2100
f 232//232 233//233 230//230
f 628//628 624//624 631//631
f 639//639 640//640 1080//1080
f 2064//2064 2481//2481 2040//2040
f 234//234 235//235 236//236
f 237//237 236//236 235//235
f 240//240 238//238 239//239
f 246//246 248//248 249//249
f 250//250 239//239 249//249
f 249//249 239//239 251//251
f 2750//2750 23//23 34//34
f 263//263 231//231 229//229
f 2546//2546 1783//1783 2545//2545
f 1216//1216 1091//1091 1237//1237
f 2691//2691 576//576 588//588
f 1793//1793 1577//1577 1754//1754
f 1527//1527 1528//1528 1526//1526
f 14//14 156//156 155//155
f 1084//1084 2621//2621 1095//1095
f 744//744 752//752 750//750
f 545//545 542//542 541//541
f 167//167 423//423 172//172
f 430//430 2725//2725 435//435
f 1267//1267 1270//1270 1263//1263
f 2113//2113 2105//2105 2116//2116
f 1366//1366 1523//1523 1368//1368
f 1886//1886 1887//1887 1881//1881
f 2612//2612 1292//1292 1247//1247
f 2584//2584 5//5 2583//2583
f 2567//2567 2571//2571 2566//2566
f 579//579 578//578 580//580
f 583//583 584//584 585//585
f 586//586 585//585 587//587
f 587//587 585//585 588//588
f 590//590 591//591 589//589
f 213//213 220//220 214//214
f 2120//2120 2473//2473 2174//2174
f 56//56 222//222 78//78
f 397//397 396//396 398//398
f 144//144 122//122 151//151
f 616//616 617//617 658//658
f 1676//1676 1680//1680 1679//1679
f 242//242 239//239 250//250
f 1132//1132 1137//1137 1168//1168
f 2416//2416 1436//1436 2429//2429
f 728//728 729//729 730//730
f 1767//1767 1569//1569 1563//1563
f 2045//2045 2483//2483 2063//2063
f 738//738 739//739 731//731
f 433//433 432//432 434//434
f 744//744 746//746 745//745
f 747//747 746//746 744//744
f 747//747 748//748 746//746
f 1381//1381 1447//1447 1446//1446
f 745//745 828//828 826//826
f 951//951 950//950 717//717
f 2034//2034 2496//2496 1962//1962
f 1588//1588 1586//1586 1589//1589
f 1584//1584 1681//1681 1572//1572
f 869//869 957//957 953//953
f 753//753 754//754 756//756
f 2087//2087 1880//1880 2089//2089
f 2538//2538 177//177 304//304
f 574//574 2707//2707 2697//2697
f 145//145 146//146 144//144
f 216//216 218//218 215//215
f 527//527 2735//2735 524//524
f 1209//1209 2431//2431 1199//1199
f 260//260 267//267 197//197
f 998//998 999//999 1000//1000
f 580//580 583//583 586//586
f 172//172 171//171 170//170
f 2634//2634 989//989 2631//2631
f 1208//1208 1205//1205 1206//1206
f 851//851 840//840 853//853
f 1540//1540 1553//1553 1637//1637
f 1469//1469 1562//1562 1471//1471
f 2480//2480 1895//1895 2380//2380
f 1200//1200 1208//1208 1209//1209
f 2310//2310 1890//1890 2320//2320
f 1256//1256 1257//1257 1258//1258
f 1271//1271 1269//1269 1270//1270
f 2751//2751 30//30 29//29
f 886//886 908//908 824//824
f 433//433 439//439 441//441
f 1531//1531 1687//1687 1688//1688
f 1924//1924 322//322 1932//1932
f 2319//2319 2322//2322 2320//2320
f 2686//2686 2687//2687 731//731
f 157//157 14//14 2727//2727
f 2079//2079 2078//2078 2074//2074
f 1704//1704 1522//1522 1531//1531
f 776//776 759//759 758//758
f 1397//1397 1505//1505 1554//1554
f 786//786 789//789 784//784
f 2374//2374 2306//2306 1891//1891
f 1627//1627 1535//1535 1628//1628
f 1508//1508 1510//1510 1511//1511
f 1457//1457 1456//1456 1458//1458
f 712//712 715//715 718//718
f 320//320 363//363 489//489
f 1058//1058 1056//1056 1022//1022
f 1528//1528 1530//1530 1531//1531
f 1549//1549 1548//1548 1547//1547
f 1549//1549 1547//1547 1550//1550
f 142//142 116//116 127//127
f 1592//1592 1752//1752 1725//1725
f 1687//1687 1619//1619 1688//1688
f 1688//1688 1690//1690 1689//1689
f 1871//1871 1905//1905 1906//1906
f 1878//1878 1899//1899 1901//1901
f 2346//2346 2345//2345 2354//2354
f 1694//1694 1695//1695 1693//1693
f 1874//1874 1872//1872 2097//2097
f 582//582 586//586 591//591
f 2242//2242 2221//2221 1358//1358
f 1462//1462 1464//1464 1460//1460
f 1449//1449 2592//2592 2583//2583
f 796//796 803//803 783//783
f 1017//1017 1026//1026 1016//1016
f 2700//2700 454//454 448//448
f 275//275 171//171 308//308
f 1818//1818 1466//1466 1467//1467
f 2721//2721 2722//2722 2718//2718
f 42//42 1819//1819 1462//1462
f 2548//2548 1738//1738 2551//2551
f 1548//1548 1546//1546 1545//1545
f 5//5 39//39 2578//2578
f 2423//2423 2424//2424 2422//2422
f 1417//1417 2593//2593 2563//2563
f 129//129 17//17 16//16
f 2084//2084 2111//2111 2182//2182
f 1164//1164 1141//1141 1071//1071
f 2561//2561 2558//2558 2569//2569
f 2049//2049 2050//2050 1904//1904
f 2385//2385 2382//2382 2388//2388
f 2318//2318 2316//2316 2317//2317
f 393//393 2741//2741 2740//2740
f 263//263 228//228 262//262
f 2304//2304 2395//2395 2396//2396
f 2372//2372 2374//2374 2308//2308
f 339//339 2502//2502 338//338
f 1542//1542 1543//1543 1541//1541
f 813//813 849//849 2666//2666
f 2549//2549 2550//2550 2548//2548
f 1497//1497 1482//1482 1557//1557
f 2070//2070 1888//1888 2072//2072
f 2555//2555 2556//2556 1550//1550
f 2//2 2760//2760 2762//2762
f 1547//1547 1544//1544 1535//1535
f 2422//2422 2421//2421 2420//2420
f 2425//2425 2421//2421 2424//2424
f 2136//2136 2141//2141 2142//2142
f 449//449 476//476 2706//2706
f 2678//2678 2677//2677 2679//2679
f 1268//1268 602//602 603//603
f 2467//2467 2454//2454 2455//2455
f 2170//2170 2115//2115 2173//2173
f 2060//2060 2058//2058 1879//1879
f 1277//1277 1274//1274 1275//1275
f 1415//1415 1413//1413 1288//1288
f 36//36 5//5 32//32
f 1392//1392 1397//1397 1394//1394
f 2460//2460 2463//2463 938//938
f 1715//1715 2001//2001 2000//2000
f 192//192 272//272 288//288
f 2534//2534 2533//2533 2532//2532
f 2091//2091 2090//2090 2119//2119
f 187//187 171//171 182//182
f 2541//2541 2533//2533 2534//2534
f 2698//2698 1//1 4//4
f 242//242 249//249 248//248
f 570//570 571//571 578//578
f 5//5 590//590 589//589
f 2554//2554 1690//1690 1688//1688
f 1261//1261 1255//1255 609//609
f 2556//2556 1529//1529 1527//1527
f 1528//1528 1522//1522 1523//1523
f 2558//2558 2559//2559 2557//2557
f 2036//2036 2386//2386 2033//2033
f 21//21 134//134 48//48
f 1463//1463 1455//1455 2573//2573
f 2577//2577 2579//2579 2578//2578
f 2579//2579 2581//2581 2580//2580
f 2731//2731 2729//2729 2728//2728
f 244//244 240//240 242//242
f 27//27 2753//2753 2754//2754
f 2614//2614 2615//2615 609//609
f 1868//1868 2476//2476 2099//2099
f 1001//1001 1000//1000 999//999
f 41//41 43//43 42//42
f 1002//1002 2403//2403 2412//2412
f 643//643 642//642 1061//1061
f 1232//1232 1240//1240 1211//1211
f 2699//2699 447//447 2709//2709
f 2617//2617 1259//1259 1260//1260
f 866//866 970//970 971//971
f 871//871 2674//2674 2675//2675
f 2748//2748 2747//2747 248//248
f 2699//2699 2733//2733 2695//2695
f 584//584 577//577 2691//2691
f 2595//2595 2259//2259 2213//2213
f 362//362 1949//1949 333//333
f 1459//1459 1767//1767 2567//2567
f 2743//2743 2739//2739 2742//2742
f 229//229 231//231 230//230
f 826//826 849//849 791//791
f 1259//1259 613//613 2614//2614
f 2739//2739 2744//2744 2740//2740
f 2740//2740 2744//2744 392//392
f 251//251 236//236 237//237
f 241//241 248//248 2747//2747
f 241//241 2747//2747 2748//2748
f 2748//2748 2747//2747 2749//2749
f 1316//1316 2291//2291 1327//1327
f 1143//1143 1160//1160 1155//1155
f 1879//1879 2054//2054 1898//1898
f 2589//2589 2584//2584 1282//1282
f 597//597 2690//2690 602//602
f 726//726 728//728 719//719
f 2185//2185 2186//2186 2354//2354
f 2081//2081 2079//2079 2076//2076
f 2185//2185 2354//2354 2081//2081
f 2184//2184 2187//2187 2185//2185
f 2082//2082 2183//2183 2184//2184
f 2083//2083 2084//2084 2082//2082
f 2076//2076 2085//2085 2083//2083
f 2185//2185 2081//2081 2076//2076
f 2082//2082 2184//2184 2185//2185
f 2076//2076 2083//2083 2082//2082
f 2589//2589 1273//1273 5//5
f 5//5 2591//2591 2590//2590
f 2753//2753 2752//2752 5//5
f 5//5 2762//2762 2761//2761
f 2761//2761 2760//2760 2757//2757
f 2757//2757 2753//2753 5//5
f 570//570 741//741 739//739
f 739//739 974//974 742//742
f 740//740 746//746 748//748
f 739//739 742//742 740//740
f 748//748 570//570 739//739
f 40//40 38//38 36//36
f 36//36 35//35 41//41
f 41//41 2574//2574 2575//2575
f 2576//2576 2582//2582 2581//2581
f 36//36 41//41 2575//2575
f 2575//2575 2576//2576 2581//2581
f 2581//2581 2579//2579 2577//2577
f 2577//2577 2578//2578 40//40
f 40//40 36//36 2575//2575
f 2575//2575 2581//2581 2577//2577
f 7//7 8//8 9//9
f 9//9 2733//2733 10//10
f 7//7 9//9 10//10
f 2759//2759 2754//2754 2758//2758
f 2758//2758 7//7 10//10
f 2758//2758 10//10 2731//2731
f 2763//2763 2759//2759 2758//2758
f 11//11 12//12 2763//2763
f 2727//2727 13//13 11//11
f 2758//2758 2731//2731 2728//2728
f 2728//2728 2727//2727 11//11
f 11//11 2763//2763 2758//2758
f 2102//2102 2103//2103 1879//1879
f 2092//2092 2094//2094 2093//2093
f 2102//2102 1879//1879 2092//2092
f 2100//2100 2101//2101 2102//2102
f 2093//2093 2095//2095 2100//2100
f 2102//2102 2092//2092 2093//2093
f 721//721 724//724 612//612
f 612//612 611//611 698//698
f 698//698 699//699 662//662
f 662//662 661//661 660//660
f 660//660 658//658 659//659
f 659//659 657//657 655//655
f 655//655 656//656 628//628
f 628//628 619//619 627//627
f 627//627 620//620 626//626
f 626//626 621//621 622//622
f 622//622 2618//2618 2619//2619
f 2619//2619 1084//1084 1083//1083
f 1083//1083 1071//1071 1073//1073
f 1074//1074 1075//1075 1082//1082
f 1083//1083 1073//1073 1074//1074
f 622//622 2619//2619 1083//1083
f 626//626 622//622 1083//1083
f 1083//1083 1074//1074 1082//1082
f 1082//1082 1080//1080 1081//1081
f 1081//1081 1079//1079 2620//2620
f 2620//2620 640//640 623//623
f 623//623 625//625 624//624
f 624//624 636//636 629//629
f 629//629 633//633 630//630
f 630//630 632//632 631//631
f 631//631 654//654 664//664
f 664//664 665//665 663//663
f 663//663 667//667 696//696
f 696//696 697//697 694//694
f 694//694 695//695 702//702
f 702//702 703//703 708//708
f 708//708 707//707 704//704
f 704//704 706//706 705//705
f 705//705 709//709 710//710
f 710//710 713//713 711//711
f 711//711 712//712 722//722
f 722//722 723//723 720//720
f 720//720 721//721 612//612
f 722//722 720//720 612//612
f 710//710 711//711 722//722
f 704//704 705//705 710//710
f 702//702 708//708 704//704
f 696//696 694//694 702//702
f 631//631 664//664 663//663
f 663//663 696//696 702//702
f 702//702 704//704 710//710
f 710//710 722//722 612//612
f 710//710 612//612 698//698
f 663//663 702//702 710//710
f 629//629 630//630 631//631
f 663//663 710//710 698//698
f 663//663 698//698 662//662
f 624//624 629//629 631//631
f 2620//2620 623//623 624//624
f 1082//1082 1081//1081 2620//2620
f 626//626 1083//1083 1082//1082
f 627//627 626//626 1082//1082
f 1082//1082 2620//2620 624//624
f 631//631 663//663 662//662
f 660//660 659//659 655//655
f 631//631 662//662 660//660
f 627//627 1082//1082 624//624
f 631//631 660//660 655//655
f 628//628 627//627 624//624
f 631//631 655//655 628//628
f 1068//1068 1067//1067 1072//1072
f 1072//1072 1065//1065 1066//1066
f 1066//1066 1064//1064 1076//1076
f 1076//1076 1078//1078 1077//1077
f 1077//1077 642//642 641//641
f 641//641 643//643 639//639
f 639//639 644//644 638//638
f 638//638 645//645 637//637
f 637//637 635//635 634//634
f 634//634 648//648 649//649
f 649//649 650//650 653//653
f 653//653 652//652 666//666
f 666//666 668//668 697//697
f 697//697 696//696 667//667
f 667//667 663//663 665//665
f 665//665 664//664 654//654
f 654//654 631//631 632//632
f 632//632 630//630 633//633
f 633//633 629//629 636//636
f 636//636 624//624 625//625
f 625//625 623//623 640//640
f 640//640 2620//2620 1079//1079
f 1079//1079 1081//1081 1080//1080
f 1080//1080 1082//1082 1075//1075
f 1075//1075 1074//1074 1073//1073
f 1070//1070 1069//1069 1068//1068
f 1068//1068 1072//1072 1066//1066
f 1066//1066 1076//1076 1077//1077
f 1077//1077 641//641 639//639
f 639//639 638//638 637//637
f 637//637 634//634 649//649
f 649//649 653//653 666//666
f 666//666 697//697 667//667
f 666//666 667//667 665//665
f 639//639 637//637 649//649
f 1066//1066 1077//1077 639//639
f 1071//1071 1070//1070 1068//1068
f 1068//1068 1066//1066 639//639
f 649//649 666//666 665//665
f 654//654 632//632 633//633
f 649//649 665//665 654//654
f 1073//1073 1071//1071 1068//1068
f 1075//1075 1073//1073 1068//1068
f 649//649 654//654 633//633
f 636//636 625//625 640//640
f 639//639 649//649 633//633
f 639//639 633//633 636//636
f 1080//1080 1075//1075 1068//1068
f 640//640 1079//1079 1080//1080
f 639//639 636//636 640//640
f 1080//1080 1068//1068 639//639
f 2064//2064 2062//2062 2061//2061
f 2061//2061 2060//2060 2482//2482
f 2482//2482 2480//2480 2481//2481
f 2481//2481 2068//2068 2066//2066
f 2066//2066 2038//2038 2040//2040
f 2040//2040 2041//2041 2043//2043
f 2042//2042 2044//2044 2064//2064
f 2040//2040 2043//2043 2042//2042
f 2481//2481 2066//2066 2040//2040
f 2061//2061 2482//2482 2481//2481
f 2040//2040 2042//2042 2064//2064
f 2064//2064 2061//2061 2481//2481
f 33//33 32//32 31//31
f 31//31 2751//2751 27//27
f 28//28 26//26 2750//2750
f 31//31 27//27 28//28
f 41//41 35//35 33//33
f 33//33 31//31 28//28
f 2750//2750 2770//2770 24//24
f 33//33 28//28 2750//2750
f 34//34 41//41 33//33
f 44//44 43//43 34//34
f 2750//2750 24//24 23//23
f 23//23 44//44 34//34
f 34//34 33//33 2750//2750
f 1758//1758 1755//1755 1461//1461
f 1464//1464 1465//1465 1467//1467
f 1758//1758 1461//1461 1464//1464
f 1761//1761 1759//1759 1758//1758
f 1762//1762 1760//1760 1761//1761
f 1764//1764 1763//1763 1762//1762
f 1810//1810 1765//1765 1764//1764
f 1809//1809 1766//1766 1810//1810
f 1799//1799 1797//1797 1809//1809
f 1800//1800 1798//1798 1799//1799
f 2545//2545 2553//2553 1800//1800
f 1784//1784 1787//1787 2545//2545
f 1783//1783 1785//1785 1784//1784
f 1779//1779 1777//1777 1783//1783
f 1742//1742 1778//1778 1779//1779
f 1743//1743 1741//1741 1742//1742
f 1780//1780 2551//2551 1743//1743
f 1781//1781 1782//1782 1780//1780
f 2546//2546 2547//2547 1781//1781
f 2544//2544 2552//2552 2546//2546
f 1801//1801 2543//2543 2544//2544
f 1802//1802 1804//1804 1801//1801
f 1808//1808 1803//1803 1802//1802
f 1807//1807 1806//1806 1808//1808
f 1812//1812 1805//1805 1807//1807
f 1811//1811 1813//1813 1812//1812
f 1823//1823 1825//1825 1811//1811
f 1822//1822 1824//1824 1823//1823
f 1756//1756 1821//1821 1822//1822
f 1820//1820 1757//1757 1756//1756
f 1815//1815 1814//1814 1820//1820
f 2550//2550 2549//2549 1815//1815
f 1740//1740 1738//1738 2550//2550
f 2001//2001 1735//1735 1736//1736
f 1740//1740 2550//2550 1815//1815
f 1737//1737 2001//2001 1736//1736
f 1736//1736 1740//1740 1815//1815
f 1737//1737 1736//1736 1815//1815
f 1816//1816 2000//2000 1737//1737
f 50//50 1817//1817 1816//1816
f 49//49 51//51 50//50
f 1466//1466 1818//1818 49//49
f 1464//1464 1467//1467 1466//1466
f 1810//1810 1764//1764 1762//1762
f 1799//1799 1809//1809 1810//1810
f 2545//2545 1800//1800 1799//1799
f 1783//1783 1784//1784 2545//2545
f 1742//1742 1779//1779 1783//1783
f 1780//1780 1743//1743 1742//1742
f 2546//2546 1781//1781 1780//1780
f 1801//1801 2544//2544 2546//2546
f 1808//1808 1802//1802 1801//1801
f 1812//1812 1807//1807 1808//1808
f 1823//1823 1811//1811 1812//1812
f 1822//1822 1823//1823 1812//1812
f 1808//1808 1801//1801 2546//2546
f 1756//1756 1822//1822 1812//1812
f 1816//1816 1737//1737 1815//1815
f 1466//1466 49//49 50//50
f 50//50 1816//1816 1815//1815
f 50//50 1815//1815 1820//1820
f 1464//1464 1466//1466 50//50
f 1810//1810 1762//1762 1761//1761
f 1799//1799 1810//1810 1761//1761
f 1464//1464 50//50 1820//1820
f 1464//1464 1820//1820 1756//1756
f 1799//1799 1761//1761 1758//1758
f 2545//2545 1799//1799 1758//1758
f 1758//1758 1464//1464 1756//1756
f 1758//1758 1756//1756 1812//1812
f 2545//2545 1758//1758 1812//1812
f 2545//2545 1812//1812 1808//1808
f 1780//1780 1742//1742 1783//1783
f 2545//2545 1808//1808 2546//2546
f 2546//2546 1780//1780 1783//1783
f 1217//1217 1211//1211 1210//1210
f 1210//1210 1214//1214 1213//1213
f 1213//1213 1103//1103 1216//1216
f 1216//1216 1100//1100 1222//1222
f 1222//1222 1224//1224 1223//1223
f 1223//1223 1225//1225 1229//1229
f 1229//1229 1228//1228 1230//1230
f 1230//1230 1092//1092 1091//1091
f 1091//1091 1090//1090 1089//1089
f 1089//1089 1086//1086 1087//1087
f 1087//1087 1085//1085 2613//2613
f 2613//2613 1256//1256 1258//1258
f 1245//1245 1243//1243 1242//1242
f 2613//2613 1258//1258 1245//1245
f 1089//1089 1087//1087 2613//2613
f 1223//1223 1229//1229 1230//1230
f 1216//1216 1222//1222 1223//1223
f 1217//1217 1210//1210 1213//1213
f 1219//1219 1218//1218 1217//1217
f 1221//1221 1220//1220 1219//1219
f 1234//1234 1235//1235 1221//1221
f 1231//1231 1233//1233 1234//1234
f 1237//1237 1232//1232 1231//1231
f 1238//1238 1236//1236 1237//1237
f 1088//1088 1239//1239 1238//1238
f 1241//1241 1240//1240 1088//1088
f 1206//1206 1205//1205 1207//1207
f 1206//1206 1207//1207 1241//1241
f 1209//1209 1208//1208 1206//1206
f 2431//2431 1209//1209 1206//1206
f 2431//2431 1206//1206 1241//1241
f 2419//2419 2431//2431 1241//1241
f 1088//1088 1238//1238 1237//1237
f 1221//1221 1219//1219 1217//1217
f 1217//1217 1213//1213 1216//1216
f 1216//1216 1223//1223 1230//1230
f 1089//1089 2613//2613 1245//1245
f 1245//1245 1242//1242 1244//1244
f 1244//1244 1297//1297 1298//1298
f 1298//1298 1300//1300 1299//1299
f 1299//1299 2416//2416 2417//2417
f 2417//2417 2418//2418 2423//2423
f 2417//2417 2423//2423 2422//2422
f 1298//1298 1299//1299 2417//2417
f 1245//1245 1244//1244 1298//1298
f 1298//1298 2417//2417 2422//2422
f 1298//1298 2422//2422 2419//2419
f 1216//1216 1230//1230 1091//1091
f 1221//1221 1217//1217 1216//1216
f 1234//1234 1221//1221 1216//1216
f 1298//1298 2419//2419 1241//1241
f 1245//1245 1298//1298 1241//1241
f 1089//1089 1245//1245 1241//1241
f 1089//1089 1241//1241 1088//1088
f 1231//1231 1234//1234 1216//1216
f 1089//1089 1088//1088 1237//1237
f 1237//1237 1231//1231 1216//1216
f 1091//1091 1089//1089 1237//1237
f 2691//2691 572//572 573//573
f 573//573 575//575 576//576
f 5//5 587//587 588//588
f 588//588 585//585 584//584
f 2691//2691 573//573 576//576
f 588//588 584//584 2691//2691
f 576//576 5//5 588//588
f 1754//1754 1569//1569 1793//1793
f 1793//1793 1768//1768 1577//1577
f 1577//1577 1572//1572 1754//1754
f 128//128 114//114 2769//2769
f 2769//2769 2768//2768 2763//2763
f 2769//2769 2763//2763 12//12
f 127//127 128//128 2769//2769
f 140//140 126//126 139//139
f 139//139 127//127 2769//2769
f 2769//2769 12//12 13//13
f 14//14 2723//2723 157//157
f 2769//2769 13//13 14//14
f 140//140 139//139 2769//2769
f 155//155 141//141 140//140
f 156//156 154//154 155//155
f 157//157 153//153 156//156
f 140//140 2769//2769 14//14
f 14//14 157//157 156//156
f 155//155 140//140 14//14
f 1095//1095 1083//1083 1084//1084
f 1084//1084 2617//2617 2621//2621
f 827//827 754//754 752//752
f 752//752 753//753 566//566
f 566//566 567//567 750//750
f 750//750 751//751 749//749
f 750//750 749//749 747//747
f 752//752 566//566 750//750
f 743//743 827//827 752//752
f 750//750 747//747 744//744
f 744//744 743//743 752//752
f 325//325 1926//1926 1921//1921
f 1921//1921 1925//1925 1922//1922
f 1922//1922 1924//1924 1923//1923
f 1923//1923 1965//1965 1966//1966
f 1966//1966 1975//1975 1976//1976
f 1976//1976 1974//1974 1971//1971
f 1971//1971 1973//1973 1972//1972
f 1972//1972 1985//1985 1986//1986
f 1986//1986 2020//2020 2019//2019
f 2019//2019 2018//2018 2017//2017
f 2017//2017 2022//2022 2023//2023
f 2023//2023 2031//2031 2032//2032
f 2032//2032 2030//2030 2029//2029
f 2029//2029 2400//2400 2399//2399
f 2399//2399 2395//2395 2299//2299
f 2299//2299 2300//2300 2296//2296
f 2296//2296 2295//2295 2294//2294
f 2297//2297 1320//1320 2298//2298
f 2296//2296 2294//2294 2297//2297
f 2399//2399 2299//2299 2296//2296
f 2032//2032 2029//2029 2399//2399
f 2023//2023 2032//2032 2399//2399
f 2296//2296 2297//2297 2298//2298
f 2298//2298 1321//1321 1323//1323
f 1323//1323 1322//1322 1324//1324
f 1324//1324 2397//2397 2028//2028
f 2028//2028 2026//2026 2027//2027
f 2027//2027 2025//2025 2024//2024
f 2024//2024 2012//2012 2013//2013
f 2013//2013 2011//2011 2014//2014
f 2014//2014 2016//2016 2015//2015
f 2015//2015 1988//1988 1987//1987
f 1987//1987 1968//1968 1969//1969
f 1969//1969 1967//1967 1970//1970
f 2526//2526 2527//2527 2529//2529
f 1969//1969 1970//1970 2526//2526
f 2015//2015 1987//1987 1969//1969
f 2013//2013 2014//2014 2015//2015
f 2027//2027 2024//2024 2013//2013
f 1324//1324 2028//2028 2027//2027
f 2298//2298 1323//1323 1324//1324
f 2399//2399 2296//2296 2298//2298
f 2023//2023 2399//2399 2298//2298
f 1324//1324 2027//2027 2013//2013
f 2023//2023 2298//2298 1324//1324
f 1986//1986 2019//2019 2017//2017
f 2017//2017 2023//2023 1324//1324
f 1324//1324 2013//2013 2015//2015
f 2015//2015 1969//1969 2526//2526
f 2529//2529 2528//2528 2539//2539
f 1324//1324 2015//2015 2526//2526
f 2526//2526 2529//2529 2539//2539
f 2539//2539 300//300 2745//2745
f 2745//2745 301//301 317//317
f 317//317 302//302 303//303
f 303//303 304//304 316//316
f 316//316 314//314 315//315
f 315//315 379//379 378//378
f 378//378 377//377 376//376
f 376//376 375//375 372//372
f 372//372 374//374 373//373
f 373//373 385//385 386//386
f 386//386 384//384 387//387
f 387//387 388//388 390//390
f 390//390 389//389 391//391
f 391//391 403//403 401//401
f 401//401 402//402 400//400
f 400//400 174//174 175//175
f 175//175 173//173 419//419
f 419//419 421//421 420//420
f 420//420 422//422 423//423
f 423//423 2722//2722 2724//2724
f 424//424 2726//2726 425//425
f 423//423 2724//2724 424//424
f 419//419 420//420 423//423
f 400//400 175//175 419//419
f 400//400 419//419 423//423
f 423//423 424//424 425//425
f 425//425 427//427 426//426
f 426//426 417//417 418//418
f 418//418 416//416 404//404
f 404//404 406//406 405//405
f 405//405 408//408 399//399
f 399//399 397//397 398//398
f 396//396 393//393 392//392
f 398//398 396//396 392//392
f 2744//2744 2739//2739 2743//2743
f 398//398 392//392 2744//2744
f 398//398 2744//2744 2743//2743
f 2743//2743 2742//2742 371//371
f 380//380 370//370 369//369
f 398//398 2743//2743 371//371
f 423//423 425//425 426//426
f 400//400 423//423 426//426
f 400//400 426//426 418//418
f 400//400 418//418 404//404
f 400//400 404//404 405//405
f 401//401 400//400 405//405
f 401//401 405//405 399//399
f 387//387 390//390 391//391
f 391//391 401//401 399//399
f 391//391 399//399 398//398
f 386//386 387//387 391//391
f 372//372 373//373 386//386
f 315//315 378//378 376//376
f 376//376 372//372 386//386
f 386//386 391//391 398//398
f 386//386 398//398 371//371
f 376//376 386//386 371//371
f 376//376 371//371 380//380
f 303//303 316//316 315//315
f 315//315 376//376 380//380
f 303//303 315//315 380//380
f 2745//2745 317//317 303//303
f 2526//2526 2539//2539 2745//2745
f 1986//1986 2017//2017 1324//1324
f 1976//1976 1971//1971 1972//1972
f 1972//1972 1986//1986 1324//1324
f 2526//2526 2745//2745 303//303
f 1972//1972 1324//1324 2526//2526
f 1966//1966 1976//1976 1972//1972
f 1922//1922 1923//1923 1966//1966
f 1921//1921 1922//1922 1966//1966
f 1966//1966 1972//1972 2526//2526
f 2526//2526 303//303 380//380
f 2526//2526 380//380 369//369
f 1921//1921 1966//1966 2526//2526
f 324//324 323//323 325//325
f 325//325 1921//1921 2526//2526
f 325//325 2526//2526 369//369
f 318//318 324//324 325//325
f 368//368 319//319 318//318
f 365//365 367//367 368//368
f 364//364 366//366 365//365
f 487//487 363//363 364//364
f 486//486 488//488 487//487
f 485//485 489//489 486//486
f 2449//2449 490//490 485//485
f 493//493 494//494 491//491
f 491//491 2449//2449 485//485
f 485//485 486//486 487//487
f 487//487 364//364 365//365
f 365//365 368//368 318//318
f 318//318 325//325 369//369
f 2717//2717 2716//2716 2729//2729
f 2729//2729 2730//2730 2732//2732
f 2712//2712 2713//2713 2711//2711
f 2729//2729 2732//2732 2712//2712
f 2717//2717 2729//2729 2712//2712
f 2711//2711 2734//2734 2702//2702
f 2715//2715 2717//2717 2712//2712
f 2712//2712 2711//2711 2702//2702
f 2710//2710 2709//2709 2708//2708
f 2712//2712 2702//2702 2710//2710
f 2714//2714 2715//2715 2712//2712
f 365//365 318//318 369//369
f 487//487 365//365 369//369
f 2714//2714 2712//2712 2710//2710
f 2708//2708 445//445 446//446
f 2714//2714 2710//2710 2708//2708
f 493//493 491//491 485//485
f 496//496 495//495 492//492
f 492//492 493//493 485//485
f 492//492 485//485 487//487
f 500//500 499//499 496//496
f 496//496 492//492 487//487
f 369//369 2714//2714 2708//2708
f 2708//2708 446//446 442//442
f 442//442 444//444 443//443
f 443//443 457//457 461//461
f 461//461 458//458 459//459
f 459//459 460//460 2736//2736
f 2736//2736 2737//2737 483//483
f 483//483 484//484 482//482
f 482//482 465//465 464//464
f 466//466 467//467 481//481
f 482//482 464//464 466//466
f 482//482 466//466 481//481
f 481//481 471//471 480//480
f 480//480 472//472 543//543
f 543//543 479//479 545//545
f 545//545 544//544 546//546
f 546//546 547//547 542//542
f 542//542 536//536 540//540
f 540//540 535//535 533//533
f 533//533 534//534 532//532
f 532//532 798//798 799//799
f 799//799 802//802 801//801
f 801//801 803//803 806//806
f 806//806 804//804 805//805
f 805//805 810//810 809//809
f 809//809 814//814 815//815
f 815//815 823//823 905//905
f 905//905 907//907 906//906
f 906//906 908//908 891//891
f 891//891 894//894 892//892
f 892//892 895//895 893//893
f 893//893 898//898 899//899
f 899//899 900//900 903//903
f 903//903 902//902 904//904
f 904//904 821//821 822//822
f 822//822 817//817 816//816
f 816//816 818//818 808//808
f 808//808 523//523 807//807
f 807//807 524//524 525//525
f 525//525 526//526 800//800
f 800//800 528//528 529//529
f 529//529 2735//2735 541//541
f 541//541 531//531 539//539
f 539//539 538//538 501//501
f 501//501 502//502 500//500
f 501//501 500//500 496//496
f 541//541 539//539 501//501
f 807//807 525//525 800//800
f 816//816 808//808 807//807
f 903//903 904//904 822//822
f 822//822 816//816 807//807
f 822//822 807//807 800//800
f 893//893 899//899 903//903
f 903//903 822//822 800//800
f 541//541 501//501 496//496
f 541//541 496//496 487//487
f 903//903 800//800 529//529
f 892//892 893//893 903//903
f 906//906 891//891 892//892
f 809//809 815//815 905//905
f 905//905 906//906 892//892
f 905//905 892//892 903//903
f 805//805 809//809 905//905
f 805//805 905//905 903//903
f 369//369 2708//2708 442//442
f 443//443 461//461 459//459
f 369//369 442//442 443//443
f 487//487 369//369 443//443
f 443//443 459//459 2736//2736
f 487//487 443//443 2736//2736
f 805//805 903//903 529//529
f 806//806 805//805 529//529
f 487//487 2736//2736 483//483
f 487//487 483//483 482//482
f 801//801 806//806 529//529
f 799//799 801//801 529//529
f 541//541 487//487 482//482
f 481//481 480//480 543//543
f 541//541 482//482 481//481
f 532//532 799//799 529//529
f 540//540 533//533 532//532
f 545//545 546//546 542//542
f 540//540 532//532 529//529
f 540//540 529//529 541//541
f 481//481 543//543 545//545
f 542//542 540//540 541//541
f 541//541 481//481 545//545
f 172//172 168//168 167//167
f 167//167 160//160 423//423
f 423//423 422//422 172//172
f 441//441 439//439 440//440
f 440//440 438//438 437//437
f 437//437 2721//2721 2720//2720
f 2720//2720 2718//2718 2719//2719
f 394//394 393//393 396//396
f 395//395 397//397 411//411
f 394//394 396//396 395//395
f 437//437 2720//2720 2719//2719
f 441//441 440//440 437//437
f 441//441 437//437 2719//2719
f 2719//2719 394//394 395//395
f 411//411 409//409 410//410
f 441//441 2719//2719 395//395
f 431//431 441//441 395//395
f 395//395 411//411 410//410
f 410//410 407//407 412//412
f 412//412 414//414 413//413
f 413//413 415//415 429//429
f 429//429 428//428 430//430
f 436//436 433//433 434//434
f 435//435 431//431 395//395
f 436//436 434//434 435//435
f 412//412 413//413 429//429
f 435//435 395//395 410//410
f 410//410 412//412 429//429
f 410//410 429//429 430//430
f 2725//2725 436//436 435//435
f 435//435 410//410 430//430
f 1264//1264 1266//1266 1265//1265
f 1265//1265 605//605 1268//1268
f 1267//1267 5//5 1273//1273
f 1265//1265 1268//1268 1267//1267
f 1263//1263 1262//1262 1264//1264
f 1264//1264 1265//1265 1267//1267
f 1267//1267 1273//1273 1272//1272
f 1272//1272 1277//1277 1271//1271
f 1272//1272 1271//1271 1270//1270
f 1263//1263 1264//1264 1267//1267
f 1269//1269 1278//1278 1263//1263
f 1267//1267 1272//1272 1270//1270
f 1270//1270 1269//1269 1263//1263
f 2180//2180 2181//2181 2113//2113
f 2113//2113 2111//2111 2112//2112
f 2112//2112 2110//2110 2108//2108
f 2108//2108 2088//2088 2106//2106
f 2106//2106 2091//2091 2105//2105
f 2105//2105 2104//2104 2117//2117
f 2105//2105 2117//2117 2114//2114
f 2108//2108 2106//2106 2105//2105
f 2113//2113 2112//2112 2108//2108
f 2115//2115 2180//2180 2113//2113
f 2105//2105 2114//2114 2116//2116
f 2116//2116 2115//2115 2113//2113
f 2113//2113 2108//2108 2105//2105
f 1365//1365 1362//1362 1363//1363
f 1363//1363 1361//1361 1360//1360
f 1359//1359 1358//1358 1357//1357
f 1365//1365 1363//1363 1360//1360
f 1360//1360 1359//1359 1357//1357
f 1357//1357 2277//2277 2278//2278
f 2278//2278 2276//2276 2279//2279
f 2279//2279 2281//2281 2280//2280
f 2280//2280 2239//2239 2240//2240
f 2240//2240 2238//2238 2237//2237
f 2237//2237 2222//2222 2224//2224
f 2224//2224 2221//2221 2223//2223
f 2223//2223 2229//2229 2228//2228
f 2228//2228 2363//2363 2206//2206
f 2206//2206 2362//2362 2361//2361
f 2361//2361 2355//2355 2356//2356
f 2356//2356 2358//2358 2357//2357
f 2357//2357 2189//2189 2191//2191
f 2191//2191 2188//2188 2190//2190
f 2190//2190 2410//2410 2181//2181
f 2181//2181 2180//2180 2170//2170
f 2167//2167 2169//2169 2168//2168
f 2181//2181 2170//2170 2167//2167
f 2191//2191 2190//2190 2181//2181
f 2357//2357 2191//2191 2181//2181
f 2357//2357 2181//2181 2167//2167
f 2356//2356 2357//2357 2167//2167
f 2168//2168 2171//2171 2177//2177
f 2356//2356 2167//2167 2168//2168
f 2228//2228 2206//2206 2361//2361
f 2361//2361 2356//2356 2168//2168
f 2168//2168 2177//2177 2176//2176
f 2176//2176 2178//2178 2179//2179
f 2179//2179 2165//2165 2166//2166
f 2166//2166 2405//2405 2406//2406
f 2406//2406 2407//2407 2408//2408
f 2408//2408 2411//2411 2409//2409
f 2409//2409 2194//2194 2192//2192
f 2192//2192 2195//2195 2193//2193
f 2193//2193 2360//2360 2359//2359
f 2359//2359 2204//2204 2205//2205
f 2205//2205 2234//2234 2235//2235
f 2235//2235 2231//2231 2230//2230
f 2230//2230 2236//2236 2227//2227
f 2227//2227 2225//2225 2226//2226
f 2226//2226 2143//2143 1436//1436
f 1438//1438 1437//1437 1439//1439
f 2226//2226 1436//1436 1438//1438
f 2230//2230 2227//2227 2226//2226
f 2205//2205 2235//2235 2230//2230
f 2193//2193 2359//2359 2205//2205
f 2205//2205 2230//2230 2226//2226
f 2226//2226 1438//1438 1439//1439
f 1439//1439 1442//1442 1440//1440
f 1440//1440 1441//1441 1379//1379
f 1379//1379 1447//1447 1380//1380
f 1380//1380 1381//1381 1377//1377
f 1377//1377 1376//1376 1375//1375
f 1377//1377 1375//1375 1378//1378
f 1440//1440 1379//1379 1380//1380
f 1440//1440 1380//1380 1377//1377
f 2226//2226 1439//1439 1440//1440
f 2205//2205 2226//2226 1440//1440
f 1440//1440 1377//1377 1378//1378
f 1366//1366 1374//1374 1369//1369
f 1440//1440 1378//1378 1366//1366
f 2193//2193 2205//2205 1440//1440
f 2192//2192 2193//2193 1440//1440
f 2409//2409 2192//2192 1440//1440
f 2166//2166 2406//2406 2408//2408
f 2408//2408 2409//2409 1440//1440
f 2166//2166 2408//2408 1440//1440
f 2168//2168 2176//2176 2179//2179
f 2179//2179 2166//2166 1440//1440
f 2168//2168 2179//2179 1440//1440
f 2228//2228 2361//2361 2168//2168
f 2223//2223 2228//2228 2168//2168
f 1369//1369 1373//1373 1370//1370
f 1370//1370 1372//1372 1371//1371
f 1371//1371 1518//1518 1525//1525
f 1525//1525 1517//1517 1524//1524
f 1524//1524 1516//1516 1550//1550
f 1550//1550 2556//2556 1527//1527
f 1526//1526 1528//1528 1523//1523
f 1550//1550 1527//1527 1526//1526
f 1525//1525 1524//1524 1550//1550
f 1370//1370 1371//1371 1525//1525
f 1366//1366 1369//1369 1370//1370
f 2223//2223 2168//2168 1440//1440
f 2224//2224 2223//2223 1440//1440
f 1366//1366 1370//1370 1525//1525
f 2237//2237 2224//2224 1440//1440
f 2240//2240 2237//2237 1440//1440
f 2280//2280 2240//2240 1440//1440
f 2278//2278 2279//2279 2280//2280
f 1365//1365 1360//1360 1357//1357
f 1357//1357 2278//2278 2280//2280
f 1525//1525 1550//1550 1526//1526
f 1523//1523 1522//1522 1521//1521
f 1525//1525 1526//1526 1523//1523
f 1366//1366 1525//1525 1523//1523
f 1523//1523 1521//1521 1519//1519
f 1519//1519 1520//1520 1368//1368
f 1368//1368 1696//1696 1367//1367
f 1367//1367 1364//1364 1365//1365
f 1357//1357 2280//2280 1440//1440
f 1365//1365 1357//1357 1440//1440
f 1365//1365 1440//1440 1366//1366
f 1367//1367 1365//1365 1366//1366
f 1523//1523 1519//1519 1368//1368
f 1368//1368 1367//1367 1366//1366
f 1883//1883 1882//1882 1884//1884
f 1884//1884 2087//2087 2086//2086
f 2086//2086 2084//2084 2083//2083
f 2085//2085 2076//2076 2077//2077
f 2086//2086 2083//2083 2085//2085
f 1884//1884 2086//2086 2085//2085
f 2077//2077 2075//2075 1885//1885
f 1884//1884 2085//2085 2077//2077
f 1881//1881 1880//1880 1883//1883
f 1883//1883 1884//1884 2077//2077
f 1885//1885 2074//2074 1886//1886
f 1883//1883 2077//2077 1885//1885
f 2072//2072 1879//1879 1881//1881
f 1881//1881 1883//1883 1885//1885
f 1886//1886 2073//2073 1887//1887
f 1881//1881 1885//1885 1886//1886
f 1887//1887 2072//2072 1881//1881
f 1249//1249 1279//1279 2612//2612
f 2612//2612 1289//1289 1290//1290
f 1290//1290 1291//1291 1424//1424
f 1424//1424 1288//1288 1423//1423
f 1423//1423 1422//1422 1445//1445
f 1445//1445 1413//1413 1411//1411
f 1411//1411 1383//1383 1381//1381
f 1446//1446 1447//1447 1444//1444
f 1411//1411 1381//1381 1446//1446
f 1424//1424 1423//1423 1445//1445
f 1445//1445 1411//1411 1446//1446
f 1444//1444 1443//1443 1434//1434
f 1445//1445 1446//1446 1444//1444
f 1290//1290 1424//1424 1445//1445
f 1290//1290 1445//1445 1444//1444
f 1434//1434 1435//1435 1433//1433
f 1290//1290 1444//1444 1434//1434
f 1290//1290 1434//1434 1433//1433
f 1433//1433 1432//1432 1426//1426
f 1426//1426 1427//1427 1425//1425
f 1425//1425 1428//1428 1429//1429
f 1429//1429 1431//1431 1430//1430
f 1430//1430 1296//1296 1294//1294
f 1294//1294 1295//1295 1293//1293
f 1294//1294 1293//1293 1292//1292
f 1429//1429 1430//1430 1294//1294
f 1433//1433 1426//1426 1425//1425
f 1290//1290 1433//1433 1425//1425
f 1290//1290 1425//1425 1429//1429
f 1253//1253 1246//1246 1255//1255
f 1255//1255 1252//1252 1251//1251
f 1248//1248 1250//1250 1249//1249
f 1255//1255 1251//1251 1248//1248
f 1253//1253 1255//1255 1248//1248
f 1248//1248 1249//1249 2612//2612
f 2612//2612 1290//1290 1429//1429
f 1247//1247 1253//1253 1248//1248
f 2612//2612 1429//1429 1294//1294
f 1247//1247 1248//1248 2612//2612
f 2612//2612 1294//1294 1292//1292
f 2567//2567 2572//2572 1468//1468
f 1468//1468 1469//1469 2571//2571
f 2571//2571 2570//2570 2568//2568
f 2568//2568 2558//2558 2557//2557
f 2557//2557 2559//2559 2566//2566
f 2566//2566 2560//2560 2565//2565
f 2566//2566 2565//2565 1457//1457
f 2568//2568 2557//2557 2566//2566
f 2567//2567 1468//1468 2571//2571
f 2571//2571 2568//2568 2566//2566
f 2566//2566 1457//1457 2567//2567
f 2119//2119 2103//2103 2102//2102
f 2101//2101 2100//2100 2120//2120
f 2119//2119 2102//2102 2101//2101
f 2173//2173 2118//2118 2119//2119
f 2121//2121 2175//2175 2174//2174
f 2174//2174 2173//2173 2119//2119
f 2119//2119 2101//2101 2120//2120
f 2120//2120 2476//2476 2474//2474
f 2474//2474 2475//2475 2473//2473
f 2473//2473 2121//2121 2174//2174
f 2174//2174 2119//2119 2120//2120
f 2120//2120 2474//2474 2473//2473
f 97//97 1989//1989 1994//1994
f 1994//1994 1992//1992 1993//1993
f 1993//1993 2004//2004 2003//2003
f 2003//2003 2006//2006 2005//2005
f 2005//2005 1345//1345 1346//1346
f 1346//1346 1347//1347 1348//1348
f 1348//1348 1337//1337 1349//1349
f 1349//1349 1336//1336 1335//1335
f 1335//1335 1327//1327 1329//1329
f 1329//1329 1328//1328 1330//1330
f 1330//1330 2600//2600 2605//2605
f 2605//2605 2598//2598 2599//2599
f 2599//2599 1315//1315 1313//1313
f 1313//1313 1314//1314 1312//1312
f 1312//1312 2291//2291 2289//2289
f 2289//2289 2290//2290 2288//2288
f 2288//2288 2256//2256 2257//2257
f 2257//2257 2254//2254 2255//2255
f 2255//2255 2332//2332 2253//2253
f 2253//2253 2331//2331 2330//2330
f 2330//2330 2366//2366 2338//2338
f 2338//2338 2319//2319 2318//2318
f 2339//2339 2340//2340 2342//2342
f 2338//2338 2318//2318 2339//2339
f 2253//2253 2330//2330 2338//2338
f 2288//2288 2257//2257 2255//2255
f 2255//2255 2253//2253 2338//2338
f 2338//2338 2339//2339 2342//2342
f 2337//2337 2336//2336 2335//2335
f 2338//2338 2342//2342 2337//2337
f 2288//2288 2255//2255 2338//2338
f 1312//1312 2289//2289 2288//2288
f 2599//2599 1313//1313 1312//1312
f 1330//1330 2605//2605 2599//2599
f 1335//1335 1329//1329 1330//1330
f 1348//1348 1349//1349 1335//1335
f 2005//2005 1346//1346 1348//1348
f 1994//1994 1993//1993 2003//2003
f 2003//2003 2005//2005 1348//1348
f 1348//1348 1335//1335 1330//1330
f 2599//2599 1312//1312 2288//2288
f 1348//1348 1330//1330 2599//2599
f 97//97 1994//1994 2003//2003
f 2003//2003 1348//1348 2599//2599
f 2599//2599 2288//2288 2338//2338
f 2338//2338 2337//2337 2335//2335
f 2335//2335 2334//2334 2333//2333
f 2333//2333 2249//2249 2250//2250
f 2250//2250 2252//2252 2251//2251
f 2251//2251 2259//2259 2258//2258
f 2258//2258 2286//2286 2287//2287
f 2287//2287 1308//1308 1309//1309
f 1309//1309 1311//1311 1310//1310
f 1310//1310 2596//2596 2597//2597
f 2597//2597 2595//2595 2610//2610
f 2610//2610 2609//2609 2607//2607
f 2607//2607 2608//2608 2606//2606
f 2606//2606 1332//1332 1331//1331
f 1331//1331 1333//1333 1334//1334
f 1334//1334 1353//1353 1351//1351
f 1351//1351 1352//1352 1350//1350
f 1350//1350 2505//2505 2002//2002
f 2513//2513 2514//2514 2511//2511
f 2511//2511 2506//2506 1709//1709
f 2512//2512 1710//1710 1711//1711
f 2511//2511 1709//1709 2512//2512
f 2513//2513 2511//2511 2512//2512
f 1711//1711 1713//1713 1712//1712
f 2513//2513 2512//2512 1711//1711
f 2002//2002 2513//2513 1711//1711
f 1712//1712 1714//1714 1996//1996
f 2002//2002 1711//1711 1712//1712
f 1334//1334 1351//1351 1350//1350
f 2002//2002 1712//1712 1996//1996
f 1331//1331 1334//1334 1350//1350
f 2606//2606 1331//1331 1350//1350
f 2597//2597 2610//2610 2607//2607
f 2597//2597 2607//2607 2606//2606
f 1309//1309 1310//1310 2597//2597
f 2258//2258 2287//2287 1309//1309
f 2251//2251 2258//2258 1309//1309
f 1309//1309 2597//2597 2606//2606
f 1309//1309 2606//2606 1350//1350
f 2251//2251 1309//1309 1350//1350
f 2250//2250 2251//2251 1350//1350
f 2338//2338 2335//2335 2333//2333
f 2333//2333 2250//2250 1350//1350
f 2338//2338 2333//2333 1350//1350
f 97//97 2003//2003 2599//2599
f 2599//2599 2338//2338 1350//1350
f 2599//2599 1350//1350 2002//2002
f 99//99 98//98 97//97
f 97//97 2599//2599 2002//2002
f 1996//1996 1997//1997 1995//1995
f 101//101 102//102 99//99
f 81//81 80//80 101//101
f 78//78 79//79 81//81
f 55//55 54//54 78//78
f 222//222 223//223 55//55
f 225//225 224//224 222//222
f 240//240 243//243 225//225
f 236//236 239//239 238//238
f 238//238 240//240 225//225
f 222//222 55//55 78//78
f 238//238 225//225 222//222
f 234//234 236//236 238//238
f 230//230 233//233 234//234
f 227//227 216//216 230//230
f 226//226 217//217 227//227
f 64//64 63//63 226//226
f 60//60 62//62 64//64
f 58//58 59//59 60//60
f 56//56 57//57 58//58
f 87//87 75//75 76//76
f 56//56 58//58 60//60
f 77//77 87//87 76//76
f 77//77 76//76 56//56
f 83//83 84//84 77//77
f 82//82 100//100 83//83
f 93//93 92//92 82//82
f 96//96 94//94 93//93
f 103//103 104//104 96//96
f 137//137 136//136 103//103
f 1999//1999 138//138 137//137
f 1995//1995 1998//1998 1999//1999
f 2002//2002 1996//1996 1995//1995
f 97//97 2002//2002 1995//1995
f 1995//1995 1999//1999 137//137
f 1995//1995 137//137 103//103
f 97//97 1995//1995 103//103
f 96//96 93//93 82//82
f 97//97 103//103 96//96
f 81//81 101//101 99//99
f 99//99 97//97 96//96
f 99//99 96//96 82//82
f 81//81 99//99 82//82
f 81//81 82//82 83//83
f 234//234 238//238 222//222
f 227//227 230//230 234//234
f 60//60 64//64 226//226
f 226//226 227//227 234//234
f 78//78 81//81 83//83
f 78//78 83//83 77//77
f 226//226 234//234 222//222
f 56//56 60//60 226//226
f 78//78 77//77 56//56
f 56//56 226//226 222//222
f 397//397 395//395 396//396
f 264//264 260//260 208//208
f 208//208 209//209 207//207
f 207//207 210//210 150//150
f 150//150 148//148 149//149
f 149//149 147//147 145//145
f 144//144 146//146 120//120
f 149//149 145//145 144//144
f 207//207 150//150 149//149
f 264//264 208//208 207//207
f 265//265 266//266 264//264
f 202//202 267//267 265//265
f 201//201 268//268 202//202
f 200//200 269//269 201//201
f 199//199 286//286 200//200
f 169//169 198//198 199//199
f 170//170 195//195 169//169
f 167//167 168//168 170//170
f 164//164 166//166 165//165
f 165//165 167//167 170//170
f 169//169 199//199 200//200
f 165//165 170//170 169//169
f 162//162 163//163 164//164
f 164//164 165//165 169//169
f 169//169 200//200 201//201
f 202//202 265//265 264//264
f 169//169 201//201 202//202
f 164//164 169//169 202//202
f 264//264 207//207 149//149
f 164//164 202//202 264//264
f 203//203 161//161 162//162
f 162//162 164//164 264//264
f 264//264 149//149 144//144
f 144//144 120//120 111//111
f 111//111 106//106 110//110
f 110//110 109//109 112//112
f 113//113 116//116 117//117
f 111//111 110//110 112//112
f 112//112 113//113 117//117
f 117//117 115//115 121//121
f 121//121 123//123 122//122
f 122//122 125//125 124//124
f 124//124 142//142 143//143
f 143//143 152//152 151//151
f 151//151 206//206 205//205
f 205//205 158//158 204//204
f 204//204 159//159 203//203
f 203//203 162//162 264//264
f 144//144 111//111 112//112
f 112//112 117//117 121//121
f 144//144 112//112 121//121
f 203//203 264//264 144//144
f 205//205 204//204 203//203
f 124//124 143//143 151//151
f 151//151 205//205 203//203
f 144//144 121//121 122//122
f 122//122 124//124 151//151
f 151//151 203//203 144//144
f 608//608 610//610 614//614
f 614//614 613//613 616//616
f 616//616 615//615 617//617
f 617//617 618//618 2616//2616
f 2616//2616 2617//2617 1084//1084
f 1084//1084 2619//2619 2618//2618
f 2618//2618 622//622 621//621
f 621//621 626//626 620//620
f 620//620 627//627 619//619
f 619//619 628//628 656//656
f 656//656 655//655 657//657
f 657//657 659//659 658//658
f 658//658 660//660 661//661
f 661//661 662//662 699//699
f 699//699 698//698 611//611
f 611//611 612//612 724//724
f 724//724 608//608 614//614
f 724//724 614//614 616//616
f 699//699 611//611 724//724
f 658//658 661//661 699//699
f 656//656 657//657 658//658
f 620//620 619//619 656//656
f 2618//2618 621//621 620//620
f 2616//2616 1084//1084 2618//2618
f 617//617 2616//2616 2618//2618
f 2618//2618 620//620 656//656
f 658//658 699//699 724//724
f 2618//2618 656//656 658//658
f 617//617 2618//2618 658//658
f 658//658 724//724 616//616
f 1676//1676 1674//1674 1675//1675
f 1675//1675 1681//1681 1680//1680
f 1680//1680 1678//1678 1679//1679
f 1679//1679 1677//1677 1676//1676
f 1676//1676 1675//1675 1680//1680
f 1148//1148 1146//1146 1145//1145
f 1145//1145 1130//1130 1133//1133
f 1133//1133 1131//1131 1132//1132
f 1132//1132 1171//1171 1138//1138
f 1138//1138 1170//1170 1139//1139
f 1139//1139 1136//1136 1137//1137
f 1137//1137 1135//1135 1134//1134
f 1134//1134 1142//1142 1144//1144
f 1144//1144 1143//1143 1168//1168
f 1168//1168 1147//1147 1148//1148
f 1145//1145 1133//1133 1132//1132
f 1168//1168 1148//1148 1145//1145
f 1134//1134 1144//1144 1168//1168
f 1138//1138 1139//1139 1137//1137
f 1137//1137 1134//1134 1168//1168
f 1168//1168 1145//1145 1132//1132
f 1132//1132 1138//1138 1137//1137
f 2431//2431 2419//2419 2420//2420
f 2420//2420 2421//2421 2425//2425
f 2425//2425 2423//2423 2418//2418
f 2418//2418 2417//2417 2416//2416
f 2416//2416 1299//1299 1300//1300
f 1300//1300 1298//1298 1297//1297
f 1244//1244 1242//1242 1243//1243
f 1199//1199 2431//2431 2420//2420
f 1200//1200 1209//1209 1199//1199
f 1205//1205 1208//1208 1200//1200
f 1212//1212 1207//1207 1205//1205
f 1214//1214 1210//1210 1212//1212
f 1103//1103 1213//1213 1214//1214
f 1100//1100 1216//1216 1103//1103
f 1224//1224 1222//1222 1100//1100
f 1225//1225 1223//1223 1224//1224
f 1228//1228 1229//1229 1225//1225
f 1092//1092 1230//1230 1228//1228
f 1090//1090 1091//1091 1092//1092
f 1086//1086 1089//1089 1090//1090
f 1085//1085 1087//1087 1086//1086
f 1093//1093 2621//2621 1085//1085
f 1226//1226 1094//1094 1093//1093
f 1099//1099 1227//1227 1226//1226
f 1102//1102 1097//1097 1099//1099
f 1104//1104 1101//1101 1102//1102
f 1215//1215 1105//1105 1104//1104
f 1204//1204 1107//1107 1215//1215
f 1203//1203 1110//1110 1204//1204
f 1201//1201 1112//1112 1203//1203
f 1197//1197 1202//1202 1201//1201
f 1198//1198 1196//1196 1197//1197
f 1191//1191 1192//1192 1198//1198
f 2430//2430 1190//1190 1191//1191
f 2426//2426 1189//1189 2430//2430
f 1002//1002 1179//1179 2426//2426
f 1001//1001 999//999 2429//2429
f 2429//2429 1002//1002 2426//2426
f 2430//2430 1191//1191 1198//1198
f 2429//2429 2426//2426 2430//2430
f 2415//2415 1001//1001 2429//2429
f 998//998 1000//1000 2415//2415
f 1437//1437 1438//1438 1436//1436
f 1442//1442 1439//1439 1437//1437
f 1441//1441 1440//1440 1442//1442
f 1447//1447 1379//1379 1441//1441
f 1443//1443 1444//1444 1447//1447
f 1435//1435 1434//1434 1443//1443
f 1432//1432 1433//1433 1435//1435
f 1427//1427 1426//1426 1432//1432
f 1428//1428 1425//1425 1427//1427
f 1431//1431 1429//1429 1428//1428
f 1296//1296 1430//1430 1431//1431
f 1295//1295 1294//1294 1296//1296
f 1247//1247 1292//1292 1293//1293
f 1246//1246 1253//1253 1247//1247
f 1257//1257 1255//1255 1246//1246
f 1245//1245 1258//1258 1257//1257
f 1243//1243 1245//1245 1257//1257
f 1246//1246 1247//1247 1293//1293
f 1243//1243 1257//1257 1246//1246
f 1244//1244 1243//1243 1246//1246
f 1244//1244 1246//1246 1293//1293
f 1199//1199 2420//2420 2425//2425
f 1205//1205 1200//1200 1199//1199
f 1212//1212 1205//1205 1199//1199
f 1214//1214 1212//1212 1199//1199
f 1214//1214 1199//1199 2425//2425
f 1092//1092 1228//1228 1225//1225
f 1086//1086 1090//1090 1092//1092
f 1093//1093 1085//1085 1086//1086
f 1102//1102 1099//1099 1226//1226
f 1226//1226 1093//1093 1086//1086
f 1226//1226 1086//1086 1092//1092
f 1104//1104 1102//1102 1226//1226
f 1204//1204 1215//1215 1104//1104
f 1201//1201 1203//1203 1204//1204
f 1198//1198 1197//1197 1201//1201
f 2429//2429 2430//2430 1198//1198
f 2143//2143 998//998 2415//2415
f 2429//2429 1198//1198 1201//1201
f 1201//1201 1204//1204 1104//1104
f 1226//1226 1092//1092 1225//1225
f 1226//1226 1225//1225 1224//1224
f 1201//1201 1104//1104 1226//1226
f 1436//1436 2143//2143 2415//2415
f 1442//1442 1437//1437 1436//1436
f 1447//1447 1441//1441 1442//1442
f 1443//1443 1447//1447 1442//1442
f 1436//1436 2415//2415 2429//2429
f 1443//1443 1442//1442 1436//1436
f 1435//1435 1443//1443 1436//1436
f 1201//1201 1226//1226 1224//1224
f 1201//1201 1224//1224 1100//1100
f 1432//1432 1435//1435 1436//1436
f 1431//1431 1428//1428 1427//1427
f 1427//1427 1432//1432 1436//1436
f 1201//1201 1100//1100 1103//1103
f 1201//1201 1103//1103 1214//1214
f 1431//1431 1427//1427 1436//1436
f 2429//2429 1201//1201 1214//1214
f 2429//2429 1214//1214 2425//2425
f 1297//1297 1244//1244 1293//1293
f 1297//1297 1293//1293 1295//1295
f 1300//1300 1297//1297 1295//1295
f 1300//1300 1295//1295 1296//1296
f 1300//1300 1296//1296 1431//1431
f 2416//2416 1300//1300 1431//1431
f 2429//2429 2425//2425 2418//2418
f 2416//2416 1431//1431 1436//1436
f 2429//2429 2418//2418 2416//2416
f 1767//1767 1793//1793 1569//1569
f 2045//2045 2501//2501 2502//2502
f 2491//2491 2490//2490 2046//2046
f 2045//2045 2502//2502 2491//2491
f 2042//2042 2043//2043 2045//2045
f 2062//2062 2064//2064 2044//2044
f 2044//2044 2042//2042 2045//2045
f 2045//2045 2491//2491 2046//2046
f 2046//2046 2048//2048 2047//2047
f 2047//2047 2049//2049 2052//2052
f 2483//2483 2056//2056 2058//2058
f 2047//2047 2052//2052 2483//2483
f 2045//2045 2046//2046 2047//2047
f 2062//2062 2044//2044 2045//2045
f 2063//2063 2061//2061 2062//2062
f 2057//2057 2059//2059 2063//2063
f 2483//2483 2058//2058 2057//2057
f 2045//2045 2047//2047 2483//2483
f 2063//2063 2062//2062 2045//2045
f 2483//2483 2057//2057 2063//2063
f 1381//1381 1380//1380 1447//1447
f 743//743 744//744 745//745
f 745//745 746//746 740//740
f 742//742 974//974 828//828
f 745//745 740//740 742//742
f 827//827 743//743 745//745
f 826//826 774//774 827//827
f 828//828 825//825 826//826
f 745//745 742//742 828//828
f 826//826 827//827 745//745
f 951//951 952//952 949//949
f 949//949 715//715 716//716
f 716//716 714//714 977//977
f 977//977 693//693 689//689
f 689//689 701//701 677//677
f 677//677 700//700 675//675
f 675//675 674//674 2648//2648
f 676//676 679//679 688//688
f 675//675 2648//2648 676//676
f 689//689 677//677 675//675
f 949//949 716//716 977//977
f 689//689 675//675 676//676
f 730//730 729//729 726//726
f 732//732 734//734 730//730
f 727//727 733//733 732//732
f 976//976 975//975 735//735
f 727//727 732//732 730//730
f 976//976 735//735 727//727
f 955//955 954//954 950//950
f 946//946 943//943 955//955
f 947//947 945//945 946//946
f 692//692 948//948 947//947
f 691//691 690//690 692//692
f 688//688 687//687 691//691
f 689//689 676//676 688//688
f 727//727 730//730 726//726
f 976//976 727//727 726//726
f 689//689 688//688 691//691
f 691//691 692//692 947//947
f 946//946 955//955 950//950
f 691//691 947//947 946//946
f 977//977 689//689 691//691
f 977//977 691//691 946//946
f 976//976 726//726 718//718
f 976//976 718//718 951//951
f 977//977 946//946 950//950
f 949//949 977//977 950//950
f 717//717 976//976 951//951
f 951//951 949//949 950//950
f 885//885 923//923 924//924
f 924//924 921//921 920//920
f 920//920 922//922 919//919
f 919//919 915//915 918//918
f 918//918 916//916 917//917
f 917//917 912//912 911//911
f 911//911 2462//2462 2464//2464
f 2464//2464 2463//2463 517//517
f 517//517 516//516 515//515
f 2465//2465 2460//2460 2459//2459
f 2459//2459 2461//2461 2458//2458
f 2458//2458 2457//2457 2452//2452
f 2452//2452 2451//2451 2470//2470
f 2470//2470 2469//2469 2471//2471
f 2471//2471 333//333 1840//1840
f 1840//1840 1838//1838 1839//1839
f 1839//1839 1830//1830 1828//1828
f 1828//1828 1829//1829 1827//1827
f 1827//1827 1831//1831 1826//1826
f 1826//1826 1917//1917 1918//1918
f 1918//1918 1942//1942 1941//1941
f 1941//1941 1943//1943 1940//1940
f 1940//1940 1944//1944 1939//1939
f 1939//1939 1953//1953 1954//1954
f 1954//1954 1960//1960 1958//1958
f 1958//1958 1959//1959 1957//1957
f 1957//1957 1961//1961 1956//1956
f 1956//1956 2500//2500 2499//2499
f 2499//2499 2498//2498 2497//2497
f 2039//2039 2041//2041 2040//2040
f 1956//1956 2499//2499 2497//2497
f 2039//2039 2040//2040 2038//2038
f 1956//1956 2497//2497 2039//2039
f 1954//1954 1958//1958 1957//1957
f 1957//1957 1956//1956 2039//2039
f 2039//2039 2038//2038 2036//2036
f 2037//2037 2033//2033 2034//2034
f 2039//2039 2036//2036 2037//2037
f 1939//1939 1954//1954 1957//1957
f 1957//1957 2039//2039 2037//2037
f 2034//2034 2021//2021 2492//2492
f 2492//2492 2494//2494 2493//2493
f 2493//2493 2495//2495 2496//2496
f 2496//2496 1984//1984 1983//1983
f 1983//1983 1977//1977 1978//1978
f 1978//1978 1980//1980 1979//1979
f 1979//1979 1981//1981 1982//1982
f 1982//1982 1964//1964 1963//1963
f 1963//1963 1927//1927 1962//1962
f 1962//1962 1928//1928 1929//1929
f 1929//1929 1930//1930 1931//1931
f 1931//1931 1932//1932 1955//1955
f 1955//1955 1933//1933 1934//1934
f 1934//1934 1936//1936 1935//1935
f 1935//1935 1937//1937 1938//1938
f 1938//1938 1920//1920 1919//1919
f 326//326 321//321 490//490
f 1938//1938 1919//1919 326//326
f 1934//1934 1935//1935 1938//1938
f 1931//1931 1955//1955 1934//1934
f 1929//1929 1931//1931 1934//1934
f 1929//1929 1934//1934 1938//1938
f 1982//1982 1963//1963 1962//1962
f 1962//1962 1929//1929 1938//1938
f 326//326 490//490 2449//2449
f 1938//1938 326//326 2449//2449
f 2449//2449 491//491 494//494
f 494//494 493//493 498//498
f 498//498 497//497 2450//2450
f 2450//2450 503//503 504//504
f 504//504 505//505 507//507
f 507//507 506//506 508//508
f 508//508 530//530 509//509
f 509//509 527//527 510//510
f 510//510 512//512 511//511
f 511//511 522//522 513//513
f 513//513 521//521 514//514
f 514//514 819//819 520//520
f 520//520 820//820 519//519
f 519//519 909//909 518//518
f 518//518 901//901 910//910
f 910//910 896//896 2660//2660
f 2660//2660 897//897 2659//2659
f 2659//2659 2658//2658 2657//2657
f 2657//2657 890//890 889//889
f 889//889 887//887 888//888
f 888//888 886//886 2666//2666
f 2666//2666 850//850 851//851
f 852//852 2664//2664 2665//2665
f 2666//2666 851//851 852//852
f 889//889 888//888 2666//2666
f 2657//2657 889//889 2666//2666
f 2666//2666 852//852 2665//2665
f 2665//2665 2662//2662 2661//2661
f 2661//2661 884//884 885//885
f 885//885 924//924 920//920
f 919//919 918//918 917//917
f 885//885 920//920 919//919
f 2666//2666 2665//2665 2661//2661
f 2657//2657 2666//2666 2661//2661
f 910//910 2660//2660 2659//2659
f 2659//2659 2657//2657 2661//2661
f 2659//2659 2661//2661 885//885
f 518//518 910//910 2659//2659
f 514//514 520//520 519//519
f 518//518 2659//2659 885//885
f 514//514 519//519 518//518
f 511//511 513//513 514//514
f 510//510 511//511 514//514
f 514//514 518//518 885//885
f 514//514 885//885 919//919
f 510//510 514//514 919//919
f 917//917 911//911 2464//2464
f 510//510 919//919 917//917
f 507//507 508//508 509//509
f 504//504 507//507 509//509
f 504//504 509//509 510//510
f 917//917 2464//2464 517//517
f 515//515 2465//2465 2459//2459
f 917//917 517//517 515//515
f 510//510 917//917 515//515
f 515//515 2459//2459 2458//2458
f 2458//2458 2452//2452 2470//2470
f 2471//2471 1840//1840 1839//1839
f 2458//2458 2470//2470 2471//2471
f 510//510 515//515 2458//2458
f 504//504 510//510 2458//2458
f 2471//2471 1839//1839 1828//1828
f 504//504 2458//2458 2471//2471
f 2450//2450 504//504 2471//2471
f 2471//2471 1828//1828 1827//1827
f 1827//1827 1826//1826 1918//1918
f 1827//1827 1918//1918 1941//1941
f 498//498 2450//2450 2471//2471
f 2471//2471 1827//1827 1941//1941
f 1940//1940 1939//1939 1957//1957
f 2471//2471 1941//1941 1940//1940
f 494//494 498//498 2471//2471
f 1938//1938 2449//2449 494//494
f 1979//1979 1982//1982 1962//1962
f 1938//1938 494//494 2471//2471
f 1978//1978 1979//1979 1962//1962
f 1962//1962 1938//1938 2471//2471
f 2471//2471 1940//1940 1957//1957
f 1957//1957 2037//2037 2034//2034
f 2034//2034 2492//2492 2493//2493
f 2034//2034 2493//2493 2496//2496
f 2471//2471 1957//1957 2034//2034
f 1983//1983 1978//1978 1962//1962
f 1962//1962 2471//2471 2034//2034
f 2496//2496 1983//1983 1962//1962
f 1682//1682 1587//1587 1588//1588
f 1588//1588 1585//1585 1586//1586
f 1577//1577 1579//1579 1578//1578
f 1578//1578 1580//1580 1581//1581
f 1581//1581 1582//1582 1583//1583
f 1583//1583 1727//1727 1589//1589
f 1589//1589 1592//1592 1590//1590
f 1590//1590 1593//1593 1683//1683
f 1683//1683 1602//1602 1603//1603
f 1603//1603 1604//1604 1606//1606
f 1606//1606 1609//1609 1608//1608
f 1608//1608 1684//1684 1653//1653
f 1653//1653 1614//1614 1651//1651
f 1651//1651 1685//1685 1650//1650
f 1650//1650 1621//1621 1624//1624
f 1624//1624 1620//1620 1623//1623
f 1623//1623 1686//1686 1534//1534
f 1534//1534 1532//1532 1531//1531
f 1530//1530 1528//1528 1527//1527
f 1534//1534 1531//1531 1530//1530
f 1624//1624 1623//1623 1534//1534
f 1653//1653 1651//1651 1650//1650
f 1650//1650 1624//1624 1534//1534
f 1534//1534 1530//1530 1527//1527
f 1529//1529 1535//1535 1533//1533
f 1534//1534 1527//1527 1529//1529
f 1608//1608 1653//1653 1650//1650
f 1534//1534 1529//1529 1533//1533
f 1533//1533 1632//1632 1633//1633
f 1633//1633 1625//1625 1622//1622
f 1622//1622 1627//1627 1626//1626
f 1626//1626 1647//1647 1649//1649
f 1649//1649 1648//1648 1652//1652
f 1652//1652 1655//1655 1654//1654
f 1654//1654 1669//1669 1607//1607
f 1607//1607 1670//1670 1605//1605
f 1605//1605 1671//1671 1682//1682
f 1605//1605 1682//1682 1588//1588
f 1654//1654 1607//1607 1605//1605
f 1626//1626 1649//1649 1652//1652
f 1652//1652 1654//1654 1605//1605
f 1652//1652 1605//1605 1588//1588
f 1622//1622 1626//1626 1652//1652
f 1533//1533 1633//1633 1622//1622
f 1608//1608 1650//1650 1534//1534
f 1603//1603 1606//1606 1608//1608
f 1589//1589 1590//1590 1683//1683
f 1589//1589 1683//1683 1603//1603
f 1578//1578 1581//1581 1583//1583
f 1589//1589 1603//1603 1608//1608
f 1534//1534 1533//1533 1622//1622
f 1534//1534 1622//1622 1652//1652
f 1584//1584 1577//1577 1578//1578
f 1584//1584 1578//1578 1583//1583
f 1608//1608 1534//1534 1652//1652
f 1608//1608 1652//1652 1588//1588
f 1584//1584 1583//1583 1589//1589
f 1586//1586 1584//1584 1589//1589
f 1589//1589 1608//1608 1588//1588
f 1572//1572 1577//1577 1584//1584
f 1584//1584 1680//1680 1681//1681
f 2677//2677 866//866 867//867
f 867//867 868//868 869//869
f 957//957 972//972 959//959
f 959//959 973//973 960//960
f 960//960 962//962 961//961
f 961//961 971//971 963//963
f 963//963 970//970 969//969
f 969//969 968//968 966//966
f 966//966 865//865 863//863
f 863//863 864//864 862//862
f 862//862 844//844 967//967
f 967//967 965//965 964//964
f 964//964 835//835 834//834
f 834//834 832//832 833//833
f 833//833 830//830 831//831
f 831//831 829//829 958//958
f 958//958 828//828 974//974
f 739//739 738//738 956//956
f 958//958 974//974 739//739
f 833//833 831//831 958//958
f 964//964 834//834 833//833
f 862//862 967//967 964//964
f 966//966 863//863 862//862
f 963//963 969//969 966//966
f 961//961 963//963 966//966
f 966//966 862//862 964//964
f 964//964 833//833 958//958
f 958//958 739//739 956//956
f 956//956 737//737 736//736
f 953//953 942//942 870//870
f 956//956 736//736 953//953
f 966//966 964//964 958//958
f 960//960 961//961 966//966
f 959//959 960//960 966//966
f 870//870 941//941 2652//2652
f 935//935 931//931 933//933
f 933//933 932//932 934//934
f 934//934 2654//2654 2653//2653
f 2653//2653 877//877 874//874
f 874//874 876//876 873//873
f 873//873 875//875 872//872
f 872//872 871//871 2678//2678
f 2679//2679 2677//2677 867//867
f 872//872 2678//2678 2679//2679
f 2653//2653 874//874 873//873
f 873//873 872//872 2679//2679
f 2679//2679 867//867 869//869
f 957//957 959//959 966//966
f 957//957 966//966 958//958
f 953//953 870//870 2652//2652
f 2652//2652 935//935 933//933
f 933//933 934//934 2653//2653
f 2653//2653 873//873 2679//2679
f 933//933 2653//2653 2679//2679
f 953//953 2652//2652 933//933
f 957//957 958//958 956//956
f 933//933 2679//2679 869//869
f 957//957 956//956 953//953
f 953//953 933//933 869//869
f 568//568 449//449 2707//2707
f 569//569 749//749 751//751
f 568//568 2707//2707 569//569
f 562//562 563//563 568//568
f 2682//2682 2684//2684 564//564
f 564//564 562//562 568//568
f 568//568 569//569 751//751
f 751//751 750//750 567//567
f 567//567 566//566 753//753
f 753//753 752//752 754//754
f 754//754 827//827 774//774
f 774//774 772//772 773//773
f 773//773 770//770 771//771
f 771//771 758//758 755//755
f 755//755 757//757 756//756
f 756//756 759//759 2683//2683
f 2683//2683 2681//2681 2682//2682
f 2682//2682 564//564 568//568
f 568//568 751//751 567//567
f 2682//2682 568//568 567//567
f 756//756 2683//2683 2682//2682
f 771//771 755//755 756//756
f 754//754 774//774 773//773
f 773//773 771//771 756//756
f 756//756 2682//2682 567//567
f 756//756 567//567 753//753
f 754//754 773//773 756//756
f 2088//2088 2108//2108 2109//2109
f 2107//2107 2086//2086 2087//2087
f 2088//2088 2109//2109 2107//2107
f 2090//2090 2106//2106 2088//2088
f 1881//1881 1879//1879 2089//2089
f 2089//2089 2090//2090 2088//2088
f 2088//2088 2107//2107 2087//2087
f 2087//2087 1884//1884 1882//1882
f 1882//1882 1883//1883 1880//1880
f 1880//1880 1881//1881 2089//2089
f 2089//2089 2088//2088 2087//2087
f 2087//2087 1882//1882 1880//1880
f 301//301 2745//2745 300//300
f 300//300 2539//2539 2528//2528
f 2528//2528 2529//2529 2527//2527
f 2527//2527 2526//2526 1970//1970
f 1967//1967 1969//1969 1968//1968
f 2527//2527 1970//1970 1967//1967
f 301//301 300//300 2528//2528
f 2528//2528 2527//2527 1967//1967
f 1968//1968 1987//1987 1988//1988
f 2528//2528 1967//1967 1968//1968
f 302//302 317//317 301//301
f 1988//1988 2015//2015 2016//2016
f 2016//2016 2014//2014 2011//2011
f 2011//2011 2013//2013 2012//2012
f 2012//2012 2024//2024 2025//2025
f 2025//2025 2027//2027 2026//2026
f 2026//2026 2028//2028 2397//2397
f 2397//2397 1324//1324 1322//1322
f 1322//1322 1323//1323 1321//1321
f 1321//1321 2298//2298 1320//1320
f 1320//1320 2297//2297 2294//2294
f 2295//2295 2296//2296 2300//2300
f 1321//1321 1320//1320 2294//2294
f 2397//2397 1322//1322 1321//1321
f 2025//2025 2026//2026 2397//2397
f 2011//2011 2012//2012 2025//2025
f 1988//1988 2016//2016 2011//2011
f 1988//1988 2011//2011 2025//2025
f 2025//2025 2397//2397 1321//1321
f 2025//2025 1321//1321 2294//2294
f 2300//2300 2299//2299 2301//2301
f 2302//2302 2303//2303 2374//2374
f 2300//2300 2301//2301 2302//2302
f 2295//2295 2300//2300 2302//2302
f 2302//2302 2374//2374 2371//2371
f 2371//2371 2373//2373 2370//2370
f 2370//2370 2372//2372 2369//2369
f 2369//2369 2327//2327 2329//2329
f 2329//2329 2367//2367 2368//2368
f 2368//2368 2376//2376 2375//2375
f 2375//2375 2292//2292 2293//2293
f 2293//2293 1316//1316 1318//1318
f 1318//1318 1317//1317 1319//1319
f 1319//1319 2601//2601 2603//2603
f 2603//2603 2602//2602 2604//2604
f 2604//2604 1326//1326 1325//1325
f 1325//1325 1339//1339 2398//2398
f 2398//2398 1338//1338 1340//1340
f 1340//1340 1342//1342 1341//1341
f 1341//1341 1344//1344 1343//1343
f 1343//1343 2007//2007 2008//2008
f 2008//2008 1990//1990 2009//2009
f 2009//2009 1991//1991 2010//2010
f 2010//2010 2531//2531 2530//2530
f 2010//2010 2530//2530 2538//2538
f 2008//2008 2009//2009 2010//2010
f 1341//1341 1343//1343 2008//2008
f 1325//1325 2398//2398 1340//1340
f 1340//1340 1341//1341 2008//2008
f 2008//2008 2010//2010 2538//2538
f 2540//2540 2537//2537 2536//2536
f 2536//2536 244//244 2542//2542
f 2542//2542 245//245 246//246
f 246//246 249//249 247//247
f 247//247 276//276 277//277
f 277//277 279//279 278//278
f 278//278 289//289 299//299
f 299//299 290//290 298//298
f 298//298 297//297 296//296
f 296//296 295//295 305//305
f 305//305 307//307 306//306
f 306//306 308//308 310//310
f 310//310 309//309 313//313
f 313//313 311//311 312//312
f 312//312 382//382 381//381
f 381//381 181//181 383//383
f 383//383 180//180 179//179
f 179//179 178//178 177//177
f 177//177 176//176 172//172
f 422//422 420//420 421//421
f 421//421 419//419 173//173
f 173//173 175//175 174//174
f 174//174 400//400 402//402
f 402//402 401//401 403//403
f 403//403 391//391 389//389
f 389//389 390//390 388//388
f 388//388 387//387 384//384
f 384//384 386//386 385//385
f 385//385 373//373 374//374
f 374//374 372//372 375//375
f 375//375 376//376 377//377
f 377//377 378//378 379//379
f 379//379 315//315 314//314
f 314//314 316//316 304//304
f 304//304 303//303 302//302
f 302//302 301//301 2528//2528
f 304//304 302//302 2528//2528
f 379//379 314//314 304//304
f 375//375 377//377 379//379
f 374//374 375//375 379//379
f 374//374 379//379 304//304
f 388//388 384//384 385//385
f 385//385 374//374 304//304
f 2294//2294 2295//2295 2302//2302
f 2302//2302 2371//2371 2370//2370
f 2369//2369 2329//2329 2368//2368
f 2302//2302 2370//2370 2369//2369
f 2025//2025 2294//2294 2302//2302
f 2025//2025 2302//2302 2369//2369
f 2369//2369 2368//2368 2375//2375
f 2375//2375 2293//2293 1318//1318
f 1319//1319 2603//2603 2604//2604
f 2375//2375 1318//1318 1319//1319
f 2025//2025 2369//2369 2375//2375
f 1988//1988 2025//2025 2375//2375
f 2375//2375 1319//1319 2604//2604
f 2375//2375 2604//2604 1325//1325
f 1968//1968 1988//1988 2375//2375
f 388//388 385//385 304//304
f 2528//2528 1968//1968 2375//2375
f 2375//2375 1325//1325 1340//1340
f 1340//1340 2008//2008 2538//2538
f 2538//2538 2540//2540 2536//2536
f 2542//2542 246//246 247//247
f 2538//2538 2536//2536 2542//2542
f 2375//2375 1340//1340 2538//2538
f 174//174 402//402 403//403
f 421//421 173//173 174//174
f 172//172 422//422 421//421
f 383//383 179//179 177//177
f 177//177 172//172 421//421
f 174//174 403//403 389//389
f 177//177 421//421 174//174
f 381//381 383//383 177//177
f 313//313 312//312 381//381
f 306//306 310//310 313//313
f 296//296 305//305 306//306
f 299//299 298//298 296//296
f 278//278 299//299 296//296
f 296//296 306//306 313//313
f 313//313 381//381 177//177
f 177//177 174//174 389//389
f 177//177 389//389 388//388
f 296//296 313//313 177//177
f 277//277 278//278 296//296
f 2542//2542 247//247 277//277
f 2528//2528 2375//2375 2538//2538
f 2538//2538 2542//2542 277//277
f 277//277 296//296 177//177
f 177//177 388//388 304//304
f 304//304 2528//2528 2538//2538
f 2538//2538 277//277 177//177
f 5//5 576//576 575//575
f 573//573 572//572 571//571
f 2692//2692 5//5 575//575
f 573//573 571//571 574//574
f 2692//2692 575//575 573//573
f 2697//2697 2698//2698 2692//2692
f 2695//2695 2696//2696 2697//2697
f 2707//2707 2694//2694 2693//2693
f 2693//2693 2695//2695 2697//2697
f 2697//2697 2692//2692 573//573
f 574//574 569//569 2707//2707
f 2697//2697 573//573 574//574
f 2707//2707 2693//2693 2697//2697
f 216//216 227//227 217//217
f 217//217 226//226 63//63
f 63//63 64//64 62//62
f 62//62 60//60 59//59
f 59//59 58//58 57//57
f 57//57 56//56 76//76
f 75//75 74//74 72//72
f 57//57 76//76 75//75
f 63//63 62//62 59//59
f 59//59 57//57 75//75
f 72//72 71//71 61//61
f 59//59 75//75 72//72
f 216//216 217//217 63//63
f 63//63 59//59 72//72
f 61//61 67//67 65//65
f 63//63 72//72 61//61
f 229//229 230//230 216//216
f 63//63 61//61 65//65
f 228//228 229//229 216//216
f 216//216 63//63 65//65
f 66//66 68//68 119//119
f 216//216 65//65 66//66
f 262//262 228//228 216//216
f 212//212 261//261 262//262
f 215//215 211//211 212//212
f 219//219 220//220 213//213
f 215//215 212//212 262//262
f 219//219 213//213 215//215
f 218//218 221//221 219//219
f 66//66 119//119 218//218
f 215//215 262//262 216//216
f 218//218 219//219 215//215
f 216//216 66//66 218//218
f 886//886 888//888 887//887
f 887//887 889//889 890//890
f 890//890 2657//2657 2658//2658
f 2658//2658 2659//2659 897//897
f 897//897 2660//2660 896//896
f 896//896 910//910 901//901
f 901//901 518//518 909//909
f 909//909 519//519 820//820
f 820//820 520//520 819//819
f 819//819 514//514 521//521
f 521//521 513//513 522//522
f 522//522 511//511 512//512
f 512//512 510//510 527//527
f 527//527 509//509 530//530
f 530//530 508//508 506//506
f 506//506 507//507 505//505
f 505//505 504//504 503//503
f 503//503 2450//2450 497//497
f 497//497 498//498 493//493
f 493//493 492//492 495//495
f 495//495 496//496 499//499
f 499//499 500//500 502//502
f 502//502 501//501 538//538
f 538//538 539//539 531//531
f 531//531 541//541 2735//2735
f 2735//2735 529//529 528//528
f 528//528 800//800 526//526
f 526//526 525//525 524//524
f 524//524 807//807 523//523
f 523//523 808//808 818//818
f 818//818 816//816 817//817
f 817//817 822//822 821//821
f 821//821 904//904 902//902
f 902//902 903//903 900//900
f 900//900 899//899 898//898
f 898//898 893//893 895//895
f 895//895 892//892 894//894
f 891//891 886//886 887//887
f 890//890 2658//2658 897//897
f 891//891 887//887 890//890
f 895//895 894//894 891//891
f 900//900 898//898 895//895
f 817//817 821//821 902//902
f 902//902 900//900 895//895
f 895//895 891//891 890//890
f 890//890 897//897 896//896
f 901//901 909//909 820//820
f 895//895 890//890 896//896
f 896//896 901//901 820//820
f 819//819 521//521 522//522
f 896//896 820//820 819//819
f 902//902 895//895 896//896
f 817//817 902//902 896//896
f 896//896 819//819 522//522
f 522//522 512//512 527//527
f 527//527 530//530 506//506
f 506//506 505//505 503//503
f 503//503 497//497 493//493
f 493//493 495//495 499//499
f 499//499 502//502 538//538
f 538//538 531//531 2735//2735
f 2735//2735 528//528 526//526
f 2735//2735 526//526 524//524
f 493//493 499//499 538//538
f 503//503 493//493 538//538
f 896//896 522//522 527//527
f 818//818 817//817 896//896
f 523//523 818//818 896//896
f 506//506 503//503 538//538
f 506//506 538//538 2735//2735
f 523//523 896//896 527//527
f 524//524 523//523 527//527
f 527//527 506//506 2735//2735
f 215//215 213//213 214//214
f 220//220 219//219 221//221
f 211//211 215//215 214//214
f 211//211 214//214 220//220
f 261//261 212//212 211//211
f 259//259 262//262 261//261
f 258//258 256//256 259//259
f 273//273 257//257 258//258
f 270//270 272//272 273//273
f 285//285 271//271 270//270
f 197//197 284//284 285//285
f 196//196 287//287 197//197
f 194//194 288//288 196//196
f 190//190 193//193 194//194
f 188//188 191//191 190//190
f 187//187 189//189 188//188
f 195//195 170//170 187//187
f 198//198 169//169 195//195
f 286//286 199//199 198//198
f 269//269 200//200 286//286
f 268//268 201//201 269//269
f 267//267 202//202 268//268
f 266//266 265//265 267//267
f 260//260 264//264 266//266
f 209//209 208//208 260//260
f 210//210 207//207 209//209
f 148//148 150//150 210//210
f 147//147 149//149 148//148
f 146//146 145//145 147//147
f 88//88 111//111 120//120
f 120//120 146//146 147//147
f 120//120 147//147 148//148
f 89//89 90//90 88//88
f 89//89 88//88 120//120
f 86//86 85//85 89//89
f 118//118 73//73 86//86
f 70//70 69//69 118//118
f 119//119 68//68 70//70
f 221//221 218//218 119//119
f 211//211 220//220 221//221
f 258//258 259//259 261//261
f 261//261 211//211 221//221
f 119//119 70//70 118//118
f 273//273 258//258 261//261
f 197//197 285//285 270//270
f 270//270 273//273 261//261
f 119//119 118//118 86//86
f 86//86 89//89 120//120
f 119//119 86//86 120//120
f 197//197 270//270 261//261
f 194//194 196//196 197//197
f 190//190 194//194 197//197
f 221//221 119//119 120//120
f 221//221 120//120 148//148
f 188//188 190//190 197//197
f 195//195 187//187 188//188
f 269//269 286//286 198//198
f 198//198 195//195 188//188
f 261//261 221//221 148//148
f 210//210 209//209 260//260
f 261//261 148//148 210//210
f 198//198 188//188 197//197
f 267//267 268//268 269//269
f 269//269 198//198 197//197
f 261//261 210//210 260//260
f 260//260 266//266 267//267
f 267//267 269//269 197//197
f 197//197 261//261 260//260
f 586//586 582//582 581//581
f 581//581 579//579 580//580
f 580//580 578//578 571//571
f 571//571 572//572 2691//2691
f 577//577 584//584 583//583
f 571//571 2691//2691 577//577
f 586//586 581//581 580//580
f 580//580 571//571 577//577
f 583//583 585//585 586//586
f 580//580 577//577 583//583
f 170//170 168//168 172//172
f 172//172 176//176 171//171
f 1184//1184 1126//1126 1125//1125
f 1125//1125 1123//1123 1124//1124
f 1124//1124 1122//1122 1121//1121
f 1121//1121 1157//1157 1120//1120
f 1120//1120 1158//1158 1116//1116
f 1116//1116 1159//1159 1163//1163
f 1163//1163 1161//1161 1162//1162
f 1162//1162 1164//1164 1095//1095
f 1095//1095 1098//1098 1096//1096
f 1096//1096 1167//1167 1165//1165
f 1165//1165 1106//1106 1166//1166
f 1166//1166 1108//1108 1109//1109
f 1109//1109 1111//1111 1114//1114
f 1114//1114 1113//1113 1115//1115
f 1115//1115 1118//1118 1117//1117
f 1117//1117 1195//1195 1119//1119
f 1119//1119 1193//1193 1194//1194
f 1194//1194 1187//1187 1186//1186
f 1186//1186 1188//1188 1185//1185
f 1185//1185 1181//1181 1182//1182
f 1182//1182 1180//1180 1183//1183
f 1183//1183 1178//1178 1177//1177
f 1177//1177 2427//2427 2428//2428
f 1004//1004 1003//1003 1005//1005
f 1177//1177 2428//2428 1004//1004
f 1185//1185 1182//1182 1183//1183
f 1183//1183 1177//1177 1004//1004
f 1004//1004 1005//1005 1007//1007
f 1007//1007 2636//2636 2635//2635
f 2635//2635 997//997 2634//2634
f 2634//2634 2232//2232 2233//2233
f 2233//2233 2202//2202 2203//2203
f 2203//2203 2201//2201 2200//2200
f 2200//2200 2196//2196 2197//2197
f 2197//2197 2412//2412 2414//2414
f 2414//2414 2413//2413 2401//2401
f 2401//2401 2403//2403 2402//2402
f 2402//2402 2404//2404 2152//2152
f 2152//2152 2154//2154 2153//2153
f 2153//2153 2155//2155 2156//2156
f 2156//2156 2159//2159 2158//2158
f 2158//2158 2127//2127 2126//2126
f 2126//2126 2124//2124 2125//2125
f 2125//2125 2123//2123 1862//1862
f 1862//1862 2122//2122 2472//2472
f 2472//2472 2121//2121 2473//2473
f 2473//2473 1866//1866 2479//2479
f 2479//2479 1865//1865 2478//2478
f 2478//2478 1864//1864 1863//1863
f 1863//1863 1856//1856 1861//1861
f 1861//1861 1857//1857 1860//1860
f 1860//1860 1858//1858 1859//1859
f 1859//1859 2128//2128 2160//2160
f 2160//2160 2129//2129 2161//2161
f 2161//2161 2162//2162 2157//2157
f 2157//2157 2150//2150 2151//2151
f 2151//2151 2149//2149 2148//2148
f 2148//2148 2146//2146 2147//2147
f 2147//2147 2145//2145 2198//2198
f 2198//2198 2144//2144 2199//2199
f 2199//2199 988//988 989//989
f 989//989 990//990 2633//2633
f 2633//2633 2632//2632 2631//2631
f 2631//2631 1008//1008 1006//1006
f 1006//1006 1028//1028 1029//1029
f 1029//1029 1031//1031 1032//1032
f 1032//1032 1035//1035 1033//1033
f 1033//1033 1036//1036 1034//1034
f 1034//1034 1175//1175 1176//1176
f 1176//1176 1174//1174 1184//1184
f 1184//1184 1125//1125 1124//1124
f 1124//1124 1121//1121 1120//1120
f 1116//1116 1163//1163 1162//1162
f 1124//1124 1120//1120 1116//1116
f 1184//1184 1124//1124 1116//1116
f 1162//1162 1095//1095 1096//1096
f 1162//1162 1096//1096 1165//1165
f 1184//1184 1116//1116 1162//1162
f 1033//1033 1034//1034 1176//1176
f 1176//1176 1184//1184 1162//1162
f 1162//1162 1165//1165 1166//1166
f 1109//1109 1114//1114 1115//1115
f 1162//1162 1166//1166 1109//1109
f 1162//1162 1109//1109 1115//1115
f 1117//1117 1119//1119 1194//1194
f 1162//1162 1115//1115 1117//1117
f 1162//1162 1117//1117 1194//1194
f 1186//1186 1185//1185 1183//1183
f 1176//1176 1162//1162 1194//1194
f 1194//1194 1186//1186 1183//1183
f 1183//1183 1004//1004 1007//1007
f 1007//1007 2635//2635 2634//2634
f 2233//2233 2203//2203 2200//2200
f 2634//2634 2233//2233 2200//2200
f 2200//2200 2197//2197 2414//2414
f 2401//2401 2402//2402 2152//2152
f 2200//2200 2414//2414 2401//2401
f 2634//2634 2200//2200 2401//2401
f 2401//2401 2152//2152 2153//2153
f 2401//2401 2153//2153 2156//2156
f 2634//2634 2401//2401 2156//2156
f 2158//2158 2126//2126 2125//2125
f 2634//2634 2156//2156 2158//2158
f 1176//1176 1194//1194 1183//1183
f 1029//1029 1032//1032 1033//1033
f 1033//1033 1176//1176 1183//1183
f 2125//2125 1862//1862 2472//2472
f 2472//2472 2473//2473 2479//2479
f 2479//2479 2478//2478 1863//1863
f 1861//1861 1860//1860 1859//1859
f 2472//2472 2479//2479 1863//1863
f 2472//2472 1863//1863 1861//1861
f 2158//2158 2125//2125 2472//2472
f 2158//2158 2472//2472 1861//1861
f 1859//1859 2160//2160 2161//2161
f 2158//2158 1861//1861 1859//1859
f 2158//2158 1859//1859 2161//2161
f 2157//2157 2151//2151 2148//2148
f 2158//2158 2161//2161 2157//2157
f 2634//2634 2158//2158 2157//2157
f 2148//2148 2147//2147 2198//2198
f 2634//2634 2157//2157 2148//2148
f 1033//1033 1183//1183 1007//1007
f 1029//1029 1033//1033 1007//1007
f 2634//2634 2148//2148 2198//2198
f 1006//1006 1029//1029 1007//1007
f 989//989 2633//2633 2631//2631
f 2631//2631 1006//1006 1007//1007
f 2634//2634 2198//2198 2199//2199
f 2631//2631 1007//1007 2634//2634
f 2634//2634 2199//2199 989//989
f 915//915 919//919 922//922
f 922//922 920//920 921//921
f 921//921 924//924 923//923
f 923//923 885//885 884//884
f 884//884 2661//2661 2662//2662
f 2662//2662 2665//2665 2664//2664
f 2664//2664 852//852 851//851
f 851//851 850//850 849//849
f 825//825 837//837 839//839
f 839//839 836//836 838//838
f 838//838 841//841 840//840
f 840//840 843//843 842//842
f 842//842 845//845 847//847
f 847//847 846//846 848//848
f 848//848 855//855 854//854
f 854//854 856//856 853//853
f 853//853 2667//2667 2663//2663
f 2663//2663 878//878 881//881
f 881//881 879//879 882//882
f 882//882 880//880 883//883
f 883//883 926//926 925//925
f 925//925 2655//2655 927//927
f 927//927 2656//2656 928//928
f 928//928 930//930 929//929
f 929//929 914//914 915//915
f 915//915 922//922 921//921
f 923//923 884//884 2662//2662
f 915//915 921//921 923//923
f 928//928 929//929 915//915
f 925//925 927//927 928//928
f 881//881 882//882 883//883
f 883//883 925//925 928//928
f 928//928 915//915 923//923
f 923//923 2662//2662 2664//2664
f 923//923 2664//2664 851//851
f 883//883 928//928 923//923
f 2663//2663 881//881 883//883
f 848//848 854//854 853//853
f 853//853 2663//2663 883//883
f 883//883 923//923 851//851
f 849//849 825//825 839//839
f 839//839 838//838 840//840
f 842//842 847//847 848//848
f 849//849 839//839 840//840
f 840//840 842//842 848//848
f 853//853 883//883 851//851
f 840//840 848//848 853//853
f 851//851 849//849 840//840
f 1571//1571 1754//1754 1572//1572
f 1681//1681 1675//1675 1576//1576
f 1576//1576 1575//1575 1574//1574
f 1574//1574 1666//1666 1573//1573
f 1573//1573 1664//1664 1665//1665
f 1665//1665 1660//1660 1661//1661
f 1661//1661 1662//1662 1663//1663
f 1663//1663 1644//1644 1642//1642
f 1642//1642 1643//1643 1641//1641
f 1641//1641 1634//1634 1635//1635
f 1635//1635 1539//1539 1636//1636
f 1636//1636 1541//1541 1540//1540
f 1540//1540 1543//1543 1552//1552
f 1552//1552 1551//1551 1509//1509
f 1515//1515 1511//1511 1510//1510
f 1508//1508 1512//1512 1513//1513
f 1509//1509 1515//1515 1510//1510
f 1509//1509 1510//1510 1508//1508
f 1540//1540 1552//1552 1509//1509
f 1635//1635 1636//1636 1540//1540
f 1663//1663 1642//1642 1641//1641
f 1641//1641 1635//1635 1540//1540
f 1540//1540 1509//1509 1508//1508
f 1513//1513 1514//1514 1390//1390
f 1540//1540 1508//1508 1513//1513
f 1390//1390 1389//1389 1386//1386
f 1386//1386 1387//1387 1385//1385
f 1385//1385 1388//1388 1384//1384
f 1384//1384 1382//1382 1383//1383
f 1383//1383 1411//1411 1410//1410
f 1409//1409 1412//1412 1408//1408
f 1383//1383 1410//1410 1409//1409
f 1386//1386 1385//1385 1384//1384
f 1384//1384 1383//1383 1409//1409
f 1409//1409 1408//1408 1407//1407
f 1391//1391 1392//1392 1394//1394
f 1409//1409 1407//1407 1391//1391
f 1386//1386 1384//1384 1409//1409
f 1390//1390 1386//1386 1409//1409
f 1391//1391 1394//1394 1393//1393
f 1390//1390 1409//1409 1391//1391
f 1665//1665 1661//1661 1663//1663
f 1574//1574 1573//1573 1665//1665
f 1681//1681 1576//1576 1574//1574
f 1571//1571 1572//1572 1681//1681
f 1568//1568 1570//1570 1571//1571
f 1566//1566 1567//1567 1568//1568
f 1640//1640 1565//1565 1566//1566
f 1638//1638 1564//1564 1640//1640
f 1637//1637 1639//1639 1638//1638
f 1507//1507 1554//1554 1553//1553
f 1395//1395 1506//1506 1507//1507
f 1393//1393 1396//1396 1395//1395
f 1513//1513 1390//1390 1391//1391
f 1391//1391 1393//1393 1395//1395
f 1513//1513 1391//1391 1395//1395
f 1665//1665 1663//1663 1641//1641
f 1681//1681 1574//1574 1665//1665
f 1568//1568 1571//1571 1681//1681
f 1640//1640 1566//1566 1568//1568
f 1638//1638 1640//1640 1568//1568
f 1568//1568 1681//1681 1665//1665
f 1568//1568 1665//1665 1641//1641
f 1637//1637 1638//1638 1568//1568
f 1637//1637 1568//1568 1641//1641
f 1540//1540 1513//1513 1395//1395
f 1540//1540 1395//1395 1507//1507
f 1637//1637 1641//1641 1540//1540
f 1540//1540 1507//1507 1553//1553
f 1480//1480 1482//1482 1483//1483
f 1483//1483 1496//1496 1486//1486
f 1486//1486 1497//1497 1495//1495
f 1495//1495 1498//1498 1492//1492
f 1492//1492 1494//1494 1493//1493
f 1493//1493 1488//1488 1487//1487
f 1485//1485 2569//2569 1484//1484
f 1492//1492 1493//1493 1487//1487
f 1495//1495 1492//1492 1487//1487
f 1480//1480 1483//1483 1486//1486
f 1486//1486 1495//1495 1487//1487
f 1486//1486 1487//1487 1485//1485
f 1479//1479 1481//1481 1480//1480
f 1480//1480 1486//1486 1485//1485
f 1484//1484 2568//2568 2570//2570
f 1480//1480 1485//1485 1484//1484
f 1477//1477 1478//1478 1479//1479
f 1479//1479 1480//1480 1484//1484
f 2570//2570 2571//2571 1469//1469
f 1479//1479 1484//1484 2570//2570
f 1470//1470 1476//1476 1477//1477
f 1477//1477 1479//1479 2570//2570
f 1469//1469 1468//1468 1563//1563
f 1477//1477 2570//2570 1469//1469
f 1471//1471 1473//1473 1470//1470
f 1470//1470 1477//1477 1469//1469
f 1563//1563 1561//1561 1562//1562
f 1562//1562 1559//1559 1560//1560
f 1560//1560 1472//1472 1471//1471
f 1471//1471 1470//1470 1469//1469
f 1469//1469 1563//1563 1562//1562
f 1562//1562 1560//1560 1471//1471
f 2383//2383 2384//2384 2065//2065
f 2067//2067 2066//2066 2068//2068
f 2383//2383 2065//2065 2067//2067
f 2380//2380 2382//2382 2381//2381
f 2383//2383 2067//2067 2068//2068
f 2380//2380 2381//2381 2383//2383
f 1892//1892 2379//2379 2380//2380
f 1895//1895 1893//1893 1894//1894
f 1894//1894 1892//1892 2380//2380
f 2380//2380 2383//2383 2068//2068
f 2068//2068 2481//2481 2480//2480
f 2480//2480 2482//2482 1879//1879
f 1895//1895 1894//1894 2380//2380
f 2480//2480 1879//1879 1895//1895
f 2380//2380 2068//2068 2480//2480
f 2321//2321 2324//2324 2310//2310
f 2310//2310 2308//2308 2309//2309
f 2309//2309 2307//2307 1890//1890
f 1890//1890 1891//1891 1879//1879
f 1879//1879 1889//1889 2320//2320
f 2320//2320 2321//2321 2310//2310
f 2310//2310 2309//2309 1890//1890
f 1890//1890 1879//1879 2320//2320
f 5//5 2752//2752 2751//2751
f 2751//2751 31//31 30//30
f 29//29 5//5 2751//2751
f 1688//1688 1619//1619 1690//1690
f 824//824 2666//2666 886//886
f 886//886 891//891 908//908
f 435//435 434//434 432//432
f 433//433 436//436 437//437
f 431//431 435//435 432//432
f 433//433 437//437 438//438
f 431//431 432//432 433//433
f 438//438 440//440 439//439
f 441//441 431//431 433//433
f 433//433 438//438 439//439
f 1688//1688 1689//1689 1531//1531
f 1531//1531 1532//1532 1687//1687
f 2394//2394 2395//2395 2399//2399
f 2400//2400 2029//2029 2030//2030
f 2394//2394 2399//2399 2400//2400
f 2392//2392 2396//2396 2394//2394
f 2391//2391 2390//2390 2392//2392
f 2021//2021 2034//2034 2393//2393
f 2393//2393 2391//2391 2392//2392
f 2392//2392 2394//2394 2400//2400
f 2030//2030 2032//2032 2031//2031
f 2392//2392 2400//2400 2030//2030
f 2021//2021 2393//2393 2392//2392
f 2494//2494 2492//2492 2021//2021
f 2495//2495 2493//2493 2494//2494
f 1984//1984 2496//2496 2495//2495
f 1977//1977 1983//1983 1984//1984
f 1980//1980 1978//1978 1977//1977
f 1981//1981 1979//1979 1980//1980
f 1964//1964 1982//1982 1981//1981
f 1927//1927 1963//1963 1964//1964
f 1928//1928 1962//1962 1927//1927
f 1930//1930 1929//1929 1928//1928
f 1932//1932 1931//1931 1930//1930
f 1933//1933 1955//1955 1932//1932
f 1936//1936 1934//1934 1933//1933
f 1937//1937 1935//1935 1936//1936
f 1920//1920 1938//1938 1937//1937
f 326//326 1919//1919 1920//1920
f 322//322 320//320 321//321
f 321//321 326//326 1920//1920
f 1920//1920 1937//1937 1936//1936
f 322//322 321//321 1920//1920
f 323//323 324//324 322//322
f 1926//1926 325//325 323//323
f 1925//1925 1921//1921 1926//1926
f 1924//1924 1922//1922 1925//1925
f 1965//1965 1923//1923 1924//1924
f 1975//1975 1966//1966 1965//1965
f 1974//1974 1976//1976 1975//1975
f 1973//1973 1971//1971 1974//1974
f 1985//1985 1972//1972 1973//1973
f 2020//2020 1986//1986 1985//1985
f 2018//2018 2019//2019 2020//2020
f 2022//2022 2017//2017 2018//2018
f 2031//2031 2023//2023 2022//2022
f 2392//2392 2030//2030 2031//2031
f 2494//2494 2021//2021 2392//2392
f 1984//1984 2495//2495 2494//2494
f 1977//1977 1984//1984 2494//2494
f 2494//2494 2392//2392 2031//2031
f 2031//2031 2022//2022 2018//2018
f 2020//2020 1985//1985 1973//1973
f 2031//2031 2018//2018 2020//2020
f 1977//1977 2494//2494 2031//2031
f 1964//1964 1981//1981 1980//1980
f 1980//1980 1977//1977 2031//2031
f 2020//2020 1973//1973 1974//1974
f 1980//1980 2031//2031 2020//2020
f 1928//1928 1927//1927 1964//1964
f 1964//1964 1980//1980 2020//2020
f 2020//2020 1974//1974 1975//1975
f 2020//2020 1975//1975 1965//1965
f 1928//1928 1964//1964 2020//2020
f 1930//1930 1928//1928 2020//2020
f 2020//2020 1965//1965 1924//1924
f 1924//1924 1925//1925 1926//1926
f 1926//1926 323//323 322//322
f 322//322 1920//1920 1936//1936
f 322//322 1936//1936 1933//1933
f 1924//1924 1926//1926 322//322
f 1930//1930 2020//2020 1924//1924
f 322//322 1933//1933 1932//1932
f 1932//1932 1930//1930 1924//1924
f 2313//2313 2314//2314 2318//2318
f 2319//2319 2338//2338 2366//2366
f 2313//2313 2318//2318 2319//2319
f 2311//2311 2071//2071 2312//2312
f 2312//2312 2313//2313 2319//2319
f 2319//2319 2366//2366 2328//2328
f 2365//2365 2326//2326 2322//2322
f 2319//2319 2328//2328 2365//2365
f 2311//2311 2312//2312 2319//2319
f 2069//2069 2070//2070 2311//2311
f 1889//1889 1888//1888 2069//2069
f 2323//2323 2321//2321 2320//2320
f 2320//2320 1889//1889 2069//2069
f 2069//2069 2311//2311 2319//2319
f 2319//2319 2365//2365 2322//2322
f 2322//2322 2323//2323 2320//2320
f 2320//2320 2069//2069 2319//2319
f 739//739 741//741 581//581
f 739//739 581//581 582//582
f 730//730 738//738 731//731
f 731//731 739//739 582//582
f 2686//2686 2689//2689 2688//2688
f 731//731 582//582 2686//2686
f 728//728 730//730 731//731
f 2687//2687 725//725 728//728
f 2686//2686 2688//2688 2685//2685
f 2687//2687 728//728 731//731
f 2686//2686 2685//2685 2687//2687
f 2727//2727 2722//2722 423//423
f 423//423 160//160 157//157
f 14//14 13//13 2727//2727
f 2727//2727 423//423 157//157
f 2077//2077 2076//2076 2079//2079
f 2079//2079 2317//2317 2080//2080
f 2080//2080 2316//2316 2078//2078
f 2078//2078 2315//2315 2072//2072
f 2072//2072 1887//1887 2073//2073
f 2073//2073 1886//1886 2074//2074
f 2074//2074 1885//1885 2075//2075
f 2075//2075 2077//2077 2079//2079
f 2079//2079 2080//2080 2078//2078
f 2078//2078 2072//2072 2073//2073
f 2074//2074 2075//2075 2079//2079
f 2078//2078 2073//2073 2074//2074
f 1619//1619 1707//1707 1706//1706
f 1706//1706 1705//1705 1704//1704
f 1703//1703 1702//1702 1701//1701
f 1619//1619 1706//1706 1704//1704
f 1704//1704 1703//1703 1701//1701
f 1701//1701 1692//1692 1693//1693
f 1693//1693 1695//1695 1691//1691
f 1701//1701 1693//1693 1691//1691
f 1690//1690 1619//1619 1704//1704
f 1704//1704 1701//1701 1691//1691
f 1704//1704 1691//1691 1521//1521
f 1689//1689 1690//1690 1704//1704
f 1522//1522 1528//1528 1531//1531
f 1531//1531 1689//1689 1704//1704
f 1704//1704 1521//1521 1522//1522
f 774//774 826//826 790//790
f 790//790 789//789 788//788
f 788//788 786//786 787//787
f 787//787 785//785 775//775
f 775//775 777//777 776//776
f 776//776 767//767 768//768
f 768//768 766//766 769//769
f 769//769 761//761 760//760
f 760//760 764//764 762//762
f 762//762 554//554 2680//2680
f 2680//2680 555//555 556//556
f 556//556 477//477 557//557
f 557//557 558//558 560//560
f 561//561 563//563 562//562
f 557//557 560//560 561//561
f 2680//2680 556//556 557//557
f 760//760 762//762 2680//2680
f 776//776 768//768 769//769
f 769//769 760//760 2680//2680
f 2680//2680 557//557 561//561
f 562//562 564//564 2684//2684
f 776//776 769//769 2680//2680
f 787//787 775//775 776//776
f 774//774 790//790 788//788
f 788//788 787//787 776//776
f 561//561 562//562 2684//2684
f 2684//2684 2682//2682 2681//2681
f 2681//2681 2683//2683 759//759
f 759//759 756//756 757//757
f 757//757 755//755 758//758
f 758//758 771//771 770//770
f 770//770 773//773 772//772
f 772//772 774//774 788//788
f 2680//2680 561//561 2684//2684
f 2680//2680 2684//2684 2681//2681
f 772//772 788//788 776//776
f 770//770 772//772 776//776
f 776//776 2680//2680 2681//2681
f 759//759 757//757 758//758
f 776//776 2681//2681 759//759
f 758//758 770//770 776//776
f 1397//1397 1392//1392 1391//1391
f 1407//1407 1406//1406 1405//1405
f 1405//1405 1404//1404 1402//1402
f 1402//1402 1403//1403 1400//1400
f 1400//1400 1401//1401 1399//1399
f 1399//1399 1504//1504 1398//1398
f 1398//1398 1475//1475 1505//1505
f 1505//1505 1474//1474 1555//1555
f 1555//1555 1557//1557 1556//1556
f 1556//1556 1558//1558 1637//1637
f 1637//1637 1553//1553 1554//1554
f 1554//1554 1507//1507 1506//1506
f 1506//1506 1395//1395 1396//1396
f 1396//1396 1393//1393 1394//1394
f 1396//1396 1394//1394 1397//1397
f 1554//1554 1506//1506 1396//1396
f 1556//1556 1637//1637 1554//1554
f 1555//1555 1556//1556 1554//1554
f 1554//1554 1396//1396 1397//1397
f 1391//1391 1407//1407 1405//1405
f 1405//1405 1402//1402 1400//1400
f 1399//1399 1398//1398 1505//1505
f 1391//1391 1405//1405 1400//1400
f 1391//1391 1400//1400 1399//1399
f 1397//1397 1391//1391 1399//1399
f 1505//1505 1555//1555 1554//1554
f 1397//1397 1399//1399 1505//1505
f 779//779 780//780 778//778
f 778//778 781//781 767//767
f 767//767 776//776 777//777
f 777//777 775//775 785//785
f 785//785 787//787 786//786
f 786//786 788//788 789//789
f 789//789 790//790 791//791
f 813//813 811//811 812//812
f 812//812 793//793 792//792
f 792//792 794//794 795//795
f 795//795 796//796 797//797
f 797//797 783//783 784//784
f 784//784 782//782 779//779
f 778//778 767//767 777//777
f 784//784 779//779 778//778
f 795//795 797//797 784//784
f 812//812 792//792 795//795
f 791//791 813//813 812//812
f 789//789 791//791 812//812
f 812//812 795//795 784//784
f 784//784 778//778 777//777
f 784//784 777//777 785//785
f 789//789 812//812 784//784
f 784//784 785//785 786//786
f 1890//1890 2307//2307 2374//2374
f 2374//2374 2303//2303 2305//2305
f 2305//2305 2304//2304 2306//2306
f 2306//2306 2377//2377 1879//1879
f 1891//1891 1890//1890 2374//2374
f 2306//2306 1879//1879 1891//1891
f 2374//2374 2305//2305 2306//2306
f 1677//1677 1679//1679 1678//1678
f 1678//1678 1680//1680 1584//1584
f 1584//1584 1586//1586 1585//1585
f 1585//1585 1588//1588 1587//1587
f 1587//1587 1682//1682 1671//1671
f 1671//1671 1605//1605 1670//1670
f 1670//1670 1607//1607 1669//1669
f 1669//1669 1654//1654 1655//1655
f 1655//1655 1652//1652 1648//1648
f 1648//1648 1649//1649 1647//1647
f 1647//1647 1626//1626 1627//1627
f 1627//1627 1622//1622 1625//1625
f 1625//1625 1633//1633 1632//1632
f 1632//1632 1533//1533 1535//1535
f 1535//1535 1630//1630 1631//1631
f 1631//1631 1629//1629 1628//1628
f 1628//1628 1645//1645 1646//1646
f 1646//1646 1657//1657 1656//1656
f 1656//1656 1659//1659 1658//1658
f 1658//1658 1667//1667 1668//1668
f 1668//1668 1673//1673 1672//1672
f 1672//1672 1675//1675 1674//1674
f 1674//1674 1676//1676 1677//1677
f 1677//1677 1678//1678 1584//1584
f 1584//1584 1585//1585 1587//1587
f 1671//1671 1670//1670 1669//1669
f 1584//1584 1587//1587 1671//1671
f 1672//1672 1674//1674 1677//1677
f 1677//1677 1584//1584 1671//1671
f 1669//1669 1655//1655 1648//1648
f 1677//1677 1671//1671 1669//1669
f 1668//1668 1672//1672 1677//1677
f 1656//1656 1658//1658 1668//1668
f 1646//1646 1656//1656 1668//1668
f 1668//1668 1677//1677 1669//1669
f 1669//1669 1648//1648 1647//1647
f 1627//1627 1625//1625 1632//1632
f 1669//1669 1647//1647 1627//1627
f 1646//1646 1668//1668 1669//1669
f 1535//1535 1631//1631 1628//1628
f 1628//1628 1646//1646 1669//1669
f 1627//1627 1632//1632 1535//1535
f 1628//1628 1669//1669 1627//1627
f 726//726 720//720 723//723
f 723//723 722//722 712//712
f 712//712 711//711 713//713
f 713//713 710//710 709//709
f 709//709 705//705 706//706
f 706//706 704//704 707//707
f 707//707 708//708 703//703
f 703//703 702//702 695//695
f 695//695 694//694 697//697
f 697//697 668//668 670//670
f 669//669 671//671 673//673
f 697//697 670//670 669//669
f 707//707 703//703 695//695
f 695//695 697//697 669//669
f 673//673 672//672 674//674
f 695//695 669//669 673//673
f 709//709 706//706 707//707
f 707//707 695//695 673//673
f 673//673 674//674 675//675
f 700//700 677//677 701//701
f 673//673 675//675 700//700
f 707//707 673//673 700//700
f 701//701 689//689 693//693
f 707//707 700//700 701//701
f 712//712 713//713 709//709
f 709//709 707//707 701//701
f 693//693 977//977 714//714
f 709//709 701//701 693//693
f 726//726 723//723 712//712
f 712//712 709//709 693//693
f 714//714 716//716 715//715
f 712//712 693//693 714//714
f 718//718 726//726 712//712
f 952//952 951//951 718//718
f 715//715 949//949 952//952
f 712//712 714//714 715//715
f 715//715 952//952 718//718
f 320//320 322//322 324//324
f 324//324 318//318 319//319
f 319//319 368//368 367//367
f 367//367 365//365 366//366
f 366//366 364//364 363//363
f 363//363 487//487 488//488
f 488//488 486//486 489//489
f 489//489 485//485 490//490
f 490//490 321//321 320//320
f 320//320 324//324 319//319
f 319//319 367//367 366//366
f 363//363 488//488 489//489
f 319//319 366//366 363//363
f 489//489 490//490 320//320
f 320//320 319//319 363//363
f 1020//1020 1019//1019 2642//2642
f 2642//2642 2640//2640 2639//2639
f 2639//2639 2638//2638 2649//2649
f 2649//2649 2647//2647 2643//2643
f 2643//2643 651//651 2644//2644
f 2644//2644 647//647 2645//2645
f 2645//2645 2646//2646 2625//2625
f 2625//2625 646//646 2624//2624
f 2624//2624 2623//2623 2622//2622
f 2622//2622 1059//1059 1058//1058
f 1058//1058 1060//1060 1057//1057
f 1057//1057 1061//1061 1062//1062
f 1062//1062 1063//1063 1056//1056
f 1056//1056 1055//1055 1047//1047
f 1047//1047 1049//1049 1048//1048
f 1048//1048 1054//1054 1050//1050
f 1050//1050 1053//1053 1052//1052
f 1052//1052 1140//1140 1139//1139
f 1139//1139 1169//1169 1051//1051
f 1051//1051 1042//1042 1043//1043
f 1043//1043 1045//1045 1044//1044
f 1044//1044 1025//1025 1046//1046
f 1046//1046 1023//1023 1022//1022
f 1022//1022 1017//1017 1021//1021
f 1021//1021 1018//1018 1020//1020
f 1020//1020 2642//2642 2639//2639
f 2639//2639 2649//2649 2643//2643
f 2643//2643 2644//2644 2645//2645
f 2645//2645 2625//2625 2624//2624
f 1020//1020 2639//2639 2643//2643
f 1022//1022 1021//1021 1020//1020
f 1044//1044 1046//1046 1022//1022
f 1051//1051 1043//1043 1044//1044
f 1052//1052 1139//1139 1051//1051
f 1050//1050 1052//1052 1051//1051
f 1051//1051 1044//1044 1022//1022
f 1020//1020 2643//2643 2645//2645
f 1020//1020 2645//2645 2624//2624
f 1050//1050 1051//1051 1022//1022
f 1048//1048 1050//1050 1022//1022
f 1022//1022 1020//1020 2624//2624
f 1022//1022 2624//2624 2622//2622
f 1047//1047 1048//1048 1022//1022
f 1057//1057 1062//1062 1056//1056
f 1056//1056 1047//1047 1022//1022
f 1022//1022 2622//2622 1058//1058
f 1058//1058 1057//1057 1056//1056
f 152//152 143//143 142//142
f 142//142 124//124 125//125
f 125//125 122//122 123//123
f 123//123 121//121 115//115
f 115//115 117//117 116//116
f 116//116 113//113 15//15
f 15//15 16//16 2767//2767
f 2767//2767 18//18 2766//2766
f 2764//2764 2765//2765 25//25
f 2767//2767 2766//2766 2764//2764
f 15//15 2767//2767 2764//2764
f 2764//2764 25//25 2759//2759
f 2759//2759 2763//2763 2768//2768
f 2768//2768 2769//2769 114//114
f 114//114 128//128 127//127
f 127//127 139//139 126//126
f 126//126 140//140 141//141
f 141//141 155//155 154//154
f 154//154 156//156 153//153
f 153//153 157//157 160//160
f 167//167 165//165 166//166
f 166//166 164//164 163//163
f 163//163 162//162 161//161
f 161//161 203//203 159//159
f 159//159 204//204 158//158
f 158//158 205//205 206//206
f 206//206 151//151 152//152
f 142//142 125//125 123//123
f 206//206 152//152 142//142
f 161//161 159//159 158//158
f 158//158 206//206 142//142
f 142//142 123//123 115//115
f 142//142 115//115 116//116
f 161//161 158//158 142//142
f 166//166 163//163 161//161
f 160//160 167//167 166//166
f 141//141 154//154 153//153
f 153//153 160//160 166//166
f 166//166 161//161 142//142
f 2764//2764 2759//2759 2768//2768
f 15//15 2764//2764 2768//2768
f 153//153 166//166 142//142
f 127//127 126//126 141//141
f 141//141 153//153 142//142
f 116//116 15//15 2768//2768
f 116//116 2768//2768 114//114
f 127//127 141//141 142//142
f 116//116 114//114 127//127
f 1600//1600 1599//1599 1601//1601
f 1601//1601 1610//1610 1611//1611
f 1611//1611 1612//1612 1613//1613
f 1613//1613 1616//1616 1617//1617
f 1617//1617 1615//1615 1618//1618
f 1618//1618 1619//1619 1687//1687
f 1687//1687 1532//1532 1534//1534
f 1686//1686 1623//1623 1620//1620
f 1687//1687 1534//1534 1686//1686
f 1617//1617 1618//1618 1687//1687
f 1613//1613 1617//1617 1687//1687
f 1687//1687 1686//1686 1620//1620
f 1620//1620 1624//1624 1621//1621
f 1621//1621 1650//1650 1685//1685
f 1685//1685 1651//1651 1614//1614
f 1614//1614 1653//1653 1684//1684
f 1684//1684 1608//1608 1609//1609
f 1609//1609 1606//1606 1604//1604
f 1604//1604 1603//1603 1602//1602
f 1602//1602 1683//1683 1593//1593
f 1593//1593 1590//1590 1592//1592
f 1592//1592 1589//1589 1727//1727
f 1727//1727 1583//1583 1582//1582
f 1582//1582 1581//1581 1580//1580
f 1580//1580 1578//1578 1579//1579
f 1579//1579 1577//1577 1768//1768
f 1768//1768 1770//1770 1769//1769
f 1769//1769 1771//1771 1753//1753
f 1753//1753 1751//1751 1752//1752
f 1752//1752 1748//1748 1749//1749
f 1749//1749 1747//1747 1750//1750
f 1750//1750 1729//1729 1728//1728
f 1728//1728 1730//1730 1726//1726
f 1726//1726 1724//1724 1725//1725
f 1725//1725 1595//1595 1591//1591
f 1591//1591 1596//1596 1594//1594
f 1594//1594 1597//1597 1600//1600
f 1600//1600 1601//1601 1611//1611
f 1613//1613 1687//1687 1620//1620
f 1621//1621 1685//1685 1614//1614
f 1613//1613 1620//1620 1621//1621
f 1611//1611 1613//1613 1621//1621
f 1611//1611 1621//1621 1614//1614
f 1591//1591 1594//1594 1600//1600
f 1600//1600 1611//1611 1614//1614
f 1684//1684 1609//1609 1604//1604
f 1600//1600 1614//1614 1684//1684
f 1725//1725 1591//1591 1600//1600
f 1728//1728 1726//1726 1725//1725
f 1752//1752 1749//1749 1750//1750
f 1750//1750 1728//1728 1725//1725
f 1600//1600 1684//1684 1604//1604
f 1604//1604 1602//1602 1593//1593
f 1592//1592 1727//1727 1582//1582
f 1604//1604 1593//1593 1592//1592
f 1752//1752 1750//1750 1725//1725
f 1769//1769 1753//1753 1752//1752
f 1579//1579 1768//1768 1769//1769
f 1592//1592 1582//1582 1580//1580
f 1580//1580 1579//1579 1769//1769
f 1580//1580 1769//1769 1752//1752
f 1600//1600 1604//1604 1592//1592
f 1592//1592 1580//1580 1752//1752
f 1725//1725 1600//1600 1592//1592
f 1909//1909 1911//1911 1910//1910
f 1910//1910 1869//1869 1871//1871
f 1871//1871 1870//1870 1872//1872
f 1873//1873 1876//1876 1900//1900
f 1871//1871 1872//1872 1873//1873
f 1909//1909 1910//1910 1871//1871
f 2051//2051 1908//1908 1907//1907
f 1907//1907 1909//1909 1871//1871
f 1871//1871 1873//1873 1900//1900
f 1903//1903 1902//1902 1905//1905
f 1871//1871 1900//1900 1903//1903
f 1906//1906 2051//2051 1907//1907
f 1905//1905 1904//1904 1906//1906
f 1871//1871 1903//1903 1905//1905
f 1906//1906 1907//1907 1871//1871
f 1902//1902 1903//1903 1900//1900
f 1900//1900 1876//1876 1874//1874
f 1877//1877 1875//1875 1878//1878
f 1900//1900 1874//1874 1877//1877
f 1904//1904 1905//1905 1902//1902
f 1900//1900 1877//1877 1878//1878
f 1901//1901 1904//1904 1902//1902
f 1902//1902 1900//1900 1878//1878
f 1878//1878 2096//2096 1879//1879
f 1897//1897 1896//1896 1899//1899
f 1878//1878 1879//1879 1897//1897
f 1901//1901 1902//1902 1878//1878
f 1899//1899 1898//1898 1901//1901
f 1878//1878 1897//1897 1899//1899
f 2284//2284 1699//1699 1698//1698
f 1698//1698 1697//1697 1692//1692
f 1698//1698 1692//1692 1701//1701
f 2283//2283 2285//2285 2284//2284
f 2284//2284 1698//1698 1701//1701
f 2284//2284 1701//1701 1702//1702
f 2265//2265 2282//2282 2283//2283
f 2283//2283 2284//2284 1702//1702
f 1703//1703 1704//1704 1705//1705
f 1705//1705 1706//1706 1707//1707
f 1707//1707 1619//1619 1618//1618
f 1615//1615 1617//1617 1616//1616
f 1707//1707 1618//1618 1615//1615
f 1703//1703 1705//1705 1707//1707
f 2265//2265 2283//2283 1702//1702
f 1702//1702 1703//1703 1707//1707
f 1707//1707 1615//1615 1616//1616
f 1616//1616 1613//1613 1612//1612
f 1612//1612 1611//1611 1610//1610
f 1610//1610 1601//1601 1599//1599
f 1599//1599 1600//1600 1597//1597
f 1597//1597 1594//1594 1596//1596
f 1596//1596 1591//1591 1595//1595
f 1595//1595 1725//1725 1724//1724
f 1724//1724 1726//1726 1730//1730
f 1730//1730 1728//1728 1729//1729
f 1729//1729 1750//1750 1747//1747
f 1747//1747 1749//1749 1748//1748
f 1748//1748 1752//1752 1751//1751
f 1751//1751 1753//1753 1771//1771
f 1771//1771 1769//1769 1770//1770
f 1770//1770 1768//1768 1793//1793
f 1767//1767 1795//1795 1794//1794
f 1794//1794 1796//1796 1792//1792
f 1792//1792 1789//1789 1790//1790
f 1790//1790 1788//1788 1791//1791
f 1791//1791 1786//1786 1772//1772
f 1772//1772 1774//1774 1773//1773
f 1773//1773 1775//1775 1776//1776
f 1776//1776 1745//1745 1746//1746
f 1746//1746 1744//1744 1732//1732
f 1732//1732 1733//1733 1731//1731
f 1731//1731 1734//1734 1723//1723
f 1723//1723 1721//1721 1722//1722
f 1722//1722 1720//1720 1598//1598
f 1598//1598 1718//1718 1719//1719
f 1717//1717 1716//1716 1715//1715
f 1717//1717 1715//1715 1708//1708
f 1708//1708 1709//1709 1700//1700
f 1700//1700 2510//2510 2509//2509
f 2509//2509 2507//2507 2508//2508
f 2508//2508 1355//1355 1356//1356
f 1356//1356 1354//1354 1301//1301
f 1301//1301 2594//2594 1302//1302
f 1302//1302 2611//2611 1303//1303
f 1303//1303 1306//1306 1304//1304
f 1304//1304 1307//1307 1305//1305
f 1305//1305 2261//2261 2263//2263
f 2263//2263 2260//2260 2262//2262
f 2262//2262 2273//2273 2272//2272
f 2272//2272 2248//2248 2274//2274
f 2274//2274 2247//2247 2246//2246
f 2246//2246 2364//2364 2245//2245
f 2245//2245 2344//2344 2346//2346
f 2346//2346 2343//2343 2345//2345
f 2345//2345 2215//2215 2216//2216
f 2216//2216 2214//2214 2212//2212
f 2212//2212 2213//2213 2211//2211
f 2211//2211 2341//2341 2317//2317
f 2317//2317 2079//2079 2081//2081
f 2317//2317 2081//2081 2354//2354
f 2211//2211 2317//2317 2354//2354
f 2186//2186 2353//2353 2352//2352
f 2352//2352 2351//2351 2350//2350
f 2350//2350 2207//2207 2209//2209
f 2209//2209 2208//2208 2210//2210
f 2210//2210 2219//2219 2217//2217
f 2217//2217 2220//2220 2218//2218
f 2218//2218 2349//2349 2347//2347
f 2347//2347 2241//2241 2348//2348
f 2348//2348 2242//2242 2243//2243
f 2243//2243 2275//2275 2244//2244
f 2244//2244 2269//2269 2270//2270
f 2270//2270 2268//2268 2271//2271
f 2271//2271 2266//2266 2264//2264
f 2264//2264 2267//2267 2265//2265
f 1702//1702 1707//1707 1616//1616
f 2264//2264 2265//2265 1702//1702
f 2271//2271 2264//2264 1702//1702
f 1702//1702 1616//1616 1612//1612
f 1612//1612 1610//1610 1599//1599
f 1599//1599 1597//1597 1596//1596
f 1596//1596 1595//1595 1724//1724
f 1730//1730 1729//1729 1747//1747
f 1596//1596 1724//1724 1730//1730
f 1612//1612 1599//1599 1596//1596
f 2270//2270 2271//2271 1702//1702
f 1702//1702 1612//1612 1596//1596
f 1730//1730 1747//1747 1748//1748
f 1702//1702 1596//1596 1730//1730
f 1702//1702 1730//1730 1748//1748
f 1748//1748 1751//1751 1771//1771
f 1771//1771 1770//1770 1793//1793
f 1793//1793 1767//1767 1794//1794
f 1792//1792 1790//1790 1791//1791
f 1793//1793 1794//1794 1792//1792
f 1748//1748 1771//1771 1793//1793
f 1748//1748 1793//1793 1792//1792
f 1792//1792 1791//1791 1772//1772
f 1748//1748 1792//1792 1772//1772
f 1748//1748 1772//1772 1773//1773
f 1748//1748 1773//1773 1776//1776
f 1748//1748 1776//1776 1746//1746
f 1746//1746 1732//1732 1731//1731
f 1723//1723 1722//1722 1598//1598
f 1748//1748 1746//1746 1731//1731
f 1731//1731 1723//1723 1598//1598
f 1719//1719 1717//1717 1708//1708
f 1748//1748 1731//1731 1598//1598
f 1598//1598 1719//1719 1708//1708
f 1700//1700 2509//2509 2508//2508
f 1598//1598 1708//1708 1700//1700
f 1702//1702 1748//1748 1598//1598
f 1702//1702 1598//1598 1700//1700
f 2508//2508 1356//1356 1301//1301
f 1702//1702 1700//1700 2508//2508
f 2270//2270 1702//1702 2508//2508
f 1301//1301 1302//1302 1303//1303
f 2270//2270 2508//2508 1301//1301
f 2244//2244 2270//2270 1301//1301
f 1303//1303 1304//1304 1305//1305
f 2244//2244 1301//1301 1303//1303
f 2347//2347 2348//2348 2243//2243
f 2243//2243 2244//2244 1303//1303
f 1305//1305 2263//2263 2262//2262
f 2243//2243 1303//1303 1305//1305
f 2218//2218 2347//2347 2243//2243
f 2210//2210 2217//2217 2218//2218
f 2209//2209 2210//2210 2218//2218
f 2218//2218 2243//2243 1305//1305
f 1305//1305 2262//2262 2272//2272
f 2272//2272 2274//2274 2246//2246
f 2272//2272 2246//2246 2245//2245
f 2218//2218 1305//1305 2272//2272
f 2350//2350 2209//2209 2218//2218
f 2354//2354 2186//2186 2352//2352
f 2350//2350 2218//2218 2272//2272
f 2354//2354 2352//2352 2350//2350
f 2212//2212 2211//2211 2354//2354
f 2216//2216 2212//2212 2354//2354
f 2354//2354 2350//2350 2272//2272
f 2272//2272 2245//2245 2346//2346
f 2345//2345 2216//2216 2354//2354
f 2354//2354 2272//2272 2346//2346
f 2095//2095 2093//2093 2094//2094
f 2094//2094 2092//2092 1879//1879
f 2096//2096 1878//1878 1875//1875
f 2094//2094 1879//1879 2096//2096
f 2098//2098 2100//2100 2095//2095
f 2095//2095 2094//2094 2096//2096
f 1875//1875 1877//1877 1874//1874
f 2095//2095 2096//2096 1875//1875
f 2097//2097 2099//2099 2098//2098
f 2098//2098 2095//2095 1875//1875
f 1874//1874 1876//1876 1873//1873
f 2098//2098 1875//1875 1874//1874
f 1872//1872 2477//2477 2097//2097
f 2097//2097 2098//2098 1874//1874
f 1874//1874 1873//1873 1872//1872
f 592//592 5//5 596//596
f 596//596 597//597 595//595
f 595//595 594//594 593//593
f 593//593 719//719 2688//2688
f 2689//2689 2686//2686 582//582
f 593//593 2688//2688 2689//2689
f 596//596 595//595 593//593
f 591//591 590//590 592//592
f 592//592 596//596 593//593
f 593//593 2689//2689 582//582
f 586//586 587//587 589//589
f 592//592 593//593 582//582
f 586//586 589//589 591//591
f 591//591 592//592 582//582
f 1359//1359 1360//1360 1361//1361
f 1361//1361 1363//1363 1362//1362
f 1362//1362 1365//1365 1364//1364
f 1364//1364 1367//1367 1696//1696
f 1696//1696 1368//1368 1520//1520
f 1520//1520 1519//1519 1521//1521
f 1521//1521 1691//1691 1695//1695
f 1694//1694 1693//1693 1692//1692
f 1521//1521 1695//1695 1694//1694
f 1364//1364 1696//1696 1520//1520
f 1520//1520 1521//1521 1694//1694
f 1694//1694 1692//1692 1697//1697
f 1697//1697 1698//1698 1699//1699
f 1699//1699 2284//2284 2285//2285
f 2285//2285 2283//2283 2282//2282
f 2282//2282 2265//2265 2267//2267
f 2267//2267 2264//2264 2266//2266
f 2266//2266 2271//2271 2268//2268
f 2268//2268 2270//2270 2269//2269
f 2269//2269 2244//2244 2275//2275
f 2275//2275 2243//2243 2242//2242
f 2242//2242 2348//2348 2241//2241
f 2241//2241 2347//2347 2349//2349
f 2349//2349 2218//2218 2220//2220
f 2220//2220 2217//2217 2219//2219
f 2219//2219 2210//2210 2208//2208
f 2208//2208 2209//2209 2207//2207
f 2207//2207 2350//2350 2351//2351
f 2351//2351 2352//2352 2353//2353
f 2353//2353 2186//2186 2185//2185
f 2187//2187 2184//2184 2182//2182
f 2353//2353 2185//2185 2187//2187
f 2207//2207 2351//2351 2353//2353
f 2208//2208 2207//2207 2353//2353
f 2353//2353 2187//2187 2182//2182
f 2182//2182 2410//2410 2190//2190
f 2188//2188 2191//2191 2189//2189
f 2182//2182 2190//2190 2188//2188
f 2208//2208 2353//2353 2182//2182
f 2219//2219 2208//2208 2182//2182
f 2219//2219 2182//2182 2188//2188
f 2220//2220 2219//2219 2188//2188
f 2189//2189 2357//2357 2358//2358
f 2220//2220 2188//2188 2189//2189
f 2349//2349 2220//2220 2189//2189
f 2358//2358 2356//2356 2355//2355
f 2349//2349 2189//2189 2358//2358
f 2241//2241 2349//2349 2358//2358
f 2355//2355 2361//2361 2362//2362
f 2241//2241 2358//2358 2355//2355
f 2269//2269 2275//2275 2242//2242
f 2242//2242 2241//2241 2355//2355
f 2362//2362 2206//2206 2363//2363
f 2268//2268 2269//2269 2242//2242
f 2267//2267 2266//2266 2268//2268
f 1699//1699 2285//2285 2282//2282
f 2282//2282 2267//2267 2268//2268
f 2355//2355 2362//2362 2363//2363
f 2363//2363 2228//2228 2229//2229
f 2229//2229 2223//2223 2221//2221
f 2221//2221 2224//2224 2222//2222
f 2222//2222 2237//2237 2238//2238
f 2238//2238 2240//2240 2239//2239
f 2239//2239 2280//2280 2281//2281
f 2281//2281 2279//2279 2276//2276
f 2276//2276 2278//2278 2277//2277
f 2277//2277 1357//1357 1358//1358
f 1358//1358 1359//1359 1361//1361
f 1362//1362 1364//1364 1520//1520
f 1358//1358 1361//1361 1362//1362
f 2276//2276 2277//2277 1358//1358
f 2238//2238 2239//2239 2281//2281
f 2281//2281 2276//2276 1358//1358
f 1358//1358 1362//1362 1520//1520
f 1520//1520 1694//1694 1697//1697
f 1699//1699 2282//2282 2268//2268
f 1520//1520 1697//1697 1699//1699
f 2238//2238 2281//2281 1358//1358
f 2221//2221 2222//2222 2238//2238
f 2363//2363 2229//2229 2221//2221
f 2242//2242 2355//2355 2363//2363
f 1699//1699 2268//2268 2242//2242
f 1358//1358 1520//1520 1699//1699
f 2221//2221 2238//2238 1358//1358
f 2242//2242 2363//2363 2221//2221
f 1358//1358 1699//1699 2242//2242
f 2565//2565 1451//1451 1450//1450
f 1450//1450 1449//1449 1453//1453
f 1454//1454 1455//1455 1463//1463
f 1450//1450 1453//1453 1454//1454
f 1457//1457 2565//2565 1450//1450
f 1456//1456 1457//1457 1450//1450
f 1456//1456 1450//1450 1454//1454
f 1461//1461 1459//1459 1460//1460
f 1460//1460 1456//1456 1454//1454
f 1460//1460 1454//1454 1463//1463
f 1464//1464 1461//1461 1460//1460
f 1819//1819 1465//1465 1464//1464
f 1460//1460 1463//1463 1462//1462
f 1462//1462 1819//1819 1464//1464
f 2582//2582 2576//2576 2575//2575
f 2574//2574 1453//1453 1449//1449
f 2582//2582 2575//2575 2574//2574
f 2582//2582 2574//2574 1449//1449
f 1449//1449 1450//1450 1451//1451
f 1449//1449 1451//1451 1452//1452
f 2581//2581 2582//2582 1449//1449
f 2583//2583 5//5 2580//2580
f 2580//2580 2581//2581 1449//1449
f 1449//1449 1452//1452 2592//2592
f 2592//2592 2587//2587 2586//2586
f 2585//2585 2584//2584 2583//2583
f 2592//2592 2586//2586 2585//2585
f 2583//2583 2580//2580 1449//1449
f 2592//2592 2585//2585 2583//2583
f 796//796 795//795 794//794
f 794//794 792//792 793//793
f 793//793 812//812 811//811
f 811//811 813//813 824//824
f 824//824 908//908 906//906
f 907//907 905//905 823//823
f 824//824 906//906 907//907
f 783//783 797//797 796//796
f 782//782 784//784 783//783
f 780//780 779//779 782//782
f 781//781 778//778 780//780
f 537//537 767//767 781//781
f 548//548 765//765 537//537
f 549//549 763//763 548//548
f 552//552 550//550 549//549
f 551//551 553//553 552//552
f 478//478 476//476 551//551
f 473//473 475//475 478//478
f 470//470 474//474 473//473
f 543//543 472//472 470//470
f 544//544 545//545 479//479
f 479//479 543//543 470//470
f 470//470 473//473 478//478
f 551//551 552//552 549//549
f 470//470 478//478 551//551
f 544//544 479//479 470//470
f 547//547 546//546 544//544
f 536//536 542//542 547//547
f 535//535 540//540 536//536
f 534//534 533//533 535//535
f 798//798 532//532 534//534
f 802//802 799//799 798//798
f 803//803 801//801 802//802
f 804//804 806//806 803//803
f 810//810 805//805 804//804
f 814//814 809//809 810//810
f 823//823 815//815 814//814
f 824//824 907//907 823//823
f 781//781 780//780 782//782
f 537//537 781//781 782//782
f 548//548 537//537 782//782
f 470//470 551//551 549//549
f 544//544 470//470 549//549
f 536//536 547//547 544//544
f 798//798 534//534 535//535
f 536//536 544//544 549//549
f 798//798 535//535 536//536
f 803//803 802//802 798//798
f 810//810 804//804 803//803
f 823//823 814//814 810//810
f 811//811 824//824 823//823
f 793//793 811//811 823//823
f 823//823 810//810 803//803
f 803//803 798//798 536//536
f 536//536 549//549 548//548
f 536//536 548//548 782//782
f 793//793 823//823 803//803
f 794//794 793//793 803//803
f 803//803 536//536 782//782
f 803//803 782//782 783//783
f 796//796 794//794 803//803
f 2139//2139 2138//2138 2137//2137
f 2137//2137 2136//2136 2135//2135
f 2135//2135 2163//2163 2164//2164
f 2164//2164 2130//2130 2131//2131
f 2131//2131 355//355 356//356
f 356//356 354//354 348//348
f 348//348 350//350 349//349
f 349//349 352//352 351//351
f 351//351 353//353 1853//1853
f 1853//1853 1855//1855 1854//1854
f 1854//1854 1846//1846 1848//1848
f 1848//1848 1847//1847 1849//1849
f 1849//1849 1844//1844 1843//1843
f 1843//1843 1845//1845 1842//1842
f 1842//1842 2522//2522 2521//2521
f 2521//2521 2523//2523 2519//2519
f 2519//2519 2524//2524 2518//2518
f 2518//2518 1912//1912 1909//1909
f 1909//1909 1907//1907 1908//1908
f 1908//1908 2050//2050 2485//2485
f 2485//2485 2484//2484 2487//2487
f 2486//2486 2488//2488 2489//2489
f 2485//2485 2487//2487 2486//2486
f 1909//1909 1908//1908 2485//2485
f 2521//2521 2519//2519 2518//2518
f 2518//2518 1909//1909 2485//2485
f 2518//2518 2485//2485 2486//2486
f 1842//1842 2521//2521 2518//2518
f 1849//1849 1843//1843 1842//1842
f 1854//1854 1848//1848 1849//1849
f 349//349 351//351 1853//1853
f 1853//1853 1854//1854 1849//1849
f 1849//1849 1842//1842 2518//2518
f 2518//2518 2486//2486 2489//2489
f 2489//2489 1914//1914 1913//1913
f 1913//1913 2515//2515 2525//2525
f 2525//2525 2516//2516 2517//2517
f 2517//2517 1841//1841 2520//2520
f 2520//2520 339//339 340//340
f 340//340 341//341 342//342
f 342//342 343//343 1850//1850
f 1850//1850 344//344 1851//1851
f 1851//1851 345//345 1852//1852
f 1852//1852 346//346 347//347
f 347//347 330//330 331//331
f 331//331 327//327 329//329
f 329//329 328//328 357//357
f 357//357 358//358 2444//2444
f 2444//2444 2443//2443 2132//2132
f 2132//2132 2442//2442 2133//2133
f 2133//2133 2441//2441 2134//2134
f 2134//2134 2437//2437 2434//2434
f 2434//2434 2435//2435 2433//2433
f 2433//2433 2436//2436 2432//2432
f 2432//2432 993//993 994//994
f 994//994 992//992 995//995
f 995//995 2651//2651 996//996
f 996//996 944//944 685//685
f 685//685 686//686 684//684
f 684//684 681//681 683//683
f 683//683 680//680 682//682
f 682//682 678//678 979//979
f 979//979 2650//2650 2637//2637
f 2637//2637 2649//2649 2638//2638
f 2638//2638 2639//2639 2640//2640
f 2640//2640 2642//2642 1019//1019
f 1019//1019 1020//1020 1018//1018
f 1018//1018 1021//1021 1017//1017
f 1017//1017 1022//1022 1023//1023
f 1023//1023 1046//1046 1025//1025
f 1025//1025 1044//1044 1045//1045
f 1045//1045 1043//1043 1042//1042
f 1042//1042 1051//1051 1169//1169
f 1169//1169 1139//1139 1170//1170
f 1170//1170 1138//1138 1171//1171
f 1171//1171 1132//1132 1131//1131
f 1131//1131 1133//1133 1130//1130
f 1130//1130 1145//1145 1146//1146
f 1146//1146 1148//1148 1147//1147
f 1147//1147 1168//1168 1155//1155
f 1155//1155 1156//1156 1154//1154
f 1154//1154 1152//1152 1153//1153
f 1153//1153 1151//1151 1149//1149
f 1149//1149 1127//1127 1150//1150
f 1150//1150 1128//1128 1129//1129
f 1129//1129 1173//1173 1172//1172
f 1172//1172 1038//1038 1039//1039
f 1039//1039 1037//1037 1040//1040
f 1040//1040 1030//1030 1041//1041
f 1041//1041 1027//1027 1026//1026
f 1026//1026 1009//1009 1010//1010
f 1010//1010 1011//1011 1024//1024
f 1024//1024 1012//1012 1014//1014
f 1014//1014 1013//1013 1016//1016
f 1016//1016 1015//1015 2626//2626
f 2626//2626 2627//2627 2641//2641
f 2641//2641 2628//2628 2629//2629
f 2629//2629 2630//2630 981//981
f 981//981 982//982 980//980
f 980//980 983//983 985//985
f 985//985 986//986 987//987
f 987//987 984//984 978//978
f 978//978 2142//2142 2140//2140
f 2140//2140 2141//2141 2139//2139
f 2139//2139 2137//2137 2135//2135
f 2135//2135 2164//2164 2131//2131
f 356//356 348//348 349//349
f 2135//2135 2131//2131 356//356
f 978//978 2140//2140 2139//2139
f 2135//2135 356//356 349//349
f 978//978 2139//2139 2135//2135
f 985//985 987//987 978//978
f 2629//2629 981//981 980//980
f 980//980 985//985 978//978
f 2135//2135 349//349 1853//1853
f 2135//2135 1853//1853 1849//1849
f 1849//1849 2518//2518 2489//2489
f 1849//1849 2489//2489 1913//1913
f 2135//2135 1849//1849 1913//1913
f 2135//2135 1913//1913 2525//2525
f 978//978 2135//2135 2525//2525
f 978//978 2525//2525 2517//2517
f 2641//2641 2629//2629 980//980
f 978//978 2517//2517 2520//2520
f 2626//2626 2641//2641 980//980
f 1016//1016 2626//2626 980//980
f 1024//1024 1014//1014 1016//1016
f 1026//1026 1010//1010 1024//1024
f 1040//1040 1041//1041 1026//1026
f 1172//1172 1039//1039 1040//1040
f 1149//1149 1150//1150 1129//1129
f 1129//1129 1172//1172 1040//1040
f 1026//1026 1024//1024 1016//1016
f 1129//1129 1040//1040 1026//1026
f 1154//1154 1153//1153 1149//1149
f 1147//1147 1155//1155 1154//1154
f 1130//1130 1146//1146 1147//1147
f 1171//1171 1131//1131 1130//1130
f 1169//1169 1170//1170 1171//1171
f 1042//1042 1169//1169 1171//1171
f 1130//1130 1147//1147 1154//1154
f 1042//1042 1171//1171 1130//1130
f 1130//1130 1154//1154 1149//1149
f 1130//1130 1149//1149 1129//1129
f 1042//1042 1130//1130 1129//1129
f 2520//2520 340//340 342//342
f 342//342 1850//1850 1851//1851
f 342//342 1851//1851 1852//1852
f 978//978 2520//2520 342//342
f 978//978 342//342 1852//1852
f 347//347 331//331 329//329
f 978//978 1852//1852 347//347
f 347//347 329//329 357//357
f 357//357 2444//2444 2132//2132
f 2133//2133 2134//2134 2434//2434
f 357//357 2132//2132 2133//2133
f 978//978 347//347 357//357
f 978//978 357//357 2133//2133
f 2133//2133 2434//2434 2433//2433
f 2133//2133 2433//2433 2432//2432
f 2133//2133 2432//2432 994//994
f 994//994 995//995 996//996
f 996//996 685//685 684//684
f 683//683 682//682 979//979
f 996//996 684//684 683//683
f 978//978 2133//2133 994//994
f 994//994 996//996 683//683
f 994//994 683//683 979//979
f 978//978 994//994 979//979
f 978//978 979//979 2637//2637
f 980//980 978//978 2637//2637
f 2638//2638 2640//2640 1019//1019
f 980//980 2637//2637 2638//2638
f 1042//1042 1129//1129 1026//1026
f 1045//1045 1042//1042 1026//1026
f 1016//1016 980//980 2638//2638
f 1016//1016 2638//2638 1019//1019
f 1025//1025 1045//1045 1026//1026
f 1023//1023 1025//1025 1026//1026
f 1016//1016 1019//1019 1018//1018
f 1017//1017 1023//1023 1026//1026
f 1016//1016 1018//1018 1017//1017
f 2700//2700 2701//2701 2699//2699
f 2699//2699 2694//2694 2705//2705
f 2705//2705 2706//2706 452//452
f 452//452 2738//2738 451//451
f 451//451 450//450 565//565
f 565//565 559//559 462//462
f 462//462 463//463 469//469
f 469//469 468//468 470//470
f 470//470 472//472 480//480
f 471//471 481//481 467//467
f 470//470 480//480 471//471
f 565//565 462//462 469//469
f 469//469 470//470 471//471
f 467//467 466//466 464//464
f 469//469 471//471 467//467
f 452//452 451//451 565//565
f 565//565 469//469 467//467
f 464//464 465//465 454//454
f 565//565 467//467 464//464
f 2705//2705 452//452 565//565
f 2700//2700 2699//2699 2705//2705
f 2704//2704 2703//2703 2700//2700
f 448//448 447//447 2704//2704
f 453//453 456//456 448//448
f 454//454 455//455 453//453
f 565//565 464//464 454//454
f 2700//2700 2705//2705 565//565
f 448//448 2704//2704 2700//2700
f 454//454 453//453 448//448
f 2700//2700 565//565 454//454
f 290//290 299//299 289//289
f 289//289 278//278 279//279
f 279//279 277//277 276//276
f 276//276 247//247 249//249
f 276//276 249//249 251//251
f 289//289 279//279 276//276
f 297//297 298//298 290//290
f 290//290 289//289 276//276
f 276//276 251//251 237//237
f 237//237 235//235 234//234
f 234//234 255//255 254//254
f 254//254 253//253 252//252
f 252//252 274//274 275//275
f 275//275 282//282 281//281
f 281//281 283//283 280//280
f 280//280 292//292 291//291
f 291//291 192//192 293//293
f 293//293 2746//2746 294//294
f 294//294 186//186 185//185
f 185//185 183//183 184//184
f 184//184 182//182 171//171
f 171//171 176//176 177//177
f 178//178 179//179 180//180
f 171//171 177//177 178//178
f 185//185 184//184 171//171
f 293//293 294//294 185//185
f 280//280 291//291 293//293
f 293//293 185//185 171//171
f 171//171 178//178 180//180
f 180//180 383//383 181//181
f 181//181 381//381 382//382
f 382//382 312//312 311//311
f 311//311 313//313 309//309
f 309//309 310//310 308//308
f 308//308 306//306 307//307
f 307//307 305//305 295//295
f 295//295 296//296 297//297
f 290//290 276//276 237//237
f 295//295 297//297 290//290
f 308//308 307//307 295//295
f 311//311 309//309 308//308
f 382//382 311//311 308//308
f 308//308 295//295 290//290
f 237//237 234//234 254//254
f 237//237 254//254 252//252
f 308//308 290//290 237//237
f 181//181 382//382 308//308
f 171//171 180//180 181//181
f 280//280 293//293 171//171
f 281//281 280//280 171//171
f 171//171 181//181 308//308
f 308//308 237//237 252//252
f 275//275 281//281 171//171
f 308//308 252//252 275//275
f 437//437 436//436 2725//2725
f 2725//2725 430//430 428//428
f 428//428 429//429 415//415
f 415//415 413//413 414//414
f 414//414 412//412 407//407
f 407//407 410//410 409//409
f 409//409 411//411 397//397
f 397//397 399//399 408//408
f 408//408 405//405 406//406
f 406//406 404//404 416//416
f 416//416 418//418 417//417
f 417//417 426//426 427//427
f 427//427 425//425 2726//2726
f 2726//2726 424//424 2724//2724
f 2728//2728 2729//2729 2716//2716
f 2716//2716 2717//2717 2715//2715
f 2714//2714 369//369 370//370
f 2716//2716 2715//2715 2714//2714
f 2727//2727 2728//2728 2716//2716
f 2726//2726 2724//2724 2722//2722
f 417//417 427//427 2726//2726
f 406//406 416//416 417//417
f 397//397 408//408 406//406
f 407//407 409//409 397//397
f 428//428 415//415 414//414
f 414//414 407//407 397//397
f 397//397 406//406 417//417
f 417//417 2726//2726 2722//2722
f 2722//2722 2727//2727 2716//2716
f 2714//2714 370//370 380//380
f 414//414 397//397 417//417
f 428//428 414//414 417//417
f 380//380 371//371 2742//2742
f 2742//2742 2739//2739 2740//2740
f 2740//2740 2741//2741 394//394
f 2740//2740 394//394 2719//2719
f 380//380 2742//2742 2740//2740
f 2714//2714 380//380 2740//2740
f 2714//2714 2740//2740 2719//2719
f 428//428 417//417 2722//2722
f 2721//2721 437//437 2725//2725
f 2725//2725 428//428 2722//2722
f 2716//2716 2714//2714 2719//2719
f 2718//2718 2720//2720 2721//2721
f 2716//2716 2719//2719 2718//2718
f 2721//2721 2725//2725 2722//2722
f 2722//2722 2716//2716 2718//2718
f 2547//2547 2546//2546 2552//2552
f 2552//2552 2544//2544 2543//2543
f 2543//2543 1801//1801 1804//1804
f 1804//1804 1802//1802 1803//1803
f 1803//1803 1808//1808 1806//1806
f 1806//1806 1807//1807 1805//1805
f 1805//1805 1812//1812 1813//1813
f 1813//1813 1811//1811 1825//1825
f 1825//1825 1823//1823 1824//1824
f 1824//1824 1822//1822 1821//1821
f 1821//1821 1756//1756 1757//1757
f 1757//1757 1820//1820 1814//1814
f 1814//1814 1815//1815 2549//2549
f 2548//2548 2550//2550 1738//1738
f 1814//1814 2549//2549 2548//2548
f 1821//1821 1757//1757 1814//1814
f 1825//1825 1824//1824 1821//1821
f 1805//1805 1813//1813 1825//1825
f 1803//1803 1806//1806 1805//1805
f 2543//2543 1804//1804 1803//1803
f 2552//2552 2543//2543 1803//1803
f 1803//1803 1805//1805 1825//1825
f 1825//1825 1821//1821 1814//1814
f 1803//1803 1825//1825 1814//1814
f 2552//2552 1803//1803 1814//1814
f 2552//2552 1814//1814 2548//2548
f 1782//1782 1781//1781 2547//2547
f 2547//2547 2552//2552 2548//2548
f 1738//1738 1742//1742 1741//1741
f 1741//1741 1743//1743 2551//2551
f 2551//2551 1780//1780 1782//1782
f 1782//1782 2547//2547 2548//2548
f 1738//1738 1741//1741 2551//2551
f 2551//2551 1782//1782 2548//2548
f 1548//1548 1549//1549 1546//1546
f 2579//2579 2580//2580 5//5
f 5//5 38//38 39//39
f 39//39 40//40 2578//2578
f 2578//2578 2579//2579 5//5
f 2423//2423 2425//2425 2424//2424
f 1417//1417 1489//1489 1448//1448
f 2593//2593 1283//1283 2592//2592
f 1417//1417 1448//1448 2593//2593
f 2562//2562 1493//1493 1417//1417
f 2564//2564 2561//2561 2562//2562
f 2592//2592 1452//1452 2563//2563
f 2563//2563 2564//2564 2562//2562
f 2593//2593 2592//2592 2563//2563
f 2563//2563 2562//2562 1417//1417
f 16//16 15//15 113//113
f 113//113 112//112 109//109
f 109//109 110//110 106//106
f 107//107 108//108 129//129
f 109//109 106//106 107//107
f 16//16 113//113 109//109
f 18//18 2767//2767 16//16
f 2765//2765 2764//2764 2766//2766
f 2765//2765 2766//2766 18//18
f 2770//2770 25//25 2765//2765
f 21//21 24//24 2770//2770
f 17//17 20//20 19//19
f 19//19 21//21 2770//2770
f 2770//2770 2765//2765 18//18
f 16//16 109//109 107//107
f 19//19 2770//2770 18//18
f 16//16 107//107 129//129
f 19//19 18//18 16//16
f 129//129 130//130 17//17
f 17//17 19//19 16//16
f 2084//2084 2086//2086 2107//2107
f 2109//2109 2108//2108 2110//2110
f 2084//2084 2107//2107 2109//2109
f 2183//2183 2082//2082 2084//2084
f 2182//2182 2184//2184 2183//2183
f 2181//2181 2410//2410 2182//2182
f 2111//2111 2113//2113 2181//2181
f 2110//2110 2112//2112 2111//2111
f 2084//2084 2109//2109 2110//2110
f 2182//2182 2183//2183 2084//2084
f 2111//2111 2181//2181 2182//2182
f 2084//2084 2110//2110 2111//2111
f 1083//1083 1095//1095 1164//1164
f 1164//1164 1160//1160 1141//1141
f 1141//1141 1070//1070 1071//1071
f 1071//1071 1083//1083 1164//1164
f 2564//2564 2563//2563 1452//1452
f 1451//1451 2565//2565 2560//2560
f 2564//2564 1452//1452 1451//1451
f 1493//1493 2562//2562 2561//2561
f 2561//2561 2564//2564 1451//1451
f 2560//2560 2566//2566 2559//2559
f 2561//2561 1451//1451 2560//2560
f 1488//1488 1493//1493 2561//2561
f 1485//1485 1487//1487 1488//1488
f 2568//2568 1484//1484 2569//2569
f 2569//2569 1485//1485 1488//1488
f 2561//2561 2560//2560 2559//2559
f 2558//2558 2568//2568 2569//2569
f 2561//2561 2559//2559 2558//2558
f 2569//2569 1488//1488 2561//2561
f 2054//2054 2052//2052 2049//2049
f 2049//2049 2047//2047 2048//2048
f 2048//2048 2046//2046 2490//2490
f 2490//2490 2484//2484 2485//2485
f 2050//2050 1908//1908 2051//2051
f 2490//2490 2485//2485 2050//2050
f 2049//2049 2048//2048 2490//2490
f 2053//2053 2054//2054 2049//2049
f 1901//1901 2055//2055 2053//2053
f 2051//2051 1906//1906 1904//1904
f 1904//1904 1901//1901 2053//2053
f 2049//2049 2490//2490 2050//2050
f 1904//1904 2053//2053 2049//2049
f 2050//2050 2051//2051 1904//1904
f 2393//2393 2034//2034 2033//2033
f 2387//2387 2035//2035 2385//2385
f 2393//2393 2033//2033 2387//2387
f 2389//2389 2390//2390 2391//2391
f 2391//2391 2393//2393 2387//2387
f 2385//2385 2386//2386 2384//2384
f 2391//2391 2387//2387 2385//2385
f 2388//2388 2389//2389 2391//2391
f 2379//2379 2378//2378 2388//2388
f 2382//2382 2380//2380 2379//2379
f 2383//2383 2381//2381 2382//2382
f 2385//2385 2384//2384 2383//2383
f 2388//2388 2391//2391 2385//2385
f 2382//2382 2379//2379 2388//2388
f 2385//2385 2383//2383 2382//2382
f 2317//2317 2341//2341 2340//2340
f 2340//2340 2339//2339 2318//2318
f 2318//2318 2314//2314 2315//2315
f 2315//2315 2078//2078 2316//2316
f 2316//2316 2080//2080 2317//2317
f 2317//2317 2340//2340 2318//2318
f 2318//2318 2315//2315 2316//2316
f 2740//2740 392//392 393//393
f 393//393 394//394 2741//2741
f 263//263 229//229 228//228
f 2389//2389 2388//2388 2378//2378
f 2378//2378 2379//2379 1892//1892
f 1892//1892 1894//1894 1893//1893
f 1893//1893 1895//1895 1879//1879
f 2377//2377 2306//2306 2304//2304
f 1893//1893 1879//1879 2377//2377
f 2389//2389 2378//2378 1892//1892
f 1892//1892 1893//1893 2377//2377
f 2304//2304 2305//2305 2303//2303
f 2389//2389 1892//1892 2377//2377
f 2304//2304 2303//2303 2302//2302
f 2389//2389 2377//2377 2304//2304
f 2396//2396 2392//2392 2390//2390
f 2390//2390 2389//2389 2304//2304
f 2304//2304 2302//2302 2301//2301
f 2301//2301 2299//2299 2395//2395
f 2395//2395 2394//2394 2396//2396
f 2396//2396 2390//2390 2304//2304
f 2304//2304 2301//2301 2395//2395
f 2324//2324 2321//2321 2323//2323
f 2323//2323 2322//2322 2326//2326
f 2325//2325 2327//2327 2369//2369
f 2323//2323 2326//2326 2325//2325
f 2308//2308 2310//2310 2324//2324
f 2324//2324 2323//2323 2325//2325
f 2325//2325 2369//2369 2372//2372
f 2372//2372 2370//2370 2373//2373
f 2373//2373 2371//2371 2374//2374
f 2374//2374 2307//2307 2309//2309
f 2308//2308 2324//2324 2325//2325
f 2374//2374 2309//2309 2308//2308
f 2372//2372 2373//2373 2374//2374
f 2308//2308 2325//2325 2372//2372
f 738//738 730//730 734//734
f 734//734 732//732 733//733
f 733//733 727//727 735//735
f 975//975 976//976 717//717
f 733//733 735//735 975//975
f 734//734 733//733 975//975
f 734//734 975//975 717//717
f 737//737 956//956 738//738
f 737//737 738//738 734//734
f 736//736 737//737 734//734
f 941//941 870//870 942//942
f 935//935 2652//2652 941//941
f 932//932 933//933 931//931
f 2654//2654 934//934 932//932
f 877//877 2653//2653 2654//2654
f 876//876 874//874 877//877
f 875//875 873//873 876//876
f 2668//2668 872//872 875//875
f 858//858 2669//2669 2668//2668
f 857//857 2673//2673 858//858
f 859//859 2674//2674 857//857
f 861//861 860//860 859//859
f 844//844 862//862 861//861
f 965//965 967//967 844//844
f 835//835 964//964 965//965
f 832//832 834//834 835//835
f 830//830 833//833 832//832
f 829//829 831//831 830//830
f 828//828 958//958 829//829
f 836//836 839//839 837//837
f 841//841 838//838 836//836
f 843//843 840//840 841//841
f 845//845 842//842 843//843
f 846//846 847//847 845//845
f 855//855 848//848 846//846
f 856//856 854//854 855//855
f 2667//2667 853//853 856//856
f 878//878 2663//2663 2667//2667
f 879//879 881//881 878//878
f 880//880 882//882 879//879
f 926//926 883//883 880//880
f 2655//2655 925//925 926//926
f 2656//2656 927//927 2655//2655
f 930//930 928//928 2656//2656
f 914//914 929//929 930//930
f 936//936 915//915 914//914
f 937//937 913//913 936//936
f 939//939 938//938 937//937
f 2468//2468 940//940 939//939
f 991//991 2468//2468 939//939
f 939//939 937//937 936//936
f 936//936 914//914 930//930
f 930//930 2656//2656 2655//2655
f 2655//2655 926//926 880//880
f 2655//2655 880//880 879//879
f 936//936 930//930 2655//2655
f 2438//2438 991//991 939//939
f 936//936 2655//2655 879//879
f 2438//2438 939//939 936//936
f 2440//2440 2439//2439 2438//2438
f 2445//2445 2453//2453 2440//2440
f 2446//2446 2447//2447 2445//2445
f 359//359 2448//2448 2446//2446
f 360//360 361//361 359//359
f 338//338 362//362 360//360
f 337//337 332//332 338//338
f 336//336 334//334 337//337
f 1836//1836 335//335 336//336
f 1834//1834 1837//1837 1836//1836
f 1833//1833 1835//1835 1834//1834
f 1915//1915 1832//1832 1833//1833
f 1950//1950 1916//1916 1915//1915
f 1947//1947 1949//1949 1950//1950
f 1946//1946 1948//1948 1947//1947
f 1951//1951 1945//1945 1946//1946
f 2504//2504 1952//1952 1951//1951
f 2501//2501 2503//2503 2504//2504
f 2490//2490 2491//2491 2502//2502
f 2502//2502 2501//2501 2504//2504
f 2504//2504 1951//1951 1946//1946
f 1946//1946 1947//1947 1950//1950
f 1946//1946 1950//1950 1915//1915
f 2502//2502 2504//2504 1946//1946
f 2484//2484 2490//2490 2502//2502
f 2488//2488 2486//2486 2487//2487
f 2487//2487 2484//2484 2502//2502
f 2502//2502 1946//1946 1915//1915
f 2502//2502 1915//1915 1833//1833
f 2488//2488 2487//2487 2502//2502
f 1914//1914 2489//2489 2488//2488
f 2515//2515 1913//1913 1914//1914
f 2516//2516 2525//2525 2515//2515
f 1841//1841 2517//2517 2516//2516
f 339//339 2520//2520 1841//1841
f 341//341 340//340 339//339
f 343//343 342//342 341//341
f 344//344 1850//1850 343//343
f 345//345 1851//1851 344//344
f 346//346 1852//1852 345//345
f 330//330 347//347 346//346
f 327//327 331//331 330//330
f 328//328 329//329 327//327
f 358//358 357//357 328//328
f 2443//2443 2444//2444 358//358
f 2442//2442 2132//2132 2443//2443
f 2441//2441 2133//2133 2442//2442
f 2437//2437 2134//2134 2441//2441
f 2435//2435 2434//2434 2437//2437
f 2436//2436 2433//2433 2435//2435
f 993//993 2432//2432 2436//2436
f 992//992 994//994 993//993
f 2651//2651 995//995 992//992
f 944//944 996//996 2651//2651
f 686//686 685//685 944//944
f 681//681 684//684 686//686
f 680//680 683//683 681//681
f 678//678 682//682 680//680
f 2650//2650 979//979 678//678
f 2649//2649 2637//2637 2650//2650
f 679//679 676//676 2648//2648
f 2648//2648 2649//2649 2650//2650
f 678//678 680//680 681//681
f 679//679 2648//2648 2650//2650
f 687//687 688//688 679//679
f 690//690 691//691 687//687
f 948//948 692//692 690//690
f 945//945 947//947 948//948
f 943//943 946//946 945//945
f 954//954 955//955 943//943
f 945//945 948//948 690//690
f 687//687 679//679 2650//2650
f 945//945 690//690 687//687
f 945//945 687//687 2650//2650
f 678//678 681//681 686//686
f 945//945 2650//2650 678//678
f 945//945 678//678 686//686
f 944//944 2651//2651 992//992
f 945//945 686//686 944//944
f 943//943 945//945 944//944
f 992//992 993//993 2436//2436
f 943//943 944//944 992//992
f 954//954 943//943 992//992
f 992//992 2436//2436 2435//2435
f 992//992 2435//2435 2437//2437
f 950//950 954//954 992//992
f 736//736 734//734 717//717
f 950//950 992//992 2437//2437
f 953//953 736//736 717//717
f 953//953 717//717 950//950
f 942//942 953//953 950//950
f 942//942 950//950 2437//2437
f 941//941 942//942 2437//2437
f 2441//2441 2442//2442 2443//2443
f 941//941 2437//2437 2441//2441
f 935//935 941//941 2441//2441
f 935//935 2441//2441 2443//2443
f 931//931 935//935 2443//2443
f 358//358 328//328 327//327
f 931//931 2443//2443 358//358
f 932//932 931//931 358//358
f 327//327 330//330 346//346
f 875//875 876//876 877//877
f 2668//2668 875//875 877//877
f 859//859 857//857 858//858
f 844//844 861//861 859//859
f 965//965 844//844 859//859
f 825//825 828//828 829//829
f 837//837 825//825 829//829
f 837//837 829//829 830//830
f 843//843 841//841 836//836
f 836//836 837//837 830//830
f 836//836 830//830 832//832
f 845//845 843//843 836//836
f 855//855 846//846 845//845
f 2667//2667 856//856 855//855
f 936//936 879//879 878//878
f 878//878 2667//2667 855//855
f 845//845 836//836 832//832
f 878//878 855//855 845//845
f 845//845 832//832 835//835
f 845//845 835//835 965//965
f 2445//2445 2440//2440 2438//2438
f 878//878 845//845 965//965
f 878//878 965//965 859//859
f 878//878 859//859 858//858
f 878//878 858//858 2668//2668
f 878//878 2668//2668 877//877
f 878//878 877//877 2654//2654
f 936//936 878//878 2654//2654
f 327//327 346//346 345//345
f 327//327 345//345 344//344
f 936//936 2654//2654 932//932
f 936//936 932//932 358//358
f 327//327 344//344 343//343
f 2438//2438 936//936 358//358
f 2445//2445 2438//2438 358//358
f 327//327 343//343 341//341
f 2445//2445 358//358 327//327
f 2446//2446 2445//2445 327//327
f 327//327 341//341 339//339
f 339//339 1841//1841 2516//2516
f 2516//2516 2515//2515 1914//1914
f 1914//1914 2488//2488 2502//2502
f 2502//2502 1833//1833 1834//1834
f 1834//1834 1836//1836 336//336
f 336//336 337//337 338//338
f 338//338 360//360 359//359
f 359//359 2446//2446 327//327
f 339//339 2516//2516 1914//1914
f 359//359 327//327 339//339
f 1834//1834 336//336 338//338
f 338//338 359//359 339//339
f 339//339 1914//1914 2502//2502
f 2502//2502 1834//1834 338//338
f 1675//1675 1672//1672 1673//1673
f 1673//1673 1668//1668 1667//1667
f 1667//1667 1658//1658 1659//1659
f 1659//1659 1656//1656 1657//1657
f 1657//1657 1646//1646 1645//1645
f 1645//1645 1628//1628 1629//1629
f 1629//1629 1631//1631 1630//1630
f 1630//1630 1535//1535 1537//1537
f 1537//1537 1536//1536 1538//1538
f 1538//1538 1544//1544 1542//1542
f 1542//1542 1545//1545 1546//1546
f 1546//1546 1549//1549 1550//1550
f 1516//1516 1524//1524 1517//1517
f 1546//1546 1550//1550 1516//1516
f 1542//1542 1546//1546 1516//1516
f 1517//1517 1525//1525 1518//1518
f 1630//1630 1537//1537 1538//1538
f 1645//1645 1629//1629 1630//1630
f 1659//1659 1657//1657 1645//1645
f 1673//1673 1667//1667 1659//1659
f 1575//1575 1576//1576 1675//1675
f 1666//1666 1574//1574 1575//1575
f 1664//1664 1573//1573 1666//1666
f 1660//1660 1665//1665 1664//1664
f 1662//1662 1661//1661 1660//1660
f 1644//1644 1663//1663 1662//1662
f 1643//1643 1642//1642 1644//1644
f 1634//1634 1641//1641 1643//1643
f 1539//1539 1635//1635 1634//1634
f 1541//1541 1636//1636 1539//1539
f 1543//1543 1540//1540 1541//1541
f 1551//1551 1552//1552 1543//1543
f 1515//1515 1509//1509 1551//1551
f 1512//1512 1508//1508 1511//1511
f 1512//1512 1511//1511 1515//1515
f 1514//1514 1513//1513 1512//1512
f 1389//1389 1390//1390 1514//1514
f 1387//1387 1386//1386 1389//1389
f 1388//1388 1385//1385 1387//1387
f 1382//1382 1384//1384 1388//1388
f 1381//1381 1383//1383 1382//1382
f 1376//1376 1377//1377 1381//1381
f 1366//1366 1378//1378 1375//1375
f 1376//1376 1381//1381 1382//1382
f 1374//1374 1366//1366 1375//1375
f 1375//1375 1376//1376 1382//1382
f 1382//1382 1388//1388 1387//1387
f 1387//1387 1389//1389 1514//1514
f 1514//1514 1512//1512 1515//1515
f 1375//1375 1382//1382 1387//1387
f 1373//1373 1369//1369 1374//1374
f 1374//1374 1375//1375 1387//1387
f 1374//1374 1387//1387 1514//1514
f 1372//1372 1370//1370 1373//1373
f 1373//1373 1374//1374 1514//1514
f 1373//1373 1514//1514 1515//1515
f 1518//1518 1371//1371 1372//1372
f 1541//1541 1539//1539 1634//1634
f 1634//1634 1643//1643 1644//1644
f 1644//1644 1662//1662 1660//1660
f 1660//1660 1664//1664 1666//1666
f 1666//1666 1575//1575 1675//1675
f 1675//1675 1673//1673 1659//1659
f 1659//1659 1645//1645 1630//1630
f 1630//1630 1538//1538 1542//1542
f 1516//1516 1517//1517 1518//1518
f 1518//1518 1372//1372 1373//1373
f 1518//1518 1373//1373 1515//1515
f 1659//1659 1630//1630 1542//1542
f 1666//1666 1675//1675 1659//1659
f 1660//1660 1666//1666 1659//1659
f 1516//1516 1518//1518 1515//1515
f 1516//1516 1515//1515 1551//1551
f 1660//1660 1659//1659 1542//1542
f 1541//1541 1634//1634 1644//1644
f 1644//1644 1660//1660 1542//1542
f 1542//1542 1516//1516 1551//1551
f 1542//1542 1551//1551 1543//1543
f 1541//1541 1644//1644 1542//1542
f 2666//2666 824//824 813//813
f 813//813 791//791 849//849
f 849//849 850//850 2666//2666
f 1491//1491 1503//1503 1490//1490
f 1490//1490 1414//1414 1416//1416
f 1416//1416 1415//1415 1418//1418
f 1418//1418 1420//1420 1419//1419
f 1419//1419 1421//1421 1285//1285
f 1285//1285 1287//1287 1284//1284
f 1284//1284 1286//1286 1281//1281
f 1281//1281 1280//1280 1275//1275
f 1275//1275 1282//1282 2587//2587
f 2587//2587 2592//2592 1283//1283
f 1283//1283 2593//2593 1448//1448
f 1489//1489 1417//1417 1493//1493
f 1283//1283 1448//1448 1489//1489
f 1275//1275 2587//2587 1283//1283
f 1284//1284 1281//1281 1275//1275
f 1419//1419 1285//1285 1284//1284
f 1490//1490 1416//1416 1418//1418
f 1418//1418 1419//1419 1284//1284
f 1284//1284 1275//1275 1283//1283
f 1489//1489 1493//1493 1494//1494
f 1284//1284 1283//1283 1489//1489
f 1490//1490 1418//1418 1284//1284
f 1501//1501 1502//1502 1491//1491
f 1491//1491 1490//1490 1284//1284
f 1284//1284 1489//1489 1494//1494
f 1494//1494 1492//1492 1498//1498
f 1498//1498 1495//1495 1497//1497
f 1497//1497 1486//1486 1496//1496
f 1496//1496 1483//1483 1482//1482
f 1482//1482 1480//1480 1481//1481
f 1481//1481 1479//1479 1478//1478
f 1478//1478 1477//1477 1476//1476
f 1476//1476 1470//1470 1473//1473
f 1473//1473 1471//1471 1472//1472
f 1472//1472 1560//1560 1559//1559
f 1559//1559 1562//1562 1561//1561
f 1561//1561 1563//1563 1569//1569
f 1754//1754 1571//1571 1570//1570
f 1570//1570 1568//1568 1567//1567
f 1567//1567 1566//1566 1565//1565
f 1565//1565 1640//1640 1564//1564
f 1564//1564 1638//1638 1639//1639
f 1639//1639 1637//1637 1558//1558
f 1558//1558 1556//1556 1557//1557
f 1557//1557 1555//1555 1474//1474
f 1474//1474 1505//1505 1475//1475
f 1475//1475 1398//1398 1504//1504
f 1504//1504 1399//1399 1401//1401
f 1401//1401 1400//1400 1403//1403
f 1403//1403 1402//1402 1404//1404
f 1499//1499 1500//1500 1501//1501
f 1403//1403 1404//1404 1499//1499
f 1504//1504 1401//1401 1403//1403
f 1557//1557 1474//1474 1475//1475
f 1475//1475 1504//1504 1403//1403
f 1475//1475 1403//1403 1499//1499
f 1639//1639 1558//1558 1557//1557
f 1557//1557 1475//1475 1499//1499
f 1564//1564 1639//1639 1557//1557
f 1570//1570 1567//1567 1565//1565
f 1565//1565 1564//1564 1557//1557
f 1491//1491 1284//1284 1494//1494
f 1501//1501 1491//1491 1494//1494
f 1570//1570 1565//1565 1557//1557
f 1569//1569 1754//1754 1570//1570
f 1559//1559 1561//1561 1569//1569
f 1472//1472 1559//1559 1569//1569
f 1569//1569 1570//1570 1557//1557
f 1499//1499 1501//1501 1494//1494
f 1499//1499 1494//1494 1498//1498
f 1472//1472 1569//1569 1557//1557
f 1478//1478 1476//1476 1473//1473
f 1473//1473 1472//1472 1557//1557
f 1499//1499 1498//1498 1497//1497
f 1497//1497 1496//1496 1482//1482
f 1482//1482 1481//1481 1478//1478
f 1478//1478 1473//1473 1557//1557
f 1557//1557 1499//1499 1497//1497
f 1482//1482 1478//1478 1557//1557
f 2072//2072 2315//2315 2314//2314
f 2313//2313 2312//2312 2071//2071
f 2072//2072 2314//2314 2313//2313
f 1888//1888 1889//1889 1879//1879
f 2070//2070 2069//2069 1888//1888
f 2071//2071 2311//2311 2070//2070
f 2072//2072 2313//2313 2071//2071
f 1888//1888 1879//1879 2072//2072
f 2072//2072 2071//2071 2070//2070
f 2//2 1//1 3//3
f 3//3 9//9 8//8
f 8//8 7//7 2758//2758
f 2756//2756 2755//2755 2757//2757
f 8//8 2758//2758 2756//2756
f 2//2 3//3 8//8
f 5//5 4//4 6//6
f 2//2 8//8 2756//2756
f 2762//2762 5//5 6//6
f 2//2 2756//2756 2757//2757
f 2760//2760 2761//2761 2762//2762
f 2//2 2757//2757 2760//2760
f 2762//2762 6//6 2//2
f 1547//1547 1548//1548 1545//1545
f 1545//1545 1542//1542 1544//1544
f 1544//1544 1538//1538 1536//1536
f 1536//1536 1537//1537 1535//1535
f 1535//1535 1529//1529 2556//2556
f 2555//2555 1550//1550 1547//1547
f 1535//1535 2556//2556 2555//2555
f 1544//1544 1536//1536 1535//1535
f 1547//1547 1545//1545 1544//1544
f 1535//1535 2555//2555 1547//1547
f 2420//2420 2419//2419 2422//2422
f 2422//2422 2424//2424 2421//2421
f 1126//1126 1184//1184 1174//1174
f 1174//1174 1176//1176 1175//1175
f 1175//1175 1034//1034 1036//1036
f 1036//1036 1033//1033 1035//1035
f 1035//1035 1032//1032 1031//1031
f 1031//1031 1029//1029 1028//1028
f 1028//1028 1006//1006 1008//1008
f 1008//1008 2631//2631 2632//2632
f 2632//2632 2633//2633 990//990
f 990//990 989//989 988//988
f 988//988 2199//2199 2144//2144
f 2144//2144 2198//2198 2145//2145
f 2145//2145 2147//2147 2146//2146
f 2146//2146 2148//2148 2149//2149
f 2149//2149 2151//2151 2150//2150
f 2150//2150 2157//2157 2162//2162
f 2162//2162 2161//2161 2129//2129
f 2129//2129 2160//2160 2128//2128
f 2128//2128 1859//1859 1858//1858
f 1858//1858 1860//1860 1857//1857
f 1857//1857 1861//1861 1856//1856
f 1856//1856 1863//1863 1864//1864
f 1864//1864 2478//2478 1865//1865
f 1865//1865 2479//2479 1866//1866
f 1866//1866 2473//2473 1867//1867
f 1867//1867 1868//1868 1869//1869
f 1869//1869 1910//1910 1911//1911
f 1911//1911 1909//1909 1912//1912
f 1912//1912 2518//2518 2524//2524
f 2524//2524 2519//2519 2523//2523
f 2523//2523 2521//2521 2522//2522
f 2522//2522 1842//1842 1845//1845
f 1845//1845 1843//1843 1844//1844
f 1844//1844 1849//1849 1847//1847
f 1847//1847 1848//1848 1846//1846
f 1846//1846 1854//1854 1855//1855
f 1855//1855 1853//1853 353//353
f 353//353 351//351 352//352
f 352//352 349//349 350//350
f 350//350 348//348 354//354
f 354//354 356//356 355//355
f 355//355 2131//2131 2130//2130
f 2130//2130 2164//2164 2163//2163
f 2163//2163 2135//2135 2136//2136
f 2136//2136 2137//2137 2138//2138
f 2138//2138 2139//2139 2141//2141
f 2141//2141 2140//2140 2142//2142
f 2142//2142 978//978 984//984
f 984//984 987//987 986//986
f 986//986 985//985 983//983
f 983//983 980//980 982//982
f 982//982 981//981 2630//2630
f 2630//2630 2629//2629 2628//2628
f 2628//2628 2641//2641 2627//2627
f 2627//2627 2626//2626 1015//1015
f 1015//1015 1016//1016 1013//1013
f 1013//1013 1014//1014 1012//1012
f 1012//1012 1024//1024 1011//1011
f 1011//1011 1010//1010 1009//1009
f 1009//1009 1026//1026 1027//1027
f 1027//1027 1041//1041 1030//1030
f 1030//1030 1040//1040 1037//1037
f 1037//1037 1039//1039 1038//1038
f 1038//1038 1172//1172 1173//1173
f 1173//1173 1129//1129 1128//1128
f 1128//1128 1150//1150 1127//1127
f 1127//1127 1149//1149 1151//1151
f 1151//1151 1153//1153 1152//1152
f 1152//1152 1154//1154 1156//1156
f 1156//1156 1155//1155 1160//1160
f 1160//1160 1164//1164 1162//1162
f 1161//1161 1163//1163 1159//1159
f 1160//1160 1162//1162 1161//1161
f 1152//1152 1156//1156 1160//1160
f 1127//1127 1151//1151 1152//1152
f 1173//1173 1128//1128 1127//1127
f 1038//1038 1173//1173 1127//1127
f 1127//1127 1152//1152 1160//1160
f 1160//1160 1161//1161 1159//1159
f 1159//1159 1116//1116 1158//1158
f 1158//1158 1120//1120 1157//1157
f 1157//1157 1121//1121 1122//1122
f 1122//1122 1124//1124 1123//1123
f 1123//1123 1125//1125 1126//1126
f 1126//1126 1174//1174 1175//1175
f 1036//1036 1035//1035 1031//1031
f 1126//1126 1175//1175 1036//1036
f 1122//1122 1123//1123 1126//1126
f 1159//1159 1158//1158 1157//1157
f 1157//1157 1122//1122 1126//1126
f 1126//1126 1036//1036 1031//1031
f 2632//2632 990//990 988//988
f 988//988 2144//2144 2145//2145
f 2146//2146 2149//2149 2150//2150
f 988//988 2145//2145 2146//2146
f 1008//1008 2632//2632 988//988
f 1160//1160 1159//1159 1157//1157
f 1037//1037 1038//1038 1127//1127
f 1009//1009 1027//1027 1030//1030
f 1030//1030 1037//1037 1127//1127
f 1127//1127 1160//1160 1157//1157
f 1127//1127 1157//1157 1126//1126
f 1030//1030 1127//1127 1126//1126
f 1030//1030 1126//1126 1031//1031
f 1012//1012 1011//1011 1009//1009
f 1009//1009 1030//1030 1031//1031
f 2150//2150 2162//2162 2129//2129
f 2128//2128 1858//1858 1857//1857
f 2146//2146 2150//2150 2129//2129
f 2128//2128 1857//1857 1856//1856
f 2146//2146 2129//2129 2128//2128
f 988//988 2146//2146 2128//2128
f 2128//2128 1856//1856 1864//1864
f 1865//1865 1866//1866 1867//1867
f 2128//2128 1864//1864 1865//1865
f 988//988 2128//2128 1865//1865
f 1865//1865 1867//1867 1869//1869
f 1911//1911 1912//1912 2524//2524
f 1865//1865 1869//1869 1911//1911
f 988//988 1865//1865 1911//1911
f 1911//1911 2524//2524 2523//2523
f 2522//2522 1845//1845 1844//1844
f 1911//1911 2523//2523 2522//2522
f 988//988 1911//1911 2522//2522
f 1844//1844 1847//1847 1846//1846
f 988//988 2522//2522 1844//1844
f 1009//1009 1031//1031 1028//1028
f 1009//1009 1028//1028 1008//1008
f 1012//1012 1009//1009 1008//1008
f 1013//1013 1012//1012 1008//1008
f 1013//1013 1008//1008 988//988
f 2628//2628 2627//2627 1015//1015
f 1015//1015 1013//1013 988//988
f 1844//1844 1846//1846 1855//1855
f 1855//1855 353//353 352//352
f 352//352 350//350 354//354
f 354//354 355//355 2130//2130
f 354//354 2130//2130 2163//2163
f 1855//1855 352//352 354//354
f 2628//2628 1015//1015 988//988
f 983//983 982//982 2630//2630
f 2630//2630 2628//2628 988//988
f 1844//1844 1855//1855 354//354
f 988//988 1844//1844 354//354
f 983//983 2630//2630 988//988
f 984//984 986//986 983//983
f 2142//2142 984//984 983//983
f 983//983 988//988 354//354
f 983//983 354//354 2163//2163
f 2142//2142 983//983 2163//2163
f 2136//2136 2138//2138 2141//2141
f 2142//2142 2163//2163 2136//2136
f 2694//2694 2707//2707 449//449
f 449//449 568//568 563//563
f 563//563 561//561 560//560
f 558//558 557//557 477//477
f 449//449 563//563 560//560
f 2706//2706 2705//2705 2694//2694
f 2738//2738 452//452 2706//2706
f 450//450 451//451 2738//2738
f 559//559 565//565 450//450
f 463//463 462//462 559//559
f 468//468 469//469 463//463
f 474//474 470//470 468//468
f 475//475 473//473 474//474
f 476//476 478//478 475//475
f 553//553 551//551 476//476
f 550//550 552//552 553//553
f 763//763 549//549 550//550
f 765//765 548//548 763//763
f 767//767 537//537 765//765
f 766//766 768//768 767//767
f 761//761 769//769 766//766
f 764//764 760//760 761//761
f 554//554 762//762 764//764
f 555//555 2680//2680 554//554
f 477//477 556//556 555//555
f 555//555 554//554 764//764
f 761//761 766//766 767//767
f 764//764 761//761 767//767
f 767//767 765//765 763//763
f 763//763 550//550 553//553
f 763//763 553//553 476//476
f 764//764 767//767 763//763
f 555//555 764//764 763//763
f 475//475 474//474 468//468
f 463//463 559//559 450//450
f 475//475 468//468 463//463
f 555//555 763//763 476//476
f 477//477 555//555 476//476
f 476//476 475//475 463//463
f 450//450 2738//2738 2706//2706
f 476//476 463//463 450//450
f 558//558 477//477 476//476
f 560//560 558//558 476//476
f 476//476 450//450 2706//2706
f 2706//2706 2694//2694 449//449
f 449//449 560//560 476//476
f 2678//2678 2670//2670 2677//2677
f 605//605 1265//1265 1266//1266
f 1266//1266 1264//1264 1262//1262
f 606//606 607//607 604//604
f 1266//1266 1262//1262 606//606
f 1266//1266 606//606 604//604
f 604//604 608//608 724//724
f 724//724 721//721 600//600
f 600//600 599//599 598//598
f 600//600 598//598 601//601
f 604//604 724//724 600//600
f 605//605 1266//1266 604//604
f 5//5 1267//1267 1268//1268
f 605//605 604//604 600//600
f 2690//2690 5//5 1268//1268
f 1268//1268 605//605 600//600
f 1268//1268 600//600 601//601
f 603//603 2690//2690 1268//1268
f 1268//1268 601//601 602//602
f 2172//2172 2171//2171 2168//2168
f 2169//2169 2167//2167 2170//2170
f 2172//2172 2168//2168 2169//2169
f 2174//2174 2175//2175 2172//2172
f 2117//2117 2118//2118 2173//2173
f 2173//2173 2174//2174 2172//2172
f 2172//2172 2169//2169 2170//2170
f 2170//2170 2180//2180 2115//2115
f 2115//2115 2116//2116 2114//2114
f 2114//2114 2117//2117 2173//2173
f 2173//2173 2172//2172 2170//2170
f 2115//2115 2114//2114 2173//2173
f 2060//2060 2061//2061 2063//2063
f 2059//2059 2057//2057 2058//2058
f 2060//2060 2063//2063 2059//2059
f 1879//1879 2482//2482 2060//2060
f 2058//2058 2056//2056 1879//1879
f 2060//2060 2059//2059 2058//2058
f 1276//1276 1261//1261 1263//1263
f 1278//1278 1269//1269 1271//1271
f 1276//1276 1263//1263 1278//1278
f 1252//1252 1254//1254 1276//1276
f 1251//1251 1252//1252 1276//1276
f 1276//1276 1278//1278 1271//1271
f 1277//1277 1272//1272 1273//1273
f 1276//1276 1271//1271 1277//1277
f 1275//1275 1251//1251 1276//1276
f 2588//2588 1282//1282 1275//1275
f 1273//1273 2589//2589 1274//1274
f 1274//1274 2588//2588 1275//1275
f 1275//1275 1276//1276 1277//1277
f 1277//1277 1273//1273 1274//1274
f 1250//1250 1248//1248 1251//1251
f 1251//1251 1275//1275 1280//1280
f 1280//1280 1281//1281 1286//1286
f 1286//1286 1284//1284 1287//1287
f 1287//1287 1285//1285 1421//1421
f 1421//1421 1419//1419 1420//1420
f 1420//1420 1418//1418 1415//1415
f 1415//1415 1416//1416 1414//1414
f 1414//1414 1490//1490 1503//1503
f 1503//1503 1491//1491 1502//1502
f 1502//1502 1501//1501 1500//1500
f 1500//1500 1499//1499 1404//1404
f 1404//1404 1405//1405 1406//1406
f 1406//1406 1407//1407 1408//1408
f 1412//1412 1409//1409 1410//1410
f 1406//1406 1408//1408 1412//1412
f 1500//1500 1404//1404 1406//1406
f 1503//1503 1502//1502 1500//1500
f 1415//1415 1414//1414 1503//1503
f 1421//1421 1420//1420 1415//1415
f 1286//1286 1287//1287 1421//1421
f 1250//1250 1251//1251 1280//1280
f 1280//1280 1286//1286 1421//1421
f 1249//1249 1250//1250 1280//1280
f 1289//1289 2612//2612 1279//1279
f 1279//1279 1249//1249 1280//1280
f 1289//1289 1279//1279 1280//1280
f 1291//1291 1290//1290 1289//1289
f 1288//1288 1424//1424 1291//1291
f 1422//1422 1423//1423 1288//1288
f 1413//1413 1445//1445 1422//1422
f 1410//1410 1411//1411 1413//1413
f 1500//1500 1406//1406 1412//1412
f 1412//1412 1410//1410 1413//1413
f 1413//1413 1422//1422 1288//1288
f 1288//1288 1291//1291 1289//1289
f 1503//1503 1500//1500 1412//1412
f 1288//1288 1289//1289 1280//1280
f 1288//1288 1280//1280 1421//1421
f 1503//1503 1412//1412 1413//1413
f 1288//1288 1421//1421 1415//1415
f 1415//1415 1503//1503 1413//1413
f 37//37 38//38 5//5
f 5//5 29//29 30//30
f 30//30 31//31 32//32
f 32//32 33//33 35//35
f 36//36 37//37 5//5
f 32//32 35//35 36//36
f 5//5 30//30 32//32
f 2466//2466 2467//2467 2455//2455
f 2455//2455 2456//2456 2451//2451
f 2451//2451 2452//2452 2457//2457
f 2457//2457 2458//2458 2461//2461
f 2461//2461 2459//2459 2460//2460
f 2465//2465 515//515 516//516
f 516//516 517//517 2463//2463
f 2463//2463 2464//2464 2462//2462
f 2462//2462 911//911 912//912
f 912//912 917//917 916//916
f 916//916 918//918 915//915
f 915//915 936//936 913//913
f 913//913 937//937 938//938
f 938//938 939//939 940//940
f 938//938 940//940 2466//2466
f 915//915 913//913 938//938
f 912//912 916//916 915//915
f 912//912 915//915 938//938
f 938//938 2466//2466 2455//2455
f 2455//2455 2451//2451 2457//2457
f 2455//2455 2457//2457 2461//2461
f 2462//2462 912//912 938//938
f 2465//2465 516//516 2463//2463
f 2463//2463 2462//2462 938//938
f 938//938 2455//2455 2461//2461
f 2460//2460 2465//2465 2463//2463
f 938//938 2461//2461 2460//2460
f 1465//1465 1819//1819 44//44
f 46//46 45//45 22//22
f 1465//1465 44//44 46//46
f 1818//1818 1467//1467 1465//1465
f 49//49 1818//1818 1465//1465
f 46//46 22//22 47//47
f 49//49 1465//1465 46//46
f 1817//1817 50//50 51//51
f 49//49 46//46 47//47
f 52//52 48//48 53//53
f 49//49 47//47 52//52
f 1817//1817 51//51 49//49
f 2000//2000 1816//1816 1817//1817
f 2001//2001 1737//1737 2000//2000
f 1740//1740 1736//1736 1735//1735
f 1739//1739 1740//1740 1735//1735
f 1742//1742 1738//1738 1739//1739
f 1777//1777 1779//1779 1778//1778
f 1778//1778 1742//1742 1739//1739
f 1778//1778 1739//1739 1735//1735
f 1785//1785 1783//1783 1777//1777
f 1787//1787 1784//1784 1785//1785
f 2553//2553 2545//2545 1787//1787
f 1798//1798 1800//1800 2553//2553
f 1797//1797 1799//1799 1798//1798
f 1766//1766 1809//1809 1797//1797
f 1765//1765 1810//1810 1766//1766
f 1763//1763 1764//1764 1765//1765
f 1760//1760 1762//1762 1763//1763
f 1759//1759 1761//1761 1760//1760
f 1755//1755 1758//1758 1759//1759
f 1795//1795 1767//1767 1755//1755
f 1796//1796 1794//1794 1795//1795
f 1789//1789 1792//1792 1796//1796
f 1788//1788 1790//1790 1789//1789
f 1786//1786 1791//1791 1788//1788
f 1774//1774 1772//1772 1786//1786
f 1775//1775 1773//1773 1774//1774
f 1745//1745 1776//1776 1775//1775
f 1744//1744 1746//1746 1745//1745
f 1733//1733 1732//1732 1744//1744
f 1734//1734 1731//1731 1733//1733
f 1721//1721 1723//1723 1734//1734
f 1720//1720 1722//1722 1721//1721
f 1718//1718 1598//1598 1720//1720
f 1717//1717 1719//1719 1718//1718
f 1716//1716 1717//1717 1718//1718
f 1718//1718 1720//1720 1721//1721
f 1721//1721 1734//1734 1733//1733
f 1744//1744 1745//1745 1775//1775
f 1721//1721 1733//1733 1744//1744
f 1716//1716 1718//1718 1721//1721
f 1709//1709 1708//1708 1715//1715
f 1715//1715 1716//1716 1721//1721
f 1721//1721 1744//1744 1775//1775
f 1775//1775 1774//1774 1786//1786
f 1775//1775 1786//1786 1788//1788
f 2512//2512 1709//1709 1715//1715
f 1713//1713 1711//1711 1710//1710
f 1710//1710 2512//2512 1715//1715
f 1721//1721 1775//1775 1788//1788
f 1789//1789 1796//1796 1795//1795
f 1713//1713 1710//1710 1715//1715
f 1714//1714 1712//1712 1713//1713
f 1997//1997 1996//1996 1714//1714
f 1998//1998 1995//1995 1997//1997
f 138//138 1999//1999 1998//1998
f 136//136 137//137 138//138
f 104//104 103//103 136//136
f 94//94 96//96 104//104
f 92//92 93//93 94//94
f 100//100 82//82 92//92
f 84//84 83//83 100//100
f 87//87 77//77 84//84
f 74//74 75//75 87//87
f 71//71 72//72 74//74
f 67//67 61//61 71//71
f 66//66 65//65 67//67
f 69//69 70//70 68//68
f 68//68 66//66 67//67
f 71//71 74//74 87//87
f 68//68 67//67 71//71
f 73//73 118//118 69//69
f 69//69 68//68 71//71
f 71//71 87//87 84//84
f 84//84 100//100 92//92
f 92//92 94//94 104//104
f 92//92 104//104 136//136
f 69//69 71//71 84//84
f 85//85 86//86 73//73
f 73//73 69//69 84//84
f 84//84 92//92 136//136
f 85//85 73//73 84//84
f 91//91 89//89 85//85
f 95//95 105//105 91//91
f 132//132 131//131 95//95
f 135//135 133//133 132//132
f 53//53 134//134 135//135
f 49//49 52//52 53//53
f 1817//1817 49//49 53//53
f 53//53 135//135 132//132
f 95//95 91//91 85//85
f 1817//1817 53//53 132//132
f 2000//2000 1817//1817 132//132
f 95//95 85//85 84//84
f 1798//1798 2553//2553 1787//1787
f 1797//1797 1798//1798 1787//1787
f 1766//1766 1797//1797 1787//1787
f 1760//1760 1763//1763 1765//1765
f 1759//1759 1760//1760 1765//1765
f 1795//1795 1755//1755 1759//1759
f 1795//1795 1759//1759 1765//1765
f 1795//1795 1765//1765 1766//1766
f 1789//1789 1795//1795 1766//1766
f 1789//1789 1766//1766 1787//1787
f 1714//1714 1713//1713 1715//1715
f 1998//1998 1997//1997 1714//1714
f 1998//1998 1714//1714 1715//1715
f 1788//1788 1789//1789 1787//1787
f 1788//1788 1787//1787 1785//1785
f 95//95 84//84 136//136
f 1721//1721 1788//1788 1785//1785
f 132//132 95//95 136//136
f 132//132 136//136 138//138
f 1721//1721 1785//1785 1777//1777
f 1721//1721 1777//1777 1778//1778
f 132//132 138//138 1998//1998
f 2000//2000 132//132 1998//1998
f 1715//1715 1721//1721 1778//1778
f 1715//1715 1778//1778 1735//1735
f 2000//2000 1998//1998 1715//1715
f 1715//1715 1735//1735 2001//2001
f 186//186 294//294 2746//2746
f 2746//2746 293//293 192//192
f 192//192 291//291 292//292
f 292//292 280//280 283//283
f 283//283 281//281 282//282
f 282//282 275//275 274//274
f 274//274 252//252 253//253
f 253//253 254//254 255//255
f 255//255 234//234 233//233
f 232//232 230//230 231//231
f 255//255 233//233 232//232
f 274//274 253//253 255//255
f 283//283 282//282 274//274
f 292//292 283//283 274//274
f 255//255 232//232 231//231
f 292//292 274//274 255//255
f 186//186 2746//2746 192//192
f 192//192 292//292 255//255
f 255//255 231//231 263//263
f 262//262 259//259 256//256
f 255//255 263//263 262//262
f 255//255 262//262 256//256
f 256//256 258//258 257//257
f 257//257 273//273 272//272
f 272//272 270//270 271//271
f 271//271 285//285 284//284
f 284//284 197//197 287//287
f 287//287 196//196 288//288
f 288//288 194//194 193//193
f 193//193 190//190 191//191
f 191//191 188//188 189//189
f 189//189 187//187 182//182
f 182//182 184//184 183//183
f 183//183 185//185 186//186
f 183//183 186//186 192//192
f 189//189 182//182 183//183
f 193//193 191//191 189//189
f 284//284 287//287 288//288
f 193//193 189//189 183//183
f 193//193 183//183 192//192
f 255//255 256//256 257//257
f 272//272 271//271 284//284
f 255//255 257//257 272//272
f 288//288 193//193 192//192
f 272//272 284//284 288//288
f 192//192 255//255 272//272
f 2119//2119 2118//2118 2117//2117
f 2104//2104 2105//2105 2091//2091
f 2119//2119 2117//2117 2104//2104
f 1879//1879 2103//2103 2119//2119
f 2090//2090 2089//2089 1879//1879
f 2091//2091 2106//2106 2090//2090
f 2119//2119 2104//2104 2091//2091
f 2090//2090 1879//1879 2119//2119
f 187//187 170//170 171//171
f 2698//2698 2697//2697 2696//2696
f 2696//2696 2695//2695 3//3
f 1//1 2//2 6//6
f 2696//2696 3//3 1//1
f 5//5 2692//2692 2698//2698
f 2698//2698 2696//2696 1//1
f 1//1 6//6 4//4
f 4//4 5//5 2698//2698
f 248//248 241//241 242//242
f 242//242 250//250 249//249
f 570//570 748//748 747//747
f 749//749 569//569 574//574
f 570//570 747//747 749//749
f 581//581 741//741 570//570
f 578//578 579//579 581//581
f 749//749 574//574 571//571
f 578//578 581//581 570//570
f 570//570 749//749 571//571
f 5//5 592//592 590//590
f 589//589 587//587 5//5
f 1262//1262 1263//1263 1261//1261
f 1261//1261 1276//1276 1254//1254
f 1254//1254 1252//1252 1255//1255
f 1255//1255 1257//1257 1256//1256
f 1256//1256 2613//2613 1260//1260
f 1260//1260 2614//2614 609//609
f 609//609 2615//2615 610//610
f 610//610 608//608 604//604
f 607//607 606//606 1262//1262
f 610//610 604//604 607//607
f 1256//1256 1260//1260 609//609
f 609//609 610//610 607//607
f 607//607 1262//1262 1261//1261
f 1261//1261 1254//1254 1255//1255
f 1255//1255 1256//1256 609//609
f 609//609 607//607 1261//1261
f 2033//2033 2037//2037 2036//2036
f 2036//2036 2038//2038 2066//2066
f 2066//2066 2067//2067 2065//2065
f 2065//2065 2384//2384 2386//2386
f 2386//2386 2385//2385 2035//2035
f 2035//2035 2387//2387 2033//2033
f 2036//2036 2066//2066 2065//2065
f 2386//2386 2035//2035 2033//2033
f 2036//2036 2065//2065 2386//2386
f 21//21 19//19 20//20
f 20//20 17//17 130//130
f 130//130 129//129 108//108
f 108//108 107//107 106//106
f 106//106 111//111 88//88
f 106//106 88//88 90//90
f 108//108 106//106 90//90
f 89//89 91//91 105//105
f 108//108 90//90 89//89
f 21//21 20//20 130//130
f 130//130 108//108 89//89
f 105//105 95//95 131//131
f 130//130 89//89 105//105
f 23//23 24//24 21//21
f 21//21 130//130 105//105
f 131//131 132//132 133//133
f 21//21 105//105 131//131
f 44//44 23//23 21//21
f 45//45 46//46 44//44
f 52//52 47//47 22//22
f 45//45 44//44 21//21
f 48//48 52//52 22//22
f 22//22 45//45 21//21
f 21//21 131//131 133//133
f 133//133 135//135 134//134
f 134//134 53//53 48//48
f 48//48 22//22 21//21
f 21//21 133//133 134//134
f 2731//2731 2730//2730 2729//2729
f 2748//2748 246//246 245//245
f 245//245 2542//2542 244//244
f 244//244 2536//2536 2537//2537
f 2540//2540 2538//2538 2530//2530
f 2537//2537 2540//2540 2530//2530
f 2530//2530 2531//2531 2533//2533
f 2541//2541 2534//2534 2535//2535
f 2530//2530 2533//2533 2541//2541
f 2537//2537 2530//2530 2541//2541
f 2537//2537 2541//2541 2535//2535
f 2748//2748 245//245 244//244
f 244//244 2537//2537 2535//2535
f 244//244 2535//2535 243//243
f 241//241 2748//2748 244//244
f 240//240 239//239 242//242
f 242//242 241//241 244//244
f 244//244 243//243 240//240
f 25//25 2770//2770 2750//2750
f 26//26 28//28 27//27
f 25//25 2750//2750 26//26
f 2754//2754 2759//2759 25//25
f 2756//2756 2758//2758 2754//2754
f 2753//2753 2757//2757 2755//2755
f 2755//2755 2756//2756 2754//2754
f 2754//2754 25//25 26//26
f 27//27 2751//2751 2752//2752
f 2754//2754 26//26 27//27
f 2753//2753 2755//2755 2754//2754
f 27//27 2752//2752 2753//2753
f 2477//2477 1872//1872 1870//1870
f 1870//1870 1871//1871 1869//1869
f 1868//1868 1867//1867 2473//2473
f 1870//1870 1869//1869 1868//1868
f 2099//2099 2097//2097 2477//2477
f 2477//2477 1870//1870 1868//1868
f 1868//1868 2473//2473 2475//2475
f 2475//2475 2474//2474 2476//2476
f 2476//2476 2120//2120 2100//2100
f 2100//2100 2098//2098 2099//2099
f 2099//2099 2477//2477 1868//1868
f 1868//1868 2475//2475 2476//2476
f 2476//2476 2100//2100 2099//2099
f 1001//1001 2415//2415 1000//1000
f 2573//2573 1455//1455 1454//1454
f 1453//1453 2574//2574 41//41
f 2573//2573 1454//1454 1453//1453
f 1462//1462 1463//1463 2573//2573
f 42//42 1462//1462 2573//2573
f 2573//2573 1453//1453 41//41
f 41//41 34//34 43//43
f 43//43 44//44 1819//1819
f 42//42 2573//2573 41//41
f 43//43 1819//1819 42//42
f 1196//1196 1198//1198 1192//1192
f 1192//1192 1191//1191 1190//1190
f 1190//1190 2430//2430 1189//1189
f 1189//1189 2426//2426 1179//1179
f 1002//1002 2429//2429 999//999
f 1002//1002 999//999 998//998
f 998//998 2143//2143 2226//2226
f 2225//2225 2227//2227 2236//2236
f 998//998 2226//2226 2225//2225
f 1002//1002 998//998 2225//2225
f 2236//2236 2230//2230 2231//2231
f 1002//1002 2225//2225 2236//2236
f 1002//1002 2236//2236 2231//2231
f 2231//2231 2235//2235 2234//2234
f 2234//2234 2205//2205 2204//2204
f 2204//2204 2359//2359 2360//2360
f 2360//2360 2193//2193 2195//2195
f 2195//2195 2192//2192 2194//2194
f 2194//2194 2409//2409 2411//2411
f 2411//2411 2408//2408 2407//2407
f 2407//2407 2406//2406 2405//2405
f 2405//2405 2166//2166 2165//2165
f 2165//2165 2179//2179 2178//2178
f 2178//2178 2176//2176 2177//2177
f 2177//2177 2171//2171 2172//2172
f 2172//2172 2175//2175 2121//2121
f 2121//2121 2472//2472 2122//2122
f 2122//2122 1862//1862 2123//2123
f 2123//2123 2125//2125 2124//2124
f 2124//2124 2126//2126 2127//2127
f 2127//2127 2158//2158 2159//2159
f 2159//2159 2156//2156 2155//2155
f 2155//2155 2153//2153 2154//2154
f 2154//2154 2152//2152 2404//2404
f 2404//2404 2402//2402 2403//2403
f 2403//2403 2401//2401 2413//2413
f 2413//2413 2414//2414 2412//2412
f 2412//2412 2197//2197 2196//2196
f 2196//2196 2200//2200 2201//2201
f 2201//2201 2203//2203 2202//2202
f 2202//2202 2233//2233 2232//2232
f 2232//2232 2634//2634 997//997
f 997//997 2635//2635 2636//2636
f 2636//2636 1007//1007 1005//1005
f 1003//1003 1004//1004 2428//2428
f 997//997 2636//2636 1005//1005
f 1003//1003 2428//2428 2427//2427
f 2232//2232 997//997 1005//1005
f 2232//2232 1005//1005 1003//1003
f 2196//2196 2201//2201 2202//2202
f 2202//2202 2232//2232 1003//1003
f 2427//2427 1177//1177 1178//1178
f 1178//1178 1183//1183 1180//1180
f 1180//1180 1182//1182 1181//1181
f 1181//1181 1185//1185 1188//1188
f 1188//1188 1186//1186 1187//1187
f 1187//1187 1194//1194 1193//1193
f 1193//1193 1119//1119 1195//1195
f 1195//1195 1117//1117 1118//1118
f 1118//1118 1115//1115 1113//1113
f 1113//1113 1114//1114 1111//1111
f 1111//1111 1109//1109 1108//1108
f 1108//1108 1166//1166 1106//1106
f 1106//1106 1165//1165 1167//1167
f 1167//1167 1096//1096 1098//1098
f 1098//1098 1095//1095 2621//2621
f 2621//2621 1093//1093 1094//1094
f 1094//1094 1226//1226 1227//1227
f 1227//1227 1099//1099 1097//1097
f 1097//1097 1102//1102 1101//1101
f 1101//1101 1104//1104 1105//1105
f 1105//1105 1215//1215 1107//1107
f 1107//1107 1204//1204 1110//1110
f 1110//1110 1203//1203 1112//1112
f 1112//1112 1201//1201 1202//1202
f 1202//1202 1197//1197 1196//1196
f 1196//1196 1192//1192 1190//1190
f 1196//1196 1190//1190 1189//1189
f 2231//2231 2234//2234 2204//2204
f 2360//2360 2195//2195 2194//2194
f 2231//2231 2204//2204 2360//2360
f 1107//1107 1110//1110 1112//1112
f 1101//1101 1105//1105 1107//1107
f 1094//1094 1227//1227 1097//1097
f 1097//1097 1101//1101 1107//1107
f 1097//1097 1107//1107 1112//1112
f 1098//1098 2621//2621 1094//1094
f 1098//1098 1094//1094 1097//1097
f 1106//1106 1167//1167 1098//1098
f 1111//1111 1108//1108 1106//1106
f 1118//1118 1113//1113 1111//1111
f 1187//1187 1193//1193 1195//1195
f 1195//1195 1118//1118 1111//1111
f 1111//1111 1106//1106 1098//1098
f 1098//1098 1097//1097 1112//1112
f 1111//1111 1098//1098 1112//1112
f 1188//1188 1187//1187 1195//1195
f 1195//1195 1111//1111 1112//1112
f 1195//1195 1112//1112 1202//1202
f 1188//1188 1195//1195 1202//1202
f 1188//1188 1202//1202 1196//1196
f 1178//1178 1180//1180 1181//1181
f 1188//1188 1196//1196 1189//1189
f 1178//1178 1181//1181 1188//1188
f 2427//2427 1178//1178 1188//1188
f 1188//1188 1189//1189 1179//1179
f 1002//1002 2231//2231 2360//2360
f 2360//2360 2194//2194 2411//2411
f 2411//2411 2407//2407 2405//2405
f 2405//2405 2165//2165 2178//2178
f 2177//2177 2172//2172 2121//2121
f 2405//2405 2178//2178 2177//2177
f 2360//2360 2411//2411 2405//2405
f 2427//2427 1188//1188 1179//1179
f 1003//1003 2427//2427 1179//1179
f 1002//1002 2360//2360 2405//2405
f 2405//2405 2177//2177 2121//2121
f 2121//2121 2122//2122 2123//2123
f 2123//2123 2124//2124 2127//2127
f 2127//2127 2159//2159 2155//2155
f 2154//2154 2404//2404 2403//2403
f 2127//2127 2155//2155 2154//2154
f 2405//2405 2121//2121 2123//2123
f 2127//2127 2154//2154 2403//2403
f 2405//2405 2123//2123 2127//2127
f 1003//1003 1179//1179 1002//1002
f 2412//2412 2196//2196 2202//2202
f 2202//2202 1003//1003 1002//1002
f 2405//2405 2127//2127 2403//2403
f 2403//2403 2413//2413 2412//2412
f 2412//2412 2202//2202 1002//1002
f 1002//1002 2405//2405 2403//2403
f 2648//2648 674//674 672//672
f 672//672 673//673 671//671
f 671//671 669//669 670//670
f 670//670 668//668 666//666
f 652//652 653//653 650//650
f 670//670 666//666 652//652
f 2648//2648 672//672 671//671
f 671//671 670//670 652//652
f 650//650 649//649 648//648
f 671//671 652//652 650//650
f 2647//2647 2649//2649 2648//2648
f 651//651 2643//2643 2647//2647
f 647//647 2644//2644 651//651
f 2646//2646 2645//2645 647//647
f 646//646 2625//2625 2646//2646
f 2623//2623 2624//2624 646//646
f 1059//1059 2622//2622 2623//2623
f 1060//1060 1058//1058 1059//1059
f 1061//1061 1057//1057 1060//1060
f 1063//1063 1062//1062 1061//1061
f 1055//1055 1056//1056 1063//1063
f 1049//1049 1047//1047 1055//1055
f 1054//1054 1048//1048 1049//1049
f 1053//1053 1050//1050 1054//1054
f 1140//1140 1052//1052 1053//1053
f 1136//1136 1139//1139 1140//1140
f 1135//1135 1137//1137 1136//1136
f 1142//1142 1134//1134 1135//1135
f 1143//1143 1144//1144 1142//1142
f 1070//1070 1141//1141 1143//1143
f 1067//1067 1068//1068 1069//1069
f 1069//1069 1070//1070 1143//1143
f 1142//1142 1135//1135 1136//1136
f 1069//1069 1143//1143 1142//1142
f 1065//1065 1072//1072 1067//1067
f 1067//1067 1069//1069 1142//1142
f 1142//1142 1136//1136 1140//1140
f 1140//1140 1053//1053 1054//1054
f 1054//1054 1049//1049 1055//1055
f 1055//1055 1063//1063 1061//1061
f 1061//1061 1060//1060 1059//1059
f 1059//1059 2623//2623 646//646
f 646//646 2646//2646 647//647
f 647//647 651//651 2647//2647
f 2647//2647 2648//2648 671//671
f 2647//2647 671//671 650//650
f 646//646 647//647 2647//2647
f 1061//1061 1059//1059 646//646
f 1054//1054 1055//1055 1061//1061
f 1067//1067 1142//1142 1140//1140
f 1140//1140 1054//1054 1061//1061
f 646//646 2647//2647 650//650
f 648//648 634//634 635//635
f 646//646 650//650 648//648
f 1065//1065 1067//1067 1140//1140
f 1064//1064 1066//1066 1065//1065
f 1078//1078 1076//1076 1064//1064
f 642//642 1077//1077 1078//1078
f 643//643 641//641 642//642
f 644//644 639//639 643//643
f 645//645 638//638 644//644
f 635//635 637//637 645//645
f 646//646 648//648 635//635
f 1065//1065 1140//1140 1061//1061
f 1064//1064 1065//1065 1061//1061
f 1061//1061 646//646 635//635
f 635//635 645//645 644//644
f 1061//1061 635//635 644//644
f 1078//1078 1064//1064 1061//1061
f 642//642 1078//1078 1061//1061
f 1061//1061 644//644 643//643
f 1211//1211 1217//1217 1218//1218
f 1218//1218 1219//1219 1220//1220
f 1220//1220 1221//1221 1235//1235
f 1235//1235 1234//1234 1233//1233
f 1233//1233 1231//1231 1232//1232
f 1232//1232 1237//1237 1236//1236
f 1236//1236 1238//1238 1239//1239
f 1239//1239 1088//1088 1240//1240
f 1207//1207 1212//1212 1210//1210
f 1211//1211 1218//1218 1220//1220
f 1207//1207 1210//1210 1211//1211
f 1232//1232 1236//1236 1239//1239
f 1235//1235 1233//1233 1232//1232
f 1211//1211 1220//1220 1235//1235
f 1241//1241 1207//1207 1211//1211
f 1232//1232 1239//1239 1240//1240
f 1240//1240 1241//1241 1211//1211
f 1211//1211 1235//1235 1232//1232
f 2701//2701 2700//2700 2703//2703
f 2703//2703 2704//2704 447//447
f 447//447 448//448 456//456
f 456//456 453//453 455//455
f 455//455 454//454 465//465
f 465//465 482//482 484//484
f 484//484 483//483 2737//2737
f 2737//2737 2736//2736 460//460
f 460//460 459//459 458//458
f 458//458 461//461 457//457
f 457//457 443//443 444//444
f 444//444 442//442 446//446
f 444//444 446//446 445//445
f 457//457 444//444 445//445
f 2709//2709 2710//2710 2702//2702
f 2734//2734 2711//2711 2713//2713
f 2713//2713 2712//2712 2732//2732
f 2701//2701 2703//2703 447//447
f 447//447 456//456 455//455
f 455//455 465//465 484//484
f 484//484 2737//2737 460//460
f 455//455 484//484 460//460
f 2699//2699 2701//2701 447//447
f 455//455 460//460 458//458
f 455//455 458//458 457//457
f 447//447 455//455 457//457
f 2734//2734 2713//2713 2732//2732
f 447//447 457//457 445//445
f 2734//2734 2732//2732 2699//2699
f 447//447 445//445 2708//2708
f 2702//2702 2734//2734 2699//2699
f 447//447 2708//2708 2709//2709
f 2709//2709 2702//2702 2699//2699
f 1260//1260 2613//2613 1085//1085
f 1085//1085 2621//2621 2617//2617
f 2617//2617 2616//2616 618//618
f 1259//1259 2614//2614 1260//1260
f 2617//2617 618//618 1259//1259
f 1260//1260 1085//1085 2617//2617
f 2677//2677 2671//2671 2672//2672
f 2672//2672 2675//2675 2676//2676
f 2676//2676 862//862 864//864
f 864//864 863//863 865//865
f 865//865 966//966 968//968
f 968//968 969//969 970//970
f 970//970 963//963 971//971
f 971//971 961//961 962//962
f 962//962 960//960 973//973
f 973//973 959//959 972//972
f 957//957 869//869 868//868
f 868//868 867//867 866//866
f 866//866 2677//2677 2672//2672
f 2672//2672 2676//2676 864//864
f 2672//2672 864//864 865//865
f 957//957 868//868 866//866
f 866//866 2672//2672 865//865
f 866//866 865//865 968//968
f 972//972 957//957 866//866
f 962//962 973//973 972//972
f 971//971 962//962 972//972
f 866//866 968//968 970//970
f 971//971 972//972 866//866
f 2671//2671 2677//2677 2670//2670
f 2670//2670 2678//2678 871//871
f 872//872 2668//2668 2669//2669
f 2669//2669 858//858 2673//2673
f 2673//2673 857//857 2674//2674
f 2674//2674 859//859 860//860
f 860//860 861//861 862//862
f 862//862 2676//2676 2675//2675
f 2675//2675 2672//2672 2671//2671
f 2671//2671 2670//2670 871//871
f 871//871 872//872 2669//2669
f 2669//2669 2673//2673 2674//2674
f 2674//2674 860//860 862//862
f 2675//2675 2671//2671 871//871
f 2674//2674 862//862 2675//2675
f 871//871 2669//2669 2674//2674
f 248//248 246//246 2748//2748
f 2730//2730 2731//2731 10//10
f 2733//2733 9//9 3//3
f 2730//2730 10//10 2733//2733
f 2732//2732 2730//2730 2733//2733
f 2733//2733 3//3 2695//2695
f 2695//2695 2693//2693 2694//2694
f 2699//2699 2732//2732 2733//2733
f 2695//2695 2694//2694 2699//2699
f 1353//1353 1334//1334 1333//1333
f 1333//1333 1331//1331 1332//1332
f 1332//1332 2606//2606 2608//2608
f 2608//2608 2607//2607 2609//2609
f 2609//2609 2610//2610 2595//2595
f 2595//2595 2597//2597 2596//2596
f 2596//2596 1310//1310 1311//1311
f 1311//1311 1309//1309 1308//1308
f 1308//1308 2287//2287 2286//2286
f 2286//2286 2258//2258 2259//2259
f 2259//2259 2251//2251 2252//2252
f 2252//2252 2250//2250 2249//2249
f 2249//2249 2333//2333 2334//2334
f 2334//2334 2335//2335 2336//2336
f 2336//2336 2337//2337 2342//2342
f 2342//2342 2340//2340 2341//2341
f 2341//2341 2211//2211 2213//2213
f 2213//2213 2212//2212 2214//2214
f 2214//2214 2216//2216 2215//2215
f 2215//2215 2345//2345 2343//2343
f 2343//2343 2346//2346 2344//2344
f 2344//2344 2245//2245 2364//2364
f 2364//2364 2246//2246 2247//2247
f 2247//2247 2274//2274 2248//2248
f 2248//2248 2272//2272 2273//2273
f 2273//2273 2262//2262 2260//2260
f 2260//2260 2263//2263 2261//2261
f 2261//2261 1305//1305 1307//1307
f 1307//1307 1304//1304 1306//1306
f 1306//1306 1303//1303 2611//2611
f 2611//2611 1302//1302 2594//2594
f 2594//2594 1301//1301 1354//1354
f 1354//1354 1356//1356 1355//1355
f 1355//1355 2508//2508 2507//2507
f 2507//2507 2509//2509 2510//2510
f 2510//2510 1700//1700 1709//1709
f 2506//2506 2511//2511 2514//2514
f 2510//2510 1709//1709 2506//2506
f 1355//1355 2507//2507 2510//2510
f 2594//2594 1354//1354 1355//1355
f 1306//1306 2611//2611 2594//2594
f 2261//2261 1307//1307 1306//1306
f 2261//2261 1306//1306 2594//2594
f 1355//1355 2510//2510 2506//2506
f 2261//2261 2594//2594 1355//1355
f 2260//2260 2261//2261 1355//1355
f 1355//1355 2506//2506 2514//2514
f 2514//2514 2513//2513 2002//2002
f 2505//2505 1350//1350 1352//1352
f 2514//2514 2002//2002 2505//2505
f 2273//2273 2260//2260 1355//1355
f 2248//2248 2273//2273 1355//1355
f 1355//1355 2514//2514 2505//2505
f 1352//1352 1351//1351 1353//1353
f 1355//1355 2505//2505 1352//1352
f 2247//2247 2248//2248 1355//1355
f 2343//2343 2344//2344 2364//2364
f 2364//2364 2247//2247 1355//1355
f 1355//1355 1352//1352 1353//1353
f 1333//1333 1332//1332 2608//2608
f 1355//1355 1353//1353 1333//1333
f 2343//2343 2364//2364 1355//1355
f 2214//2214 2215//2215 2343//2343
f 2342//2342 2341//2341 2213//2213
f 2213//2213 2214//2214 2343//2343
f 2343//2343 1355//1355 1333//1333
f 1333//1333 2608//2608 2609//2609
f 2595//2595 2596//2596 1311//1311
f 1333//1333 2609//2609 2595//2595
f 2213//2213 2343//2343 1333//1333
f 2336//2336 2342//2342 2213//2213
f 2249//2249 2334//2334 2336//2336
f 2259//2259 2252//2252 2249//2249
f 2259//2259 2249//2249 2336//2336
f 2213//2213 1333//1333 2595//2595
f 2595//2595 1311//1311 1308//1308
f 2595//2595 1308//1308 2286//2286
f 2259//2259 2336//2336 2213//2213
f 2595//2595 2286//2286 2259//2259
f 361//361 360//360 362//362
f 362//362 338//338 332//332
f 332//332 337//337 334//334
f 334//334 336//336 335//335
f 335//335 1836//1836 1837//1837
f 1837//1837 1834//1834 1835//1835
f 1835//1835 1833//1833 1832//1832
f 1832//1832 1915//1915 1916//1916
f 1916//1916 1950//1950 1949//1949
f 1949//1949 1947//1947 1948//1948
f 1948//1948 1946//1946 1945//1945
f 1945//1945 1951//1951 1952//1952
f 1952//1952 2504//2504 2503//2503
f 2503//2503 2501//2501 2045//2045
f 2045//2045 2043//2043 2041//2041
f 2041//2041 2039//2039 2497//2497
f 2498//2498 2499//2499 2500//2500
f 2041//2041 2497//2497 2498//2498
f 2503//2503 2045//2045 2041//2041
f 1952//1952 2503//2503 2041//2041
f 2041//2041 2498//2498 2500//2500
f 2500//2500 1956//1956 1961//1961
f 1961//1961 1957//1957 1959//1959
f 1959//1959 1958//1958 1960//1960
f 1960//1960 1954//1954 1953//1953
f 1953//1953 1939//1939 1944//1944
f 1944//1944 1940//1940 1943//1943
f 1943//1943 1941//1941 1942//1942
f 1942//1942 1918//1918 1917//1917
f 1917//1917 1826//1826 1831//1831
f 1831//1831 1827//1827 1829//1829
f 1829//1829 1828//1828 1830//1830
f 1830//1830 1839//1839 1838//1838
f 1838//1838 1840//1840 333//333
f 333//333 2471//2471 2469//2469
f 2469//2469 2470//2470 2451//2451
f 2469//2469 2451//2451 2456//2456
f 2454//2454 2467//2467 2466//2466
f 2466//2466 940//940 2468//2468
f 2468//2468 991//991 2438//2438
f 2439//2439 2440//2440 2453//2453
f 2468//2468 2438//2438 2439//2439
f 2454//2454 2466//2466 2468//2468
f 2455//2455 2454//2454 2468//2468
f 2468//2468 2439//2439 2453//2453
f 2453//2453 2445//2445 2447//2447
f 2447//2447 2446//2446 2448//2448
f 2448//2448 359//359 361//361
f 362//362 332//332 334//334
f 2448//2448 361//361 362//362
f 2453//2453 2447//2447 2448//2448
f 2455//2455 2468//2468 2453//2453
f 2456//2456 2455//2455 2453//2453
f 2453//2453 2448//2448 362//362
f 362//362 334//334 335//335
f 1837//1837 1835//1835 1832//1832
f 362//362 335//335 1837//1837
f 2456//2456 2453//2453 362//362
f 1831//1831 1829//1829 1830//1830
f 1943//1943 1942//1942 1917//1917
f 1944//1944 1943//1943 1917//1917
f 1960//1960 1953//1953 1944//1944
f 1961//1961 1959//1959 1960//1960
f 1952//1952 2041//2041 2500//2500
f 2500//2500 1961//1961 1960//1960
f 1960//1960 1944//1944 1917//1917
f 1960//1960 1917//1917 1831//1831
f 1952//1952 2500//2500 1960//1960
f 1945//1945 1952//1952 1960//1960
f 1945//1945 1960//1960 1831//1831
f 1948//1948 1945//1945 1831//1831
f 1948//1948 1831//1831 1830//1830
f 1832//1832 1916//1916 1949//1949
f 1949//1949 1948//1948 1830//1830
f 1949//1949 1830//1830 1838//1838
f 1837//1837 1832//1832 1949//1949
f 2469//2469 2456//2456 362//362
f 362//362 1837//1837 1949//1949
f 1949//1949 1838//1838 333//333
f 333//333 2469//2469 362//362
f 1458//1458 1456//1456 1460//1460
f 1459//1459 1461//1461 1755//1755
f 1458//1458 1460//1460 1459//1459
f 2567//2567 1457//1457 1458//1458
f 1767//1767 1563//1563 1468//1468
f 1459//1459 1755//1755 1767//1767
f 2567//2567 1458//1458 1459//1459
f 1767//1767 1468//1468 2567//2567
f 791//791 790//790 826//826
f 826//826 825//825 849//849
f 618//618 617//617 615//615
f 615//615 616//616 613//613
f 613//613 614//614 610//610
f 613//613 610//610 2615//2615
f 618//618 615//615 613//613
f 1259//1259 618//618 613//613
f 613//613 2615//2615 2614//2614
f 251//251 239//239 236//236
f 2532//2532 2533//2533 2531//2531
f 2531//2531 2010//2010 1991//1991
f 1991//1991 2009//2009 1990//1990
f 1990//1990 2008//2008 2007//2007
f 2007//2007 1343//1343 1344//1344
f 1344//1344 1341//1341 1342//1342
f 1342//1342 1340//1340 1338//1338
f 1338//1338 2398//2398 1339//1339
f 1339//1339 1325//1325 1326//1326
f 1326//1326 2604//2604 2602//2602
f 2602//2602 2603//2603 2601//2601
f 2601//2601 1319//1319 1317//1317
f 1317//1317 1318//1318 1316//1316
f 1316//1316 2293//2293 2292//2292
f 2292//2292 2375//2375 2376//2376
f 2376//2376 2368//2368 2367//2367
f 2367//2367 2329//2329 2327//2327
f 2327//2327 2325//2325 2326//2326
f 2326//2326 2365//2365 2328//2328
f 2328//2328 2366//2366 2330//2330
f 2331//2331 2253//2253 2332//2332
f 2328//2328 2330//2330 2331//2331
f 2327//2327 2326//2326 2328//2328
f 2292//2292 2376//2376 2367//2367
f 2367//2367 2327//2327 2328//2328
f 2328//2328 2331//2331 2332//2332
f 2332//2332 2255//2255 2254//2254
f 2254//2254 2257//2257 2256//2256
f 2256//2256 2288//2288 2290//2290
f 2290//2290 2289//2289 2291//2291
f 2291//2291 1312//1312 1314//1314
f 1314//1314 1313//1313 1315//1315
f 1315//1315 2599//2599 2598//2598
f 2598//2598 2605//2605 2600//2600
f 2600//2600 1330//1330 1328//1328
f 1328//1328 1329//1329 1327//1327
f 1327//1327 1335//1335 1336//1336
f 1336//1336 1349//1349 1337//1337
f 1337//1337 1348//1348 1347//1347
f 1347//1347 1346//1346 1345//1345
f 1345//1345 2005//2005 2006//2006
f 2006//2006 2003//2003 2004//2004
f 2004//2004 1993//1993 1992//1992
f 1992//1992 1994//1994 1989//1989
f 1989//1989 97//97 98//98
f 98//98 99//99 102//102
f 102//102 101//101 80//80
f 80//80 81//81 79//79
f 79//79 78//78 54//54
f 54//54 55//55 223//223
f 223//223 222//222 224//224
f 224//224 225//225 243//243
f 243//243 2535//2535 2534//2534
f 2532//2532 2531//2531 1991//1991
f 243//243 2534//2534 2532//2532
f 223//223 224//224 243//243
f 54//54 223//223 243//243
f 54//54 243//243 2532//2532
f 102//102 80//80 79//79
f 79//79 54//54 2532//2532
f 79//79 2532//2532 1991//1991
f 1989//1989 98//98 102//102
f 102//102 79//79 1991//1991
f 1990//1990 2007//2007 1344//1344
f 102//102 1991//1991 1990//1990
f 2004//2004 1992//1992 1989//1989
f 1989//1989 102//102 1990//1990
f 1989//1989 1990//1990 1344//1344
f 2006//2006 2004//2004 1989//1989
f 1337//1337 1347//1347 1345//1345
f 1345//1345 2006//2006 1989//1989
f 1989//1989 1344//1344 1342//1342
f 1342//1342 1338//1338 1339//1339
f 1339//1339 1326//1326 2602//2602
f 2601//2601 1317//1317 1316//1316
f 1339//1339 2602//2602 2601//2601
f 1989//1989 1342//1342 1339//1339
f 1336//1336 1337//1337 1345//1345
f 1345//1345 1989//1989 1339//1339
f 1339//1339 2601//2601 1316//1316
f 1316//1316 2292//2292 2367//2367
f 2367//2367 2328//2328 2332//2332
f 2332//2332 2254//2254 2256//2256
f 2256//2256 2290//2290 2291//2291
f 2291//2291 1314//1314 1315//1315
f 1315//1315 2598//2598 2600//2600
f 2600//2600 1328//1328 1327//1327
f 1327//1327 1336//1336 1345//1345
f 1345//1345 1339//1339 1316//1316
f 1316//1316 2367//2367 2332//2332
f 1316//1316 2332//2332 2256//2256
f 1327//1327 1345//1345 1316//1316
f 1315//1315 2600//2600 1327//1327
f 1316//1316 2256//2256 2291//2291
f 2291//2291 1315//1315 1327//1327
f 1155//1155 1168//1168 1143//1143
f 1143//1143 1141//1141 1160//1160
f 1879//1879 2056//2056 2483//2483
f 2483//2483 2052//2052 2054//2054
f 2054//2054 2053//2053 2055//2055
f 2055//2055 1901//1901 1898//1898
f 1898//1898 1899//1899 1896//1896
f 1896//1896 1897//1897 1879//1879
f 1879//1879 2483//2483 2054//2054
f 2054//2054 2055//2055 1898//1898
f 1898//1898 1896//1896 1879//1879
f 2588//2588 1274//1274 2589//2589
f 2589//2589 2590//2590 2591//2591
f 2591//2591 5//5 2584//2584
f 2584//2584 2585//2585 2586//2586
f 2586//2586 2587//2587 1282//1282
f 1282//1282 2588//2588 2589//2589
f 2589//2589 2591//2591 2584//2584
f 2584//2584 2586//2586 1282//1282
f 602//602 595//595 597//597
f 597//597 596//596 5//5
f 2690//2690 603//603 602//602
f 597//597 5//5 2690//2690
f 594//594 595//595 602//602
f 602//602 601//601 598//598
f 599//599 600//600 721//721
f 594//594 602//602 598//598
f 599//599 721//721 720//720
f 594//594 598//598 599//599
f 719//719 593//593 594//594
f 2687//2687 2685//2685 2688//2688
f 719//719 594//594 599//599
f 2687//2687 2688//2688 719//719
f 725//725 2687//2687 719//719
f 719//719 599//599 720//720
f 726//726 729//729 728//728
f 719//719 720//720 726//726
f 728//728 725//725 719//719
