# Blender 5.1.0
# www.blender.org
mtllib low poly proty test 1.mtl
o Low_poly_proty
v 465.268494 167.469040 470.172791
v 479.156067 169.094269 452.549683
v 475.473633 168.052032 448.930573
v 474.749542 167.993835 453.024261
v 473.195648 184.025604 453.913208
v 447.371552 168.029739 450.972717
v 444.014282 168.209457 453.745270
v 448.717010 185.397964 450.616699
v 444.250122 178.357956 455.062744
v 462.122192 191.819824 450.086121
v 450.500580 167.698807 468.538788
v 458.186462 169.374512 470.939484
v 439.582733 166.018066 450.366394
v 451.305817 167.555939 432.648926
v 448.336304 178.588089 463.941010
v 460.370758 182.891098 436.702026
v 464.138763 169.788651 431.829102
v 480.805847 165.934311 446.033844
v 471.087036 168.131653 468.268585
v 469.284393 181.301514 465.438141
v 476.649384 179.974152 447.315369
v 457.344635 189.834625 457.442657
v 479.852997 169.320251 450.821259
v 480.349426 169.416809 452.594360
v 443.852875 178.720016 447.442657
v 441.226501 169.122269 451.542053
v 441.843933 169.314728 450.279663
v 459.833923 170.911316 434.843597
v 474.483948 169.509750 449.758820
v 477.299988 169.010437 449.644684
v 478.348328 170.659348 452.834076
v 474.819794 170.607986 452.919983
v 477.399780 167.751541 452.785370
v 475.610931 168.331741 452.744293
v 476.281799 165.184937 452.959412
v 477.922089 166.223129 450.928284
v 475.602905 164.464569 450.057190
v 477.982788 163.440613 451.801941
v 477.864380 161.540817 452.247711
v 475.124359 166.607468 450.672424
v 475.201019 162.348221 452.448029
v 476.393280 162.359329 449.836426
v 446.797913 170.573288 452.987000
v 442.367554 170.520142 451.501343
v 446.295227 162.437042 451.032318
v 444.609619 168.972534 449.088959
v 446.330109 167.998444 451.697540
v 443.337769 167.738922 452.111176
v 444.650269 167.153076 449.941406
v 443.242310 165.657822 451.116913
v 445.644745 165.303833 450.214111
v 443.596130 163.663757 450.430725
v 444.284210 162.488129 452.944489
v 443.830414 161.467300 450.097900
v 445.328217 166.018372 452.895477
v 445.061218 164.236557 453.024231
v 442.369812 168.724915 -84.278503
v 444.075745 169.119492 -87.591492
v 444.339508 166.987778 -83.954590
v 443.507050 166.821213 -86.381714
v 446.221405 165.305557 -85.833435
v 444.145386 164.643158 -86.758057
v 443.379456 163.066925 -86.069641
v 446.303406 162.857407 -85.566040
v 445.028961 161.911713 -86.823792
v 446.770660 167.394394 -85.720398
v 443.830139 164.958527 -84.067078
v 445.059937 163.648361 -83.839722
v 446.200287 160.326187 -86.025330
v 444.948669 160.918762 -83.778748
v 443.331299 160.663452 -86.107361
v 446.073700 168.964401 -83.359802
v 478.602936 168.955963 -86.367676
v 476.297119 169.177094 -83.007263
v 475.670807 166.698502 -86.661865
v 478.040344 166.609070 -85.328186
v 476.094116 166.411285 -83.767700
v 475.235992 164.778519 -84.517761
v 477.516754 164.175293 -84.221497
v 475.865204 162.997513 -83.906921
v 474.941833 162.178909 -85.372620
v 477.904266 161.226303 -84.706238
v 475.803284 160.050110 -86.664612
v 476.493591 164.387650 -87.012268
v 477.411377 162.044418 -86.695190
v 476.797272 160.159149 -83.819458
v 474.516663 168.415894 -87.796509
v 285.797821 212.788757 334.263916
v 288.890533 214.163010 336.541107
v 286.538391 215.360703 323.807129
v 284.514923 216.713882 337.593964
v 285.241058 217.799347 334.150421
v 299.728668 217.846390 284.352600
v 298.435638 215.360703 296.903839
v 298.921997 212.840073 284.752380
v 295.044006 215.064240 285.009460
v 285.797821 212.788757 69.463928
v 288.890533 214.163025 71.741089
v 286.538391 215.360703 59.007111
v 284.514923 216.713867 72.793945
v 285.241089 217.799347 69.350433
v 299.775024 217.854767 19.551819
v 298.435638 215.360703 32.103821
v 298.923615 212.830826 19.911530
v 295.044006 215.064240 20.209473
v 294.770599 220.939011 55.351562
v 300.142853 221.853638 55.051483
v 295.784698 223.421448 57.485718
v 297.361816 233.909073 55.555481
v 289.569214 223.574982 53.656738
v 285.257050 221.607224 53.724915
v 289.747864 220.147461 56.521149
v 287.612213 233.909073 55.555481
v 286.630157 221.644455 58.143097
v 288.774231 223.443130 33.381775
v 284.717804 221.497604 34.772400
v 289.680450 220.232574 35.687103
v 288.618652 223.477173 38.149445
v 287.612213 233.909073 35.555481
v 296.665222 223.472275 32.928589
v 294.849976 221.096252 36.014709
v 297.361816 233.909073 35.555481
v 300.133301 221.488922 36.283722
v 299.833069 221.618866 299.026855
v 294.591248 221.531357 299.660431
v 297.361847 233.909073 300.355469
v 297.690674 221.521225 302.851624
v 290.174286 221.129364 300.666779
v 285.459869 223.606506 298.555054
v 285.983459 220.176407 299.568054
v 287.612213 233.909073 300.355469
v 288.366211 223.504517 302.861023
v 297.255249 223.449356 317.795288
v 299.847778 221.276382 319.553833
v 297.361816 233.909073 320.355469
v 295.623352 223.603699 322.713440
v 295.487885 220.242218 321.150879
v 290.027130 223.434036 320.449768
v 287.359009 221.588577 317.533142
v 287.233612 220.202393 322.261993
v 287.612213 233.909073 320.355469
v 286.027008 223.561249 322.633148
v 303.893799 226.352753 69.555481
v 281.496399 225.371841 69.555481
v 300.749054 222.553482 66.005615
v 291.379944 211.039276 69.555481
v 288.120178 214.165665 69.307892
v 284.819397 213.890167 69.259186
v 281.560883 210.867462 69.555481
v 296.691589 217.501358 21.541931
v 280.675781 225.791367 21.965210
v 303.992462 226.596725 21.555481
v 305.014374 212.804184 21.555481
v 293.489105 211.039291 21.555481
v 300.717285 220.726639 26.114960
v 283.441803 219.656876 32.028442
v 306.014984 227.773651 40.426392
v 299.127411 229.420898 56.361877
v 292.746338 230.169632 35.785370
v 285.492859 229.386993 55.020111
v 298.840942 229.469330 34.392212
v 289.301514 229.472168 54.530975
v 292.559845 229.970718 56.127441
v 288.480927 229.472672 37.393250
v 297.351044 229.329514 37.662598
v 296.449005 229.310211 53.637939
v 285.607605 229.306503 34.850098
v 277.202972 216.602478 45.555450
v 278.512238 229.711349 49.985138
v 279.097809 229.085632 40.969116
v 278.990692 227.484406 50.244781
v 305.910675 227.953033 50.719421
v 290.887695 220.672180 25.355469
v 299.538452 216.390457 23.552094
v 301.163483 208.450684 25.355469
v 297.980927 213.621887 22.823029
v 287.464996 216.444366 67.617767
v 290.754242 211.553635 65.755493
v 282.229889 218.128830 64.931854
v 299.152313 222.401169 37.702393
v 294.909149 221.845718 37.298462
v 297.578613 222.279251 32.823914
v 299.825684 222.125702 54.398560
v 296.703461 222.347534 58.287964
v 293.402740 220.985245 55.010651
v 287.791321 222.296722 38.212585
v 290.396820 221.720200 34.954407
v 285.961731 223.540329 33.553406
v 284.676422 221.884720 55.647308
v 289.021912 222.116180 57.864197
v 287.666321 223.420135 52.943420
v 280.979431 226.148422 286.355469
v 303.683105 224.740784 286.355469
v 296.691589 217.501373 286.341949
v 305.014374 212.804184 286.355469
v 306.620636 228.147766 286.355469
v 293.489105 211.039291 286.355469
v 306.946686 228.513824 334.355469
v 303.272369 224.779800 333.716553
v 291.379944 211.039276 334.355469
v 281.398193 225.344055 334.355469
v 288.120148 214.165665 334.107880
v 284.819397 213.890182 334.059204
v 281.560883 210.867462 334.355469
v 300.535889 220.776382 290.908997
v 278.947205 228.023666 315.530579
v 287.395172 229.429764 298.251038
v 298.334991 229.448578 298.624939
v 292.663391 230.563217 300.488770
v 293.993744 230.192810 320.978851
v 288.440918 229.291260 322.268494
v 297.966522 229.443787 318.396454
v 298.247345 229.374878 322.207214
v 298.735809 229.531235 301.672729
v 285.780762 229.462952 319.387604
v 286.081970 229.464417 301.747437
v 307.665985 216.602539 310.355499
v 306.355560 229.715088 305.925476
v 305.808350 229.052902 314.964905
v 278.919312 227.850906 305.210785
v 306.014862 227.346237 306.031555
v 290.887695 220.672180 290.155457
v 287.465027 216.444351 332.417786
v 290.754242 211.553635 330.555481
v 282.270386 218.046738 329.724243
v 299.538452 216.390472 288.352112
v 301.163483 208.450684 290.155457
v 297.980927 213.621872 287.623016
v 289.852234 223.561264 321.471954
v 287.727234 221.538010 317.445282
v 284.900024 221.770538 321.554382
v 285.106506 221.046082 297.344055
v 290.082214 223.428177 300.994171
v 285.728424 222.194656 302.405579
v 296.551636 221.947723 317.610748
v 293.330292 221.310440 320.297607
v 300.263733 221.709198 322.540955
v 297.997314 222.081528 297.843872
v 293.443359 220.969437 300.417358
v 299.161560 222.223007 302.530792
v 457.569794 91.873184 313.243774
v 462.524323 96.546547 302.867645
v 454.432281 96.680984 306.926636
v 459.541138 92.198349 306.337708
v 456.032166 95.872986 316.054474
v 466.005920 96.185532 316.156067
v 461.415070 121.746941 314.791443
v 466.184570 93.293457 308.434937
v 460.226868 122.423187 306.445679
v 459.360962 92.109245 49.567596
v 464.996094 95.675415 39.341400
v 455.949432 92.684189 44.624634
v 456.166718 96.159203 51.591949
v 455.582794 96.343887 40.329468
v 465.024933 122.267723 46.175262
v 467.246094 95.443436 49.407471
v 456.360657 121.963905 44.936432
v 462.849884 92.200485 42.120605
v 118.468483 96.597198 315.450134
v 129.152451 95.872810 316.002869
v 119.599670 91.927711 310.339478
v 125.535614 92.179016 314.571350
v 130.766479 95.974243 307.716003
v 124.408081 93.187889 304.559448
v 122.034142 121.862503 306.561218
v 117.603958 96.486763 307.402893
v 125.652702 122.524277 313.571045
v 297.793793 7.819118 49.035706
v 297.816376 5.771931 43.140350
v 302.144989 5.868165 46.887634
v 302.042877 8.339432 42.999146
v 287.234558 7.950295 45.507416
v 300.289307 12.468762 45.325409
v 287.696655 207.616196 44.149414
v 287.467010 210.735229 48.796143
v 287.583923 214.279022 44.988495
v 283.263794 208.964050 47.576874
v 298.132385 210.760040 45.555481
v 283.013550 212.778900 43.391815
v 297.555511 9.441286 313.626465
v 297.786255 4.962287 309.029205
v 300.514130 10.808946 308.530853
v 302.087494 6.727623 312.586517
v 302.325104 6.977869 307.718842
v 287.234558 7.950292 310.307434
v 287.570221 207.289856 310.356842
v 287.544922 212.407288 313.376892
v 287.563843 212.481201 307.514130
v 283.068024 208.460571 308.888855
v 298.132385 210.760040 310.355469
v 283.334595 212.900650 311.344604
v 456.308105 96.382805 42.709564
v 453.975220 109.654854 52.779999
v 466.829681 109.623161 38.599792
v 464.234680 96.382805 41.329193
v 462.826263 109.482811 51.594849
v 461.038330 96.382805 51.410614
v 453.259888 109.777328 38.697693
v 469.009399 109.800270 52.314697
v 459.863495 109.982811 50.575867
v 455.830780 109.585487 302.889435
v 455.016479 96.382805 310.591583
v 463.968567 96.382805 306.017883
v 468.701172 109.667999 316.235443
v 464.071350 96.382805 314.585144
v 457.806396 109.606468 318.846893
v 450.975830 109.822617 310.495789
v 467.582184 109.809425 303.857178
v 459.073181 109.982811 315.023865
v 251.728683 251.198563 16.613739
v 349.850281 295.628296 290.355499
v 351.029633 294.954163 337.339813
v 349.768677 295.546844 65.555481
v 350.530365 295.730103 21.265350
v 275.444672 239.728775 337.621521
v 274.466736 239.144226 332.845764
v 341.449951 256.384613 330.352386
v 306.774628 234.893585 340.286682
v 252.929703 249.892868 333.459320
v 237.392181 270.012115 330.346375
v 252.564911 253.294128 337.773438
v 234.583679 295.475922 334.192230
v 232.211639 295.509155 25.563995
v 235.030746 295.637482 65.555481
v 232.480774 295.449280 290.355652
v 232.700760 313.503418 16.731995
v 237.361115 270.636078 65.551941
v 249.599228 251.906387 290.355469
v 277.747864 231.745163 65.555481
v 278.487122 232.002487 290.355469
v 306.212463 232.972595 65.555481
v 305.598480 231.622955 290.355469
v 342.831116 259.267273 65.553650
v 341.700256 257.168243 290.358459
v 250.282578 252.600586 23.737244
v 306.586670 232.483673 25.555511
v 277.658020 238.396622 16.818085
v 339.595795 255.142227 23.038025
v 308.765686 353.028687 23.076660
v 335.382751 338.036224 24.993073
v 243.307831 333.145508 290.349152
v 241.279968 328.131012 65.560913
v 324.338196 362.691925 64.842987
v 261.186371 360.495575 291.034058
v 340.051239 336.790497 65.562378
v 343.588867 328.131409 290.350037
v 357.179840 297.539856 25.545807
v 251.028625 338.005402 340.227600
v 308.926453 351.035706 337.806854
v 310.930511 351.912720 332.967499
v 332.931946 337.846985 333.337372
v 331.608185 339.664398 337.452515
v 247.009781 340.079285 330.196259
v 249.777527 348.798004 328.355469
v 258.041656 369.726746 329.052582
v 292.331146 371.746429 328.355469
v 327.189148 369.057007 329.165649
v 334.740417 348.726593 328.355469
v 292.363800 360.710602 328.355469
v 254.001190 342.053345 329.007935
v 251.240753 343.113556 328.962311
v 251.119705 339.361420 329.095947
v 292.554260 373.537689 328.653625
v 293.381683 376.821045 328.967346
v 290.613831 375.537415 329.206848
v 335.091522 348.798004 27.555481
v 327.595917 370.079224 27.186188
v 292.537903 371.746429 27.555481
v 257.679871 369.056976 26.563751
v 250.128647 348.726593 27.555481
v 292.505249 360.710602 27.555481
v 334.212738 340.615173 27.712463
v 330.834656 341.211060 26.886536
v 333.095032 343.342560 26.848633
v 293.924774 374.134460 26.571930
v 291.237518 374.113312 27.080597
v 248.429810 368.558533 25.055481
v 250.845367 374.369141 65.555481
v 292.393097 377.921844 26.805634
v 333.722809 374.833038 65.555481
v 333.867523 368.850983 25.055481
v 251.865982 339.043823 26.451263
v 254.038712 342.422821 27.238800
v 292.493256 360.759521 64.055511
v 258.242615 369.461212 64.532745
v 292.520416 244.675751 342.492920
v 266.512482 252.506348 340.280090
v 243.721909 284.615509 340.446228
v 273.406097 342.343750 340.534607
v 325.279144 334.847321 340.291748
v 343.399048 292.061646 341.821472
v 249.181961 319.301758 340.214539
v 324.318237 255.009445 340.985779
v 303.416901 352.949738 17.281342
v 333.155304 339.656799 16.635132
v 328.151001 369.205933 64.475494
v 248.752609 342.265747 25.912842
v 225.986572 296.231567 65.555359
v 229.608856 299.653625 48.224396
v 225.999878 296.268250 25.556061
v 228.819016 300.091949 43.854584
v 230.299774 295.820953 47.274567
v 230.668671 295.820496 43.569092
v 232.552582 300.306763 43.962524
v 249.755020 349.168030 64.055481
v 292.537933 371.746429 64.055481
v 334.884613 348.611725 64.055481
v 351.713226 298.535736 45.137512
v 358.833557 296.026367 65.554993
v 355.053680 295.651917 46.783325
v 354.587036 295.652588 43.801788
v 356.493683 300.105530 47.854706
v 350.498138 314.985077 45.208862
v 356.256958 299.624329 44.095306
v 351.833771 299.681122 47.574219
v 252.366272 341.828857 43.555481
v 292.542633 375.247345 43.555481
v 332.628326 341.720123 43.555481
v 334.023682 374.369141 290.355469
v 334.110626 374.582031 330.855469
v 251.146225 374.833008 290.355469
v 250.743088 371.673004 330.855469
v 330.828888 342.421478 328.844360
v 332.546112 338.956177 329.496979
v 292.375793 360.759552 291.855469
v 326.626404 369.461243 291.378204
v 256.718018 369.205933 291.435486
v 336.130157 342.272675 329.903381
v 358.882416 296.231415 290.355591
v 356.929382 300.065887 311.114502
v 354.445068 299.789032 307.701050
v 358.882080 296.235291 330.354889
v 353.477966 295.819458 308.571167
v 355.640106 295.822388 310.490234
v 351.639740 298.751801 311.366516
v 350.559784 314.548218 311.542603
v 335.114044 349.168030 291.855469
v 292.331146 371.746429 291.855499
v 249.984406 348.611755 291.855469
v 226.038376 296.057922 330.355042
v 230.425262 295.652771 308.661255
v 226.035492 296.026367 290.355957
v 229.665085 295.651733 311.577637
v 233.231094 298.831787 311.488861
v 229.326538 299.917175 308.012268
v 234.195633 313.635162 311.524658
v 228.252640 299.855255 310.789307
v 332.502777 341.828857 312.355469
v 292.326385 375.247345 312.355469
v 252.240723 341.720123 312.355469
v 262.894165 261.237305 366.191345
v 259.231232 280.362030 375.428375
v 287.241333 289.089569 390.924957
v 276.103516 310.216858 386.313538
v 247.339050 310.651978 359.128998
v 280.452576 339.029358 365.533813
v 332.611603 271.309387 357.936462
v 332.408752 297.714203 370.391205
v 309.222351 266.823853 379.269806
v 312.009766 312.375305 384.385986
v 320.756317 332.229156 361.892151
v 358.805084 295.058380 65.552490
v 355.116486 287.615662 44.730286
v 352.131104 281.223755 44.955536
v 354.371826 286.356171 47.096375
v 231.173065 284.139618 25.553101
v 276.056427 235.835236 24.137421
v 292.512421 228.913620 55.155609
v 297.268768 233.389618 35.535400
v 287.534027 233.339096 35.718018
v 286.392456 230.509888 35.338043
v 287.430847 232.488464 55.681641
v 298.082977 230.546356 34.889465
v 358.824829 295.032135 25.561737
v 354.382263 295.028015 47.385132
v 354.935333 295.167084 44.251129
v 352.155426 295.141052 44.630585
v 231.217026 295.073181 47.488068
v 232.716568 295.165466 44.827393
v 229.992096 295.094238 44.024445
v 226.080566 295.050507 65.549042
v 229.546204 287.962128 46.024109
v 232.009735 283.114227 46.895660
v 232.201050 282.779999 43.998962
v 297.433533 232.835434 55.548279
v 358.805084 295.058380 330.352478
v 355.277283 287.887756 309.753571
v 352.224060 281.467682 309.539001
v 353.780518 285.198212 311.989197
v 231.173065 284.139618 290.353088
v 288.427307 230.372787 321.563477
v 297.942200 230.672714 319.973724
v 306.507904 232.757416 330.355469
v 287.654755 233.040924 320.261536
v 292.425507 228.875931 300.626373
v 286.460907 229.880890 301.749695
v 286.283417 229.955490 298.996094
v 358.824829 295.032135 290.361725
v 354.382233 295.028046 312.185242
v 352.126953 295.144470 309.540955
v 354.887970 295.176239 308.975403
v 232.534409 295.124023 311.569885
v 231.862244 295.121124 308.760925
v 229.331512 294.957672 310.546539
v 226.080566 295.050507 330.349060
v 278.054169 229.732773 330.355469
v 229.546204 287.962128 310.824097
v 232.009857 283.113892 311.695374
v 232.201050 282.779999 308.798950
v 297.555420 232.465210 300.315338
v 297.345703 233.822250 320.171051
v 287.610260 234.660706 300.329834
v 246.688660 282.384125 341.673798
v 267.944641 253.972183 341.238708
v 306.226318 250.738510 340.420288
v 268.536560 336.247772 340.974731
v 334.792297 274.524017 341.629913
v 335.897919 311.876892 340.297852
v 247.056107 306.266083 341.890045
v 331.305267 280.246490 361.102112
v 304.537842 258.840759 369.504456
v 311.527039 286.177521 383.424194
v 331.713837 315.471893 358.816650
v 314.296265 317.233887 375.845093
v 271.642426 271.592712 376.314880
v 280.377533 319.703796 380.764740
v 303.770660 342.646118 342.795502
v 258.538452 294.282959 373.071899
v 255.641739 319.085358 357.343109
v 144.071518 123.045906 -36.357544
v 144.071518 136.379242 402.428467
v 104.071518 136.379242 -36.357544
v 104.071518 123.045906 402.428467
v 253.944733 244.132263 325.629883
v 199.207596 236.914093 328.355469
v 198.307526 235.363525 27.555481
v 253.923157 244.128250 27.555481
v 268.247223 207.518616 41.960327
v 267.681610 207.455551 306.354797
v 193.607071 188.723129 306.553558
v 275.305389 210.722809 64.671112
v 197.056854 188.611710 327.726379
v 275.957794 210.842377 329.519226
v 193.997192 189.006699 32.250641
v 390.422577 189.258072 324.883057
v 391.166870 188.532455 44.317444
v 330.894928 244.132645 325.824554
v 330.894928 244.132645 26.940094
v 314.387054 209.483063 311.262817
v 309.247711 210.787979 329.420959
v 397.547028 166.613678 289.038818
v 388.173737 176.916183 329.487061
v 378.755493 181.307877 330.187256
v 275.547699 210.854599 291.223206
v 148.043106 162.497543 329.813477
v 201.045349 176.854675 313.479370
v 200.402328 177.139313 307.107239
v 204.560562 179.002548 309.841980
v 206.156921 181.325989 330.199402
v 440.271118 158.553131 330.881714
v 280.354156 221.437790 328.406494
v 278.476837 227.146576 317.519409
v 292.690308 11.955556 331.297455
v 247.394257 16.827168 330.214386
v 275.896301 8.401089 330.205444
v 185.571091 162.096878 329.989136
v 159.802094 106.366585 330.127197
v 145.616806 96.724030 329.526154
v 173.748489 93.857925 329.777161
v 161.083160 151.417160 330.058594
v 103.685822 156.453781 330.741211
v 304.474884 221.427155 328.426086
v 196.908249 176.358215 329.487061
v 207.754288 177.102844 330.265198
v 286.897308 217.207642 329.985168
v 284.974121 214.197922 330.046692
v 287.812622 214.012665 330.098633
v 377.136749 177.218704 330.211304
v 424.853180 106.136230 330.080811
v 439.164886 96.737114 329.581482
v 337.140839 16.806562 330.302612
v 481.183228 156.816635 330.741211
v 481.168945 103.199471 330.726929
v 410.374908 92.623741 330.009338
v 400.281799 161.358536 330.064758
v 274.379395 216.794479 310.772339
v 273.159271 211.373581 315.481842
v 304.512299 221.440125 292.292053
v 306.966705 225.069901 308.817017
v 292.396790 16.524778 290.088379
v 240.275848 189.281784 289.685028
v 200.622055 113.597404 290.355469
v 200.502625 106.360260 290.355469
v 347.694916 185.774139 290.355469
v 382.721436 109.572388 290.355469
v 391.075928 112.594894 290.355469
v 411.088043 93.672714 290.681458
v 389.920380 105.682457 290.355469
v 337.243225 16.750128 290.441772
v 361.930725 45.786304 290.355469
v 245.139404 21.641724 290.019775
v 438.250763 162.424576 291.165344
v 423.747345 151.481934 290.658142
v 441.460846 100.758629 289.846558
v 174.520737 92.500511 290.539368
v 142.695251 100.733391 289.966370
v 103.700104 103.019951 289.984039
v 184.572037 161.330032 290.689545
v 144.885818 158.732437 289.783081
v 103.685822 156.453781 289.969757
v 481.232147 103.076813 290.142029
v 481.218903 156.485870 290.058929
v 298.042145 217.115143 290.607361
v 296.574768 214.913132 290.598236
v 300.113098 214.414108 290.709473
v 192.887177 107.539154 290.355469
v 291.867767 -0.792218 317.230896
v 291.567841 8.617307 312.570251
v 291.617798 5.981183 309.443054
v 291.724396 9.730698 308.884216
v 117.778343 97.710991 308.304993
v 125.666031 97.452003 316.414734
v 129.376144 97.422600 306.762451
v 127.467377 108.797073 315.946167
v 117.909340 108.928932 311.323944
v 103.662163 102.816277 330.632080
v 126.141602 108.701500 304.123444
v 117.778343 150.770538 308.304993
v 125.666031 150.511551 316.414734
v 129.376144 150.482147 306.762451
v 117.909340 162.088455 311.323944
v 127.467377 161.956604 315.946136
v 126.141602 161.861023 304.123444
v 274.767761 8.355413 290.815643
v 277.453003 220.171509 310.955536
v 274.047882 2.959188 312.545166
v 271.627899 8.376427 312.685974
v 269.461548 10.021178 309.364014
v 292.373077 213.144592 308.749634
v 292.294800 208.383865 309.903931
v 292.410919 210.534042 312.802856
v 287.341248 214.437714 310.191345
v 287.381226 210.352402 306.412872
v 287.286652 208.645462 314.040619
v 161.690338 151.957184 290.824402
v 161.187805 104.050766 290.795410
v 280.386169 221.433502 292.295410
v 286.560272 215.360703 317.955475
v 312.997223 210.425461 308.264465
v 309.336212 216.226593 316.198303
v 423.180145 151.958115 329.889313
v 297.111816 11.060942 308.549438
v 293.049622 0.715123 311.478546
v 296.820343 4.821750 309.095093
v 315.652802 11.159639 314.113037
v 310.105225 8.472227 290.753906
v 455.696747 97.454834 314.024780
v 465.389435 97.822121 314.753601
v 460.161804 97.624077 303.755402
v 454.590271 108.533218 307.956787
v 465.342102 109.002815 306.361328
v 463.981323 108.791168 316.025360
v 455.696777 150.514374 314.024780
v 465.389435 150.881668 314.753601
v 460.161804 150.683624 303.755402
v 454.590271 161.692749 307.956787
v 465.342102 162.162338 306.361328
v 463.981323 161.950699 316.025360
v 310.643463 1.703964 309.730652
v 309.874756 8.425384 329.947571
v 311.974884 7.913957 305.378845
v 298.015808 9.322777 314.029907
v 423.679291 104.047760 290.795593
v 308.452789 217.266953 303.613220
v 309.437897 210.819046 291.374023
v 298.332611 215.386368 302.755463
v 385.802673 176.246078 309.835846
v 382.107635 178.411636 313.333923
v 381.277527 177.795105 307.510986
v 292.395081 9.499739 25.027740
v 292.132599 14.923092 65.687500
v 338.408478 17.221199 25.814331
v 338.224487 17.240414 65.309692
v 237.402466 23.674437 64.964478
v 193.764282 106.236923 65.555481
v 201.944855 108.690140 65.555481
v 195.430267 113.626129 65.555481
v 262.357147 200.236816 65.555481
v 280.352051 221.441116 63.607300
v 278.476837 227.146576 52.719391
v 103.696167 102.990288 65.917145
v 424.853180 106.136246 65.280823
v 206.164734 180.530563 64.895477
v 213.187454 172.040512 65.304932
v 186.737778 165.393387 66.790527
v 145.234222 105.536469 66.942108
v 173.793762 93.600021 65.328552
v 191.705536 177.482925 66.086914
v 481.168976 103.199471 65.926910
v 439.025055 96.727631 64.802643
v 397.495453 165.029984 66.059509
v 440.317017 158.563354 66.079773
v 423.178711 151.957184 65.086548
v 481.183258 156.816635 65.941193
v 410.012421 89.692253 66.456329
v 388.811157 177.474701 65.425751
v 378.518127 179.962357 64.838074
v 210.329773 60.151840 66.175323
v 103.807625 156.519974 66.245758
v 304.472717 221.423737 63.625275
v 284.974121 214.197922 65.246704
v 286.897308 217.207642 65.185150
v 287.812622 214.012665 65.298615
v 366.294159 54.795967 65.555481
v 381.562134 108.222534 65.555481
v 275.468445 8.419532 65.309753
v 365.588287 166.824661 65.555481
v 383.447327 108.993866 65.555481
v 391.081512 105.685028 65.555481
v 387.426086 113.971237 65.555481
v 145.820129 96.718857 26.346161
v 160.015869 106.136230 25.830139
v 103.700081 103.019951 25.184052
v 441.519043 100.716759 25.059143
v 103.685799 156.453781 25.169769
v 144.812683 158.749054 24.977661
v 275.439148 210.787125 26.593018
v 280.451477 221.370712 27.505402
v 437.737488 162.527786 26.409332
v 423.787476 151.418182 25.849182
v 278.082001 227.965271 34.295166
v 304.531067 221.465652 27.496857
v 481.183258 156.453766 25.169769
v 184.606842 161.395248 25.790344
v 411.082703 93.642334 25.840057
v 399.290039 162.110443 25.901581
v 244.376877 18.261957 25.972870
v 174.490814 92.639076 25.921814
v 309.313477 8.440289 25.702759
v 296.686310 214.591171 25.875488
v 299.001373 217.123047 25.919128
v 299.596710 213.974731 25.823578
v 272.118073 210.365295 50.332764
v 199.019043 178.072342 42.019257
v 205.079575 180.871582 45.117493
v 203.241226 177.633377 48.440002
v 292.397461 208.541412 47.034607
v 292.348846 211.939346 43.113312
v 322.312469 206.712402 25.641022
v 383.335663 176.384155 48.034485
v 384.650909 176.796692 42.735443
v 380.296967 179.091461 44.109100
v 384.191772 179.293274 49.776886
v 308.744751 210.548721 65.221924
v 313.866425 209.550247 47.586853
v 312.920837 210.724457 43.353088
v 309.025299 216.565598 50.995819
v 296.629486 11.143425 45.352112
v 293.081665 1.219665 46.041473
v 297.154938 5.217368 43.270508
v 315.652771 11.159636 49.313019
v 454.199707 97.712448 46.978119
v 465.444702 97.367081 49.723572
v 463.961365 97.398911 40.049133
v 455.900757 108.666870 41.124969
v 459.966003 108.959534 51.854614
v 481.204071 102.988365 25.271790
v 466.995544 108.996414 44.135956
v 454.199707 150.771988 46.978119
v 465.444702 150.426620 49.723572
v 463.961365 150.458450 40.049133
v 455.900757 161.826401 41.124969
v 466.995544 162.155945 44.135956
v 459.966003 162.119064 51.854614
v 310.609344 1.698866 45.007416
v 309.870422 8.422127 65.146545
v 312.627289 8.339820 40.418915
v 298.131561 9.374178 49.543335
v 423.674286 104.049835 26.004578
v 308.347870 219.810349 45.622528
v 308.440094 210.804520 25.934998
v 298.332611 215.386368 37.955475
v 276.915894 218.390213 46.192200
v 274.350647 217.149002 41.682281
v 291.867767 -0.792220 52.430939
v 291.619293 7.550463 47.820953
v 291.680786 10.149160 44.856781
v 291.606171 6.686120 43.751251
v 125.864792 97.287498 52.863892
v 119.275322 97.841888 40.958771
v 129.801559 97.355927 43.498718
v 130.139832 109.036980 44.370239
v 124.155304 108.931107 51.864685
v 119.112144 108.563805 41.005127
v 119.275322 150.901428 40.958771
v 124.673775 150.540588 52.033539
v 129.801544 150.415466 43.498718
v 130.139832 162.196503 44.370239
v 124.155304 162.090637 51.864685
v 119.112144 161.723328 41.005127
v 275.865814 8.393397 25.680664
v 274.305664 2.347948 45.219421
v 271.336853 8.495059 43.033173
v 269.506775 10.040365 46.460388
v 287.421722 214.271759 43.251678
v 287.289520 207.174591 44.512299
v 289.818756 211.801346 48.172028
v 161.189774 104.047752 65.115326
v 161.082352 151.417664 65.260193
v 161.691788 151.956238 26.027161
v 286.560272 215.360703 53.155457
v 200.637070 176.153244 43.370544
v 385.661469 236.914093 328.355469
v 370.402954 242.841644 25.555481
v 386.666565 232.518250 25.555481
v 387.581940 109.436768 290.355469
v 385.382202 110.222397 65.555481
v 390.041901 108.641205 65.555481
v 199.723068 178.838943 311.999603
v 200.981903 179.316956 312.846497
v 199.320511 178.684692 311.847046
v 198.990448 178.541290 309.019287
v 199.512344 178.758514 309.139526
v 202.096191 179.744736 308.386108
v 201.852997 179.649460 307.983856
v 203.335190 180.216461 309.624451
v 202.861435 180.036819 311.610352
v 203.032471 180.099640 311.793396
v 202.172958 179.316269 308.402954
v 199.231110 178.127335 309.803833
v 202.623962 179.201950 312.346039
v 201.599854 183.799362 309.866638
v 201.614151 183.458115 311.552307
v 200.986298 183.567230 311.967346
v 198.464447 182.613037 312.087708
v 198.671036 182.377655 312.112366
v 199.285645 182.104477 308.154266
v 198.113831 182.480392 308.925171
v 200.463104 183.369278 308.463776
v 197.559814 182.269684 310.782684
v 198.319290 182.557922 312.104858
v 199.645905 183.058884 312.688110
v 201.301788 183.685410 311.944611
v 201.859268 183.893845 309.720825
v 200.321686 183.314560 308.117554
v 198.209427 182.512375 308.573059
v 381.723816 180.145309 310.087952
v 383.422699 179.496704 308.302124
v 385.117676 178.354782 308.827271
v 385.334076 178.767151 309.105896
v 385.351562 178.760483 311.637695
v 384.772522 178.523712 312.124481
v 383.078979 179.627884 312.344269
v 381.292908 179.501373 310.307037
v 382.945984 179.674240 312.737915
v 385.811493 178.573135 311.730774
v 385.499329 178.701614 308.714478
v 383.358124 179.518875 307.893799
v 381.310272 180.291306 310.078918
v 383.542023 183.696136 309.212799
v 385.505280 182.953323 308.241089
v 385.814423 182.497101 308.303223
v 387.225922 182.301956 310.843475
v 386.908905 182.097885 311.245239
v 384.985931 183.149826 312.429077
v 382.912140 183.139008 311.311523
v 383.364075 183.763412 311.208008
v 387.063354 182.363251 309.251709
v 385.476562 182.960007 307.984711
v 383.351624 183.765869 309.007324
v 383.067566 183.875153 310.907532
v 385.010101 183.115524 312.902405
v 387.278168 182.281387 310.955872
v 349.571136 196.549255 311.748840
v 348.928436 196.729965 310.594025
v 348.900604 196.802261 310.868469
v 351.362152 195.855209 312.039825
v 349.425079 196.490387 311.539825
v 352.293762 195.518784 310.349121
v 351.580444 195.782471 308.866577
v 351.982941 194.701080 310.465332
v 349.572327 196.547012 308.891693
v 348.927307 196.793060 309.891541
v 349.260498 196.563995 309.234039
v 349.002106 196.764862 309.843628
v 349.703522 196.499435 308.972107
v 350.969666 196.020264 308.932190
v 352.040894 195.615341 310.183655
v 351.015015 196.003372 311.807800
v 349.725983 196.491089 311.712860
v 348.953796 196.782990 310.814148
v 233.313522 195.787613 311.885193
v 235.859009 196.757309 309.431763
v 235.916672 196.716583 309.893127
v 234.400726 196.209427 308.631287
v 232.653320 195.535065 309.515320
v 233.296310 195.102875 309.059937
v 235.369354 196.575211 311.758606
v 235.941055 196.792664 310.814545
v 234.888046 196.095245 312.092987
v 235.822998 196.747650 309.678101
v 235.890472 196.773453 310.897858
v 235.077423 196.465851 311.741119
v 233.486526 195.863800 311.663696
v 232.956573 195.663834 309.765137
v 234.588364 196.281052 308.771576
v 234.320694 190.518600 311.615570
v 235.044540 189.842331 308.644836
v 235.477112 191.812714 310.258240
v 349.370728 192.192810 309.145691
v 351.348206 191.888977 311.360687
v 350.433655 189.755844 310.287842
v 203.129318 180.139069 45.023621
v 203.059433 179.622025 46.783234
v 201.518784 179.524353 47.699402
v 200.103745 178.537521 47.290466
v 199.069443 178.589462 45.891418
v 200.778656 178.305939 43.334747
v 200.740158 179.227158 43.448975
v 203.303131 180.202972 44.623993
v 201.841492 179.646942 43.237488
v 199.576981 178.775787 43.595947
v 198.913254 178.527374 46.340637
v 202.067490 179.680664 48.151276
v 201.585052 183.793762 46.115875
v 201.431549 183.431091 46.935333
v 199.927368 183.166565 47.689331
v 197.993973 182.006790 46.740509
v 197.894501 182.397400 46.388519
v 198.309967 182.554596 44.065186
v 200.429276 182.817413 43.281281
v 199.992722 183.191284 43.543274
v 201.230331 183.659546 44.296814
v 199.832748 183.130219 47.861267
v 201.441681 183.737213 47.013245
v 201.816818 183.880432 44.957855
v 200.341629 183.319138 43.260376
v 198.398056 182.587387 43.714935
v 197.480133 182.216507 46.440704
v 381.955170 179.569046 44.120850
v 381.788239 180.120316 46.395050
v 383.397797 179.506195 43.359894
v 385.213348 178.339783 44.194702
v 385.768707 178.601257 45.284790
v 383.470123 178.709503 47.939850
v 384.393677 179.126083 47.549500
v 381.559845 180.207245 46.264313
v 381.690948 180.156418 44.433990
v 383.550140 179.443649 43.033661
v 386.072876 178.473373 44.799103
v 385.181122 178.824280 47.481934
v 382.946014 179.674225 47.937958
v 384.229919 182.647629 43.325531
v 384.992340 183.147385 43.377960
v 386.902985 182.424683 44.672974
v 386.908905 182.097885 46.445251
v 386.829346 182.452621 46.680237
v 385.308289 183.027863 47.584015
v 384.119720 183.143936 47.530670
v 383.806030 183.596252 47.052338
v 383.261810 183.802185 45.102173
v 387.136536 182.324768 44.239471
v 384.911835 183.177307 43.261505
v 382.812225 183.947998 45.084564
v 384.019470 183.515274 47.491821
v 385.223419 183.059418 47.864594
v 386.859955 182.438431 47.069977
v 233.313583 195.787628 47.085205
v 235.858963 196.757294 44.631653
v 235.916672 196.716599 45.093201
v 234.400757 196.209442 43.831299
v 232.653305 195.535049 44.715393
v 233.296234 195.102936 44.259949
v 235.369385 196.575226 46.958557
v 235.941071 196.792679 46.014465
v 234.888046 196.095261 47.292969
v 235.822983 196.747650 44.878082
v 235.890472 196.773453 46.097870
v 235.077271 196.465805 46.941162
v 233.486511 195.863800 46.863678
v 232.956558 195.663818 44.965240
v 234.588211 196.281006 43.971588
v 235.124344 190.819153 46.420166
v 233.051773 189.753967 44.362671
v 234.137619 191.904495 44.313354
v 349.571106 196.549286 46.948822
v 348.928436 196.729965 45.794006
v 348.900604 196.802261 46.068390
v 351.362152 195.855209 47.239838
v 349.425110 196.490387 46.739868
v 352.293762 195.518784 45.549133
v 351.580444 195.782471 44.066559
v 351.982941 194.701111 45.665344
v 349.572357 196.547012 44.091675
v 348.927307 196.793060 45.091583
v 349.260498 196.563995 44.434021
v 349.002075 196.764862 45.043640
v 349.703491 196.499451 44.172119
v 350.969696 196.020264 44.132202
v 352.040894 195.615341 45.383667
v 351.014984 196.003372 47.007782
v 349.726044 196.491074 46.912872
v 348.953796 196.783005 46.014099
v 351.212555 192.099503 44.258698
v 349.650970 192.025879 46.813049
v 350.433655 189.755844 45.487854
v 195.545929 107.659233 290.355469
v 198.830170 111.253914 290.355469
v 197.081940 109.436768 65.555481
v 461.161957 147.979721 -36.923035
v 456.298065 114.066948 -36.721375
v 447.730164 147.471130 -36.597656
v 434.093323 158.352371 -41.550781
v 446.657257 123.169296 -36.763123
v 427.876190 111.357010 -47.023071
v 485.887909 111.351997 -41.658752
v 484.792938 158.354187 -40.664307
v 475.876495 140.029922 -36.815674
v 473.061401 120.459732 -36.710205
v 510.376373 111.358978 -84.641968
v 509.526398 158.369217 -83.715027
v 412.057251 111.357941 -107.350525
v 411.497223 158.532974 -95.143677
v 457.981873 158.341705 -134.374817
v 478.875183 111.358871 -134.426453
v 496.536102 158.348572 -120.533325
v 480.176636 111.357300 -75.777100
v 447.978119 111.356171 -69.036804
v 471.594788 111.340950 -102.730286
v 443.894318 111.356133 -97.550964
v 458.995758 159.781143 -62.751221
v 462.578949 159.972565 -107.036316
v 483.224457 159.789261 -83.731873
v 449.868683 161.095596 -103.147217
v 437.266632 159.974869 -86.225220
v 480.818329 158.762238 -88.795166
v 464.054871 158.797836 -65.190552
v 440.378326 160.263535 -82.231445
v 456.364655 159.080139 -104.527588
v 459.959229 164.281769 -105.577393
v 475.471802 164.446060 -100.238342
v 480.825653 164.282349 -85.346680
v 475.229828 164.444672 -70.066833
v 440.392517 164.283798 -85.855957
v 460.605652 164.276184 -65.148499
v 449.966736 127.511078 -36.982239
v 452.923370 128.024246 -36.851990
v 457.196259 140.432785 -36.198242
v 459.902161 136.316605 -36.430664
v 464.681458 137.460449 -36.224792
v 458.874969 123.203583 -36.364075
v 458.070679 119.264839 -36.410339
v 462.871643 117.923882 -36.609924
v 464.150726 128.993408 -36.210999
v 468.938141 127.552277 -36.858521
v 470.300110 130.891495 -37.001099
v 471.071716 134.645844 -36.680298
v 455.751068 133.891464 -37.085693
v 450.491180 133.445801 -36.400330
v 459.816803 153.393951 -36.433411
v 470.006104 150.989609 -36.378113
v 466.856140 148.316666 -36.579285
v 469.381012 123.187759 -36.651062
v 454.764404 120.239609 -36.569946
v 456.473816 127.668533 -36.545898
v 451.805786 123.212669 -36.736633
v 456.476410 130.103638 -36.566101
v 453.467194 148.259964 -36.766174
v 466.797546 119.426659 -36.154846
v 461.854126 125.010269 -36.614380
v 460.615967 127.381836 -36.196594
v 460.126648 131.343094 -36.828918
v 461.088837 131.417343 -36.835815
v 462.001160 144.066269 -36.222473
v 472.064697 128.450058 -37.014587
v 451.479980 130.510208 -37.191162
v 456.619720 88.242378 -109.971802
v 480.868622 88.245995 -75.975220
v 446.215515 88.246262 -69.754700
v 473.588409 191.877182 -105.767944
v 437.838318 191.876572 -84.717590
v 469.527740 191.876572 -64.871033
v 462.463837 151.031097 403.181824
v 501.446320 111.330017 413.902588
v 505.842621 157.831177 417.594543
v 473.510162 148.893997 402.673340
v 474.499451 124.487976 402.727844
v 444.945831 111.358582 404.158905
v 427.920380 157.846588 411.393005
v 447.251831 147.893936 402.726013
v 447.925323 121.285500 402.646088
v 458.047943 154.890198 402.251709
v 504.582611 111.358521 479.782410
v 508.765503 155.879608 452.256897
v 439.318054 111.358582 500.049744
v 471.000488 157.804825 500.493530
v 412.262878 155.500046 451.325195
v 424.029449 157.840576 487.288574
v 411.179535 111.358475 441.455139
v 466.703583 111.358574 476.223236
v 439.234650 111.358574 440.256927
v 476.907990 111.358574 434.925049
v 481.807251 157.932571 455.394348
v 456.670776 157.996674 472.600220
v 462.141296 163.834381 429.757172
v 439.955170 158.274887 447.880676
v 456.783905 158.056580 430.402802
v 460.976257 157.837448 487.280792
v 460.563507 157.833466 415.354218
v 438.976776 163.895172 452.952148
v 482.836151 163.259171 449.558411
v 462.122101 164.015656 472.979828
v 470.461060 132.282379 403.098480
v 471.351257 128.861267 402.894684
v 459.079590 142.069962 402.752563
v 463.592834 139.930023 402.541077
v 459.388519 136.082443 402.275269
v 462.956268 121.426918 402.474548
v 459.426178 118.378456 402.651398
v 459.476624 125.597496 402.421906
v 453.087646 130.022171 402.866943
v 450.081390 128.839066 403.136047
v 455.158356 132.943054 402.581116
v 450.198822 135.673416 402.657593
v 471.609650 136.479538 402.799194
v 466.961456 149.619812 402.664673
v 453.504150 149.715164 402.845093
v 458.135925 129.881027 402.885193
v 463.203583 129.986740 402.934998
v 469.415588 124.580750 402.757721
v 451.810211 124.685295 402.775940
v 464.734650 131.514053 402.622620
v 466.442017 121.620621 402.612457
v 454.660828 121.738647 402.728760
v 465.738739 116.051781 402.704712
v 462.507446 124.618919 402.468872
v 466.877960 140.426056 402.619629
v 460.604675 132.579453 402.602325
v 454.865662 138.803619 402.454102
v 459.801636 145.306412 402.332916
v 468.283325 130.103531 403.054932
v 450.283295 131.735062 403.329987
v 483.138031 190.850250 450.700073
v 448.808960 190.862045 472.366028
v 442.673004 190.870956 431.561279
v 483.365234 89.260582 452.058289
v 454.079498 89.260582 427.698669
v 448.488800 89.260582 473.890747
v 113.663643 134.521484 402.659637
v 120.112144 130.296219 402.672211
v 126.722214 129.747360 402.860413
v 137.075150 126.692413 402.417511
v 126.260895 152.555328 402.506226
v 115.080429 150.815796 402.293457
v 137.140869 147.463730 402.663269
v 110.319916 145.433792 403.080505
v 130.486252 148.327225 402.640778
v 135.311188 134.978333 402.809662
v 118.818741 148.432800 402.472290
v 120.113525 127.686646 402.603333
v 128.370438 127.897064 402.655029
v 133.040771 123.164925 402.757721
v 115.438545 123.270988 402.779541
v 130.067215 120.204788 402.612457
v 119.086105 120.195007 402.618134
v 131.932495 115.017166 402.741394
v 110.243042 123.423401 402.638611
v 101.693962 155.568420 407.589996
v 119.512222 113.756378 402.793884
v 122.882561 124.934303 402.615967
v 125.424210 123.471588 402.341125
v 124.253059 127.381813 402.267578
v 125.839767 143.852325 402.658722
v 130.091263 137.215805 402.506348
v 125.720108 135.218216 402.171448
v 131.819489 128.691299 402.955780
v 134.288437 130.806015 403.052490
v 124.400154 142.024857 402.538025
v 120.308411 139.883209 402.321930
v 125.900688 118.163933 402.698730
v 116.410393 128.169861 402.961304
v 112.984871 128.261627 403.052094
v 115.164215 131.011230 402.981689
v 123.413307 131.345596 402.950134
v 134.404434 127.691010 403.338074
v 126.329597 111.613762 501.439056
v 109.086861 111.493797 466.665344
v 109.452705 111.451378 437.058289
v 141.751480 111.498795 464.175385
v 173.280228 111.612885 437.403198
v 75.610901 111.613297 471.018799
v 81.821831 111.612572 425.898804
v 136.777924 111.488861 434.093750
v 165.396667 111.612572 479.595093
v 148.112488 156.320877 495.647400
v 173.375626 156.318665 450.612427
v 160.496017 156.304199 450.981049
v 120.577087 156.434738 472.137024
v 144.945343 156.472443 447.758179
v 148.973495 156.319504 408.198181
v 103.520859 156.548630 447.913879
v 77.495544 156.312195 432.565918
v 123.409218 154.341949 500.085236
v 127.918442 156.293854 472.049194
v 77.001022 156.298477 468.986603
v 100.085197 158.342834 452.920258
v 123.799721 156.304367 415.179932
v 144.599472 156.840576 454.930847
v 120.723747 156.784622 431.079498
v 150.000839 88.974182 451.682159
v 107.878357 88.987274 434.786255
v 116.870712 88.977676 472.510651
v 144.772446 191.111450 450.951263
v 102.298004 191.111618 454.331543
v 132.902130 191.114014 471.767670
v 130.641068 191.109894 430.533203
v 103.660065 164.120453 451.433807
v 124.242767 164.126389 430.851715
v 144.822845 164.125443 451.424011
v 124.353149 164.123779 472.048462
v 127.767471 156.743698 431.073608
v 124.323441 151.027908 -37.319275
v 118.170357 136.879318 -37.072144
v 113.668152 135.933807 -36.592407
v 120.099129 131.518585 -36.563904
v 110.558846 123.884888 -36.625854
v 127.872475 156.048828 -36.431946
v 112.395515 149.288269 -35.968628
v 137.803467 147.408340 -36.683899
v 130.469833 149.747391 -36.568298
v 135.345871 136.372208 -36.691956
v 132.969131 124.603210 -36.742126
v 115.411118 124.637772 -36.706726
v 118.010094 149.727890 -36.583740
v 120.108643 129.090042 -36.550171
v 118.495789 121.593849 -36.636658
v 128.390762 129.324203 -36.556458
v 130.043243 121.559647 -36.625977
v 134.823807 119.395645 -36.720703
v 121.889725 117.215149 -36.172241
v 137.784348 129.290146 -36.152649
v 124.261696 128.260193 -36.512512
v 122.861481 126.321083 -36.545166
v 123.752861 132.795181 -36.844727
v 113.548416 131.988663 -37.004578
v 113.704689 128.814224 -36.879028
v 116.799088 130.455170 -36.872986
v 121.797104 140.503296 -36.628662
v 125.904663 135.640976 -36.410767
v 127.033981 140.589523 -36.575195
v 126.557991 120.049911 -36.678406
v 123.499985 123.375046 -36.564636
v 134.339981 128.615570 -37.019775
v 131.943008 130.217621 -36.941162
v 124.175110 145.433121 -36.070007
v 126.753891 130.885880 -36.857361
v 130.120560 136.204605 -37.078003
v 133.987732 132.292847 -36.985046
v 102.026810 111.358574 -84.742188
v 75.404404 111.359413 -69.161316
v 90.138077 111.358574 -122.905396
v 123.918877 111.358574 -63.131104
v 154.590454 111.348434 -43.394470
v 146.926544 111.358574 -88.019836
v 120.879662 111.358574 -106.935425
v 173.096375 111.358658 -101.505615
v 132.630264 111.358765 -134.438171
v 113.708206 111.362755 -37.267883
v 122.822571 159.820801 -60.377625
v 80.085823 158.357361 -49.735596
v 103.450752 158.180496 -88.950378
v 77.428467 158.343643 -105.401062
v 145.098724 158.408676 -82.015320
v 150.788940 158.355606 -42.295532
v 149.049545 159.860046 -86.741211
v 100.083412 160.359665 -84.089355
v 130.917099 158.351471 -134.651428
v 125.359070 159.918579 -110.728271
v 173.330063 158.348541 -88.151001
v 127.658989 158.513626 -65.093994
v 120.735901 158.743469 -105.730103
v 103.725456 191.875931 -84.839478
v 145.783203 191.872086 -92.399841
v 119.665146 191.869324 -64.017395
v 114.885849 191.876358 -105.420837
v 145.062286 165.511368 -85.365662
v 103.633064 165.500443 -85.695312
v 124.627525 165.483093 -106.117126
v 124.257210 165.504883 -64.534302
v 142.571182 88.244568 -70.234924
v 133.275665 88.244568 -106.133606
v 99.553986 88.244568 -81.838562
v 98.483528 112.666702 162.550476
v 101.277519 146.568268 162.550476
v 101.277519 112.666702 202.968933
v 98.483528 146.568268 202.968933
v 96.617386 130.572662 198.584320
v 96.937401 124.350830 183.326233
v 97.252457 117.526329 169.194153
v 97.566902 132.536484 204.404083
v 97.261040 117.098099 195.625946
v 97.253502 144.153442 194.615845
v 97.359222 124.181358 197.358032
v 97.226372 119.325218 183.991821
v 97.356827 136.641205 197.353821
v 97.231705 141.514740 183.995758
v 97.396660 134.554092 176.717468
v 97.220444 139.229050 172.301788
v 97.365623 126.276360 176.691895
v 97.203339 121.624413 172.293640
v 97.081543 127.925896 178.507751
v 97.310501 124.623184 169.171722
v 97.291039 136.230820 169.182007
v 97.079575 132.942474 178.482025
v 97.372917 134.237534 163.251221
v 97.161293 142.889938 169.667969
v 97.424583 130.479355 175.893494
v 97.377754 129.019745 173.940613
v 97.388519 128.643295 192.972870
v 97.366806 129.182480 182.047760
v 97.224373 120.964798 175.947571
v 97.071899 122.768936 178.846161
v 97.451355 127.468063 187.859772
v 97.681129 131.754837 183.747223
v 97.246635 131.523941 189.781311
v 97.497398 127.786613 167.734985
v 97.316246 132.893997 169.265472
v 96.960556 138.987564 179.755310
v 96.860672 140.324127 176.238098
v 97.735008 143.847961 177.287445
v 96.874405 135.267975 182.842834
v 97.308914 132.832672 193.115601
v 96.791672 119.478935 179.198853
v 6.532559 159.035782 160.737976
v 2.940624 108.071663 160.743958
v 92.211678 156.736725 160.722992
v 48.874294 179.004364 160.752930
v 38.339394 81.951019 160.769531
v 91.800232 102.521347 160.722992
v 28.022449 133.898453 205.817902
v 24.525049 176.619247 205.448273
v 52.033386 151.092407 205.784332
v 64.470978 177.415009 205.564117
v 27.850920 126.713707 205.582153
v 27.670216 83.994278 205.507294
v 47.185822 154.828873 207.351562
v -0.461266 127.739197 205.502899
v 93.765251 150.351212 205.513489
v 90.674179 102.845146 205.512115
v 45.087078 110.033897 206.004486
v 12.634051 130.015579 205.497009
v 72.679436 131.871613 207.427063
v 49.166775 82.217026 203.582184
v 49.822994 111.232109 238.821869
v 28.233204 121.764687 238.782837
v 40.347496 151.080566 238.781433
v 70.344368 132.259476 238.777161
v 48.566807 151.004730 213.152405
v 69.145195 130.424194 213.158508
v 49.425976 108.388443 211.733826
v 27.997774 130.416168 213.158722
v 69.378471 126.855156 205.646667
v 65.949928 142.862976 160.556824
v 36.207268 148.329483 160.573059
v 32.971798 116.424896 160.552399
v 61.216980 113.234154 160.558319
v 26.469051 136.396469 138.008087
v 49.105625 104.897133 137.999329
v 65.247940 146.817719 138.023956
v 491.603943 103.529900 160.823303
v 488.032074 114.345169 205.256775
v 487.085449 143.023621 161.473022
v 521.058350 80.709480 205.508942
v 546.241760 79.693771 160.793274
v 579.820374 98.642464 205.508942
v 582.726135 113.916779 160.685730
v 578.533569 157.933182 160.701141
v 568.479492 171.199692 205.508942
v 518.235657 176.282974 160.743378
v 490.278046 155.727249 205.251160
v 535.095398 103.729729 207.167236
v 561.715210 127.722137 207.119049
v 512.071350 127.505676 207.438965
v 539.748291 108.204948 206.526703
v 515.997131 132.469177 205.701355
v 535.763245 155.872620 206.926178
v 557.357849 132.494003 206.244507
v 539.834045 149.672699 206.503815
v 516.779785 129.267654 238.820770
v 533.452637 150.095291 238.780121
v 557.028748 134.420670 238.780487
v 539.197998 107.329254 238.779114
v 535.316101 149.779816 212.915100
v 515.676453 129.102234 213.154663
v 556.881592 128.608170 213.118927
v 535.899597 108.426765 213.121582
v 480.797516 149.712570 402.428467
v 480.797516 109.712570 402.428467
v 480.797516 109.712570 -36.357544
v 467.464203 149.712570 -36.357544
v 440.797546 123.045906 402.428467
v 440.797516 109.712570 -36.357544
v 553.637573 141.877823 160.613403
v 520.689392 115.041000 160.564056
v 521.931702 144.480087 160.578674
v 548.903992 111.824577 160.583038
v 521.681763 111.597145 138.009552
v 562.425598 130.252243 137.998993
v 525.128662 147.608612 138.009430
vn -0.1402 -0.9044 0.4031
vn -0.2611 0.8410 -0.4739
vn 0.0114 0.0955 -0.9954
vn 0.8800 -0.0225 0.4745
vn -0.1177 0.0436 -0.9921
vn 0.9809 0.0854 0.1747
vn -0.1019 0.0959 0.9902
vn -0.7383 0.0434 -0.6731
vn -0.0502 0.2982 0.9532
vn -0.6047 0.0631 0.7939
vn -0.6289 0.1144 -0.7690
vn -0.6460 0.6562 0.3900
vn -0.8300 0.1557 -0.5356
vn -0.8879 0.3634 0.2819
vn -0.8582 0.0454 0.5114
vn -0.0114 0.3595 -0.9331
vn 0.1940 0.1419 -0.9707
vn -0.5399 0.1526 -0.8278
vn -0.3440 0.3064 0.8876
vn -0.8948 0.1835 0.4071
vn -0.1269 0.5104 0.8505
vn -0.5567 0.5037 -0.6606
vn -0.6605 0.6943 0.2860
vn -0.1320 0.5731 0.8088
vn -0.5241 0.6457 -0.5553
vn -0.3958 0.7870 -0.4732
vn -0.4330 0.9006 -0.0381
vn 0.7807 0.5728 -0.2498
vn 0.7079 -0.6023 0.3690
vn 0.8311 0.2232 0.5094
vn 0.2775 0.2380 0.9308
vn 0.6605 0.2598 -0.7045
vn 0.9585 0.2847 -0.0106
vn 0.1758 0.2727 0.9459
vn 0.8450 0.3798 0.3765
vn 0.5465 0.4254 -0.7213
vn 0.4723 0.7035 -0.5311
vn 0.6048 0.7797 -0.1622
vn 0.4560 0.8190 0.3483
vn 0.3145 0.8451 0.4323
vn 0.2437 -0.9668 0.0773
vn 0.1658 -0.9717 0.1685
vn -0.3136 -0.9429 0.1121
vn 0.2265 -0.9729 -0.0461
vn -0.6640 -0.6400 -0.3867
vn 0.6111 -0.0156 -0.7914
vn -0.2099 -0.9169 0.3394
vn -0.2208 -0.9742 0.0474
vn 0.3425 -0.9344 0.0977
vn 0.4289 0.7719 0.4693
vn -0.0304 -0.9856 -0.1663
vn -0.0074 -0.9999 -0.0155
vn -0.0078 -0.9994 -0.0349
vn -0.2616 0.9650 0.0207
vn 0.9003 -0.0624 0.4308
vn 0.6348 0.0850 -0.7680
vn 0.1441 0.9653 0.2176
vn 0.6700 -0.4746 -0.5709
vn -0.4304 0.1627 0.8878
vn -0.2827 0.9591 0.0114
vn -0.2969 -0.9447 -0.1396
vn -0.1783 -0.9364 -0.3022
vn 0.0265 -0.4133 -0.9102
vn 0.8104 -0.3197 0.4910
vn -0.7257 0.3560 0.5887
vn -0.9148 -0.2861 0.2850
vn 0.8110 -0.1811 -0.5563
vn 0.1387 0.2180 0.9660
vn -0.7677 0.5695 -0.2936
vn 0.9665 0.2472 0.0684
vn -0.2471 -0.7155 0.6535
vn 0.1277 0.2999 -0.9454
vn 0.5005 -0.2494 -0.8290
vn 0.6969 0.2286 0.6797
vn 0.3217 -0.2853 0.9028
vn -0.9337 0.3312 0.1362
vn 0.6456 0.3153 -0.6955
vn -0.8714 -0.2853 -0.3990
vn 0.1509 0.9287 -0.3387
vn 0.9404 -0.3042 -0.1518
vn -0.9175 -0.3354 0.2140
vn -0.0257 -0.0084 0.9996
vn 0.0253 -0.0682 0.9974
vn -0.0240 0.8912 -0.4529
vn 0.1373 0.8868 -0.4413
vn 0.2529 -0.9228 0.2906
vn 0.7052 -0.5924 -0.3894
vn -0.5789 -0.3297 0.7458
vn -0.7785 0.2993 -0.5517
vn -0.3743 -0.3291 -0.8669
vn -0.7932 -0.3192 0.5186
vn -0.3057 0.2609 -0.9157
vn 0.9791 -0.1357 0.1518
vn -0.9700 -0.1342 0.2028
vn 0.2887 0.1735 -0.9416
vn -0.8587 -0.2331 -0.4565
vn 0.7573 -0.2631 -0.5977
vn 0.0780 0.4869 0.8700
vn 0.8818 0.4711 -0.0214
vn -0.6564 0.1518 0.7390
vn 0.1000 -0.2520 -0.9625
vn 0.9085 0.2916 0.2994
vn -0.8448 0.3573 0.3983
vn 0.6486 -0.3198 0.6907
vn -0.3175 0.0961 0.9434
vn 0.8478 0.1062 -0.5196
vn -0.7863 -0.3810 -0.4864
vn 0.1607 -0.4651 0.8705
vn -0.1200 -0.9744 0.1902
vn 0.6009 -0.1938 0.7754
vn -0.9135 0.3778 -0.1513
vn 0.4277 -0.0840 -0.9000
vn 0.8270 0.0883 0.5552
vn -0.6312 -0.4879 0.6029
vn 0.1699 0.6972 -0.6964
vn 0.1985 0.0008 -0.9801
vn 0.5975 -0.1991 0.7768
vn -0.9280 0.2161 0.3035
vn -0.9602 -0.2674 -0.0812
vn 0.3252 0.2528 -0.9112
vn 0.4467 0.5427 0.7113
vn 0.1208 -0.4460 -0.8868
vn 0.8070 -0.0197 0.5903
vn -0.8035 0.0460 0.5935
vn -0.8217 0.0075 0.5699
vn -0.4027 0.0224 -0.9151
vn 0.7048 -0.6797 -0.2030
vn 0.7232 0.6508 0.2313
vn -0.0296 -0.4670 -0.8838
vn 0.6478 0.7085 -0.2799
vn -0.8878 -0.0224 -0.4598
vn -0.6610 -0.6983 0.2747
vn 0.2554 -0.4991 -0.8280
vn -0.2346 -0.0856 0.9683
vn 0.5223 -0.6309 0.5738
vn -0.0830 0.9937 0.0756
vn -0.9023 0.3956 0.1712
vn 0.8724 -0.3451 -0.3461
vn 0.5960 0.2226 0.7715
vn -0.2044 -0.3179 0.9258
vn -0.0410 0.3111 0.9495
vn -0.8178 -0.0942 0.5678
vn -0.8484 0.2495 -0.4668
vn -0.4636 -0.2946 -0.8357
vn -0.3632 -0.6971 0.6182
vn -0.8063 -0.5091 0.3012
vn 0.7063 -0.5758 -0.4119
vn -0.8794 -0.2519 -0.4039
vn 0.4770 0.2954 -0.8278
vn 0.8997 0.3110 -0.3062
vn 0.5574 -0.6406 0.5281
vn 0.6787 0.7230 0.1292
vn 0.0248 0.6236 0.7814
vn -0.4307 0.3344 -0.8382
vn 0.6035 -0.7765 -0.1811
vn -0.0870 0.9884 -0.1247
vn 0.3501 -0.3411 -0.8724
vn 0.8250 0.0515 0.5627
vn 0.4251 -0.4498 -0.7855
vn -0.9355 -0.0282 0.3522
vn -0.8493 -0.5230 0.0723
vn 0.6210 -0.2499 0.7429
vn -0.9645 -0.1126 -0.2389
vn -0.2217 -0.6720 0.7066
vn 0.5033 -0.8467 -0.1726
vn -0.9889 -0.1121 -0.0976
vn 0.7267 0.6834 -0.0700
vn 0.5331 0.7682 0.3546
vn 0.9856 -0.1531 0.0712
vn -0.4945 0.8609 0.1195
vn -0.4832 -0.8609 0.1592
vn -0.1019 -0.0629 -0.9928
vn 0.9842 -0.1616 0.0729
vn -0.4921 0.8624 0.1188
vn -0.4833 -0.8608 0.1593
vn -0.1068 -0.0530 -0.9929
vn -0.0605 0.0278 -0.9978
vn -0.9537 0.1868 0.2358
vn 0.5082 0.0814 0.8574
vn 0.1558 -0.6798 0.7167
vn 0.2665 -0.6099 -0.7464
vn -0.0901 0.1634 -0.9824
vn -0.9462 0.1376 0.2929
vn 0.8248 0.0527 0.5630
vn 0.5777 0.5409 0.6112
vn -0.3760 -0.9182 0.1246
vn 0.0011 -0.5830 -0.8124
vn 0.9563 0.2909 0.0291
vn -0.3831 0.1469 -0.9120
vn -0.6826 0.1137 0.7219
vn 0.9941 0.1038 0.0317
vn -0.2937 -0.6370 0.7127
vn 0.0897 -0.8140 -0.5739
vn 0.7253 0.1221 -0.6775
vn -0.9000 0.1619 -0.4047
vn -0.0542 0.0464 0.9975
vn 0.8647 0.1212 0.4875
vn -0.1209 0.0826 -0.9892
vn -0.7119 0.1205 0.6918
vn 0.0146 -0.9997 -0.0173
vn 0.2952 -0.2289 -0.9276
vn 0.4364 0.0656 -0.8973
vn -0.8257 0.0748 0.5591
vn 0.8464 0.1819 0.5006
vn -0.0321 -0.6913 0.7219
vn -0.8278 0.0389 0.5597
vn -0.9312 0.1838 -0.3148
vn -0.0970 -0.6935 -0.7139
vn 0.6488 0.1747 -0.7406
vn -0.9447 0.0870 -0.3162
vn 0.6229 0.0731 0.7789
vn 0.3974 -0.3999 0.8259
vn -0.9385 -0.3239 -0.1198
vn 0.6889 -0.7003 -0.1870
vn 0.6802 0.1504 -0.7174
vn -0.9557 0.0843 -0.2822
vn 0.4786 0.1182 0.8700
vn 0.4796 0.0757 0.8742
vn 0.0305 -0.6958 0.7176
vn 0.1990 0.1372 0.9703
vn -0.8206 -0.5659 0.0795
vn 0.0902 0.0004 0.9959
vn 0.4478 0.1067 0.8878
vn 0.5283 0.5986 0.6022
vn -0.0196 0.0586 0.9981
vn -0.0017 0.0994 0.9950
vn -0.0181 0.0160 -0.9997
vn -0.3577 -0.0265 -0.9335
vn 0.4431 -0.3545 -0.8234
vn -0.1317 0.3211 -0.9379
vn 0.3623 -0.1815 -0.9142
vn -0.0848 0.5540 -0.8282
vn 0.7564 -0.6535 0.0293
vn 0.8730 -0.4876 -0.0007
vn 0.7744 0.0574 0.6301
vn -0.9190 -0.3941 0.0124
vn -0.9964 -0.0752 -0.0402
vn 0.1332 -0.9904 -0.0368
vn -0.5874 -0.8084 0.0375
vn 0.0594 -0.9964 -0.0611
vn 0.8050 -0.5918 -0.0422
vn -0.2513 -0.9622 0.1051
vn 0.0070 -0.9259 0.3778
vn 0.1726 -0.9847 -0.0232
vn 0.8449 -0.5348 0.0063
vn 0.2115 -0.9242 -0.3181
vn 0.4541 -0.8889 0.0601
vn 0.2366 -0.9666 -0.0983
vn -0.0228 -0.9990 0.0386
vn 0.0518 -0.8903 -0.4525
vn 0.1578 -0.9438 0.2904
vn -0.1065 -0.9927 -0.0573
vn 0.1603 -0.9425 0.2931
vn -0.0678 -0.9971 -0.0357
vn -0.0448 -0.9892 0.1392
vn 0.7260 -0.6874 0.0193
vn 0.5254 -0.8508 -0.0032
vn 0.2987 0.9477 0.1125
vn 0.0990 0.9856 -0.1374
vn -0.1165 0.9651 0.2346
vn -0.1230 0.9647 0.2327
vn 0.0687 0.9791 -0.1915
vn -0.0418 0.9553 0.2927
vn -0.0378 0.9676 -0.2495
vn -0.0759 0.9513 -0.2988
vn 0.3013 0.9491 -0.0915
vn 0.1426 0.9840 0.1070
vn 0.0916 0.9938 -0.0630
vn 0.0746 0.9769 0.2002
vn -0.0237 0.9997 -0.0106
vn -0.2053 0.9613 -0.1837
vn 0.0174 0.9990 -0.0416
vn -0.0125 0.9615 -0.2747
vn -0.0221 0.9997 0.0126
vn 0.1815 0.9833 -0.0153
vn 0.1448 0.9894 0.0094
vn -0.1168 0.9909 0.0672
vn 0.0025 0.9150 0.4033
vn 0.0161 0.9999 0.0021
vn -0.9897 0.1235 -0.0728
vn -0.9747 -0.1972 0.1049
vn -0.6665 -0.7455 0.0049
vn 0.9877 -0.1556 -0.0155
vn -0.9783 -0.2021 -0.0462
vn -0.8172 -0.1096 0.5659
vn 0.0158 -0.9910 -0.1332
vn 0.6250 0.2581 0.7367
vn -0.4332 -0.8176 -0.3793
vn -0.8624 -0.0624 0.5023
vn -0.5369 0.0809 0.8398
vn 0.7219 0.6070 0.3322
vn -0.0685 -0.3976 0.9150
vn 0.7122 -0.0175 0.7017
vn 0.1082 -0.7063 -0.6996
vn -0.5130 -0.4313 0.7422
vn 0.7415 0.0250 -0.6704
vn -0.6231 -0.2654 0.7357
vn 0.1919 -0.6185 -0.7620
vn -0.2156 0.2175 -0.9520
vn -0.9887 -0.0044 -0.1500
vn -0.3009 -0.4923 -0.8168
vn 0.0173 -0.9904 -0.1369
vn 0.5327 0.7416 0.4077
vn -0.0563 0.7840 -0.6182
vn -0.8418 -0.4562 -0.2887
vn 0.1699 -0.6513 -0.7396
vn 0.7262 -0.6551 -0.2083
vn -0.4486 0.2205 -0.8661
vn 0.1899 -0.2409 0.9518
vn -0.9476 0.1002 0.3032
vn -0.8815 -0.2315 -0.4115
vn 0.0924 0.0183 -0.9956
vn 0.3649 -0.0739 -0.9281
vn 0.8055 0.3020 0.5098
vn -0.6854 -0.2497 0.6841
vn -0.7737 0.0945 -0.6265
vn 0.0121 -0.2666 -0.9637
vn 0.6637 0.1533 -0.7321
vn 0.5316 -0.0552 0.8452
vn 0.0698 0.1374 0.9881
vn -0.0999 -0.2241 0.9694
vn -0.3046 -0.0090 0.9525
vn -0.3736 0.1931 -0.9073
vn -0.7807 0.0037 -0.6249
vn 0.6603 -0.1475 -0.7364
vn 0.9341 0.1319 -0.3316
vn 0.8268 -0.3702 -0.4235
vn -0.3492 -0.1374 0.9269
vn 0.1284 -0.2839 0.9502
vn -0.9368 0.1734 0.3040
vn -0.4531 0.3822 0.8054
vn 0.4367 -0.3773 -0.8167
vn 0.1621 -0.0997 -0.9817
vn 0.6740 -0.0116 0.7387
vn 0.1253 0.7969 0.5910
vn -0.3390 -0.9283 -0.1526
vn -0.3657 -0.0408 -0.9298
vn 0.4181 -0.4023 -0.8145
vn 0.0001 0.0018 -1.0000
vn -0.0000 -0.0000 -1.0000
vn 0.0297 0.0207 0.9993
vn 0.0237 -0.1912 0.9813
vn -0.8186 -0.5712 0.0605
vn 0.0896 0.0010 0.9960
vn 0.4452 0.1100 0.8887
vn 0.5283 0.5985 0.6022
vn -0.6209 -0.7737 -0.1260
vn -0.9924 -0.1228 0.0066
vn 0.7823 0.0873 0.6167
vn 0.7020 -0.7121 0.0067
vn 0.7966 -0.6040 0.0247
vn 0.0489 -0.9834 -0.1746
vn 0.8401 -0.5419 0.0234
vn 0.0873 -0.9614 -0.2609
vn 0.9908 0.0367 -0.1301
vn -0.0392 -0.9988 0.0296
vn -0.2480 -0.9645 0.0907
vn -0.1145 -0.8895 -0.4423
vn 0.0702 -0.9753 0.2093
vn -0.6547 -0.7557 0.0167
vn -0.0325 -0.9992 -0.0239
vn 0.1196 -0.9732 -0.1966
vn -0.1622 -0.9865 -0.0215
vn 0.1802 -0.9792 0.0932
vn 0.0466 -0.9989 -0.0102
vn -0.5490 -0.8357 0.0155
vn -0.7188 -0.6952 -0.0054
vn 0.0559 0.9983 0.0139
vn 0.0654 0.9976 0.0239
vn -0.2732 0.9549 -0.1161
vn -0.0755 0.9679 -0.2399
vn 0.2033 0.9785 0.0336
vn 0.0390 0.9961 -0.0792
vn -0.0035 0.8267 0.5627
vn -0.0626 0.9956 0.0691
vn -0.1194 0.9622 0.2447
vn -0.2467 0.9544 0.1680
vn -0.0097 0.9996 -0.0258
vn 0.1785 0.9821 -0.0597
vn -0.4108 0.8054 0.4273
vn -0.0080 0.9970 0.0764
vn -0.2690 0.9568 -0.1105
vn -0.1235 0.9717 -0.2014
vn -0.2270 0.9738 -0.0157
vn -0.1515 0.9881 0.0249
vn 0.0681 0.9968 0.0421
vn 0.1887 0.9820 0.0055
vn -0.1594 0.9868 0.0282
vn -0.0240 0.9498 -0.3120
vn 0.9901 0.1222 0.0689
vn 0.9897 -0.1412 0.0247
vn 0.9357 0.3498 -0.0452
vn -0.7896 0.6136 0.0007
vn 0.7127 -0.7014 0.0005
vn 0.7573 -0.6530 0.0071
vn -0.9887 -0.1496 0.0057
vn 0.7615 -0.1379 -0.6334
vn 0.2673 -0.9451 0.1877
vn 0.0063 -0.9984 0.0570
vn 0.6428 0.5919 0.4862
vn -0.4705 -0.8545 -0.2201
vn 0.3021 -0.4412 -0.8450
vn -0.0831 0.3053 -0.9486
vn -0.9857 -0.0111 -0.1682
vn -0.2998 -0.4960 -0.8149
vn 0.5312 0.7455 0.4025
vn -0.8417 -0.4562 -0.2887
vn 0.1781 -0.6559 -0.7336
vn -0.8800 -0.0735 0.4693
vn -0.0672 -0.3965 0.9156
vn 0.7065 -0.0073 0.7077
vn 0.7528 0.0331 -0.6574
vn -0.6244 -0.2825 0.7282
vn 0.7347 -0.6456 -0.2084
vn -0.0609 0.1227 -0.9906
vn 0.7001 -0.2667 -0.6624
vn 0.8238 0.0643 0.5632
vn -0.1597 -0.2718 0.9490
vn -0.8299 0.5310 0.1712
vn -0.2373 0.0762 -0.9684
vn -0.3129 -0.7721 0.5531
vn -0.1245 0.3009 -0.9455
vn -0.2890 -0.0724 -0.9546
vn 0.9360 -0.0137 0.3517
vn 0.9646 -0.2568 -0.0602
vn -0.6150 0.0831 0.7841
vn -0.4206 0.2146 0.8815
vn -0.1876 -0.0017 -0.9823
vn -0.2880 -0.5736 0.7669
vn -0.2683 -0.1432 -0.9526
vn 0.3056 0.0390 -0.9514
vn 0.2863 0.0520 -0.9567
vn 0.6492 -0.1063 0.7532
vn 0.5110 -0.1844 0.8396
vn -0.7938 0.0867 0.6019
vn -0.9657 -0.2511 0.0667
vn 0.3398 0.0346 -0.9399
vn 0.4856 0.0330 0.8736
vn 0.2899 -0.1140 0.9503
vn -0.9705 0.0190 0.2405
vn -0.9904 -0.0423 0.1314
vn 0.1731 -0.1049 -0.9793
vn -0.8958 -0.4281 0.1191
vn 0.0096 -0.5725 0.8199
vn -0.6574 -0.7202 -0.2216
vn -0.9576 0.2190 0.1872
vn -0.9658 0.2085 0.1544
vn 0.5848 -0.0823 0.8070
vn 0.9739 0.1908 -0.1232
vn 0.1146 -0.0443 -0.9924
vn 0.3335 -0.8803 0.3374
vn -0.4212 -0.3714 -0.8274
vn 0.3150 -0.7146 -0.6246
vn 0.2091 0.8980 0.3872
vn -0.0258 0.9360 -0.3512
vn 0.1627 -0.9867 -0.0000
vn -0.6366 -0.6820 0.3600
vn -0.9979 -0.0400 0.0511
vn 0.1612 -0.3366 0.9278
vn -0.9984 0.0209 0.0521
vn -0.1456 0.2481 0.9577
vn 0.2000 0.1335 0.9707
vn 0.6115 -0.0446 -0.7900
vn 0.1336 0.1715 -0.9761
vn 0.3867 -0.9064 0.1701
vn -0.2735 -0.7435 -0.6102
vn 0.7632 -0.6192 -0.1849
vn -0.1257 -0.5711 -0.8112
vn 0.0716 0.9974 0.0070
vn -0.0893 -0.9945 -0.0540
vn 0.6844 -0.7184 0.1245
vn 0.4548 -0.8795 -0.1399
vn 0.9709 0.1449 0.1909
vn 0.8464 0.2649 -0.4619
vn 0.0223 -0.0370 -0.9991
vn -0.8823 0.1686 0.4395
vn -0.5974 -0.0053 0.8019
vn -0.9341 -0.3412 0.1050
vn -0.5386 -0.6101 -0.5811
vn -0.0696 -0.3005 0.9512
vn -0.3804 -0.7231 0.5765
vn 0.0687 0.9974 -0.0211
vn 0.0443 0.7031 -0.7098
vn 0.1224 -0.9860 -0.1131
vn 0.5334 0.3339 0.7772
vn -0.2536 -0.9141 0.3164
vn 0.4407 -0.7523 -0.4897
vn -0.1203 -0.9379 0.3252
vn -0.2252 0.6787 0.6991
vn -0.1347 0.3520 -0.9263
vn -0.2640 0.3859 -0.8840
vn 0.9379 0.3035 0.1682
vn 0.2906 0.1244 -0.9487
vn -0.5913 -0.6133 -0.5237
vn 0.0951 0.1260 -0.9875
vn 0.2021 0.7138 0.6705
vn 0.1705 -0.8142 0.5550
vn 0.1815 -0.8123 0.5542
vn -0.4521 0.6598 0.6002
vn -0.4317 0.6536 0.6216
vn -0.2647 -0.6973 0.6661
vn 0.3990 -0.9165 -0.0276
vn -0.1187 -0.7142 0.6898
vn -0.1887 0.9704 0.1509
vn -0.1272 -0.0251 -0.9916
vn -0.3011 0.0594 -0.9517
vn 0.5276 0.6924 0.4922
vn 0.9074 0.4150 0.0656
vn 0.1102 0.9938 0.0129
vn -0.5865 0.4187 -0.6934
vn 0.1591 -0.4740 -0.8660
vn 0.1557 -0.4743 -0.8665
vn 0.1573 0.9875 0.0130
vn 0.1646 -0.5007 0.8498
vn -0.3790 -0.4304 0.8192
vn -0.4290 -0.4607 0.7770
vn -0.6922 0.3551 -0.6283
vn -0.1692 -0.1671 -0.9713
vn 0.9484 -0.1259 0.2908
vn 0.9447 -0.1332 0.2995
vn 0.1320 -0.0320 0.9907
vn -0.7805 -0.4591 0.4243
vn 0.8724 0.0530 -0.4859
vn 0.1627 0.3169 0.9344
vn -0.6097 -0.3609 0.7057
vn -0.8222 0.5060 -0.2607
vn 0.1857 -0.0442 -0.9816
vn 0.8776 0.0465 -0.4771
vn -0.0055 0.9911 0.1328
vn 0.0113 0.9998 -0.0147
vn -0.0514 0.9986 0.0113
vn -0.0114 -0.9999 -0.0081
vn 0.0177 -0.9621 0.2721
vn 0.0507 -0.9987 0.0048
vn -0.4083 -0.4411 -0.7992
vn 0.6926 0.2682 -0.6696
vn 0.9447 -0.3278 -0.0113
vn 0.2295 -0.1984 0.9529
vn -0.3629 -0.4372 0.8229
vn -0.9838 0.1316 0.1216
vn 0.4813 0.1385 -0.8656
vn 0.4504 0.1417 0.8815
vn 0.3708 0.0495 0.9274
vn -0.9651 0.2616 0.0116
vn -0.7692 -0.2639 -0.5820
vn 0.3973 0.1751 -0.9008
vn 0.0194 0.9944 0.1043
vn 0.0316 0.9995 0.0086
vn -0.0157 0.9990 -0.0411
vn -0.0628 0.9950 0.0771
vn 0.0201 -0.9997 -0.0132
vn -0.0392 -0.9992 0.0062
vn -0.1634 -0.9747 0.1528
vn 0.4116 -0.2605 0.8733
vn 0.5528 -0.8176 0.1610
vn -0.1752 -0.9615 0.2115
vn -0.1631 -0.2727 -0.9482
vn -0.7651 -0.5355 0.3575
vn -0.5881 -0.1838 0.7876
vn -0.9956 -0.0928 -0.0114
vn -0.9305 -0.3658 0.0202
vn -0.6935 -0.7201 -0.0222
vn -0.5674 -0.8235 0.0028
vn 0.0431 -0.9991 0.0010
vn -0.0140 -0.9999 -0.0060
vn 0.5833 -0.8123 -0.0033
vn 0.5776 -0.8163 -0.0047
vn 0.9783 -0.2073 0.0030
vn 0.9822 -0.1878 -0.0003
vn -0.7342 -0.2829 -0.6171
vn -0.9476 -0.2892 -0.1355
vn 0.1943 -0.3834 -0.9029
vn -0.0865 -0.9343 -0.3459
vn 0.4900 0.8403 -0.2319
vn -0.2835 0.5195 -0.8061
vn -0.2234 0.9554 0.1931
vn -0.8029 0.2801 0.5262
vn 0.3012 0.1333 -0.9442
vn -0.9611 0.2760 -0.0107
vn -0.9820 0.1889 0.0046
vn -0.3842 0.9231 -0.0171
vn -0.8136 0.5374 -0.2219
vn 0.8279 0.5088 0.2361
vn 0.3656 0.9303 0.0301
vn 0.9819 0.1892 -0.0082
vn 0.9733 0.2293 -0.0004
vn 0.5155 0.1144 -0.8492
vn 0.8725 0.4677 -0.1418
vn -0.6789 0.7295 0.0833
vn -0.1991 0.9375 0.2855
vn -0.1767 0.9787 0.1042
vn 0.5270 0.8292 0.1865
vn 0.4911 0.2841 0.8235
vn -0.6706 0.6920 0.2672
vn -0.8702 0.2788 0.4063
vn 0.2019 0.9720 0.1201
vn -0.0105 0.0374 -0.9992
vn 0.0126 0.0445 -0.9989
vn 0.0054 0.0193 0.9998
vn -0.0154 0.0544 0.9984
vn -0.2018 0.9711 -0.1273
vn -0.0056 0.9963 0.0854
vn 0.2058 0.9682 -0.1423
vn 0.2440 -0.0286 -0.9694
vn -0.6728 -0.0316 -0.7392
vn -0.4530 0.0844 0.8875
vn 0.1632 -0.0473 -0.9855
vn -0.0240 0.0077 -0.9997
vn -0.0192 0.1388 -0.9901
vn -0.1140 0.8148 -0.5684
vn 0.0274 -0.0803 -0.9964
vn 0.1598 -0.6046 -0.7804
vn 0.1862 0.0311 -0.9820
vn 0.0053 0.2287 -0.9735
vn -0.0631 0.0160 -0.9979
vn -0.3310 -0.0562 -0.9419
vn -0.0314 0.0489 -0.9983
vn 0.2785 0.7538 -0.5951
vn -0.9216 -0.3870 -0.0295
vn -0.9731 0.2013 -0.1116
vn -0.9981 -0.0103 0.0610
vn 0.9924 0.0490 -0.1127
vn 0.9862 0.1641 -0.0207
vn -0.0100 0.0767 0.9970
vn 0.0171 0.1219 -0.9924
vn 0.0155 -0.5170 0.8558
vn -0.0390 -0.9111 0.4104
vn -0.0015 -0.1832 -0.9831
vn 0.0812 -0.1052 0.9911
vn -0.1248 -0.2850 0.9504
vn -0.2254 -0.5150 0.8270
vn -0.1826 -0.1347 0.9739
vn -0.7371 -0.2613 0.6233
vn -0.4934 0.0834 0.8658
vn -0.4399 0.0428 0.8970
vn -0.1731 0.8587 0.4823
vn 0.0309 0.1821 0.9828
vn -0.1851 -0.3225 0.9283
vn -0.0138 0.0007 0.9999
vn 0.5853 0.2751 0.7627
vn 0.4153 0.2567 0.8727
vn 0.4839 -0.3949 -0.7810
vn 0.6582 -0.5872 0.4711
vn 0.1747 0.3194 0.9314
vn 0.5660 -0.3087 0.7644
vn 0.0798 -0.0732 -0.9941
vn 0.0283 0.0415 -0.9987
vn 0.1198 -0.0755 -0.9899
vn -0.0086 0.0293 -0.9995
vn -0.0014 0.0015 -1.0000
vn -0.9393 0.3384 -0.0564
vn -0.8970 0.4300 -0.1026
vn -0.7242 0.5500 -0.4159
vn -0.9820 -0.0847 0.1690
vn -0.6856 0.7280 0.0004
vn -0.0655 -0.9978 0.0069
vn 0.9427 0.2298 -0.2417
vn 0.9816 0.1729 0.0811
vn -0.0919 -0.9958 -0.0009
vn -0.1616 -0.9867 -0.0160
vn -0.6951 -0.7170 0.0513
vn -0.1213 -0.9926 0.0068
vn -0.8955 0.4426 0.0455
vn -0.0500 0.4109 0.9103
vn -0.7889 0.3740 -0.4876
vn -0.0244 -0.0772 0.9967
vn 0.9160 0.3906 0.0911
vn 0.9652 0.2120 -0.1532
vn -0.2617 0.9650 -0.0144
vn -0.2721 0.9623 -0.0014
vn 0.9226 -0.3856 -0.0096
vn 0.9376 -0.3476 0.0138
vn 0.0665 -0.9978 -0.0000
vn 0.0767 -0.9970 0.0095
vn -0.0072 0.0265 -0.9996
vn 0.2694 0.9630 -0.0012
vn 0.2755 0.9613 0.0065
vn -0.9505 -0.3106 -0.0070
vn -0.9432 -0.3321 0.0063
vn -0.0709 -0.9972 -0.0223
vn -0.0475 -0.9989 -0.0000
vn 0.0204 0.0710 -0.9973
vn -0.0839 -0.0071 -0.9964
vn 0.0021 0.0067 -1.0000
vn 0.0523 -0.9888 -0.1398
vn -0.6878 -0.7096 0.1527
vn 0.8767 -0.4809 0.0131
vn -0.6751 -0.7281 0.1190
vn 0.3392 -0.9394 -0.0496
vn 0.3261 -0.9439 -0.0513
vn 0.2959 -0.9535 -0.0565
vn -0.1364 0.9837 -0.1173
vn 0.9042 0.4265 -0.0212
vn 0.9217 0.3826 0.0632
vn 0.9080 0.4184 -0.0236
vn 0.6846 0.6450 -0.3396
vn 0.8777 0.4713 -0.0865
vn 0.9365 0.3506 0.0072
vn 0.2606 -0.1797 0.9486
vn -0.9160 0.3746 0.1435
vn -0.5874 -0.3239 -0.7416
vn 0.7048 0.6280 -0.3300
vn 0.9937 0.0738 -0.0838
vn 0.2208 0.0121 0.9752
vn 0.0727 -0.1461 -0.9866
vn -0.0828 0.9891 -0.1214
vn -0.0021 0.0257 0.9997
vn -0.0625 -0.0102 0.9980
vn 0.0001 -0.0002 1.0000
vn 0.1207 -0.0249 0.9924
vn -0.4929 0.3338 0.8035
vn 0.0001 -0.1886 0.9821
vn 0.0011 -0.2024 0.9793
vn -0.0000 -0.0002 1.0000
vn -0.8323 0.5504 -0.0653
vn 0.7238 0.6774 -0.1315
vn 0.0378 -0.9988 -0.0325
vn -0.0206 0.9975 -0.0670
vn 0.9543 -0.2936 -0.0554
vn -0.9269 -0.3717 -0.0511
vn 0.1853 0.9814 -0.0499
vn 0.6847 -0.7270 -0.0515
vn -0.9161 -0.3957 -0.0640
vn 0.0056 1.0000 -0.0053
vn -0.0348 0.9964 0.0774
vn -0.0006 0.1092 0.9940
vn 0.0370 -0.2330 0.9718
vn 0.3171 -0.0572 0.9467
vn 0.0160 -0.4584 -0.8886
vn -0.0454 -0.2398 0.9698
vn 0.2627 0.0259 0.9645
vn -0.0507 -0.0823 0.9953
vn -0.0421 -0.0668 0.9969
vn -0.1968 -0.0387 0.9797
vn -0.2055 -0.0417 0.9778
vn -0.0574 -0.0684 0.9960
vn 0.0282 0.1908 0.9812
vn 0.2106 0.0170 0.9774
vn 0.0834 -0.4906 0.8674
vn 0.0292 0.1222 0.9921
vn 0.3416 0.3347 0.8782
vn 0.9732 0.2013 0.1115
vn 0.9980 0.0625 -0.0025
vn -0.9907 0.1156 0.0719
vn -0.9828 0.1848 0.0046
vn -0.0162 0.1634 -0.9864
vn 0.2537 0.9671 -0.0169
vn -0.0273 0.1618 0.9865
vn -0.0014 -0.3050 -0.9524
vn 0.0015 -0.1832 0.9831
vn 0.8878 0.4602 0.0029
vn 0.8928 0.4280 0.1406
vn 0.1233 0.9779 -0.1690
vn 0.9499 0.2840 -0.1304
vn 0.8910 0.4540 -0.0000
vn 0.0666 -0.9978 -0.0028
vn -0.7617 -0.6283 0.1583
vn 0.0170 -0.9997 -0.0176
vn 0.9379 -0.3456 -0.0285
vn -0.5714 -0.8132 0.1102
vn 0.1257 -0.9921 0.0001
vn 0.0334 -0.9890 -0.1438
vn 0.8965 0.4430 -0.0028
vn 0.9105 0.3970 0.1160
vn 0.7868 0.0469 0.6154
vn -0.0495 0.0078 -0.9987
vn 0.8012 -0.0648 0.5949
vn -0.0893 0.1715 -0.9811
vn -0.8042 0.1601 0.5723
vn -0.6314 0.3097 0.7109
vn 0.2617 0.9650 0.0144
vn 0.2721 0.9623 0.0014
vn -0.9226 -0.3856 0.0096
vn -0.9375 -0.3477 -0.0138
vn -0.0665 -0.9978 -0.0000
vn -0.0767 -0.9970 -0.0095
vn 0.0072 0.0265 0.9996
vn -0.2694 0.9630 0.0012
vn -0.2755 0.9613 -0.0065
vn 0.9505 -0.3106 0.0070
vn 0.9301 -0.3663 -0.0277
vn 0.0710 -0.9974 0.0113
vn 0.0588 -0.9983 -0.0000
vn -0.0270 0.0942 0.9952
vn 0.0789 -0.0055 0.9969
vn 0.6044 0.3059 0.7356
vn -0.3914 0.1897 0.9004
vn -0.0892 -0.9960 0.0011
vn -0.0401 -0.9991 -0.0108
vn -0.1073 -0.9942 0.0008
vn -0.0714 -0.9974 0.0078
vn 0.6561 -0.7399 -0.1485
vn 0.7071 -0.7017 0.0872
vn -0.9958 -0.0779 0.0478
vn -0.3867 0.9131 -0.1292
vn -0.8646 0.5024 -0.0003
vn -0.9331 0.3512 -0.0780
vn -0.9040 0.4207 0.0758
vn -0.9023 0.4310 0.0088
vn -0.9174 0.3971 -0.0268
vn -0.9027 0.4301 0.0104
vn 0.1077 -0.1482 -0.9831
vn 0.9068 0.3490 0.2365
vn 0.8923 0.2834 0.3514
vn -0.6732 -0.0613 0.7369
vn 0.1378 -0.0066 -0.9904
vn -0.6580 0.0411 0.7519
vn 0.0018 0.0256 -0.9997
vn -0.1207 -0.0249 -0.9924
vn 0.0534 -0.0099 -0.9985
vn -0.0001 -0.0002 -1.0000
vn 0.4309 0.2609 -0.8639
vn -0.0001 -0.1886 -0.9821
vn -0.0011 -0.2024 -0.9793
vn -0.0000 -0.0002 -1.0000
vn 0.8880 0.4539 0.0738
vn -0.6815 0.7215 0.1226
vn -0.0345 -0.9989 0.0324
vn 0.7248 0.6862 0.0618
vn -0.9698 0.2407 0.0388
vn 0.4242 -0.9037 0.0587
vn -0.6806 0.7304 0.0573
vn -0.3588 -0.9317 0.0566
vn 0.9976 -0.0300 0.0626
vn -0.8126 -0.5772 0.0810
vn -0.3153 -0.4610 0.8295
vn 0.1806 0.7015 0.6894
vn 0.0382 0.2323 0.9719
vn -0.4700 -0.0555 0.8809
vn 0.0085 0.5841 0.8116
vn 0.1780 0.9717 0.1550
vn 0.1429 0.9856 0.0904
vn -0.8654 -0.2072 0.4563
vn -0.9445 -0.2707 0.1860
vn -0.6808 0.1214 0.7223
vn -0.5767 0.5333 0.6188
vn -0.9875 0.1553 -0.0252
vn -0.6555 0.7022 0.2779
vn -0.6683 0.6990 0.2546
vn 0.8890 -0.4579 0.0054
vn 0.9071 -0.1738 0.3833
vn 0.5353 -0.7243 0.4346
vn 0.6723 -0.3116 0.6715
vn 0.3015 -0.8711 0.3877
vn 0.4976 -0.1268 0.8581
vn 0.6939 0.3842 0.6090
vn 0.8902 0.3670 0.2698
vn 0.8923 0.3863 0.2337
vn -0.0480 -0.8459 0.5312
vn 0.3622 -0.1259 0.9236
vn -0.1572 -0.5754 0.8027
vn -0.2986 -0.9163 0.2670
vn -0.4334 -0.8796 0.1964
vn -0.4275 -0.7271 0.5371
vn 0.5308 0.8251 -0.1937
vn 0.4272 0.8420 0.3295
vn -0.5451 -0.8367 0.0540
vn -0.4071 -0.8307 -0.3798
vn 0.3746 0.8555 -0.3574
vn 0.4883 0.8718 0.0389
vn 0.9128 -0.4074 -0.0272
vn 0.8750 -0.4837 0.0179
vn 0.8952 -0.4457 0.0007
vn 0.9061 -0.4228 0.0117
vn 0.9008 -0.4343 0.0017
vn 0.9103 -0.4130 -0.0292
vn 0.9178 -0.3970 -0.0088
vn -0.5436 -0.8372 -0.0605
vn -0.6904 -0.7170 0.0959
vn -0.8556 -0.5160 -0.0418
vn -0.3917 -0.9171 -0.0746
vn 0.1643 -0.9825 0.0872
vn -0.9391 -0.2065 -0.2748
vn -0.0384 0.1482 -0.9882
vn 0.4400 -0.2916 0.8494
vn -0.0850 -0.9280 -0.3628
vn 0.0381 -0.2110 0.9767
vn 0.2537 -0.9639 0.0808
vn -0.5681 -0.7617 -0.3115
vn -0.5162 -0.6520 -0.5553
vn 0.3971 -0.5703 0.7191
vn 0.0431 -0.9988 -0.0241
vn 0.2368 -0.9715 0.0141
vn -0.1057 -0.9887 0.1062
vn 0.6145 -0.7817 0.1059
vn -0.2630 -0.8687 -0.4199
vn 0.5829 -0.8118 0.0344
vn 0.5667 -0.8238 0.0154
vn 0.0735 0.9971 0.0200
vn -0.0107 0.9999 -0.0094
vn 0.0540 0.9984 -0.0148
vn 0.0316 0.9995 -0.0006
vn -0.1089 0.9937 0.0249
vn 0.0653 0.9978 -0.0119
vn 0.2361 0.9717 0.0081
vn -0.0654 0.9977 -0.0174
vn -0.4291 0.9028 0.0274
vn -0.0848 0.9963 -0.0132
vn -0.0316 0.9993 0.0187
vn 0.3149 0.9473 0.0592
vn 0.0076 1.0000 0.0034
vn -0.0809 0.0084 -0.9967
vn 0.4436 -0.1580 -0.8822
vn -0.0007 -0.0002 1.0000
vn 0.0003 -0.0001 1.0000
vn -0.8874 -0.4607 0.0155
vn -0.8738 -0.4858 0.0213
vn -0.8919 -0.4522 0.0058
vn -0.9076 -0.4194 -0.0201
vn -0.9119 -0.4103 -0.0129
vn -0.9360 -0.3511 0.0263
vn -0.9846 0.0901 -0.1499
vn -0.9555 0.0110 -0.2949
vn -0.9839 -0.0347 -0.1752
vn -0.0572 0.0618 0.9964
vn 0.1350 0.0229 0.9906
vn 0.6611 0.0242 -0.7499
vn 0.7772 -0.0160 -0.6290
vn -0.8701 0.0689 -0.4880
vn -0.9963 -0.0631 -0.0585
vn -0.2811 -0.0524 0.9583
vn 0.7527 0.1337 0.6447
vn 0.9317 -0.1509 -0.3304
vn 0.4593 0.0743 -0.8851
vn 0.9119 -0.4092 -0.0298
vn 0.8791 -0.4765 0.0153
vn 0.8965 -0.4431 0.0007
vn 0.9030 -0.4297 0.0069
vn 0.9109 -0.4120 0.0221
vn 0.9182 -0.3961 -0.0020
vn 0.9211 -0.3893 0.0076
vn -0.5653 -0.8205 0.0844
vn -0.6387 -0.7553 0.1470
vn -0.8675 -0.4959 -0.0403
vn 0.1037 -0.9753 -0.1952
vn -0.7405 -0.1808 0.6473
vn -0.5459 -0.4898 -0.6798
vn 0.0241 -0.9987 -0.0443
vn 0.4613 0.0318 0.8867
vn 0.2101 -0.9774 0.0229
vn 0.3804 -0.6043 -0.7001
vn -0.1586 -0.9865 0.0402
vn 0.2766 -0.9596 -0.0515
vn 0.0162 -0.9957 -0.0911
vn -0.4097 -0.8986 0.1568
vn -0.9979 0.0002 0.0643
vn 0.5720 -0.8031 0.1667
vn -0.2071 -0.9746 -0.0848
vn -0.0140 -0.9972 0.0731
vn -0.9677 -0.2305 0.1018
vn -0.1461 -0.9841 -0.1013
vn 0.5601 -0.8283 -0.0127
vn 0.5776 -0.8163 0.0100
vn -0.0062 0.9996 0.0259
vn 0.0663 0.9978 0.0063
vn -0.0122 0.9999 0.0013
vn 0.1154 0.9933 0.0114
vn 0.0336 0.9994 -0.0006
vn -0.1184 0.9926 0.0272
vn 0.0417 0.9991 0.0085
vn -0.0448 0.9989 -0.0115
vn -0.3309 0.9435 0.0153
vn -0.0689 0.9975 0.0155
vn -0.0532 0.9985 0.0160
vn -0.0479 0.9988 -0.0125
vn 0.9508 0.2684 0.1549
vn 0.0004 0.0002 -1.0000
vn 0.0007 -0.0002 -1.0000
vn -0.3977 -0.1798 0.8997
vn 0.6422 -0.2882 0.7103
vn 0.0262 -0.2464 0.9688
vn -0.9110 -0.4116 -0.0262
vn -0.9174 -0.3978 -0.0147
vn -0.9414 -0.3360 0.0277
vn -0.9812 0.1135 -0.1559
vn -0.9849 -0.0695 -0.1584
vn -0.2552 0.0892 0.9628
vn 0.2007 0.0013 0.9797
vn 0.8721 -0.0437 -0.4875
vn 0.7610 0.0055 -0.6488
vn -0.8626 0.0628 -0.5020
vn -0.9966 0.0428 -0.0707
vn -0.9722 -0.0260 0.2327
vn 0.5756 0.0183 0.8175
vn 0.6656 0.0500 0.7447
vn 0.3054 -0.0233 -0.9520
vn 0.2813 -0.0294 -0.9592
vn -0.9366 -0.3491 -0.0299
vn -0.2826 -0.1870 0.9408
vn -0.2174 -0.2296 -0.9487
vn 0.9651 -0.2526 -0.0690
vn -0.0582 0.0366 0.9976
vn -0.0019 -0.0168 0.9999
vn 0.0192 -0.0253 0.9995
vn 0.0564 -0.0099 0.9984
vn -0.0204 -0.0264 0.9994
vn 0.1081 0.0322 0.9936
vn -0.6143 0.7502 -0.2447
vn -0.6510 0.6888 -0.3190
vn -0.5887 0.4812 -0.6495
vn -0.9843 -0.0000 -0.1763
vn -0.9743 0.0208 -0.2242
vn -0.7525 -0.0339 -0.6577
vn -0.7005 -0.1096 -0.7052
vn 0.0756 0.9617 -0.2635
vn -0.6922 -0.7215 -0.0163
vn 0.2381 0.8576 -0.4559
vn -0.0078 0.4553 -0.8903
vn -0.1557 -0.2211 -0.9627
vn -0.4933 -0.7584 -0.4261
vn 0.8130 -0.5815 0.0307
vn 0.1526 0.0635 -0.9862
vn -0.1420 -0.8061 -0.5745
vn 0.7441 0.5622 -0.3609
vn 0.2960 0.0345 -0.9546
vn 0.7989 0.3968 -0.4519
vn 0.1830 -0.8873 -0.4234
vn 0.6481 -0.3524 -0.6751
vn 0.9369 -0.0113 -0.3493
vn 0.9104 -0.1405 -0.3892
vn 0.4488 -0.7699 -0.4537
vn 0.3161 0.9483 -0.0288
vn -0.3161 0.9483 0.0288
vn -0.3161 -0.9483 -0.0288
vn 0.3161 -0.9483 0.0288
vn -0.1557 0.9878 -0.0000
vn -0.1310 0.9914 -0.0047
vn 0.2452 -0.9695 -0.0054
vn 0.3698 -0.9282 0.0405
vn 0.0313 0.1364 0.9902
vn -0.0193 -0.0122 0.9997
vn -0.0041 0.0262 -0.9996
vn -0.0432 -0.0967 -0.9944
vn 0.0257 0.9997 0.0011
vn -0.9815 0.1917 -0.0012
vn -0.9956 0.0936 0.0104
vn -0.9990 0.0444 0.0028
vn 0.7980 0.4861 -0.3562
vn 0.7546 0.4739 0.4539
vn 0.9365 0.3508 -0.0001
vn 0.8244 0.5650 0.0336
vn 0.9186 0.2341 -0.3185
vn 0.5177 0.7660 -0.3810
vn 0.0972 0.9910 0.0917
vn -0.4170 -0.9060 0.0727
vn -0.4435 -0.8923 0.0839
vn -0.7475 0.6413 0.1733
vn -0.5450 0.8333 0.0932
vn -0.4712 0.8808 -0.0457
vn -0.0380 -0.9984 -0.0408
vn 0.4656 -0.8801 0.0930
vn 0.5584 -0.8280 0.0507
vn -0.0374 -0.1277 0.9911
vn 0.1134 -0.7395 0.6635
vn 0.0142 -0.0830 0.9964
vn 0.0154 0.0402 0.9991
vn -0.0004 -0.0030 1.0000
vn -0.0258 -0.0243 0.9994
vn 0.2031 0.1996 0.9586
vn -0.0260 -0.0191 0.9995
vn -0.0047 0.0117 0.9999
vn -0.0045 0.0168 0.9998
vn 0.0015 0.5132 0.8582
vn -0.0009 0.0266 0.9996
vn -0.0347 -0.4353 0.8996
vn 0.0949 -0.3121 0.9453
vn -0.0594 0.1632 0.9848
vn 0.0027 0.0166 0.9999
vn -0.0006 0.3488 0.9372
vn 0.0593 0.1193 0.9911
vn -0.1582 0.1211 0.9800
vn 0.0386 0.0465 0.9982
vn 0.0025 0.0176 0.9998
vn 0.0030 0.0161 0.9999
vn 0.0026 -0.1891 0.9819
vn -0.0242 -0.0915 0.9955
vn -0.1133 0.1502 0.9821
vn -0.2463 -0.6437 0.7246
vn -0.0188 0.0225 0.9996
vn 0.0677 0.0896 0.9937
vn -0.0579 -0.0936 0.9939
vn -0.0073 0.0088 0.9999
vn -0.0131 -0.0049 0.9999
vn 0.0222 -0.0193 0.9996
vn 0.0412 -0.1756 0.9836
vn 0.0233 -0.0085 0.9997
vn -0.0154 -0.0765 0.9970
vn -0.0861 0.0870 0.9925
vn 0.0042 -0.0002 1.0000
vn -0.0261 -0.0822 0.9963
vn -0.0587 0.0020 0.9983
vn 0.0004 1.0000 0.0004
vn -0.0003 1.0000 -0.0001
vn -0.9863 -0.0102 0.1647
vn -0.8992 0.4227 -0.1128
vn -0.9120 0.3913 0.1232
vn -0.7326 0.6378 -0.2376
vn -0.9069 0.3735 0.1949
vn -0.0261 0.0008 -0.9997
vn 0.0141 -0.0024 -0.9999
vn -0.0342 -0.0203 -0.9992
vn -0.0105 0.0060 -0.9999
vn 0.0122 -0.0057 -0.9999
vn -0.0382 0.0460 -0.9982
vn 0.0079 -0.0097 -0.9999
vn 0.0501 -0.0201 -0.9985
vn -0.0538 -0.0028 -0.9985
vn -0.0061 -0.0236 -0.9997
vn -0.0418 0.0617 -0.9972
vn -0.0933 -0.0857 -0.9919
vn 0.0364 0.0465 -0.9983
vn 0.0597 -0.0054 -0.9982
vn 0.0448 0.0001 -0.9990
vn 0.0267 -0.0867 -0.9959
vn 0.0082 -0.0645 -0.9979
vn -0.0163 0.0679 -0.9976
vn 0.0080 0.0528 -0.9986
vn 0.0045 0.0638 -0.9980
vn -0.0809 0.0580 -0.9950
vn -0.0536 0.1249 -0.9907
vn 0.1846 0.1046 -0.9772
vn -0.0002 0.3633 -0.9317
vn 0.0055 -0.1801 -0.9836
vn 0.0042 -0.1712 -0.9852
vn 0.1250 0.1429 -0.9818
vn 0.0476 -0.1304 -0.9903
vn -0.0072 0.0002 -1.0000
vn -0.0066 -0.0745 -0.9972
vn -0.0184 0.0008 -0.9998
vn -0.0134 0.0041 -0.9999
vn -0.0016 -0.0103 -0.9999
vn -0.0043 0.0055 -1.0000
vn -0.9851 0.1706 0.0217
vn -0.9892 0.1445 -0.0245
vn 0.3997 -0.9166 -0.0064
vn 0.3791 -0.9253 0.0084
vn 0.9989 -0.0283 0.0369
vn 0.9998 -0.0105 0.0153
vn 0.9996 0.0281 -0.0077
vn 0.9642 0.2146 0.1557
vn 0.9853 -0.1687 -0.0257
vn 0.9778 -0.2085 -0.0214
vn 0.9982 0.0020 -0.0602
vn 0.9993 -0.0244 0.0269
vn -0.4081 -0.9123 -0.0348
vn -0.2828 -0.9566 0.0702
vn -0.4272 -0.8895 -0.1618
vn -0.3702 -0.9246 -0.0900
vn -0.6170 -0.7862 -0.0341
vn -0.6100 -0.7901 -0.0604
vn -0.1591 -0.9795 0.1234
vn -0.3471 -0.9378 -0.0050
vn -0.0554 -0.9704 -0.2352
vn -0.0570 -0.9698 -0.2372
vn -0.1379 -0.9781 0.1556
vn -0.0307 -0.9995 -0.0088
vn 0.1092 -0.9881 -0.1082
vn 0.3968 0.9165 -0.0519
vn 0.1623 0.9653 -0.2045
vn -0.0993 0.9674 0.2330
vn 0.0523 0.8952 -0.4427
vn -0.3894 0.9211 0.0043
vn -0.1321 0.9744 -0.1818
vn -0.0577 0.9538 0.2949
vn -0.9257 0.0269 0.3772
vn -0.9212 0.0360 0.3874
vn 0.0506 -0.9423 -0.3310
vn -0.0878 -0.8621 -0.4991
vn -0.3740 -0.9274 -0.0000
vn -0.1738 -0.9751 0.1379
vn 0.0212 -0.9997 0.0112
vn 0.2177 -0.9412 -0.2585
vn -0.0809 -0.9585 0.2735
vn -0.0908 0.9722 0.2156
vn 0.1464 0.9889 -0.0244
vn 0.0390 0.9946 -0.0966
vn -0.0543 0.9585 -0.2800
vn -0.3683 0.9297 -0.0000
vn -0.1254 0.9767 -0.1742
vn -0.1302 0.9793 0.1550
vn 0.6675 0.7445 -0.0126
vn 0.6544 0.7559 -0.0214
vn -0.1382 -0.9601 -0.2430
vn -0.2731 -0.9109 0.3093
vn 0.3472 -0.7937 -0.4996
vn -0.7108 0.6601 -0.2430
vn -0.7204 0.6413 0.2643
vn -0.7887 -0.5900 -0.1727
vn -0.8891 -0.4028 0.2172
vn 0.0359 -0.6784 0.7338
vn -0.5087 0.2108 0.8348
vn 0.2275 0.9497 0.2153
vn -0.4029 0.7427 -0.5348
vn 0.1757 -0.8269 -0.5342
vn -0.3558 -0.5149 -0.7799
vn 0.0657 -0.4648 0.8830
vn -0.1427 0.9663 0.2145
vn -0.0903 -0.6767 0.7307
vn -0.1486 -0.6293 -0.7628
vn -0.1883 -0.5424 -0.8188
vn 0.1242 0.8826 -0.4534
vn -0.0187 -0.9569 -0.2898
vn 0.0082 -0.8940 -0.4480
vn -0.0130 0.7644 -0.6446
vn -0.1656 -0.0484 -0.9850
vn 0.1484 0.1416 0.9787
vn 0.0250 0.4241 0.9053
vn -0.0925 0.2507 0.9636
vn -0.2371 0.7383 -0.6315
vn -0.2069 0.8122 -0.5454
vn -0.5177 0.8520 -0.0777
vn -0.9252 0.1310 -0.3560
vn -0.9625 -0.2481 0.1099
vn 0.1337 0.2598 0.9564
vn 0.6412 -0.2047 0.7396
vn 0.4264 0.2285 -0.8752
vn 0.7076 -0.1397 -0.6927
vn -0.9251 0.1322 -0.3560
vn -0.9619 -0.2502 0.1099
vn 0.1336 0.2620 0.9558
vn 0.6409 -0.2064 0.7393
vn 0.4262 0.2304 -0.8748
vn 0.7074 -0.1409 -0.6926
vn -0.9552 0.2647 -0.1323
vn 0.9495 0.3138 0.0008
vn 0.0629 0.9926 0.1037
vn -0.9597 -0.2725 0.0687
vn 0.8417 -0.5367 0.0588
vn -0.9299 -0.3500 0.1129
vn -0.4876 0.8590 0.1561
vn -0.0702 0.9972 0.0238
vn 0.7393 0.6586 -0.1404
vn 0.7472 0.6491 -0.1423
vn 0.9696 0.2397 -0.0482
vn 0.8495 0.4859 0.2055
vn 0.9892 0.1452 0.0218
vn 0.9825 0.1814 -0.0423
vn -0.3787 -0.9208 -0.0927
vn -0.5003 -0.8659 0.0033
vn -0.9992 -0.0365 -0.0140
vn -0.9996 0.0015 0.0298
vn -0.9616 0.0682 0.2658
vn -0.5955 -0.7989 -0.0843
vn -0.9307 0.3107 -0.1931
vn -0.4373 0.7168 0.5431
vn 0.2940 -0.9541 -0.0575
vn 0.2902 -0.9541 -0.0735
vn 0.4094 -0.8980 0.1613
vn 0.2527 -0.9675 0.0020
vn 0.6167 -0.7872 0.0027
vn 0.6269 -0.7780 -0.0425
vn 0.0383 -0.9993 -0.0054
vn 0.1445 -0.9721 0.1845
vn -0.0544 -0.9931 -0.1037
vn 0.3195 -0.9476 0.0034
vn 0.2020 -0.9762 -0.0784
vn 0.0578 -0.9544 -0.2928
vn -0.1163 -0.9910 -0.0669
vn -0.0516 0.9307 -0.3622
vn -0.1028 0.8976 -0.4287
vn -0.0558 0.9979 0.0331
vn 0.0460 0.9504 0.3077
vn -0.2449 0.9426 -0.2271
vn 0.4178 0.9051 0.0787
vn 0.3112 0.9503 -0.0024
vn 0.8785 -0.2645 0.3980
vn 0.8602 0.3069 -0.4073
vn 0.0017 -0.9020 0.4317
vn -0.0379 -0.9240 0.3805
vn -0.2142 -0.9432 0.2538
vn 0.3447 -0.9387 0.0079
vn 0.2136 -0.9733 -0.0840
vn 0.0803 -0.9562 -0.2816
vn -0.0138 -0.9997 -0.0225
vn 0.1342 0.9871 -0.0875
vn -0.1009 0.9050 -0.4133
vn -0.0937 0.9926 0.0774
vn 0.0416 0.9575 0.2854
vn -0.0580 0.9933 0.0998
vn 0.4048 0.9112 0.0770
vn 0.2919 0.9564 -0.0075
vn -0.6821 0.7310 -0.0185
vn -0.6359 0.7717 0.0091
vn -0.1390 -0.8625 0.4866
vn 0.0846 -0.9446 0.3173
vn 0.0195 -0.9415 -0.3364
vn -0.3269 -0.7647 -0.5553
vn 0.8212 -0.5314 0.2079
vn 0.9461 -0.2955 -0.1322
vn 0.8658 -0.4179 -0.2753
vn -0.7831 0.5421 -0.3048
vn 0.2231 0.0746 0.9719
vn 0.0882 0.5589 0.8245
vn -0.0414 0.4381 -0.8980
vn 0.1899 0.7020 -0.6863
vn 0.0998 -0.9436 -0.3157
vn -0.1113 -0.9153 0.3870
vn 0.4468 0.8932 -0.0512
vn 0.1667 0.4427 0.8810
vn 0.0698 0.1226 -0.9900
vn -0.9840 -0.1090 -0.1409
vn -0.8642 0.2980 0.4054
vn 0.1529 -0.2839 0.9466
vn 0.8743 0.2955 0.3850
vn 0.6213 -0.3254 -0.7128
vn 0.0697 0.1237 -0.9899
vn -0.9839 -0.1100 -0.1410
vn -0.8635 0.3004 0.4051
vn 0.1529 -0.2862 0.9459
vn 0.8736 0.2980 0.3848
vn 0.6208 -0.3280 -0.7121
vn -0.0033 0.8032 -0.5957
vn 0.1932 0.6696 -0.7171
vn -0.0779 -0.8385 -0.5393
vn -0.0955 -0.8240 0.5584
vn 0.0537 0.2345 0.9706
vn -0.0670 0.9425 0.3273
vn 0.9266 0.3143 -0.2067
vn 0.8916 0.4166 0.1773
vn 0.8981 0.3975 0.1880
vn 0.8914 0.4266 -0.1530
vn 0.9744 0.2191 -0.0503
vn -0.8270 0.5622 -0.0007
vn 0.8283 -0.5516 -0.0983
vn -0.7905 -0.6087 -0.0677
vn 0.1412 0.9882 -0.0589
vn 0.9184 -0.3626 0.1583
vn -0.1881 -0.9735 0.1299
vn 0.3572 0.9310 -0.0748
vn 0.0294 0.9991 0.0307
vn -0.3890 -0.9087 0.1517
vn 0.4537 -0.8871 -0.0854
vn -0.1530 -0.9882 0.0051
vn 0.2872 -0.9578 -0.0081
vn 0.9998 -0.0165 0.0062
vn 0.6039 0.7970 -0.0138
vn -0.6166 0.7872 0.0143
vn -0.9755 0.2199 -0.0051
vn 0.1135 -0.0028 0.9935
vn 0.1210 0.1570 0.9802
vn 0.1281 0.1744 0.9763
vn 0.1459 -0.3271 0.9336
vn -0.0153 -0.0737 0.9972
vn -0.0587 0.0021 0.9983
vn -0.0166 -0.1065 0.9942
vn 0.0507 0.0256 0.9984
vn 0.0081 0.0565 0.9984
vn -0.0913 -0.2150 0.9723
vn -0.1267 -0.3008 0.9452
vn -0.0133 0.0030 0.9999
vn 0.0026 0.0035 1.0000
vn -0.0252 0.0084 0.9996
vn -0.0162 0.0076 0.9998
vn -0.0201 0.0104 0.9997
vn -0.0036 0.0121 0.9999
vn 0.0064 -0.1204 0.9927
vn 0.0462 0.0391 0.9982
vn -0.0716 0.1713 0.9826
vn -0.0222 0.0298 0.9993
vn 0.0043 0.0132 0.9999
vn -0.0004 0.3486 0.9373
vn -0.1580 0.1210 0.9800
vn 0.0482 0.1636 0.9853
vn 0.0100 0.0383 0.9992
vn -0.0170 -0.1246 0.9921
vn -0.0158 0.1034 0.9945
vn -0.0245 -0.0966 0.9950
vn -0.1126 0.1505 0.9822
vn -0.0267 0.0076 0.9996
vn -0.0381 0.0219 0.9990
vn -0.0160 -0.0172 0.9997
vn 0.0109 -0.0534 0.9985
vn 0.0089 -0.0132 0.9999
vn 0.2290 -0.6299 0.7422
vn -0.0210 -0.0487 0.9986
vn -0.0160 -0.0044 0.9999
vn 0.0640 -0.0319 0.9974
vn 0.0164 -0.0131 0.9998
vn -0.0155 -0.0068 0.9999
vn -0.0501 -0.0031 0.9987
vn -0.0000 -0.0000 1.0000
vn 0.0205 0.0343 0.9992
vn -0.0120 0.0663 0.9977
vn 0.0219 0.0820 0.9964
vn 0.0041 -0.0100 0.9999
vn -0.0215 -0.0223 -0.9995
vn 0.0158 -0.0784 -0.9968
vn -0.6931 0.3810 -0.6119
vn -0.0182 0.0732 -0.9972
vn -0.0330 0.0317 -0.9990
vn -0.0407 0.0650 -0.9971
vn -0.0099 -0.0178 -0.9998
vn 0.0153 0.0312 -0.9994
vn 0.0629 0.0020 -0.9980
vn 0.0005 0.0016 -1.0000
vn -0.0199 0.0529 -0.9984
vn 0.0220 -0.0243 -0.9995
vn 0.0262 -0.0887 -0.9957
vn 0.0005 0.0010 -1.0000
vn 0.0022 0.0066 -1.0000
vn 0.0372 -0.0428 -0.9984
vn -0.0111 -0.0059 -0.9999
vn 0.0459 0.0425 -0.9980
vn -0.0011 -0.0017 -1.0000
vn -0.0535 -0.0031 -0.9986
vn -0.0380 -0.0219 -0.9990
vn -0.0017 0.3434 -0.9392
vn 0.0737 0.1710 -0.9825
vn 0.2214 0.0714 -0.9726
vn -0.0198 -0.0772 -0.9968
vn -0.0604 -0.2029 -0.9773
vn 0.0052 -0.0046 -1.0000
vn -0.0671 0.0785 -0.9947
vn -0.0534 0.1108 -0.9924
vn -0.3977 -0.9175 0.0011
vn -0.4754 -0.8798 -0.0025
vn 0.9863 -0.1649 0.0051
vn 0.9149 0.4036 -0.0124
vn -0.3402 0.9403 0.0113
vn -0.7811 0.6244 -0.0041
vn -0.7852 0.5982 0.1596
vn -0.5342 0.8106 0.2399
vn -0.6936 0.3225 0.6442
vn 0.2149 -0.9677 0.1322
vn -0.0456 -0.9982 -0.0383
vn 0.8428 -0.5354 -0.0555
vn 0.2826 0.9591 -0.0153
vn 0.6047 0.7856 0.1311
vn 0.5025 0.8629 0.0536
vn 0.9033 -0.3823 0.1944
vn -0.8186 -0.0981 0.5660
vn -0.7836 -0.5999 0.1616
vn -0.0083 -0.9991 0.0413
vn -0.2323 -0.9716 -0.0443
vn 0.0007 1.0000 -0.0019
vn -0.0039 1.0000 0.0012
vn 0.9614 -0.1195 -0.2479
vn 0.8493 0.4815 -0.2163
vn 0.8981 0.4173 0.1388
vn 0.8496 0.4796 0.2196
vn 0.9856 0.1640 0.0419
vn 0.9850 0.1696 0.0317
vn -0.4518 -0.8910 0.0446
vn -0.4000 -0.9165 0.0064
vn -0.9992 -0.0366 -0.0150
vn -0.9996 0.0025 0.0299
vn -0.9636 -0.1605 0.2137
vn -0.2356 -0.9635 0.1270
vn -0.9149 0.3090 -0.2598
vn -0.5415 0.7760 0.3234
vn 0.2968 -0.9533 -0.0564
vn 0.3976 -0.9049 0.1516
vn 0.2884 -0.9548 -0.0715
vn 0.2590 -0.9659 0.0017
vn 0.6192 -0.7852 0.0033
vn 0.6287 -0.7767 -0.0385
vn 0.1495 -0.9861 0.0728
vn -0.1371 -0.8821 0.4506
vn -0.0568 -0.9930 -0.1032
vn 0.3431 -0.9393 0.0052
vn 0.2729 -0.9610 -0.0450
vn -0.0910 -0.9924 -0.0834
vn 0.0562 -0.9538 -0.2952
vn 0.1631 0.9746 0.1532
vn -0.0500 0.9122 -0.4066
vn 0.0453 0.9612 -0.2720
vn -0.0791 0.9969 0.0028
vn 0.0457 0.9468 0.3186
vn -0.2578 0.9376 -0.2332
vn 0.3844 0.9231 -0.0045
vn 0.8777 -0.2650 0.3994
vn 0.8599 0.3071 -0.4078
vn -0.0388 -0.9348 0.3531
vn -0.1439 -0.8651 0.4805
vn -0.1922 -0.9496 0.2476
vn 0.3688 -0.9295 0.0083
vn 0.2913 -0.9554 -0.0478
vn -0.0266 -0.9996 0.0077
vn 0.0802 -0.9533 -0.2913
vn 0.1342 0.9838 -0.1187
vn 0.0416 0.9650 -0.2590
vn 0.1504 0.9784 0.1417
vn -0.1555 0.9873 0.0320
vn 0.0418 0.9542 0.2962
vn -0.0444 0.9938 0.1022
vn 0.3633 0.9316 -0.0083
vn -0.7428 0.6694 -0.0133
vn -0.6365 0.7691 0.0580
vn -0.2748 -0.7948 0.5411
vn 0.0446 -0.9471 0.3178
vn 0.0063 -0.9439 -0.3301
vn -0.0437 -0.9300 -0.3650
vn 0.8208 -0.5321 0.2078
vn 0.8890 -0.4104 -0.2030
vn 0.8361 -0.3294 -0.4387
vn -0.7618 0.5883 -0.2712
vn 0.2317 -0.3040 0.9241
vn 0.0396 0.5598 0.8277
vn -0.0565 0.4383 -0.8970
vn 0.2765 0.7807 -0.5604
vn 0.0869 -0.9063 -0.4137
vn -0.0662 -0.9444 0.3220
vn 0.3207 0.8550 -0.4075
vn -0.2795 -0.9548 0.1010
vn 0.3317 0.8465 0.4165
vn 0.0795 -0.0944 0.9924
vn 0.2358 0.2801 -0.9306
vn -0.7210 -0.2180 -0.6577
vn -0.9686 0.1991 0.1492
vn -0.2455 -0.2624 0.9332
vn 0.5550 0.3209 0.7674
vn 0.8914 -0.3115 -0.3292
vn 0.2357 0.2823 -0.9299
vn -0.7207 -0.2198 -0.6574
vn -0.9682 0.2008 0.1491
vn -0.2453 -0.2645 0.9327
vn 0.5546 0.3235 0.7667
vn 0.8906 -0.3140 -0.3289
vn 0.0202 0.4482 -0.8937
vn 0.0085 0.3354 -0.9420
vn 0.2277 -0.9698 0.0874
vn -0.0545 -0.8065 0.5886
vn 0.0370 0.7554 0.6542
vn -0.0522 0.9592 0.2777
vn 0.9064 0.3824 0.1796
vn 0.8868 0.4365 0.1518
vn 0.9189 0.3604 -0.1606
vn 0.3911 0.9204 0.0017
vn 0.7373 -0.6732 -0.0562
vn -0.9798 -0.1828 -0.0808
vn 0.2048 0.9745 -0.0921
vn 0.4670 0.8843 0.0029
vn -0.8127 -0.5587 0.1657
vn 0.6150 0.7864 0.0580
vn -0.9816 0.0352 0.1875
vn -0.9894 0.1438 0.0188
vn -0.8962 0.4320 0.1011
vn -0.8465 0.5026 0.1756
vn -0.8160 0.5092 -0.2736
vn -0.9837 0.1767 0.0339
vn -0.9891 0.1455 -0.0210
vn 0.4786 -0.8780 -0.0046
vn 0.3805 -0.9221 0.0701
vn 0.9996 0.0024 -0.0297
vn 0.9992 -0.0366 0.0150
vn 0.9996 0.0251 -0.0085
vn 0.9933 0.1009 0.0570
vn 0.9585 -0.2816 0.0438
vn 0.9994 0.0113 -0.0334
vn 0.9992 -0.0383 -0.0129
vn 0.9988 -0.0334 0.0371
vn -0.3718 -0.9263 0.0621
vn -0.2989 -0.9515 -0.0724
vn -0.4293 -0.8869 0.1707
vn -0.3272 -0.9447 0.0223
vn -0.4890 -0.7986 -0.3509
vn -0.6228 -0.7824 -0.0028
vn -0.2094 -0.9753 0.0705
vn -0.0449 -0.9990 -0.0049
vn -0.3148 -0.9492 -0.0007
vn -0.0862 -0.9953 -0.0435
vn -0.1406 -0.9734 -0.1807
vn 0.0032 0.9888 -0.1495
vn 0.0952 0.9914 0.0901
vn 0.1351 0.9888 0.0630
vn -0.0496 0.9567 -0.2869
vn -0.2307 0.9702 0.0743
vn -0.3391 0.9408 0.0007
vn -0.0658 0.9498 0.3058
vn -0.8599 0.3118 0.4041
vn -0.9056 -0.2670 -0.3295
vn 0.0499 -0.9257 -0.3748
vn 0.0483 -0.9249 -0.3770
vn -0.3378 -0.9412 0.0025
vn -0.2251 -0.9712 0.0781
vn 0.0154 -0.9996 0.0239
vn 0.2083 -0.9440 -0.2559
vn -0.0802 -0.9554 0.2842
vn -0.0471 0.9986 -0.0235
vn 0.0106 0.9859 -0.1673
vn -0.0549 0.9622 -0.2667
vn 0.0091 0.9857 -0.1684
vn -0.2182 0.9735 0.0684
vn -0.3227 0.9465 -0.0006
vn -0.1051 0.9683 0.2264
vn 0.6382 0.7698 -0.0075
vn 0.6818 0.7313 0.0185
vn -0.2834 -0.9133 0.2924
vn -0.0478 -0.9531 -0.2987
vn 0.0488 -0.9353 -0.3504
vn -0.7075 0.6725 0.2174
vn -0.8137 -0.5417 0.2108
vn -0.8462 -0.4862 -0.2180
vn 0.1089 0.1719 0.9791
vn -0.4659 0.6658 0.5827
vn 0.2715 0.5014 -0.8215
vn -0.4213 -0.8761 -0.2346
vn -0.0989 0.0913 0.9909
vn -0.1276 0.1758 0.9761
vn 0.0167 -0.8903 -0.4551
vn -0.0943 -0.7714 -0.6293
vn -0.1109 0.9554 -0.2736
vn 0.1189 0.5752 -0.8093
vn -0.0440 -0.7508 -0.6591
vn 0.0835 0.2093 -0.9743
vn -0.2542 0.9462 -0.2001
vn -0.0036 0.3335 0.9427
vn -0.0607 -0.3024 0.9513
vn 0.0353 -0.9039 0.4264
vn -0.3497 -0.5148 0.7828
vn -0.2421 -0.2111 0.9470
vn 0.0430 -0.8867 0.4604
vn -0.1967 0.5196 -0.8314
vn -0.7804 -0.0442 -0.6238
vn -0.8551 0.0626 -0.5147
vn -0.2888 -0.0624 0.9553
vn -0.2349 -0.0077 0.9720
vn 0.8990 0.0154 -0.4377
vn 0.9060 0.0345 -0.4219
vn -0.7695 -0.1659 -0.6168
vn -0.9206 0.0555 -0.3866
vn -0.2888 -0.0629 0.9553
vn -0.2349 -0.0078 0.9720
vn 0.8751 0.0154 -0.4837
vn 0.9015 0.0962 -0.4219
vn 0.2071 0.9067 -0.3673
vn -0.9875 0.1551 0.0281
vn 0.9417 0.3364 0.0019
vn 0.9539 0.2999 -0.0071
vn 0.2478 0.9638 0.0989
vn -0.4355 0.8993 0.0394
vn -0.7429 -0.6002 0.2965
vn -0.8015 -0.3200 0.5052
vn 0.5086 -0.1661 -0.8448
vn 0.7493 -0.6312 -0.2006
vn -0.5041 -0.8423 -0.1907
vn -0.9985 0.0251 -0.0492
vn -0.8833 0.4634 0.0710
vn -0.4974 0.8675 -0.0066
vn 0.0323 0.9981 0.0520
vn 0.3075 0.9499 -0.0556
vn 0.9080 0.4174 0.0371
vn 0.9648 0.2630 -0.0066
vn 0.9508 -0.3099 -0.0030
vn 0.9615 -0.2748 0.0077
vn 0.4733 -0.8805 -0.0261
vn 0.3879 -0.9217 0.0061
vn -0.1077 -0.9942 0.0072
vn -0.4828 -0.8725 -0.0750
vn -0.8832 -0.4656 0.0572
vn -0.9988 0.0165 -0.0472
vn -0.0292 0.1259 0.9916
vn 0.0375 -0.0689 0.9969
vn 0.1492 -0.3750 -0.9149
vn -0.0336 0.0424 -0.9985
vn -0.0008 -0.0013 -1.0000
vn -0.9156 0.2216 -0.3354
vn -0.8348 0.5506 -0.0000
vn -0.9062 0.4222 0.0226
vn -0.8209 0.5040 -0.2686
vn 0.1307 0.9914 -0.0000
vn 0.0333 0.9993 0.0179
vn 0.5359 0.8442 -0.0105
vn 0.9951 0.0993 0.0019
vn 0.9547 0.2976 0.0018
vn 0.9947 0.1028 0.0024
vn -0.2577 -0.9662 0.0017
vn -0.4712 -0.8795 -0.0665
vn -0.3213 -0.9470 -0.0002
vn 0.3213 0.9470 0.0002
vn 0.3613 -0.9324 -0.0110
vn 0.3559 -0.9345 0.0059
vn 0.3847 -0.9230 -0.0024
vn 0.3714 -0.9264 0.0613
vn 0.3617 -0.9323 0.0021
vn 0.3420 -0.9396 0.0157
vn 0.3556 -0.9347 0.0003
vn 0.3468 -0.9379 -0.0021
vn 0.3528 -0.9356 -0.0085
vn 0.3563 -0.9344 -0.0023
vn -0.6718 0.7342 0.0981
vn -0.7545 0.0927 0.6497
vn -0.0592 0.7589 0.6485
vn -0.1152 0.8635 0.4909
vn 0.9425 0.3097 -0.1257
vn -0.1115 0.9600 -0.2570
vn -0.0728 0.8931 -0.4440
vn -0.2926 -0.4012 -0.8680
vn -0.9285 0.3545 -0.1105
vn -0.1702 0.6783 0.7148
vn 0.0847 -0.9533 0.2900
vn -0.8903 0.4523 0.0529
vn 0.0884 -0.7405 -0.6662
vn -0.3922 -0.1062 -0.9137
vn 0.9794 0.1712 -0.1070
vn 0.8954 -0.4093 -0.1754
vn 0.2873 0.9393 0.1877
vn 0.2988 -0.7092 0.6385
vn 0.1118 0.2000 0.9734
vn -0.7461 -0.6621 -0.0702
vn -0.2630 -0.9623 0.0695
vn -0.3489 0.5162 -0.7821
vn 0.7162 -0.5673 -0.4064
vn 0.6559 -0.7388 -0.1551
vn -0.0123 0.9974 -0.0707
vn 0.4215 0.8050 -0.4176
vn 0.2309 0.4139 -0.8806
vn -0.3811 0.8509 -0.3614
vn -0.5054 0.5085 -0.6971
vn -0.7530 -0.6103 -0.2460
vn -0.6101 0.7853 0.1052
vn -0.6773 0.5931 0.4353
vn 0.2828 -0.2138 0.9350
vn 0.4194 0.8807 0.2200
vn 0.6423 -0.7593 0.1047
vn 0.3574 -0.9339 0.0122
vn 0.3544 -0.9351 0.0030
vn 0.3462 -0.9381 0.0068
vn 0.3458 -0.9383 0.0074
vn 0.3399 -0.9405 -0.0047
vn 0.3509 -0.9364 0.0002
vn 0.3503 -0.9366 -0.0094
vn 0.3538 -0.9353 -0.0017
vn 0.3546 -0.9350 -0.0036
vn 0.3550 -0.9349 -0.0001
vn 0.3551 -0.9348 -0.0002
vn -0.6705 0.2062 -0.7127
vn -0.4081 -0.8044 -0.4317
vn 0.4672 0.3134 -0.8267
vn 0.8875 -0.4607 -0.0073
vn 0.4422 -0.8922 0.0920
vn 0.4259 0.5037 0.7516
vn -0.4490 -0.7766 0.4419
vn -0.6242 0.5914 0.5105
vn 0.8199 -0.1754 -0.5450
vn 0.4156 0.8425 -0.3426
vn -0.3513 -0.0594 -0.9344
vn -0.0695 0.9959 -0.0583
vn -0.6529 0.7509 0.0996
vn -0.1595 0.4596 0.8737
vn 0.3879 0.8574 0.3381
vn 0.7482 0.1688 0.6416
vn -0.3326 -0.9430 -0.0142
vn -0.3333 -0.9425 0.0253
vn -0.3489 -0.9372 0.0043
vn -0.3588 -0.9334 0.0061
vn -0.3582 -0.9336 0.0050
vn -0.3710 -0.9286 -0.0011
vn -0.3773 -0.9261 0.0002
vn -0.3687 -0.9284 -0.0464
vn -0.3626 -0.9319 -0.0128
vn -0.3468 -0.9379 -0.0067
vn -0.4798 -0.8015 -0.3568
vn -0.6662 -0.5237 -0.5309
vn 0.7835 0.4766 -0.3988
vn 0.2967 -0.9254 -0.2359
vn 0.6259 0.3745 0.6841
vn -0.2221 -0.8796 0.4207
vn -0.4277 0.4404 0.7894
vn -0.8138 0.5738 -0.0919
vn -0.3841 0.9187 0.0925
vn 0.0057 0.9912 0.1324
vn -0.5929 0.1157 0.7970
vn 0.5057 0.7081 0.4928
vn 0.5043 0.8041 0.3149
vn 0.9805 -0.1227 0.1536
vn 0.5224 -0.4924 -0.6962
vn 0.2360 0.9250 -0.2976
vn -0.6357 0.0662 -0.7691
vn -0.3512 -0.9363 -0.0080
vn -0.3828 -0.9226 -0.0473
vn -0.3187 -0.9464 -0.0524
vn 0.4290 -0.6240 -0.6532
vn -0.3527 -0.9357 0.0001
vn -0.3460 -0.9382 0.0022
vn -0.3507 -0.9365 0.0072
vn -0.3485 -0.9372 0.0145
vn -0.3635 -0.9314 0.0163
vn -0.3543 -0.9351 0.0002
vn -0.3704 -0.9289 0.0020
vn 0.6303 0.7641 -0.1374
vn 0.8045 0.0889 -0.5873
vn 0.3806 0.8110 -0.4444
vn 0.3832 0.7840 -0.4885
vn -0.8283 0.2431 -0.5048
vn -0.8088 0.3721 0.4553
vn 0.3183 0.8205 0.4748
vn 0.4206 0.8405 0.3415
vn 0.5141 -0.6951 0.5026
vn 0.9598 0.2797 0.0235
vn 0.6514 0.7557 0.0668
vn -0.6390 -0.7690 -0.0174
vn -0.3083 0.9323 -0.1890
vn -0.0615 0.9399 -0.3358
vn -0.3719 -0.8249 -0.4258
vn -0.3227 -0.8124 -0.4857
vn 0.6934 -0.2519 -0.6750
vn 0.8519 0.1041 0.5132
vn -0.3355 -0.7855 0.5201
vn -0.3130 -0.7762 0.5474
vn -0.2996 0.8014 0.5177
vn -0.7480 -0.6205 0.2356
vn -0.3454 -0.9384 0.0082
vn -0.3531 -0.9356 -0.0009
vn -0.3402 -0.9403 0.0006
vn -0.3516 -0.9361 0.0016
vn -0.3613 -0.9324 0.0080
vn -0.3480 -0.9344 -0.0761
vn -0.3570 -0.9337 -0.0281
vn -0.3519 -0.9360 -0.0017
vn -0.3460 -0.9382 -0.0058
vn -0.3523 -0.9359 -0.0079
vn -0.3812 -0.9243 -0.0199
vn -0.3620 -0.9321 0.0083
vn -0.3537 -0.9316 0.0843
vn -0.3533 -0.9352 0.0232
vn -0.5513 0.8222 0.1414
vn -0.5253 0.7074 0.4728
vn 0.4948 -0.1632 0.8535
vn 0.4357 0.8742 -0.2145
vn -0.1570 0.9600 -0.2317
vn 0.2261 -0.6992 -0.6782
vn -0.7720 0.5342 -0.3444
vn -0.8646 -0.4983 0.0640
vn -0.5935 0.8033 -0.0506
vn 0.3989 0.9161 -0.0414
vn 0.6080 -0.7916 0.0607
vn 0.5977 0.3699 0.7112
vn -0.3070 0.7331 0.6069
vn 0.0742 -0.9587 0.2747
vn -0.6493 -0.7159 0.2566
vn -0.5816 0.4765 -0.6593
vn 0.5694 -0.7414 -0.3551
vn 0.5666 -0.7196 -0.4013
vn 0.4004 -0.9162 -0.0139
vn 0.2872 -0.9579 0.0044
vn 0.3509 -0.9364 -0.0032
vn 0.1315 -0.9698 -0.2055
vn 0.3696 -0.9287 0.0301
vn 0.3591 -0.9333 0.0026
vn 0.3585 -0.9335 -0.0032
vn 0.3374 -0.9409 0.0285
vn 0.3448 -0.9386 0.0136
vn 0.3902 -0.9206 -0.0119
vn 0.3550 -0.9338 -0.0439
vn 0.3509 -0.8862 -0.3024
vn -0.8465 0.4360 -0.3055
vn 0.8465 -0.4360 0.3055
vn -0.7469 -0.0142 0.6648
vn 0.7469 0.0142 -0.6648
vn 0.1086 0.9526 0.2842
vn 0.3699 -0.7549 0.5416
vn -0.5932 0.6586 0.4630
vn -0.1045 -0.9937 0.0404
vn -0.8291 0.0345 -0.5581
vn 0.5117 0.1267 -0.8498
vn 0.6824 -0.7082 -0.1810
vn -0.6377 0.7588 0.1322
vn -0.6704 0.5661 0.4797
vn 0.1839 -0.0747 0.9801
vn 0.3914 0.9031 0.1764
vn 0.0336 0.9980 -0.0527
vn 0.5627 -0.4390 -0.7005
vn -0.3739 0.8746 -0.3086
vn -0.4359 -0.8555 -0.2794
vn 0.4105 -0.9117 0.0168
vn 0.3623 -0.9321 0.0044
vn 0.3711 -0.9235 0.0970
vn 0.3563 -0.9344 0.0006
vn 0.3525 -0.9358 0.0037
vn 0.1382 -0.9856 -0.0976
vn 0.3019 -0.9526 -0.0371
vn 0.6272 -0.5158 -0.5836
vn 0.3478 -0.9375 -0.0087
vn 0.0462 0.9102 0.4115
vn 0.3377 -0.8655 0.3700
vn -0.5959 0.4485 0.6661
vn -0.8981 -0.3977 -0.1875
vn 0.0495 -0.9796 -0.1947
vn -0.3621 0.2133 -0.9074
vn 0.1679 0.6897 -0.7044
vn 0.7817 -0.6144 -0.1071
vn 0.7922 -0.5990 -0.1167
vn 0.5105 0.0220 -0.8596
vn -0.3481 0.8832 -0.3141
vn -0.5197 0.2268 -0.8237
vn -0.9818 0.0767 -0.1738
vn -0.6435 0.7639 0.0482
vn -0.7343 -0.1004 0.6713
vn 0.2000 0.0755 0.9769
vn -0.0899 0.9905 0.1045
vn 0.1776 0.9230 0.3413
vn 0.4011 -0.9160 0.0097
vn 0.4454 -0.8949 0.0283
vn 0.3526 -0.9358 0.0011
vn 0.3598 -0.9328 0.0222
vn 0.3497 -0.9368 0.0079
vn 0.1869 -0.9694 0.1591
vn 0.3520 -0.9360 0.0004
vn 0.2821 -0.9593 -0.0156
vn 0.3515 -0.9362 -0.0028
vn 0.3505 -0.9365 -0.0049
vn 0.3610 -0.9326 0.0017
vn 0.3918 -0.9174 -0.0697
vn -0.7001 -0.7040 0.1193
vn -0.0848 0.9669 -0.2406
vn -0.2968 -0.8165 -0.4952
vn 0.6199 0.6305 -0.4671
vn 0.1414 -0.9766 0.1622
vn 0.5212 -0.7057 0.4800
vn -0.0321 0.7203 0.6929
vn -0.3560 -0.9345 0.0005
vn -0.3557 -0.9346 0.0004
vn -0.3459 -0.9381 0.0183
vn -0.3642 -0.9313 0.0085
vn -0.3672 -0.9300 0.0149
vn -0.4109 -0.9115 -0.0174
vn -0.3580 -0.9337 -0.0009
vn -0.3593 -0.9329 -0.0238
vn -0.3551 -0.9348 -0.0039
vn -0.3525 -0.9358 -0.0058
vn 0.7617 0.4128 -0.4994
vn -0.2476 -0.1363 -0.9592
vn -0.1099 0.9802 -0.1647
vn -0.0641 0.9898 -0.1276
vn -0.5746 -0.0051 0.8184
vn 0.3206 0.8720 0.3698
vn 0.5424 -0.1920 0.8179
vn 0.9213 0.3849 0.0553
vn 0.6656 0.7399 -0.0975
vn -0.3892 0.6609 -0.6416
vn 0.3649 -0.4727 -0.8021
vn 0.0094 -0.9834 -0.1814
vn 0.9797 0.1978 0.0332
vn 0.3091 -0.4760 0.8233
vn -0.1059 -0.8379 0.5354
vn 0.0421 0.7396 0.6717
vn -0.8927 -0.4004 0.2069
vn -0.7144 -0.6968 0.0635
vn 0.0756 0.9911 0.1097
vn -0.2327 0.4064 0.8836
vn 0.4566 -0.4987 0.7367
vn 0.6213 0.7799 -0.0758
vn 0.8901 0.1973 -0.4109
vn 0.2879 -0.0224 -0.9574
vn 0.1772 0.9187 -0.3531
vn 0.1467 0.8733 -0.4645
vn -0.9944 0.0381 -0.0987
vn -0.3960 -0.9182 -0.0018
vn -0.3989 -0.9170 -0.0021
vn -0.3568 -0.9342 -0.0060
vn -0.3560 -0.9345 -0.0025
vn -0.3533 -0.9355 -0.0017
vn -0.3540 -0.9352 -0.0004
vn 0.2630 -0.9187 -0.2946
vn -0.3080 -0.9513 -0.0145
vn -0.3099 -0.9495 0.0496
vn -0.3460 -0.9382 -0.0020
vn -0.3617 -0.9322 0.0110
vn -0.3645 -0.9310 0.0182
vn -0.5253 0.7075 0.4728
vn 0.4948 -0.1634 0.8535
vn 0.4356 0.8742 -0.2145
vn -0.7720 0.5342 -0.3443
vn -0.8645 -0.4986 0.0640
vn -0.5934 0.8033 -0.0506
vn 0.6079 -0.7917 0.0607
vn 0.5975 0.3702 0.7113
vn -0.3070 0.7331 0.6070
vn -0.6493 -0.7159 0.2567
vn -0.5817 0.4766 -0.6592
vn 0.5695 -0.7413 -0.3551
vn 0.4005 -0.9162 -0.0139
vn 0.2871 -0.9579 0.0044
vn 0.3511 -0.9363 -0.0032
vn 0.1952 -0.9759 -0.0976
vn 0.3697 -0.9287 0.0301
vn 0.3590 -0.9333 0.0026
vn 0.3586 -0.9335 -0.0030
vn 0.3378 -0.9408 0.0284
vn 0.3447 -0.9386 0.0136
vn 0.3902 -0.9206 -0.0120
vn 0.3551 -0.9338 -0.0439
vn 0.3380 -0.8902 -0.3054
vn 0.7421 -0.3873 -0.5471
vn -0.7421 0.3873 0.5471
vn 0.6304 0.7640 -0.1374
vn 0.8046 0.0891 -0.5871
vn 0.3832 0.7838 -0.4887
vn 0.4207 0.8404 0.3416
vn 0.5140 -0.6951 0.5026
vn 0.6515 0.7557 0.0668
vn -0.6389 -0.7691 -0.0174
vn -0.3083 0.9323 -0.1891
vn 0.8519 0.1041 0.5133
vn -0.3129 -0.7761 0.5474
vn -0.7480 -0.6204 0.2358
vn -0.3455 -0.9384 0.0081
vn -0.3537 -0.9354 -0.0008
vn -0.3402 -0.9403 0.0007
vn -0.3513 -0.9362 0.0020
vn -0.3479 -0.9345 -0.0759
vn -0.3571 -0.9336 -0.0281
vn -0.3519 -0.9360 -0.0015
vn -0.3463 -0.9381 -0.0062
vn -0.3811 -0.9243 -0.0199
vn -0.3621 -0.9321 0.0083
vn -0.3534 -0.9317 0.0841
vn 0.8533 -0.0102 0.5214
vn -0.8533 0.0102 -0.5214
vn -0.7383 0.6745 0.0003
vn 0.7383 -0.6745 -0.0003
vn -0.2975 -0.3110 0.9026
vn -0.4869 0.0156 0.8733
vn 0.1241 -0.3416 0.9316
vn 0.1357 -0.3186 0.9381
vn 0.3330 -0.0428 0.9420
vn 0.2366 0.0881 0.9676
vn -0.0128 0.6853 0.7281
vn 0.0827 0.3719 0.9246
vn -0.1401 0.2594 0.9556
vn 0.4129 -0.0096 0.9107
vn 0.8688 0.0098 0.4950
vn 0.8671 0.0059 0.4981
vn -0.3808 -0.0571 0.9229
vn -0.9187 0.0764 0.3876
vn -0.9644 -0.0769 0.2529
vn -0.6332 0.1868 -0.7511
vn -0.3705 -0.1638 -0.9143
vn 0.3341 0.1496 -0.9306
vn 0.8345 -0.1575 -0.5280
vn 0.9428 0.0236 -0.3326
vn -0.0001 -1.0000 -0.0000
vn -0.0000 -1.0000 -0.0000
vn -0.0000 -1.0000 -0.0002
vn -0.0740 -0.9920 0.1023
vn 0.0002 -1.0000 0.0005
vn -0.0000 -1.0000 -0.0001
vn -0.0007 -1.0000 -0.0007
vn 0.0713 -0.9953 0.0651
vn 0.0007 -1.0000 -0.0004
vn 0.0539 0.9981 0.0313
vn -0.0012 0.9978 0.0659
vn 0.0530 0.9985 0.0132
vn 0.0539 0.9984 -0.0196
vn 0.1420 0.9846 -0.1023
vn 0.0226 0.9977 -0.0633
vn -0.0423 0.9983 -0.0392
vn -0.0188 0.9992 0.0340
vn -0.0626 0.9978 0.0195
vn -0.1908 0.9757 -0.1072
vn -0.0200 0.9988 0.0438
vn -0.0754 0.9965 0.0352
vn -0.1551 0.9874 -0.0328
vn -0.0891 0.9899 -0.1105
vn 0.2948 0.9555 -0.0077
vn 0.8421 0.2850 -0.4579
vn -0.3829 0.0788 -0.9204
vn -0.7118 0.4717 0.5205
vn 0.4606 0.2836 0.8411
vn 0.9219 0.2044 -0.3292
vn 0.2849 0.4583 -0.8419
vn 0.5197 -0.6432 -0.5623
vn 0.3111 0.1887 0.9315
vn 0.7985 0.5294 0.2868
vn 0.5553 -0.6323 0.5403
vn -0.6908 0.5421 -0.4785
vn -0.6054 0.5324 0.5917
vn -0.0863 -0.0030 0.9963
vn -0.0539 -0.1032 0.9932
vn -0.0690 0.1614 0.9845
vn 0.0171 -0.0307 0.9994
vn 0.2400 0.0336 -0.9702
vn -0.1208 0.0227 0.9924
vn 0.0376 0.0427 0.9984
vn 0.0226 -0.0674 0.9975
vn -0.0597 -0.0393 0.9974
vn -0.0359 -0.0334 0.9988
vn -0.0056 0.0505 0.9987
vn -0.0056 0.0546 0.9985
vn -0.0698 0.1520 0.9859
vn -0.0676 0.0281 0.9973
vn 0.0267 0.0193 0.9995
vn 0.0457 -0.1209 0.9916
vn 0.0172 -0.0858 0.9962
vn 0.0267 0.1817 0.9830
vn -0.0181 -0.0538 0.9984
vn -0.0219 -0.0876 0.9959
vn -0.0708 0.1642 0.9839
vn 0.5559 0.0661 0.8286
vn 0.1620 -0.1170 0.9798
vn 0.0750 0.0797 0.9940
vn 0.0553 0.0530 0.9971
vn 0.1522 0.0623 0.9864
vn 0.1428 -0.0990 0.9848
vn 0.0767 0.0116 0.9970
vn -0.0487 -0.0017 0.9988
vn -0.0797 0.0597 0.9950
vn 0.2138 -0.1140 0.9702
vn -0.0250 -0.0941 0.9952
vn 0.1146 0.1565 0.9810
vn -0.9483 -0.0677 0.3101
vn -0.0716 0.1486 0.9863
vn 0.2336 -0.5127 0.8262
vn 0.0041 0.0013 1.0000
vn -0.0892 -0.1145 0.9894
vn -0.1072 -0.0842 0.9907
vn -0.1094 -0.0151 0.9939
vn -0.2619 0.4213 0.8683
vn -0.0111 -0.0135 0.9998
vn 0.1308 -0.0110 0.9914
vn -0.0456 -0.0214 0.9987
vn 0.0544 0.0217 0.9983
vn 0.0785 0.0168 0.9968
vn 0.0699 -0.0028 0.9976
vn -0.1897 0.0135 0.9818
vn 0.0314 0.1095 0.9935
vn 0.0673 -0.1389 0.9880
vn -0.0172 -0.0909 0.9957
vn -0.0572 0.0099 0.9983
vn -0.0844 -0.0048 0.9964
vn -0.0483 0.0079 0.9988
vn 0.0236 0.1403 0.9898
vn -0.2855 -0.0666 0.9561
vn -0.0365 0.0550 0.9978
vn 0.1293 -0.0015 0.9916
vn 0.3709 -0.1230 0.9205
vn -0.7882 -0.3931 0.4734
vn -0.0611 0.1000 0.9931
vn 0.0362 -0.0191 0.9992
vn 0.0426 0.0253 0.9988
vn -0.0255 -0.0730 0.9970
vn -0.0000 -1.0000 0.0001
vn 0.1765 -0.0440 0.9833
vn 0.2049 -0.0022 0.9788
vn -0.8994 -0.3701 -0.2326
vn -0.9874 0.0709 0.1414
vn -0.1688 0.3928 -0.9040
vn 0.8138 0.0293 -0.5804
vn 0.8445 -0.4633 -0.2686
vn -0.6652 0.3239 -0.6728
vn -0.4836 0.3027 -0.8213
vn -0.8800 -0.0620 -0.4708
vn -0.9910 -0.0876 -0.1010
vn -0.5306 0.0240 0.8473
vn -0.6550 0.2044 0.7275
vn 0.3179 -0.1122 0.9415
vn 0.9316 0.1293 0.3398
vn 0.9438 0.3169 0.0937
vn 0.9410 -0.0036 -0.3384
vn 0.3225 -0.1657 -0.9319
vn -0.1890 0.0622 -0.9800
vn -0.0000 1.0000 -0.0000
vn 0.2288 0.5327 -0.8148
vn 0.4156 0.0148 -0.9094
vn 0.2567 -0.2640 -0.9298
vn 0.1165 -0.7261 -0.6777
vn -0.0377 -0.1395 -0.9895
vn -0.4124 -0.0077 -0.9110
vn -0.2465 0.3183 -0.9154
vn 0.7593 0.2891 0.5830
vn 0.2902 -0.2069 0.9344
vn -0.2665 0.1727 0.9483
vn -0.8875 -0.1749 0.4262
vn -0.9485 -0.0468 0.3134
vn -0.4195 -0.0124 -0.9077
vn -0.7312 -0.1648 -0.6620
vn -0.9281 0.1028 -0.3579
vn 0.3975 0.0352 -0.9169
vn 0.9914 -0.1223 -0.0471
vn 0.9923 -0.0868 -0.0886
vn -0.0015 -1.0000 -0.0004
vn -0.0000 -1.0000 0.0004
vn -0.0006 -1.0000 0.0006
vn 0.0784 0.9967 0.0216
vn 0.1115 0.9899 -0.0878
vn 0.0110 0.9752 -0.2212
vn 0.0001 1.0000 0.0024
vn 0.0276 0.9742 -0.2241
vn 0.2706 0.9622 0.0314
vn 0.0001 0.9999 0.0108
vn 0.0006 0.9999 -0.0119
vn -0.4305 0.8406 0.3287
vn 0.0021 0.9999 -0.0143
vn 0.3670 0.9258 0.0906
vn -0.3016 0.9527 0.0367
vn 0.0903 0.9733 0.2109
vn 0.0192 0.9222 -0.3863
vn -0.0972 0.9951 0.0204
vn -0.1576 0.6463 -0.7466
vn -0.7298 0.6470 0.2210
vn 0.1341 0.7201 0.6808
vn -0.7301 0.6554 -0.1931
vn -0.0593 -0.0046 -0.9982
vn 0.0692 -0.1734 -0.9824
vn -0.0996 -0.0266 -0.9947
vn 0.0163 0.0095 -0.9998
vn -0.0091 -0.0475 -0.9988
vn 0.0212 -0.0192 -0.9996
vn -0.0049 0.0539 -0.9985
vn -0.0053 0.0344 -0.9994
vn -0.0331 0.0469 -0.9983
vn 0.0222 0.0583 -0.9981
vn 0.0201 -0.0132 -0.9997
vn -0.0090 -0.0933 -0.9956
vn 0.0002 -0.0102 -0.9999
vn -0.0587 0.1731 -0.9832
vn -0.2490 -0.4867 -0.8373
vn 0.0087 0.0799 -0.9968
vn -0.0025 -0.0956 -0.9954
vn 0.1999 -0.1697 -0.9650
vn 0.0105 0.0262 -0.9996
vn -0.0310 0.0735 -0.9968
vn -0.1055 0.0422 -0.9935
vn 0.0041 0.0161 -0.9999
vn 0.0007 -0.1049 -0.9945
vn 0.0556 0.1245 -0.9907
vn -0.1048 -0.0084 -0.9945
vn 0.0098 0.0369 -0.9993
vn -0.0384 -0.0315 -0.9988
vn 0.0407 -0.0217 -0.9989
vn 0.0393 0.0037 -0.9992
vn 0.0258 -0.1017 -0.9945
vn 0.1864 0.0610 -0.9806
vn 0.0922 -0.0723 -0.9931
vn -0.2381 -0.0041 -0.9712
vn 0.0953 -0.0967 -0.9907
vn -0.1599 -0.6341 -0.7566
vn 0.2350 0.0348 -0.9714
vn -0.0970 -0.1067 -0.9896
vn 0.0269 -0.0197 -0.9994
vn 0.0268 -0.0192 -0.9995
vn 0.1119 -0.0538 -0.9923
vn -0.0169 -0.0688 -0.9975
vn 0.4481 -0.0701 -0.8912
vn -0.0120 0.0027 -0.9999
vn -0.0071 0.0150 -0.9999
vn -0.0615 0.0281 -0.9977
vn -0.6086 -0.0476 -0.7921
vn -0.0541 -0.0243 -0.9982
vn -0.0024 -0.0938 -0.9956
vn 0.0023 0.0182 -0.9998
vn -0.1191 0.0699 -0.9904
vn 0.0928 0.0742 -0.9929
vn 0.0076 0.0414 -0.9991
vn 0.0045 -0.0014 -1.0000
vn 0.0314 -0.0079 -0.9995
vn 0.0417 0.0045 -0.9991
vn 0.0436 0.0045 -0.9990
vn -0.0314 0.0513 -0.9982
vn 0.0052 -0.0318 -0.9995
vn -0.0433 -0.0079 -0.9990
vn -0.0533 -0.0688 -0.9962
vn 0.1701 -0.0776 0.9824
vn -0.1550 0.0132 -0.9878
vn -0.1180 0.0745 -0.9902
vn -0.0093 0.0790 -0.9968
vn 0.0004 1.0000 0.0002
vn -0.9835 -0.0084 -0.1805
vn -0.1077 -0.0112 -0.9941
vn 0.9873 -0.0173 0.1582
vn -0.0612 -0.0075 0.9981
vn -0.9586 0.2457 0.1442
vn 0.6817 0.3527 0.6411
vn 0.5311 0.0985 0.8415
vn -0.7572 -0.1766 0.6289
vn -0.6943 -0.2751 -0.6651
vn 0.6915 0.0223 -0.7220
vn 0.4014 0.3456 -0.8482
vn 0.5918 -0.3787 -0.7115
vn -0.1269 0.4243 -0.8966
vn -0.8518 -0.5136 -0.1031
vn -0.6842 0.5088 0.5225
vn 0.4694 -0.4661 0.7499
vn 0.8787 0.4251 0.2171
vn -0.1621 0.0122 -0.9867
vn -0.4451 0.0195 -0.8953
vn -0.2332 -0.2083 0.9499
vn -0.1408 -0.0202 -0.9898
vn -0.8801 0.0660 -0.4701
vn 0.0663 0.0476 -0.9967
vn -0.0024 -0.0181 -0.9998
vn 0.0038 -0.0270 -0.9996
vn -0.0073 -0.0275 -0.9996
vn -0.0972 0.0152 -0.9951
vn 0.0541 -0.0054 -0.9985
vn -0.0965 0.0143 -0.9952
vn 0.0748 0.0522 -0.9958
vn -0.0009 -0.0327 -0.9995
vn 0.0018 -0.0120 -0.9999
vn 0.0136 -0.0182 -0.9997
vn 0.0147 -0.0182 -0.9997
vn 0.0247 -0.0363 -0.9990
vn -0.1308 -0.1200 -0.9841
vn -0.0106 0.1675 -0.9858
vn 0.0159 -0.3024 0.9530
vn -0.4186 0.0673 -0.9057
vn -0.0799 -0.1249 -0.9889
vn 0.0540 -0.0683 -0.9962
vn -0.6369 -0.2737 -0.7207
vn -0.0710 -0.0319 -0.9970
vn -0.1010 -0.0371 -0.9942
vn -0.0253 0.0421 -0.9988
vn -0.0890 0.0546 -0.9945
vn -0.0814 -0.0078 -0.9966
vn -0.1420 -0.0611 -0.9880
vn -0.0739 0.0587 -0.9955
vn 0.0117 -0.0662 -0.9977
vn 0.1016 -0.0653 -0.9927
vn -0.2245 -0.0017 -0.9745
vn 0.0227 0.0192 -0.9996
vn 0.0346 -0.0665 -0.9972
vn 0.2927 -0.0665 -0.9539
vn 0.0570 0.1864 -0.9808
vn 0.0459 0.0298 -0.9985
vn 0.0301 0.0422 -0.9987
vn 0.0476 0.0629 -0.9969
vn 0.1153 0.0195 -0.9931
vn -0.0266 -0.0045 -0.9996
vn -0.0085 -0.0680 -0.9977
vn 0.1129 -0.0865 -0.9898
vn 0.3576 0.9336 0.0248
vn -0.3570 -0.0985 -0.9289
vn 0.0004 -1.0000 0.0033
vn -0.0034 -1.0000 0.0014
vn 0.0034 -1.0000 -0.0002
vn 0.0190 -0.9979 -0.0615
vn -0.0029 -1.0000 0.0049
vn 0.0022 -1.0000 0.0040
vn 0.0137 -0.9934 -0.1139
vn -0.0055 -1.0000 -0.0007
vn 0.0997 -0.9870 -0.1265
vn -0.0061 -0.9976 -0.0689
vn 0.0043 -1.0000 0.0008
vn -0.0086 0.9971 0.0755
vn 0.0057 1.0000 -0.0033
vn -0.0888 0.9960 -0.0008
vn 0.0178 0.9998 -0.0021
vn 0.0615 0.9603 -0.2721
vn -0.0831 0.9511 -0.2975
vn -0.0111 0.9938 0.1105
vn 0.0003 0.9987 0.0506
vn -0.0056 0.9876 -0.1566
vn 0.1380 0.9587 -0.2488
vn -0.0693 0.9959 0.0582
vn -0.0215 0.9992 -0.0343
vn -0.0359 0.9991 -0.0227
vn 0.0054 0.9997 -0.0245
vn -0.0077 0.9996 -0.0257
vn -0.0008 1.0000 -0.0005
vn 0.0268 0.9980 0.0580
vn 0.1742 0.3439 -0.9227
vn 0.4179 0.0094 -0.9084
vn -0.3190 0.1452 -0.9366
vn -0.0830 0.6282 -0.7736
vn 0.9814 -0.0563 0.1834
vn 0.8610 0.1594 0.4830
vn 0.4843 -0.1238 0.8661
vn 0.1733 0.0430 0.9839
vn -0.5143 -0.0080 0.8575
vn -0.5542 0.0550 0.8305
vn -0.9994 0.0305 -0.0136
vn -0.5137 -0.1215 -0.8493
vn -0.7173 0.0344 -0.6960
vn -0.9878 -0.0753 -0.1360
vn 0.9053 -0.3944 0.1579
vn 0.6267 -0.1578 -0.7631
vn 0.8578 0.1440 -0.4935
vn -0.0002 -1.0000 -0.0002
vn 0.0731 0.2742 0.9589
vn 0.5132 -0.2648 0.8164
vn -0.9377 -0.2661 0.2234
vn -0.9974 0.0712 -0.0124
vn 0.3320 -0.4519 -0.8280
vn -0.1074 0.1075 -0.9884
vn 0.8991 0.4118 -0.1488
vn -0.0055 -0.0114 -0.9999
vn 0.0317 -0.0252 -0.9992
vn 0.0399 0.0245 -0.9989
vn -0.2677 -0.0297 -0.9630
vn 0.0959 -0.0383 -0.9947
vn -0.0411 0.0037 -0.9991
vn -0.0873 -0.0923 -0.9919
vn 0.0023 -0.0023 -1.0000
vn 0.0736 0.0217 -0.9971
vn 0.0926 0.0090 -0.9957
vn 0.0355 0.0134 -0.9993
vn 0.1222 -0.1019 -0.9873
vn 0.0316 -0.0615 -0.9976
vn 0.0622 0.0099 -0.9980
vn -0.0161 0.0127 -0.9998
vn 0.0223 0.0581 -0.9981
vn -0.0000 1.0000 -0.0001
vn 0.8964 0.4082 0.1726
vn -0.8902 0.4386 0.1231
vn -0.7342 0.2973 -0.6104
vn -0.8885 0.4201 -0.1846
vn 0.8806 0.4135 -0.2313
vn 0.1880 0.4268 -0.8846
vn 0.2325 0.4161 0.8791
vn 0.9996 0.0024 0.0285
vn 0.9975 0.0031 0.0700
vn 0.0134 0.0062 0.9999
vn 0.0064 0.0084 0.9999
vn -0.4773 0.0700 -0.8760
vn -0.9796 -0.0697 0.1886
vn -0.0791 0.0070 -0.9968
vn 0.0255 -0.0179 -0.9995
vn 0.8625 -0.1195 0.4918
vn 0.7128 0.0773 0.6971
vn -0.6832 0.0147 0.7300
vn -0.4868 0.1821 0.8543
vn -0.6883 0.1877 -0.7007
vn -0.6385 0.1186 -0.7604
vn 0.8210 0.0565 -0.5682
vn 0.6945 -0.0693 -0.7162
vn 0.2376 -0.0423 0.9705
vn 0.2792 -0.0284 -0.9598
vn 0.0682 0.3831 0.9212
vn 0.0145 -0.0040 0.9999
vn 0.0102 -0.0174 0.9998
vn -0.0732 0.2192 0.9729
vn -0.2475 0.0184 0.9687
vn 0.0408 0.1365 0.9898
vn 0.0113 0.0345 0.9993
vn 0.0172 0.0403 0.9990
vn 0.0096 0.0452 0.9989
vn -0.0554 0.1007 0.9934
vn -0.0521 0.0199 0.9984
vn -0.4163 -0.0820 0.9055
vn 0.1230 -0.2152 0.9688
vn 0.1688 -0.2860 0.9432
vn 0.0691 0.2157 0.9740
vn -0.1369 -0.0778 0.9875
vn 0.0293 0.1028 0.9943
vn 0.1955 -0.0570 0.9790
vn -0.0013 0.0224 0.9997
vn 0.0199 0.0289 0.9994
vn -0.0721 -0.0475 0.9963
vn -0.1657 0.0050 -0.9862
vn 0.1572 -0.0066 0.9875
vn 0.0020 -0.0393 0.9992
vn 0.0928 0.0371 0.9950
vn -0.0056 -0.0218 0.9997
vn 0.0258 0.0133 0.9996
vn 0.0945 0.0525 0.9941
vn 0.0641 0.0470 0.9968
vn -0.2496 0.9664 -0.0611
vn 0.0219 -0.0141 0.9997
vn -0.0407 0.0741 0.9964
vn -0.0112 -0.0090 0.9999
vn -0.0109 -0.0090 0.9999
vn -0.1105 0.0543 0.9924
vn -0.0877 -0.1009 0.9910
vn 0.1042 0.0086 0.9945
vn -0.2514 0.0426 0.9669
vn -0.0276 0.0700 0.9972
vn 0.3159 -0.9370 -0.1492
vn -0.0084 -0.1086 0.9940
vn -0.0174 -0.1044 0.9944
vn -0.0902 -0.0316 0.9954
vn -0.0973 -0.0778 0.9922
vn 0.0168 0.1488 0.9887
vn -0.2135 0.0009 0.9769
vn -0.1343 0.0292 0.9905
vn 0.0283 -0.0067 0.9996
vn -0.2381 -0.0320 0.9707
vn 0.0825 0.0419 0.9957
vn -0.0223 0.0384 0.9990
vn -0.0003 -1.0000 -0.0000
vn -0.0001 -1.0000 -0.0002
vn 0.0589 0.9968 -0.0537
vn -0.0230 0.9987 0.0448
vn 0.0028 1.0000 0.0054
vn 0.0555 0.9971 -0.0524
vn -0.0925 0.9957 0.0042
vn 0.0023 1.0000 0.0010
vn -0.0564 0.9844 0.1669
vn 0.0047 0.9880 0.1546
vn 0.0785 0.9327 0.3521
vn 0.1367 0.9818 -0.1319
vn 0.1890 0.9383 -0.2897
vn -0.3936 0.9068 -0.1508
vn 0.0064 1.0000 0.0004
vn -0.0692 0.9969 -0.0379
vn -0.3909 0.0044 0.9204
vn -0.0819 -0.0716 0.9941
vn 0.1347 -0.4153 0.8997
vn 0.0917 -0.3056 0.9477
vn 0.4293 -0.0468 0.9020
vn 0.2202 0.2254 0.9491
vn -0.2046 0.5251 0.8261
vn -0.9957 0.0795 0.0475
vn -0.5543 -0.1811 0.8124
vn -0.6202 -0.2461 0.7449
vn 0.3213 0.0038 0.9470
vn 0.8957 0.0621 0.4403
vn 0.9489 -0.0906 0.3022
vn 0.7261 0.1846 -0.6623
vn 0.6311 0.0195 -0.7755
vn -0.2619 -0.0139 -0.9650
vn -0.4708 0.1934 -0.8608
vn -0.9519 -0.1603 -0.2610
vn 0.0001 1.0000 0.0002
vn 0.0001 1.0000 0.0001
vn 0.7070 0.2924 0.6439
vn -0.7169 0.2981 -0.6302
vn -0.7212 0.3833 -0.5770
vn 0.8609 0.1404 0.4891
vn -0.4484 0.0306 -0.8933
vn -0.9987 0.0018 0.0518
vn -0.0882 -0.0063 -0.9961
vn 0.5599 0.1993 0.8042
vn 0.9853 -0.0686 -0.1562
vn -0.7940 -0.0092 0.6078
vn -0.7171 0.0993 0.6899
vn 0.1900 0.0138 0.9817
vn 0.6897 0.1424 0.7100
vn 0.7222 0.1915 0.6646
vn 0.3830 0.1654 -0.9088
vn -0.2519 0.5976 -0.7612
vn 0.7105 -0.0516 -0.7018
vn -0.8772 0.0652 -0.4757
vn -0.6900 -0.1152 -0.7146
vn 0.6777 0.3166 0.6637
vn -0.0725 -0.0356 0.9967
vn 0.1062 -0.0401 0.9935
vn 0.1642 -0.0631 0.9844
vn 0.0302 0.0091 0.9995
vn 0.0166 -0.0232 0.9996
vn -0.0281 -0.0055 0.9996
vn -0.0110 -0.0092 0.9999
vn 0.1116 -0.0357 0.9931
vn 0.1134 -0.0363 0.9929
vn 0.0386 0.1081 0.9934
vn -0.1100 -0.0391 0.9932
vn -0.0108 0.0357 0.9993
vn 0.6855 0.3584 0.6337
vn -0.2323 -0.4521 0.8612
vn -0.6932 0.1624 0.7022
vn -0.7621 0.0002 -0.6474
vn -0.5532 -0.3233 -0.7678
vn 0.5648 0.2759 -0.7777
vn 0.9063 -0.3514 -0.2347
vn -0.9943 -0.0819 0.0687
vn -0.9943 0.0819 -0.0687
vn 0.9943 0.0819 0.0687
vn 0.9943 -0.0819 -0.0687
vn 0.9768 0.2143 0.0032
vn -0.7233 0.6897 -0.0323
vn -0.9991 0.0212 0.0380
vn 0.9996 0.0037 -0.0276
vn 0.9999 0.0119 -0.0050
vn 0.9998 0.0150 0.0128
vn 0.9964 -0.0349 -0.0778
vn 0.9996 -0.0081 0.0265
vn 0.9999 0.0144 -0.0032
vn 0.9996 -0.0251 -0.0103
vn 0.9887 -0.1319 0.0713
vn 0.9950 0.0455 -0.0888
vn 0.8721 -0.4800 -0.0945
vn 0.9998 -0.0094 -0.0184
vn 0.9999 -0.0125 -0.0054
vn 0.9660 0.1522 -0.2090
vn 0.9901 0.0951 0.1034
vn 0.9834 -0.1426 -0.1123
vn 0.9912 -0.1041 0.0823
vn 0.9766 -0.2056 0.0625
vn 0.9898 -0.0104 0.1418
vn 0.9765 0.2053 -0.0652
vn 0.9991 0.0110 0.0411
vn 0.9981 -0.0509 -0.0335
vn 0.9738 0.2269 0.0126
vn -0.9926 -0.0105 -0.1208
vn 0.9999 0.0072 -0.0137
vn 0.9998 0.0192 0.0042
vn 0.9726 -0.2281 -0.0446
vn 0.9951 0.0679 0.0721
vn 0.9956 0.0931 0.0071
vn 0.9932 0.0975 0.0636
vn 0.9820 -0.0309 0.1861
vn 0.9937 -0.0078 0.1121
vn 0.9994 0.0316 0.0130
vn 0.9985 -0.0461 0.0284
vn 0.9998 -0.0069 -0.0188
vn 0.9987 0.0015 0.0516
vn 0.9952 -0.0786 0.0576
vn 0.9996 0.0001 0.0300
vn 0.9948 -0.0896 -0.0484
vn 0.9898 -0.1424 -0.0092
vn 0.9937 -0.0203 0.1106
vn 0.9995 0.0199 -0.0265
vn 0.9912 0.0144 0.1313
vn 0.9947 -0.0937 -0.0421
vn 0.9940 -0.1000 -0.0440
vn 0.9618 -0.2640 0.0725
vn 0.9987 0.0500 0.0008
vn 0.9994 0.0306 0.0163
vn 0.9891 -0.1456 0.0236
vn 0.9913 -0.1281 0.0298
vn 0.9720 -0.2093 -0.1071
vn 0.9924 -0.0740 0.0983
vn -0.0819 0.0019 0.9966
vn 0.0066 0.0053 1.0000
vn 0.0081 0.0938 0.9956
vn -0.0029 -0.0017 1.0000
vn -0.0127 0.0076 0.9999
vn -0.0303 -0.0325 0.9990
vn 0.1203 0.0091 0.9927
vn 0.4957 -0.2627 0.8278
vn 0.0459 -0.2615 0.9641
vn -0.0045 0.0823 0.9966
vn 0.1214 -0.0359 0.9920
vn 0.0828 -0.0744 0.9938
vn -0.0022 0.0155 0.9999
vn -0.2162 -0.1971 0.9562
vn 0.2337 -0.1023 0.9669
vn -0.0261 -0.0016 0.9997
vn 0.9242 -0.2025 0.3239
vn 0.9242 -0.1339 -0.3577
vn 0.4284 -0.0033 -0.9036
vn 0.9541 0.1931 -0.2290
vn 0.8476 0.5297 -0.0300
vn 0.9611 0.1928 0.1980
vn -0.0800 -0.9964 0.0264
vn -0.5905 -0.8003 -0.1043
vn -0.8287 -0.5329 0.1712
vn -0.9919 0.0699 -0.1061
vn -0.8764 0.4482 0.1764
vn -0.4194 0.8895 -0.1810
vn -0.0200 0.9989 0.0424
vn 0.9380 0.3462 0.0168
vn 0.6764 0.7320 0.0809
vn 0.4533 0.8823 -0.1265
vn 0.3578 -0.9300 -0.0847
vn 0.4443 -0.8957 0.0176
vn 0.9347 -0.3544 0.0261
vn 0.9058 -0.4236 -0.0072
vn 0.9983 -0.0519 -0.0283
vn 0.9990 0.0273 -0.0358
vn 0.9761 0.2075 -0.0647
vn 0.9995 0.0309 -0.0071
vn 0.9999 0.0093 -0.0120
vn 0.9998 -0.0163 -0.0118
vn 0.9999 -0.0096 -0.0052
vn 0.9994 -0.0353 0.0004
vn 0.9940 -0.1001 -0.0446
vn 0.9989 -0.0365 -0.0305
vn 0.9981 0.0535 -0.0294
vn 0.9972 0.0160 0.0724
vn -0.0015 0.0007 1.0000
vn 0.0009 0.0012 1.0000
vn -0.1934 -0.8800 0.4338
vn -0.2306 0.8794 0.4164
vn 0.6413 0.7019 0.3101
vn 0.7415 -0.5968 0.3066
vn -0.8085 -0.1677 0.5641
vn -0.4647 -0.8799 0.0992
vn -0.9998 0.0123 0.0134
vn -0.9950 0.0913 0.0400
vn 0.7426 0.6266 0.2363
vn -0.0986 0.9945 -0.0346
vn 0.4386 -0.8976 0.0438
vn 0.9801 0.1891 -0.0594
vn -0.4347 -0.8915 -0.1279
vn -0.6915 -0.7114 0.1258
vn -0.7324 0.6763 -0.0787
vn -0.9144 0.3779 0.1449
vn 0.6790 0.7329 0.0415
vn 0.5223 0.8324 0.1853
vn 0.6885 -0.7222 0.0657
vn 0.7127 -0.6953 0.0926
vn -0.0051 0.0012 -1.0000
vn -0.0065 0.0003 -1.0000
vn 0.0064 -0.0000 -1.0000
vn -0.0030 0.0071 -1.0000
vn -0.0044 -0.0070 -1.0000
vn 0.0024 -0.0085 -1.0000
vn 0.0028 0.0067 -1.0000
vn 0.0051 -0.0009 -1.0000
vn 0.0005 0.0057 -1.0000
vn -0.0005 -0.0064 -1.0000
vn 0.0003 0.0005 -1.0000
vn -0.9312 0.0942 0.3521
vn -0.7815 -0.5615 -0.2720
vn 0.1784 0.9701 0.1647
vn -0.2409 0.8971 -0.3704
vn 0.8931 -0.1427 -0.4267
vn 0.9293 -0.3578 -0.0917
vn -0.1033 -0.9137 0.3931
vn -0.7094 -0.6958 0.1123
vn -0.3919 -0.8980 -0.2003
vn 0.2870 -0.9403 0.1830
vn 0.6700 -0.7149 -0.2002
vn 0.9909 0.0943 0.0964
vn 0.9731 0.1521 0.1733
vn 0.2843 0.9348 -0.2130
vn -0.1853 0.9313 0.3137
vn -0.7239 0.6749 -0.1430
vn 0.0143 -0.0464 0.9988
vn 0.0269 -0.0881 0.9957
vn 0.1179 0.0184 0.9929
vn -0.0932 0.0052 0.9956
vn 0.1681 0.2046 0.9643
vn -0.0368 0.1696 0.9848
vn -0.0499 -0.0415 0.9979
vn -0.0550 -0.0647 0.9964
vn 0.0475 0.0930 0.9945
vn -0.1353 0.0577 0.9891
vn 0.0574 -0.0303 0.9979
vn 0.0261 0.0115 0.9996
vn -0.0367 -0.0213 0.9991
vn -0.0365 0.0123 -0.9993
vn 0.0008 0.0013 1.0000
vn 0.0011 -0.0008 1.0000
vn -0.7091 0.6535 0.2647
vn 0.7345 0.4475 0.5101
vn 0.6333 0.6541 0.4136
vn -0.4211 0.9069 0.0123
vn -0.9820 0.1843 0.0410
vn 0.0071 0.9999 -0.0117
vn 0.9954 -0.0943 0.0157
vn -0.0943 0.9711 -0.2194
vn -0.1066 -0.9939 -0.0288
vn 0.9918 -0.0078 -0.1278
vn -0.7099 -0.6891 0.1452
vn -0.6891 -0.7045 0.1697
vn 0.9974 -0.0025 0.0719
vn -0.7794 0.6240 0.0566
vn -0.7636 0.6407 0.0800
vn 0.5531 0.8320 -0.0437
vn 0.6952 0.7073 0.1282
vn 0.6643 -0.7474 -0.0090
vn 0.8122 -0.5346 0.2333
vn 0.6616 -0.6296 0.4073
vn -0.9351 0.3528 -0.0342
vn 0.9975 -0.0541 0.0463
vn 0.9993 -0.0000 0.0367
vn 0.9861 0.1614 0.0400
vn -0.4966 -0.8680 -0.0000
vn 0.9921 0.1143 -0.0508
vn 0.9454 0.3151 -0.0831
vn 0.4410 0.8974 -0.0134
vn -0.5546 0.8319 0.0169
vn -0.8319 0.5546 -0.0169
vn -0.0000 -0.9995 0.0304
vn -0.3162 -0.9487 -0.0000
vn 0.0015 0.0054 -1.0000
vn 0.0031 0.0006 -1.0000
vn 0.0007 0.0044 -1.0000
vn -0.0093 0.0009 -1.0000
vn -0.0130 0.0037 -0.9999
vn -0.0049 -0.0101 -0.9999
vn 0.0035 -0.0068 -1.0000
vn 0.0030 0.0005 -1.0000
vn -0.0001 -0.0065 -1.0000
vn -0.0003 -0.0000 -1.0000
vn -0.9874 0.0945 -0.1268
vn -0.9978 0.0421 -0.0503
vn 0.4038 0.8679 -0.2893
vn 0.0807 0.9857 0.1481
vn 0.8960 -0.1415 0.4209
vn -0.1122 -0.9830 0.1452
vn 0.3733 -0.8156 -0.4420
s 0
f 2//1 3//1 18//1
f 2//2 18//2 4//2
f 5//3 24//3 2//3
f 21//4 5//4 3//4
f 4//5 5//5 2//5
f 3//6 5//6 4//6
f 27//7 13//7 6//7
f 9//8 8//8 6//8
f 6//9 25//9 27//9
f 8//10 25//10 6//10
f 7//11 9//11 6//11
f 22//12 8//12 9//12
f 13//13 25//13 14//13
f 26//14 25//14 13//14
f 11//15 15//15 13//15
f 13//16 9//16 26//16
f 28//17 14//17 16//17
f 28//18 16//18 17//18
f 11//19 12//19 15//19
f 13//20 15//20 9//20
f 12//21 20//21 15//21
f 25//22 16//22 14//22
f 15//23 22//23 9//23
f 20//24 22//24 15//24
f 25//25 8//25 16//25
f 8//26 10//26 16//26
f 22//27 10//27 8//27
f 18//28 23//28 24//28
f 18//29 24//29 19//29
f 19//30 24//30 20//30
f 19//31 20//31 1//31
f 17//32 21//32 18//32
f 18//33 21//33 23//33
f 1//34 20//34 12//34
f 24//35 5//35 20//35
f 17//36 16//36 21//36
f 21//37 16//37 10//37
f 21//38 10//38 5//38
f 5//39 10//39 20//39
f 20//40 10//40 22//40
f 13//41 14//41 6//41
f 1//42 18//42 19//42
f 18//43 3//43 17//43
f 12//44 11//44 13//44
f 1//45 4//45 18//45
f 13//46 7//46 1//46
f 13//47 1//47 12//47
f 17//48 3//48 28//48
f 6//49 14//49 28//49
f 6//50 28//50 7//50
f 7//51 28//51 3//51
f 3//52 4//52 7//52
f 4//53 1//53 7//53
f 24//54 23//54 2//54
f 25//55 26//55 27//55
f 7//56 26//56 9//56
f 7//57 27//57 26//57
f 7//58 13//58 27//58
f 3//59 23//59 21//59
f 2//60 23//60 3//60
f 39//61 41//61 42//61
f 34//62 29//62 30//62
f 40//63 30//63 36//63
f 35//64 36//64 33//64
f 35//65 33//65 40//65
f 35//66 40//66 37//66
f 42//67 38//67 39//67
f 39//68 38//68 41//68
f 30//69 40//69 34//69
f 36//70 30//70 33//70
f 33//71 34//71 40//71
f 40//72 36//72 37//72
f 37//73 36//73 38//73
f 38//74 36//74 35//74
f 35//75 41//75 38//75
f 35//76 37//76 41//76
f 42//77 37//77 38//77
f 41//78 37//78 42//78
f 30//79 29//79 32//79
f 31//80 33//80 30//80
f 32//81 29//81 34//81
f 34//82 33//82 31//82
f 32//83 34//83 31//83
f 31//84 30//84 32//84
f 43//85 46//85 44//85
f 45//86 53//86 54//86
f 49//87 47//87 55//87
f 55//88 48//88 50//88
f 48//89 49//89 50//89
f 50//90 49//90 51//90
f 52//91 56//91 50//91
f 51//92 52//92 50//92
f 56//93 51//93 55//93
f 54//94 53//94 52//94
f 54//95 52//95 45//95
f 48//96 46//96 49//96
f 49//97 46//97 47//97
f 55//98 47//98 48//98
f 49//99 55//99 51//99
f 56//100 55//100 50//100
f 51//101 45//101 52//101
f 51//102 56//102 45//102
f 53//103 56//103 52//103
f 45//104 56//104 53//104
f 43//105 44//105 48//105
f 47//106 46//106 43//106
f 44//107 46//107 48//107
f 48//108 47//108 43//108
f 69//109 70//109 71//109
f 61//110 59//110 67//110
f 67//111 62//111 63//111
f 62//112 61//112 64//112
f 64//113 61//113 68//113
f 68//114 67//114 63//114
f 65//115 63//115 64//115
f 61//116 60//116 66//116
f 61//117 66//117 59//117
f 67//118 59//118 60//118
f 67//119 60//119 62//119
f 62//120 60//120 61//120
f 68//121 61//121 67//121
f 64//122 63//122 62//122
f 64//123 68//123 70//123
f 70//124 68//124 63//124
f 70//125 63//125 71//125
f 71//126 63//126 65//126
f 65//127 64//127 70//127
f 65//128 70//128 69//128
f 71//129 65//129 69//129
f 58//130 72//130 66//130
f 60//131 57//131 58//131
f 57//132 60//132 59//132
f 66//133 60//133 58//133
f 57//134 59//134 72//134
f 72//135 59//135 66//135
f 58//136 57//136 72//136
f 78//137 77//137 75//137
f 84//138 76//138 79//138
f 76//139 77//139 79//139
f 79//140 77//140 78//140
f 80//141 79//141 78//141
f 80//142 78//142 81//142
f 84//143 81//143 78//143
f 84//144 85//144 81//144
f 80//145 81//145 82//145
f 86//146 81//146 83//146
f 83//147 85//147 82//147
f 84//148 78//148 75//148
f 84//149 75//149 76//149
f 85//150 84//150 79//150
f 85//151 79//151 80//151
f 82//152 85//152 80//152
f 86//153 82//153 81//153
f 83//154 81//154 85//154
f 83//155 82//155 86//155
f 73//156 87//156 74//156
f 87//157 73//157 75//157
f 76//158 73//158 74//158
f 73//159 76//159 75//159
f 87//160 77//160 74//160
f 87//161 75//161 77//161
f 74//162 77//162 76//162
f 91//163 92//163 88//163
f 91//164 88//164 89//164
f 90//165 89//165 88//165
f 90//166 88//166 92//166
f 90//167 92//167 89//167
f 89//168 92//168 91//168
f 94//169 95//169 93//169
f 94//170 93//170 96//170
f 94//171 96//171 95//171
f 95//172 96//172 93//172
f 100//163 101//163 97//163
f 100//164 97//164 98//164
f 99//165 98//165 97//165
f 99//166 97//166 101//166
f 99//167 101//167 98//167
f 98//168 101//168 100//168
f 103//173 104//173 102//173
f 103//174 102//174 105//174
f 103//175 105//175 104//175
f 104//176 105//176 102//176
f 109//177 107//177 106//177
f 109//178 106//178 108//178
f 109//179 108//179 107//179
f 107//180 108//180 106//180
f 111//181 110//181 112//181
f 113//182 110//182 111//182
f 113//183 111//183 114//183
f 113//184 114//184 110//184
f 112//185 110//185 114//185
f 111//186 112//186 114//186
f 116//187 115//187 117//187
f 117//188 115//188 118//188
f 119//189 115//189 116//189
f 119//190 116//190 118//190
f 119//191 118//191 115//191
f 117//192 118//192 116//192
f 121//193 120//193 123//193
f 122//194 123//194 120//194
f 122//195 120//195 121//195
f 122//196 121//196 123//196
f 126//197 127//197 124//197
f 126//198 124//198 125//198
f 126//199 125//199 127//199
f 125//200 124//200 127//200
f 130//201 129//201 128//201
f 131//202 128//202 129//202
f 131//203 129//203 132//203
f 131//204 132//204 128//204
f 128//205 132//205 130//205
f 130//206 132//206 129//206
f 137//207 136//207 133//207
f 137//208 133//208 134//208
f 135//209 134//209 133//209
f 135//210 133//210 136//210
f 135//211 136//211 134//211
f 134//212 136//212 137//212
f 140//213 142//213 139//213
f 139//214 138//214 140//214
f 141//215 138//215 139//215
f 141//216 139//216 142//216
f 141//217 142//217 138//217
f 140//218 138//218 142//218
f 144//219 145//219 143//219
f 144//220 146//220 145//220
f 177//221 146//221 144//221
f 149//222 148//222 144//222
f 144//223 148//223 177//223
f 146//224 177//224 147//224
f 146//225 147//225 148//225
f 146//226 148//226 149//226
f 150//227 151//227 152//227
f 153//228 174//228 152//228
f 152//229 174//229 150//229
f 174//230 153//230 176//230
f 176//231 154//231 150//231
f 176//232 153//232 154//232
f 145//233 155//233 143//233
f 143//234 155//234 152//234
f 155//235 153//235 152//235
f 151//236 156//236 144//236
f 156//237 179//237 144//237
f 181//238 180//238 185//238
f 180//239 155//239 145//239
f 182//240 181//240 187//240
f 183//241 180//241 145//241
f 155//242 180//242 182//242
f 190//243 185//243 184//243
f 183//244 185//244 180//244
f 179//245 156//245 189//245
f 189//246 190//246 179//246
f 156//247 186//247 189//247
f 179//248 184//248 145//248
f 145//249 184//249 183//249
f 190//250 184//250 179//250
f 155//251 187//251 156//251
f 181//252 185//252 189//252
f 187//253 155//253 182//253
f 181//254 189//254 186//254
f 181//255 186//255 187//255
f 172//256 143//256 157//256
f 157//257 143//257 152//257
f 172//258 158//258 143//258
f 166//259 158//259 172//259
f 163//260 160//260 144//260
f 144//261 160//261 169//261
f 159//262 161//262 152//262
f 143//263 163//263 144//263
f 151//264 167//264 152//264
f 152//265 167//265 159//265
f 152//266 161//266 157//266
f 157//267 161//267 165//267
f 169//268 160//268 170//268
f 143//269 158//269 163//269
f 160//270 162//270 170//270
f 170//271 167//271 151//271
f 170//272 162//272 166//272
f 163//273 166//273 162//273
f 166//274 167//274 170//274
f 165//275 172//275 157//275
f 172//276 165//276 166//276
f 166//277 164//277 167//277
f 164//278 165//278 159//278
f 165//279 164//279 166//279
f 168//280 169//280 170//280
f 171//281 144//281 169//281
f 144//282 171//282 151//282
f 170//283 171//283 168//283
f 170//284 151//284 171//284
f 171//285 169//285 168//285
f 173//286 155//286 156//286
f 173//287 156//287 150//287
f 150//288 156//288 151//288
f 155//289 174//289 175//289
f 175//290 174//290 176//290
f 175//291 176//291 173//291
f 173//292 176//292 155//292
f 153//293 155//293 175//293
f 153//294 175//294 154//294
f 154//295 175//295 173//295
f 155//296 176//296 150//296
f 155//297 150//297 174//297
f 145//298 177//298 179//298
f 178//299 177//299 145//299
f 144//300 179//300 149//300
f 149//301 179//301 178//301
f 149//302 178//302 146//302
f 179//303 148//303 178//303
f 178//304 148//304 147//304
f 178//305 147//305 177//305
f 179//306 177//306 148//306
f 178//307 145//307 146//307
f 173//308 150//308 154//308
f 159//309 182//309 161//309
f 161//310 182//310 180//310
f 161//311 180//311 165//311
f 165//312 180//312 181//312
f 165//313 181//313 159//313
f 159//314 181//314 182//314
f 166//315 183//315 158//315
f 158//316 183//316 184//316
f 158//317 184//317 163//317
f 163//318 184//318 185//318
f 163//319 185//319 166//319
f 166//320 185//320 183//320
f 167//321 188//321 159//321
f 159//322 188//322 187//322
f 159//323 187//323 164//323
f 164//324 187//324 186//324
f 164//325 186//325 167//325
f 167//326 186//326 188//326
f 186//327 156//327 188//327
f 188//328 156//328 187//328
f 160//329 191//329 162//329
f 162//330 191//330 190//330
f 162//331 190//331 163//331
f 163//332 190//332 189//332
f 163//333 189//333 160//333
f 160//334 189//334 191//334
f 191//335 189//335 185//335
f 191//336 185//336 190//336
f 195//337 226//337 193//337
f 193//338 226//338 194//338
f 194//339 192//339 193//339
f 196//340 193//340 192//340
f 226//230 195//230 228//230
f 228//231 197//231 194//231
f 228//232 195//232 197//232
f 201//341 200//341 199//341
f 201//342 199//342 198//342
f 223//343 200//343 201//343
f 204//344 203//344 201//344
f 201//345 203//345 223//345
f 200//346 223//346 202//346
f 200//225 202//225 203//225
f 200//226 203//226 204//226
f 232//347 225//347 192//347
f 192//348 225//348 201//348
f 205//349 195//349 193//349
f 199//350 237//350 193//350
f 237//351 205//351 193//351
f 230//352 235//352 236//352
f 232//353 231//353 225//353
f 239//354 232//354 238//354
f 234//355 230//355 232//355
f 232//356 230//356 231//356
f 205//357 240//357 238//357
f 231//358 236//358 225//358
f 205//359 238//359 232//359
f 205//360 237//360 240//360
f 240//361 237//361 235//361
f 225//362 236//362 237//362
f 239//363 230//363 234//363
f 230//364 239//364 240//364
f 230//365 240//365 235//365
f 220//366 192//366 206//366
f 206//367 192//367 201//367
f 219//368 212//368 213//368
f 219//369 213//369 198//369
f 220//370 207//370 192//370
f 192//371 209//371 196//371
f 196//372 209//372 208//372
f 196//373 208//373 218//373
f 211//374 213//374 210//374
f 218//375 214//375 219//375
f 198//376 211//376 201//376
f 201//377 211//377 206//377
f 208//378 214//378 218//378
f 219//379 214//379 209//379
f 206//380 211//380 215//380
f 213//381 211//381 198//381
f 220//382 216//382 207//382
f 207//383 209//383 192//383
f 216//384 220//384 206//384
f 216//385 206//385 210//385
f 212//386 219//386 209//386
f 212//387 209//387 210//387
f 209//388 216//388 210//388
f 206//389 215//389 210//389
f 217//390 218//390 219//390
f 221//391 196//391 218//391
f 221//392 219//392 198//392
f 196//393 221//393 198//393
f 198//394 199//394 196//394
f 196//395 199//395 193//395
f 219//396 221//396 217//396
f 221//397 218//397 217//397
f 199//398 225//398 237//398
f 222//399 205//399 232//399
f 222//400 232//400 194//400
f 194//401 232//401 192//401
f 199//402 223//402 225//402
f 224//403 223//403 199//403
f 201//404 225//404 204//404
f 204//405 225//405 224//405
f 204//302 224//302 200//302
f 225//406 203//406 224//406
f 224//304 203//304 202//304
f 224//407 202//407 223//407
f 225//408 223//408 203//408
f 205//409 226//409 227//409
f 227//290 226//290 228//290
f 227//291 228//291 222//291
f 222//410 228//410 205//410
f 195//411 205//411 227//411
f 195//294 227//294 197//294
f 197//295 227//295 222//295
f 205//412 228//412 194//412
f 205//413 194//413 226//413
f 222//308 194//308 197//308
f 224//414 199//414 200//414
f 211//415 229//415 231//415
f 211//416 231//416 215//416
f 215//417 231//417 230//417
f 215//418 230//418 210//418
f 210//419 230//419 229//419
f 210//420 229//420 211//420
f 229//421 230//421 236//421
f 229//422 236//422 231//422
f 216//423 233//423 234//423
f 216//424 234//424 207//424
f 207//425 234//425 232//425
f 207//426 232//426 233//426
f 207//427 233//427 209//427
f 209//428 233//428 216//428
f 233//429 232//429 239//429
f 233//430 239//430 234//430
f 213//431 237//431 236//431
f 213//432 236//432 210//432
f 210//433 236//433 235//433
f 210//434 235//434 212//434
f 212//435 235//435 237//435
f 212//436 237//436 213//436
f 209//437 240//437 239//437
f 209//438 239//438 238//438
f 209//439 238//439 208//439
f 208//440 238//440 240//440
f 208//441 240//441 214//441
f 214//442 240//442 209//442
f 243//443 241//443 245//443
f 245//444 241//444 246//444
f 241//445 243//445 244//445
f 249//446 243//446 245//446
f 249//447 245//447 247//447
f 247//448 245//448 248//448
f 247//449 248//449 249//449
f 249//450 248//450 243//450
f 241//451 248//451 246//451
f 243//452 242//452 244//452
f 244//453 242//453 248//453
f 248//454 242//454 243//454
f 245//455 246//455 248//455
f 248//456 241//456 244//456
f 253//457 252//457 250//457
f 254//458 252//458 253//458
f 250//459 256//459 253//459
f 257//460 254//460 253//460
f 257//461 253//461 255//461
f 255//462 253//462 256//462
f 255//463 256//463 254//463
f 255//464 254//464 257//464
f 256//465 250//465 258//465
f 258//466 252//466 254//466
f 258//467 251//467 256//467
f 254//468 251//468 258//468
f 256//469 251//469 254//469
f 258//470 250//470 252//470
f 260//471 262//471 263//471
f 263//472 262//472 264//472
f 267//473 260//473 263//473
f 267//474 263//474 265//474
f 265//475 263//475 266//475
f 265//476 266//476 267//476
f 267//477 266//477 260//477
f 261//478 259//478 266//478
f 261//479 266//479 264//479
f 260//480 259//480 262//480
f 262//481 259//481 261//481
f 266//482 259//482 260//482
f 263//483 264//483 266//483
f 264//484 262//484 261//484
f 273//485 268//485 270//485
f 270//486 268//486 269//486
f 270//487 269//487 271//487
f 272//488 269//488 268//488
f 272//489 268//489 273//489
f 272//490 273//490 269//490
f 271//491 269//491 273//491
f 270//492 271//492 273//492
f 279//493 276//493 274//493
f 279//494 274//494 277//494
f 278//495 274//495 276//495
f 278//496 276//496 275//496
f 278//497 275//497 274//497
f 277//498 274//498 275//498
f 277//499 275//499 276//499
f 277//500 276//500 279//500
f 283//501 280//501 281//501
f 283//502 281//502 284//502
f 285//503 281//503 280//503
f 285//504 280//504 282//504
f 285//505 282//505 281//505
f 284//506 281//506 282//506
f 282//507 280//507 283//507
f 284//508 282//508 283//508
f 291//509 287//509 288//509
f 291//510 288//510 289//510
f 289//511 288//511 286//511
f 290//512 286//512 288//512
f 290//513 288//513 287//513
f 290//514 287//514 286//514
f 289//515 286//515 291//515
f 291//516 286//516 287//516
f 292//517 293//517 294//517
f 292//518 294//518 295//518
f 295//519 294//519 296//519
f 295//520 296//520 297//520
f 297//521 296//521 293//521
f 297//522 293//522 292//522
f 300//523 292//523 298//523
f 298//524 292//524 295//524
f 298//525 295//525 299//525
f 299//526 295//526 297//526
f 299//527 297//527 300//527
f 300//528 297//528 292//528
f 300//529 293//529 299//529
f 299//530 294//530 298//530
f 300//531 298//531 293//531
f 293//532 298//532 294//532
f 296//533 299//533 293//533
f 294//534 299//534 296//534
f 302//535 301//535 303//535
f 303//536 301//536 304//536
f 303//537 304//537 305//537
f 305//538 304//538 306//538
f 305//539 306//539 302//539
f 302//540 306//540 301//540
f 309//541 302//541 307//541
f 307//542 302//542 303//542
f 307//543 303//543 308//543
f 308//544 303//544 305//544
f 308//545 305//545 309//545
f 309//546 305//546 302//546
f 309//547 306//547 304//547
f 309//548 304//548 308//548
f 307//549 308//549 301//549
f 309//550 307//550 306//550
f 301//551 308//551 304//551
f 306//552 307//552 301//552
f 318//553 315//553 316//553
f 317//554 312//554 318//554
f 317//555 318//555 493//555
f 493//556 318//556 316//556
f 316//557 319//557 320//557
f 319//558 321//558 320//558
f 320//559 321//559 322//559
f 325//560 324//560 327//560
f 325//561 327//561 328//561
f 328//562 327//562 329//562
f 328//563 329//563 330//563
f 330//564 329//564 331//564
f 330//565 331//565 332//565
f 332//566 331//566 333//566
f 332//567 333//567 334//567
f 334//568 333//568 311//568
f 311//569 333//569 313//569
f 323//570 326//570 335//570
f 335//571 326//571 310//571
f 338//572 336//572 337//572
f 337//573 336//573 467//573
f 339//574 373//574 340//574
f 326//575 382//575 394//575
f 394//576 382//576 339//576
f 326//577 323//577 397//577
f 326//578 397//578 382//578
f 324//579 325//579 341//579
f 324//580 341//580 342//580
f 342//581 341//581 343//581
f 343//582 341//582 344//582
f 343//583 344//583 345//583
f 345//584 344//584 346//584
f 345//585 346//585 311//585
f 345//586 311//586 313//586
f 347//587 314//587 395//587
f 347//588 395//588 340//588
f 362//589 348//589 360//589
f 360//590 348//590 349//590
f 360//591 349//591 350//591
f 351//592 424//592 350//592
f 312//593 428//593 351//593
f 351//594 428//594 424//594
f 353//595 322//595 348//595
f 353//596 348//596 362//596
f 354//597 355//597 359//597
f 358//598 359//598 357//598
f 366//599 367//599 371//599
f 370//600 371//600 369//600
f 378//601 379//601 377//601
f 378//602 380//602 379//602
f 379//603 380//603 381//603
f 397//604 377//604 383//604
f 340//605 374//605 381//605
f 382//606 383//606 369//606
f 383//607 377//607 369//607
f 367//608 374//608 373//608
f 375//609 381//609 369//609
f 375//610 369//610 376//610
f 379//611 376//611 369//611
f 379//612 369//612 377//612
f 373//613 339//613 367//613
f 367//614 339//614 369//614
f 339//615 382//615 369//615
f 381//616 374//616 367//616
f 381//617 375//617 379//617
f 340//618 373//618 372//618
f 340//619 372//619 374//619
f 342//620 378//620 397//620
f 397//621 378//621 377//621
f 340//622 381//622 345//622
f 345//623 381//623 380//623
f 367//624 369//624 371//624
f 343//625 384//625 385//625
f 369//626 381//626 368//626
f 368//627 381//627 367//627
f 385//628 406//628 396//628
f 318//629 393//629 386//629
f 387//630 315//630 318//630
f 387//631 318//631 386//631
f 387//632 388//632 321//632
f 321//633 388//633 322//633
f 388//634 392//634 322//634
f 322//635 392//635 348//635
f 348//636 389//636 349//636
f 349//637 389//637 390//637
f 315//638 387//638 321//638
f 348//639 392//639 389//639
f 351//640 390//640 391//640
f 351//641 391//641 312//641
f 312//642 393//642 318//642
f 352//643 390//643 351//643
f 349//644 390//644 352//644
f 312//645 391//645 393//645
f 310//646 395//646 314//646
f 310//647 314//647 337//647
f 337//648 314//648 338//648
f 326//649 394//649 395//649
f 326//650 395//650 310//650
f 342//651 397//651 404//651
f 342//652 399//652 398//652
f 399//653 342//653 404//653
f 400//654 399//654 401//654
f 399//655 400//655 398//655
f 402//656 324//656 398//656
f 324//657 402//657 399//657
f 399//658 403//658 323//658
f 400//659 403//659 398//659
f 398//660 403//660 402//660
f 324//661 399//661 323//661
f 323//662 403//662 400//662
f 400//663 401//663 397//663
f 397//664 401//664 404//664
f 399//665 404//665 403//665
f 403//666 404//666 401//666
f 403//667 401//667 402//667
f 402//668 401//668 399//668
f 370//669 405//669 384//669
f 370//670 384//670 371//670
f 385//671 405//671 369//671
f 369//672 405//672 370//672
f 406//673 385//673 368//673
f 368//674 385//674 369//674
f 385//675 384//675 405//675
f 371//676 384//676 366//676
f 366//677 384//677 407//677
f 407//678 396//678 366//678
f 366//679 396//679 367//679
f 396//680 406//680 367//680
f 367//681 406//681 368//681
f 407//682 384//682 343//682
f 343//683 396//683 407//683
f 397//684 323//684 400//684
f 313//685 408//685 409//685
f 409//686 408//686 410//686
f 408//687 313//687 314//687
f 314//688 411//688 408//688
f 409//689 410//689 347//689
f 347//690 410//690 411//690
f 347//691 411//691 314//691
f 414//692 412//692 347//692
f 412//693 409//693 347//693
f 345//694 412//694 413//694
f 409//695 412//695 345//695
f 413//696 347//696 345//696
f 345//697 347//697 340//697
f 347//698 413//698 414//698
f 414//699 408//699 411//699
f 414//700 411//700 410//700
f 414//701 410//701 415//701
f 415//702 410//702 408//702
f 408//703 413//703 415//703
f 413//704 408//704 414//704
f 415//705 413//705 412//705
f 412//706 414//706 415//706
f 343//707 385//707 342//707
f 380//708 343//708 345//708
f 313//709 409//709 345//709
f 385//710 378//710 342//710
f 343//711 380//711 396//711
f 396//712 380//712 385//712
f 385//713 380//713 378//713
f 342//714 398//714 324//714
f 416//715 383//715 382//715
f 416//716 382//716 397//716
f 416//717 397//717 383//717
f 417//718 375//718 376//718
f 417//719 376//719 379//719
f 417//720 379//720 375//720
f 418//721 372//721 373//721
f 418//722 373//722 374//722
f 418//723 374//723 372//723
f 419//724 421//724 420//724
f 420//725 421//725 422//725
f 355//726 357//726 363//726
f 363//727 365//727 355//727
f 353//728 361//728 422//728
f 422//729 364//729 420//729
f 420//730 363//730 357//730
f 362//731 361//731 353//731
f 420//732 364//732 363//732
f 361//733 360//733 422//733
f 357//734 423//734 428//734
f 357//735 428//735 420//735
f 360//736 350//736 422//736
f 422//737 350//737 357//737
f 350//738 423//738 357//738
f 422//739 355//739 365//739
f 422//740 365//740 364//740
f 424//741 423//741 350//741
f 346//742 419//742 428//742
f 428//743 419//743 420//743
f 353//744 422//744 341//744
f 341//745 422//745 421//745
f 422//746 357//746 359//746
f 355//747 422//747 359//747
f 344//748 425//748 426//748
f 357//749 355//749 356//749
f 426//750 438//750 427//750
f 346//751 428//751 436//751
f 346//752 431//752 429//752
f 431//753 430//753 429//753
f 431//754 346//754 436//754
f 430//755 432//755 429//755
f 433//756 311//756 429//756
f 311//757 433//757 435//757
f 434//758 433//758 429//758
f 435//759 312//759 311//759
f 432//760 435//760 434//760
f 432//761 434//761 429//761
f 312//762 435//762 432//762
f 432//763 430//763 428//763
f 428//764 430//764 436//764
f 431//765 436//765 435//765
f 435//766 436//766 430//766
f 433//767 431//767 435//767
f 435//768 430//768 434//768
f 434//769 430//769 431//769
f 434//770 431//770 433//770
f 358//771 437//771 425//771
f 358//772 425//772 359//772
f 426//773 437//773 357//773
f 357//774 437//774 358//774
f 438//775 426//775 356//775
f 356//776 426//776 357//776
f 426//777 425//777 437//777
f 359//778 425//778 354//778
f 354//779 425//779 439//779
f 439//780 427//780 354//780
f 354//781 427//781 355//781
f 427//782 438//782 355//782
f 355//783 438//783 356//783
f 439//784 425//784 344//784
f 344//785 427//785 439//785
f 428//786 312//786 432//786
f 322//787 353//787 440//787
f 325//788 441//788 442//788
f 441//789 443//789 442//789
f 442//790 443//790 440//790
f 440//791 443//791 322//791
f 322//792 443//792 444//792
f 325//793 444//793 441//793
f 322//794 444//794 325//794
f 442//795 447//795 445//795
f 447//796 442//796 440//796
f 341//797 445//797 446//797
f 442//798 445//798 341//798
f 446//799 353//799 341//799
f 446//800 447//800 440//800
f 446//801 440//801 353//801
f 444//802 443//802 447//802
f 447//803 443//803 441//803
f 447//804 441//804 445//804
f 445//805 441//805 444//805
f 446//806 444//806 447//806
f 444//807 446//807 445//807
f 346//808 344//808 426//808
f 426//809 419//809 346//809
f 421//810 344//810 341//810
f 325//811 442//811 341//811
f 344//812 421//812 427//812
f 427//813 421//813 426//813
f 426//814 421//814 419//814
f 346//815 429//815 311//815
f 448//816 423//816 424//816
f 448//817 424//817 428//817
f 448//818 428//818 423//818
f 449//819 365//819 363//819
f 449//820 363//820 364//820
f 449//821 364//821 365//821
f 450//822 362//822 360//822
f 450//823 360//823 361//823
f 450//824 361//824 362//824
f 388//825 387//825 451//825
f 452//826 451//826 453//826
f 456//827 460//827 461//827
f 453//828 460//828 454//828
f 452//829 453//829 454//829
f 454//830 460//830 456//830
f 456//831 461//831 390//831
f 456//832 390//832 389//832
f 388//833 451//833 455//833
f 455//834 451//834 452//834
f 455//835 452//835 454//835
f 455//836 454//836 456//836
f 392//837 388//837 455//837
f 455//838 456//838 389//838
f 455//839 389//839 392//839
f 393//840 391//840 457//840
f 458//841 457//841 391//841
f 459//842 393//842 457//842
f 459//843 457//843 458//843
f 386//844 393//844 459//844
f 460//845 459//845 458//845
f 460//846 458//846 461//846
f 461//847 458//847 391//847
f 461//848 391//848 390//848
f 386//849 459//849 451//849
f 453//850 459//850 460//850
f 459//851 453//851 451//851
f 386//852 451//852 387//852
f 319//853 316//853 315//853
f 321//854 319//854 315//854
f 352//855 351//855 350//855
f 352//856 350//856 349//856
f 335//857 310//857 467//857
f 467//858 310//858 337//858
f 339//859 395//859 394//859
f 340//860 395//860 339//860
f 333//861 465//861 462//861
f 465//862 463//862 462//862
f 462//863 463//863 474//863
f 474//864 463//864 464//864
f 474//865 464//865 338//865
f 338//866 464//866 333//866
f 464//867 465//867 333//867
f 467//868 329//868 335//868
f 335//869 329//869 327//869
f 335//870 327//870 466//870
f 467//871 471//871 329//871
f 329//872 471//872 472//872
f 473//873 468//873 469//873
f 471//874 470//874 473//874
f 336//875 470//875 471//875
f 336//876 471//876 467//876
f 469//877 471//877 473//877
f 471//878 469//878 472//878
f 469//879 468//879 472//879
f 472//880 468//880 329//880
f 329//881 468//881 485//881
f 329//882 485//882 331//882
f 331//883 473//883 336//883
f 331//884 485//884 473//884
f 485//885 468//885 473//885
f 473//886 470//886 336//886
f 338//887 333//887 331//887
f 338//888 331//888 336//888
f 314//889 477//889 474//889
f 474//890 477//890 476//890
f 462//891 475//891 313//891
f 474//892 476//892 462//892
f 462//893 476//893 475//893
f 313//894 475//894 477//894
f 313//895 477//895 314//895
f 478//896 481//896 324//896
f 323//897 479//897 324//897
f 324//898 479//898 478//898
f 323//899 480//899 479//899
f 480//900 323//900 481//900
f 481//901 478//901 480//901
f 335//902 466//902 323//902
f 314//903 474//903 338//903
f 481//904 327//904 324//904
f 313//905 333//905 462//905
f 466//906 484//906 482//906
f 466//907 482//907 481//907
f 481//908 482//908 483//908
f 481//909 483//909 327//909
f 327//910 483//910 484//910
f 327//911 484//911 466//911
f 481//912 323//912 466//912
f 475//913 463//913 465//913
f 463//914 475//914 476//914
f 463//915 476//915 464//915
f 464//916 476//916 477//916
f 475//917 465//917 464//917
f 475//918 464//918 477//918
f 479//919 484//919 478//919
f 478//920 484//920 483//920
f 484//921 479//921 480//921
f 484//922 480//922 482//922
f 478//923 482//923 480//923
f 478//924 483//924 482//924
f 317//925 489//925 486//925
f 486//926 489//926 487//926
f 486//927 487//927 498//927
f 498//928 487//928 488//928
f 498//929 488//929 334//929
f 334//930 488//930 317//930
f 317//931 488//931 489//931
f 330//932 316//932 328//932
f 328//933 316//933 320//933
f 328//934 320//934 490//934
f 506//935 511//935 493//935
f 493//936 511//936 492//936
f 506//937 494//937 491//937
f 491//938 492//938 506//938
f 506//939 492//939 511//939
f 493//940 492//940 332//940
f 495//941 330//941 510//941
f 491//942 496//942 495//942
f 330//943 494//943 506//943
f 510//944 492//944 491//944
f 330//945 497//945 494//945
f 494//946 497//946 496//946
f 491//947 495//947 510//947
f 492//948 510//948 332//948
f 332//949 510//949 330//949
f 491//950 494//950 496//950
f 330//951 495//951 497//951
f 334//952 317//952 493//952
f 334//953 493//953 332//953
f 311//954 500//954 501//954
f 311//955 501//955 498//955
f 486//956 499//956 312//956
f 312//957 500//957 311//957
f 498//958 501//958 486//958
f 486//959 501//959 499//959
f 312//960 499//960 500//960
f 502//961 505//961 322//961
f 325//962 502//962 322//962
f 325//963 503//963 502//963
f 325//964 504//964 503//964
f 505//965 502//965 504//965
f 504//966 325//966 505//966
f 328//967 490//967 325//967
f 311//968 498//968 334//968
f 320//969 322//969 505//969
f 312//970 317//970 486//970
f 316//971 506//971 493//971
f 490//906 509//906 507//906
f 490//907 507//907 505//907
f 505//908 507//908 508//908
f 505//972 508//972 320//972
f 320//973 508//973 509//973
f 320//974 509//974 490//974
f 505//975 325//975 490//975
f 487//976 499//976 501//976
f 487//977 501//977 488//977
f 488//978 501//978 500//978
f 499//979 489//979 488//979
f 499//980 488//980 500//980
f 499//981 487//981 489//981
f 502//982 509//982 508//982
f 502//983 503//983 509//983
f 509//984 503//984 504//984
f 509//985 504//985 507//985
f 502//986 508//986 504//986
f 504//987 508//987 507//987
f 330//988 506//988 316//988
f 512//989 497//989 495//989
f 512//990 495//990 496//990
f 512//991 496//991 497//991
f 527//992 516//992 513//992
f 527//993 513//993 514//993
f 527//994 514//994 515//994
f 516//995 519//995 513//995
f 527//996 515//996 517//996
f 527//997 517//997 518//997
f 517//998 515//998 521//998
f 517//999 521//999 520//999
f 521//1000 522//1000 520//1000
f 520//1001 523//1001 517//1001
f 517//1002 523//1002 518//1002
f 520//1003 522//1003 523//1003
f 522//1004 524//1004 523//1004
f 515//1005 514//1005 521//1005
f 518//1006 523//1006 527//1006
f 521//1007 514//1007 525//1007
f 521//1008 525//1008 522//1008
f 522//1009 526//1009 524//1009
f 523//1010 524//1010 527//1010
f 516//1011 529//1011 519//1011
f 522//1012 525//1012 526//1012
f 524//1013 526//1013 527//1013
f 514//1014 513//1014 525//1014
f 525//1015 528//1015 526//1015
f 525//1016 513//1016 528//1016
f 526//1017 516//1017 527//1017
f 528//1018 529//1018 526//1018
f 513//1019 519//1019 528//1019
f 528//1020 519//1020 529//1020
f 526//1021 529//1021 516//1021
f 530//1022 532//1022 531//1022
f 531//1023 532//1023 533//1023
f 532//1024 530//1024 533//1024
f 533//1025 530//1025 531//1025
f 537//1026 536//1026 534//1026
f 534//1027 536//1027 535//1027
f 539//1028 540//1028 541//1028
f 541//1029 540//1029 698//1029
f 534//1030 535//1030 543//1030
f 543//1031 535//1031 542//1031
f 727//1032 536//1032 537//1032
f 544//1033 536//1033 727//1033
f 544//1034 540//1034 542//1034
f 540//1035 544//1035 698//1035
f 544//1036 542//1036 536//1036
f 536//1037 542//1037 535//1037
f 534//1038 543//1038 539//1038
f 727//1039 537//1039 538//1039
f 534//1040 539//1040 537//1040
f 537//1041 539//1041 541//1041
f 537//1042 541//1042 538//1042
f 545//1043 560//1043 551//1043
f 551//1044 560//1044 602//1044
f 553//1045 678//1045 552//1045
f 552//1046 678//1046 677//1046
f 543//1047 587//1047 539//1047
f 540//1048 609//1048 542//1048
f 542//1049 609//1049 555//1049
f 573//1050 557//1050 556//1050
f 573//1051 556//1051 559//1051
f 559//1052 556//1052 558//1052
f 563//1053 564//1053 565//1053
f 617//1054 563//1054 565//1054
f 567//1055 626//1055 568//1055
f 555//1056 571//1056 570//1056
f 566//1057 569//1057 585//1057
f 567//1058 568//1058 564//1058
f 567//1059 564//1059 569//1059
f 569//1060 564//1060 563//1060
f 569//1061 563//1061 585//1061
f 570//1062 566//1062 555//1062
f 555//1063 566//1063 585//1063
f 555//1064 585//1064 573//1064
f 573//1065 585//1065 574//1065
f 555//1066 573//1066 559//1066
f 555//1067 559//1067 543//1067
f 543//1068 559//1068 574//1068
f 561//1069 575//1069 572//1069
f 575//1070 550//1070 572//1070
f 576//1071 575//1071 561//1071
f 550//1072 575//1072 577//1072
f 585//1073 550//1073 574//1073
f 574//1074 550//1074 543//1074
f 543//1075 550//1075 577//1075
f 577//1076 576//1076 543//1076
f 561//1077 543//1077 576//1077
f 553//1078 552//1078 560//1078
f 560//1079 552//1079 585//1079
f 585//1080 552//1080 578//1080
f 585//1081 578//1081 550//1081
f 550//1082 578//1082 553//1082
f 550//1083 553//1083 560//1083
f 581//1084 580//1084 579//1084
f 670//1085 581//1085 563//1085
f 563//1086 581//1086 585//1086
f 580//1087 583//1087 579//1087
f 579//1088 584//1088 581//1088
f 581//1089 584//1089 585//1089
f 560//1090 585//1090 651//1090
f 560//1091 651//1091 579//1091
f 572//1092 588//1092 561//1092
f 561//1093 588//1093 647//1093
f 561//1094 562//1094 635//1094
f 635//1095 647//1095 554//1095
f 561//1096 635//1096 543//1096
f 554//1097 539//1097 586//1097
f 543//1098 586//1098 587//1098
f 551//1099 594//1099 675//1099
f 596//1100 597//1100 598//1100
f 551//1101 596//1101 594//1101
f 600//340 595//340 598//340
f 594//340 596//340 595//340
f 600//1102 604//1102 599//1102
f 600//1103 598//1103 597//1103
f 600//1104 597//1104 604//1104
f 600//1105 599//1105 590//1105
f 602//1106 603//1106 551//1106
f 604//1107 673//1107 603//1107
f 551//1108 597//1108 596//1108
f 673//1109 604//1109 597//1109
f 605//1110 601//1110 646//1110
f 646//1111 601//1111 606//1111
f 609//1112 645//1112 606//1112
f 606//1113 645//1113 646//1113
f 591//1114 645//1114 609//1114
f 599//1115 656//1115 590//1115
f 603//1116 602//1116 612//1116
f 594//1117 591//1117 675//1117
f 675//1118 591//1118 554//1118
f 647//1119 613//1119 614//1119
f 614//1120 554//1120 647//1120
f 588//1121 615//1121 613//1121
f 588//1122 613//1122 647//1122
f 554//1123 614//1123 615//1123
f 554//1124 615//1124 675//1124
f 588//1125 675//1125 615//1125
f 591//1126 608//1126 645//1126
f 593//1127 601//1127 605//1127
f 601//1128 590//1128 634//1128
f 591//1129 592//1129 608//1129
f 608//1130 616//1130 605//1130
f 605//1131 616//1131 593//1131
f 608//1132 592//1132 616//1132
f 566//1133 608//1133 569//1133
f 569//1134 608//1134 605//1134
f 570//1135 645//1135 566//1135
f 566//1136 645//1136 608//1136
f 567//1137 646//1137 570//1137
f 570//1138 646//1138 645//1138
f 618//1139 617//1139 619//1139
f 590//1140 619//1140 617//1140
f 590//1141 563//1141 620//1141
f 620//1142 563//1142 618//1142
f 617//1143 618//1143 563//1143
f 590//1144 620//1144 619//1144
f 601//1145 634//1145 638//1145
f 564//1146 637//1146 565//1146
f 564//1147 638//1147 637//1147
f 601//1148 638//1148 564//1148
f 568//1149 606//1149 564//1149
f 564//1150 606//1150 601//1150
f 621//1151 622//1151 626//1151
f 621//1152 626//1152 607//1152
f 623//1153 621//1153 606//1153
f 606//1154 621//1154 607//1154
f 626//1155 622//1155 568//1155
f 622//1156 623//1156 568//1156
f 568//1157 623//1157 606//1157
f 627//1158 624//1158 606//1158
f 606//1159 624//1159 567//1159
f 626//1160 624//1160 625//1160
f 607//1161 627//1161 606//1161
f 626//1162 625//1162 607//1162
f 625//1163 627//1163 607//1163
f 567//1164 624//1164 626//1164
f 570//1165 609//1165 567//1165
f 567//1166 609//1166 606//1166
f 609//1167 628//1167 610//1167
f 609//1168 630//1168 628//1168
f 610//1169 628//1169 571//1169
f 628//1170 629//1170 571//1170
f 629//1171 630//1171 570//1171
f 570//1172 630//1172 609//1172
f 571//1173 629//1173 570//1173
f 631//1174 571//1174 632//1174
f 633//1175 632//1175 609//1175
f 609//1176 632//1176 555//1176
f 610//1177 633//1177 609//1177
f 571//1178 631//1178 610//1178
f 631//1179 633//1179 610//1179
f 555//1180 632//1180 571//1180
f 569//1181 605//1181 567//1181
f 567//1182 605//1182 646//1182
f 617//1183 636//1183 634//1183
f 617//1184 565//1184 636//1184
f 617//1185 634//1185 590//1185
f 586//1186 635//1186 554//1186
f 586//1187 543//1187 635//1187
f 638//1188 634//1188 636//1188
f 637//1189 636//1189 565//1189
f 639//1190 642//1190 643//1190
f 639//1191 643//1191 640//1191
f 640//1192 643//1192 644//1192
f 640//1193 644//1193 641//1193
f 641//1194 644//1194 639//1194
f 639//1195 644//1195 642//1195
f 586//1196 539//1196 643//1196
f 644//1197 643//1197 539//1197
f 642//1198 586//1198 643//1198
f 642//1199 587//1199 586//1199
f 587//1200 642//1200 644//1200
f 587//1201 644//1201 539//1201
f 638//1202 620//1202 618//1202
f 618//1203 637//1203 638//1203
f 619//1204 637//1204 618//1204
f 619//1205 636//1205 637//1205
f 620//1206 636//1206 619//1206
f 636//1207 620//1207 638//1207
f 543//1208 542//1208 555//1208
f 591//1209 609//1209 540//1209
f 591//1210 540//1210 539//1210
f 591//1211 539//1211 554//1211
f 629//1212 632//1212 630//1212
f 630//1213 632//1213 633//1213
f 630//1214 633//1214 628//1214
f 628//1215 633//1215 631//1215
f 628//1216 631//1216 632//1216
f 628//1217 632//1217 629//1217
f 622//1218 624//1218 623//1218
f 623//1219 624//1219 627//1219
f 623//1220 627//1220 621//1220
f 621//1221 627//1221 625//1221
f 621//1222 625//1222 624//1222
f 621//1223 624//1223 622//1223
f 647//1224 635//1224 562//1224
f 561//1225 647//1225 562//1225
f 648//1226 576//1226 577//1226
f 648//1227 577//1227 575//1227
f 648//1228 575//1228 576//1228
f 559//1229 558//1229 574//1229
f 574//1230 558//1230 557//1230
f 574//1231 557//1231 573//1231
f 650//1232 649//1232 675//1232
f 649//1233 549//1233 675//1233
f 675//1234 674//1234 650//1234
f 549//1235 650//1235 550//1235
f 584//1236 597//1236 585//1236
f 585//1237 597//1237 551//1237
f 585//1238 551//1238 651//1238
f 651//1239 551//1239 603//1239
f 651//1240 603//1240 579//1240
f 579//1241 603//1241 673//1241
f 654//1242 652//1242 590//1242
f 590//1243 652//1243 563//1243
f 563//1244 652//1244 653//1244
f 653//1245 654//1245 590//1245
f 581//1246 670//1246 655//1246
f 656//1247 599//1247 671//1247
f 671//1248 599//1248 655//1248
f 581//1249 655//1249 599//1249
f 581//1250 599//1250 580//1250
f 580//1251 599//1251 604//1251
f 657//1252 658//1252 580//1252
f 580//1253 658//1253 583//1253
f 604//1254 657//1254 580//1254
f 583//1255 658//1255 611//1255
f 611//1256 658//1256 659//1256
f 611//1257 659//1257 604//1257
f 604//1258 659//1258 657//1258
f 604//1259 660//1259 611//1259
f 611//1260 660//1260 661//1260
f 579//1261 662//1261 660//1261
f 583//1262 662//1262 579//1262
f 579//1263 660//1263 604//1263
f 611//1264 661//1264 662//1264
f 611//1265 662//1265 583//1265
f 579//1266 604//1266 560//1266
f 560//1267 604//1267 603//1267
f 663//1268 664//1268 560//1268
f 560//1269 664//1269 582//1269
f 603//1270 663//1270 560//1270
f 582//1271 664//1271 612//1271
f 612//1272 664//1272 665//1272
f 612//1273 665//1273 603//1273
f 603//1274 665//1274 663//1274
f 666//1275 612//1275 602//1275
f 612//1276 666//1276 667//1276
f 560//1277 668//1277 666//1277
f 582//1278 668//1278 560//1278
f 560//1279 666//1279 602//1279
f 612//1280 667//1280 668//1280
f 612//1281 668//1281 582//1281
f 579//1282 673//1282 584//1282
f 584//1283 673//1283 597//1283
f 563//1284 653//1284 670//1284
f 653//1285 669//1285 670//1285
f 656//1286 669//1286 653//1286
f 653//1287 590//1287 656//1287
f 669//1288 655//1288 670//1288
f 671//1289 669//1289 656//1289
f 652//1290 672//1290 653//1290
f 653//1291 672//1291 654//1291
f 654//1292 671//1292 652//1292
f 654//1293 669//1293 671//1293
f 655//1294 669//1294 672//1294
f 672//1295 669//1295 654//1295
f 655//1296 672//1296 652//1296
f 652//1297 671//1297 655//1297
f 675//1298 549//1298 551//1298
f 560//1299 545//1299 550//1299
f 663//1300 668//1300 664//1300
f 664//1301 668//1301 667//1301
f 664//1302 667//1302 665//1302
f 665//1303 667//1303 666//1303
f 665//1304 666//1304 663//1304
f 663//1305 666//1305 668//1305
f 657//1306 662//1306 658//1306
f 658//1307 662//1307 661//1307
f 658//1308 661//1308 659//1308
f 659//1309 661//1309 660//1309
f 659//1310 660//1310 657//1310
f 657//1311 660//1311 662//1311
f 641//1312 549//1312 640//1312
f 650//1313 549//1313 639//1313
f 639//1314 549//1314 641//1314
f 639//1315 649//1315 650//1315
f 640//1316 649//1316 639//1316
f 649//1317 640//1317 549//1317
f 588//1318 589//1318 674//1318
f 650//1319 572//1319 550//1319
f 650//1320 589//1320 572//1320
f 588//1321 674//1321 675//1321
f 589//1322 650//1322 674//1322
f 588//1323 572//1323 589//1323
f 676//1324 614//1324 613//1324
f 676//1325 613//1325 615//1325
f 676//1326 615//1326 614//1326
f 578//1327 679//1327 553//1327
f 553//1328 679//1328 678//1328
f 552//1329 677//1329 679//1329
f 552//1330 679//1330 578//1330
f 679//1331 677//1331 678//1331
f 556//1332 557//1332 558//1332
f 616//1333 685//1333 593//1333
f 593//1334 685//1334 686//1334
f 593//1335 686//1335 592//1335
f 592//1336 686//1336 687//1336
f 592//1337 687//1337 616//1337
f 616//1338 687//1338 685//1338
f 696//1339 808//1339 809//1339
f 708//1340 697//1340 696//1340
f 696//1341 697//1341 808//1341
f 693//1342 541//1342 698//1342
f 700//1343 699//1343 692//1343
f 702//1344 703//1344 692//1344
f 701//1345 703//1345 702//1345
f 692//1346 705//1346 700//1346
f 701//1347 702//1347 706//1347
f 706//1348 702//1348 754//1348
f 706//1349 754//1349 707//1349
f 697//1350 685//1350 687//1350
f 694//1351 687//1351 686//1351
f 694//1352 686//1352 708//1352
f 708//1353 685//1353 697//1353
f 697//1354 687//1354 694//1354
f 708//1355 686//1355 685//1355
f 695//1356 709//1356 809//1356
f 698//1357 695//1357 694//1357
f 688//1358 541//1358 693//1358
f 688//1359 693//1359 694//1359
f 754//1360 688//1360 717//1360
f 689//1361 712//1361 710//1361
f 711//1362 712//1362 689//1362
f 712//1363 754//1363 710//1363
f 754//1364 712//1364 713//1364
f 754//1365 713//1365 541//1365
f 754//1366 541//1366 688//1366
f 713//1367 711//1367 541//1367
f 689//1368 541//1368 711//1368
f 714//1369 705//1369 715//1369
f 705//1370 714//1370 683//1370
f 681//1371 684//1371 716//1371
f 681//1372 776//1372 683//1372
f 681//1373 683//1373 714//1373
f 785//1374 681//1374 716//1374
f 708//1375 684//1375 681//1375
f 701//1376 717//1376 715//1376
f 695//1377 697//1377 694//1377
f 701//1378 718//1378 720//1378
f 701//1379 720//1379 719//1379
f 701//1380 719//1380 705//1380
f 719//1381 718//1381 715//1381
f 754//1382 717//1382 707//1382
f 707//1383 717//1383 701//1383
f 705//1384 719//1384 715//1384
f 715//1385 718//1385 701//1385
f 737//1386 721//1386 722//1386
f 721//1387 723//1387 722//1387
f 731//1388 728//1388 727//1388
f 729//1389 733//1389 730//1389
f 682//1390 735//1390 724//1390
f 724//1391 735//1391 779//1391
f 730//1392 736//1392 781//1392
f 730//1393 781//1393 729//1393
f 726//1394 810//1394 722//1394
f 736//1395 734//1395 781//1395
f 781//1396 734//1396 727//1396
f 727//1397 734//1397 726//1397
f 726//1398 734//1398 810//1398
f 734//1399 736//1399 735//1399
f 734//1400 735//1400 680//1400
f 680//1401 735//1401 739//1401
f 734//1402 801//1402 737//1402
f 722//1403 738//1403 737//1403
f 737//1404 738//1404 734//1404
f 724//1405 779//1405 730//1405
f 734//1406 680//1406 801//1406
f 732//1407 741//1407 728//1407
f 732//1408 781//1408 742//1408
f 742//1409 741//1409 732//1409
f 727//1410 740//1410 781//1410
f 781//1411 740//1411 742//1411
f 682//1412 739//1412 735//1412
f 741//1413 740//1413 728//1413
f 728//1414 740//1414 727//1414
f 595//1415 718//1415 719//1415
f 595//1416 719//1416 598//1416
f 598//1417 719//1417 596//1417
f 596//1418 719//1418 720//1418
f 596//1419 720//1419 595//1419
f 595//1420 720//1420 718//1420
f 743//1421 538//1421 541//1421
f 544//1422 726//1422 698//1422
f 698//1423 726//1423 695//1423
f 698//1424 746//1424 693//1424
f 698//1425 744//1425 746//1425
f 693//1426 746//1426 745//1426
f 781//1427 755//1427 749//1427
f 749//1428 755//1428 754//1428
f 546//1429 702//1429 729//1429
f 753//1430 750//1430 751//1430
f 752//1431 750//1431 753//1431
f 753//1432 751//1432 706//1432
f 752//1433 753//1433 707//1433
f 707//1434 753//1434 706//1434
f 689//1435 710//1435 728//1435
f 728//1436 710//1436 732//1436
f 756//1437 755//1437 781//1437
f 781//1438 780//1438 756//1438
f 756//1439 780//1439 757//1439
f 754//1440 755//1440 757//1440
f 705//1441 735//1441 701//1441
f 701//1442 735//1442 736//1442
f 701//1443 736//1443 703//1443
f 703//1444 736//1444 730//1444
f 703//1445 730//1445 692//1445
f 692//1446 730//1446 779//1446
f 760//1447 758//1447 680//1447
f 680//1448 758//1448 681//1448
f 681//1449 758//1449 759//1449
f 759//1450 760//1450 680//1450
f 683//1451 776//1451 761//1451
f 777//1452 682//1452 761//1452
f 777//1453 739//1453 682//1453
f 682//1454 683//1454 761//1454
f 683//1455 682//1455 700//1455
f 700//1456 682//1456 724//1456
f 700//1457 762//1457 699//1457
f 699//1458 762//1458 763//1458
f 724//1459 762//1459 700//1459
f 699//1460 763//1460 767//1460
f 763//1461 764//1461 767//1461
f 724//1462 764//1462 762//1462
f 767//1463 764//1463 724//1463
f 699//1464 768//1464 766//1464
f 724//1465 765//1465 767//1465
f 767//1466 765//1466 768//1466
f 692//1467 766//1467 765//1467
f 699//1468 766//1468 692//1468
f 692//1469 765//1469 724//1469
f 767//1470 768//1470 699//1470
f 692//1471 724//1471 702//1471
f 702//1472 724//1472 730//1472
f 702//1473 769//1473 704//1473
f 704//1474 769//1474 770//1474
f 730//1475 769//1475 702//1475
f 704//1476 770//1476 733//1476
f 733//1477 770//1477 771//1477
f 730//1478 771//1478 769//1478
f 733//1479 771//1479 730//1479
f 772//1480 733//1480 729//1480
f 733//1481 772//1481 773//1481
f 773//1482 774//1482 704//1482
f 702//1483 774//1483 772//1483
f 704//1484 774//1484 702//1484
f 702//1485 772//1485 729//1485
f 733//1486 773//1486 704//1486
f 692//1487 779//1487 705//1487
f 705//1488 779//1488 735//1488
f 681//1489 759//1489 776//1489
f 759//1490 775//1490 776//1490
f 739//1491 775//1491 759//1491
f 759//1492 680//1492 739//1492
f 775//1493 761//1493 776//1493
f 777//1494 775//1494 739//1494
f 758//1495 778//1495 759//1495
f 759//1496 778//1496 760//1496
f 760//1497 777//1497 758//1497
f 760//1498 775//1498 777//1498
f 761//1499 775//1499 778//1499
f 778//1500 775//1500 760//1500
f 761//1501 778//1501 758//1501
f 758//1502 777//1502 761//1502
f 729//1503 781//1503 546//1503
f 546//1504 781//1504 749//1504
f 754//1505 702//1505 546//1505
f 700//1506 705//1506 683//1506
f 769//1507 774//1507 770//1507
f 770//1508 774//1508 773//1508
f 770//1509 773//1509 771//1509
f 771//1510 773//1510 772//1510
f 771//1511 772//1511 769//1511
f 769//1512 772//1512 774//1512
f 762//1513 766//1513 763//1513
f 763//1514 766//1514 768//1514
f 763//1515 768//1515 764//1515
f 764//1516 768//1516 765//1516
f 764//1517 765//1517 762//1517
f 762//1518 765//1518 766//1518
f 757//1519 755//1519 807//1519
f 807//1520 755//1520 747//1520
f 757//1521 807//1521 748//1521
f 748//1522 756//1522 757//1522
f 747//1523 756//1523 748//1523
f 756//1524 747//1524 755//1524
f 757//1525 710//1525 754//1525
f 757//1526 780//1526 710//1526
f 732//1527 780//1527 781//1527
f 780//1528 732//1528 710//1528
f 782//1529 740//1529 741//1529
f 782//1530 741//1530 742//1530
f 782//1531 742//1531 740//1531
f 707//1532 751//1532 752//1532
f 706//1533 751//1533 701//1533
f 701//1534 751//1534 707//1534
f 689//1535 690//1535 783//1535
f 783//1536 731//1536 727//1536
f 689//1537 783//1537 541//1537
f 784//1538 743//1538 541//1538
f 727//1539 538//1539 784//1539
f 695//1540 734//1540 697//1540
f 697//1541 734//1541 738//1541
f 809//1542 810//1542 695//1542
f 695//1543 810//1543 734//1543
f 808//1544 722//1544 809//1544
f 809//1545 722//1545 810//1545
f 786//1546 785//1546 788//1546
f 680//1547 788//1547 785//1547
f 680//1548 681//1548 787//1548
f 785//1549 786//1549 681//1549
f 681//1550 786//1550 787//1550
f 680//1551 787//1551 788//1551
f 737//1552 716//1552 684//1552
f 737//1553 801//1553 803//1553
f 737//1554 803//1554 804//1554
f 737//1555 804//1555 716//1555
f 789//1556 721//1556 684//1556
f 684//1557 721//1557 737//1557
f 790//1558 789//1558 691//1558
f 791//1559 790//1559 721//1559
f 790//1560 691//1560 723//1560
f 789//1561 791//1561 721//1561
f 721//1562 790//1562 723//1562
f 722//1563 794//1563 792//1563
f 792//1564 793//1564 696//1564
f 722//1565 792//1565 696//1565
f 723//1566 794//1566 722//1566
f 793//1567 794//1567 691//1567
f 691//1568 794//1568 723//1568
f 696//1569 793//1569 691//1569
f 809//1570 726//1570 696//1570
f 696//1571 726//1571 722//1571
f 726//1572 795//1572 725//1572
f 726//1573 797//1573 795//1573
f 725//1574 795//1574 709//1574
f 795//1575 796//1575 709//1575
f 796//1576 797//1576 809//1576
f 809//1577 797//1577 726//1577
f 709//1578 796//1578 809//1578
f 695//1579 798//1579 799//1579
f 726//1580 798//1580 695//1580
f 725//1581 800//1581 726//1581
f 726//1582 800//1582 798//1582
f 799//1583 800//1583 709//1583
f 709//1584 800//1584 725//1584
f 695//1585 799//1585 709//1585
f 697//1586 738//1586 808//1586
f 808//1587 738//1587 722//1587
f 785//1588 716//1588 802//1588
f 785//1589 802//1589 801//1589
f 785//1590 801//1590 680//1590
f 541//1591 783//1591 784//1591
f 804//1592 802//1592 716//1592
f 801//1593 802//1593 803//1593
f 748//1594 805//1594 806//1594
f 748//1595 806//1595 747//1595
f 747//1596 806//1596 807//1596
f 748//1597 807//1597 805//1597
f 784//1598 538//1598 805//1598
f 805//1599 538//1599 806//1599
f 807//1600 743//1600 805//1600
f 805//1601 743//1601 784//1601
f 743//1602 807//1602 538//1602
f 538//1603 807//1603 806//1603
f 787//1604 786//1604 804//1604
f 786//1605 802//1605 804//1605
f 788//1606 802//1606 786//1606
f 788//1607 803//1607 802//1607
f 803//1608 788//1608 787//1608
f 803//1609 787//1609 804//1609
f 696//1610 789//1610 708//1610
f 708//1611 789//1611 684//1611
f 696//1612 691//1612 789//1612
f 544//1613 727//1613 726//1613
f 796//1614 799//1614 798//1614
f 796//1615 798//1615 797//1615
f 797//1616 798//1616 800//1616
f 797//1617 800//1617 795//1617
f 795//1618 800//1618 796//1618
f 796//1619 800//1619 799//1619
f 789//1620 793//1620 792//1620
f 789//1621 792//1621 791//1621
f 791//1622 792//1622 794//1622
f 791//1623 794//1623 790//1623
f 790//1624 794//1624 789//1624
f 789//1625 794//1625 793//1625
f 783//1626 727//1626 784//1626
f 731//1627 783//1627 690//1627
f 728//1628 731//1628 689//1628
f 689//1629 731//1629 690//1629
f 811//1226 711//1226 713//1226
f 811//1227 713//1227 712//1227
f 811//1228 712//1228 711//1228
f 694//1630 744//1630 698//1630
f 693//1631 745//1631 744//1631
f 693//1632 744//1632 694//1632
f 744//1633 812//1633 746//1633
f 744//1634 745//1634 812//1634
f 812//1635 745//1635 746//1635
f 751//1636 750//1636 752//1636
f 708//1637 592//1637 694//1637
f 694//1638 592//1638 591//1638
f 694//1639 591//1639 688//1639
f 688//1640 591//1640 594//1640
f 688//1641 594//1641 717//1641
f 717//1642 594//1642 595//1642
f 717//1643 595//1643 715//1643
f 715//1644 595//1644 600//1644
f 715//1645 600//1645 714//1645
f 714//1646 600//1646 681//1646
f 681//1647 600//1647 590//1647
f 681//1648 590//1648 601//1648
f 681//1649 601//1649 708//1649
f 708//1650 601//1650 593//1650
f 708//1651 593//1651 592//1651
f 547//1652 550//1652 813//1652
f 550//1653 545//1653 813//1653
f 749//1654 815//1654 546//1654
f 548//1655 814//1655 749//1655
f 749//1656 814//1656 815//1656
f 548//1657 749//1657 754//1657
f 548//1658 754//1658 547//1658
f 547//1659 754//1659 549//1659
f 547//1660 549//1660 550//1660
f 547//1661 813//1661 548//1661
f 548//1662 813//1662 814//1662
f 814//1663 813//1663 815//1663
f 813//1664 545//1664 815//1664
f 551//1665 546//1665 545//1665
f 545//1666 546//1666 815//1666
f 754//1667 546//1667 549//1667
f 549//1668 546//1668 551//1668
f 818//1669 816//1669 817//1669
f 817//1670 816//1670 818//1670
f 819//1671 820//1671 821//1671
f 819//1672 821//1672 822//1672
f 819//1673 822//1673 823//1673
f 823//1674 822//1674 824//1674
f 824//1675 822//1675 825//1675
f 824//1676 825//1676 826//1676
f 824//1677 826//1677 827//1677
f 827//1678 826//1678 828//1678
f 827//1679 828//1679 820//1679
f 827//1680 820//1680 819//1680
f 831//1681 826//1681 829//1681
f 829//1682 826//1682 825//1682
f 829//1683 825//1683 822//1683
f 829//1684 822//1684 830//1684
f 830//1685 822//1685 821//1685
f 830//1686 821//1686 831//1686
f 831//1687 821//1687 820//1687
f 831//1688 820//1688 828//1688
f 831//1689 828//1689 826//1689
f 831//1690 827//1690 819//1690
f 831//1691 819//1691 830//1691
f 830//1692 819//1692 823//1692
f 830//1693 823//1693 824//1693
f 830//1694 824//1694 829//1694
f 829//1695 824//1695 831//1695
f 831//1696 824//1696 827//1696
f 833//1697 832//1697 834//1697
f 833//1698 834//1698 835//1698
f 833//1699 835//1699 836//1699
f 836//1700 835//1700 837//1700
f 837//1701 835//1701 838//1701
f 837//1702 838//1702 839//1702
f 837//1703 839//1703 832//1703
f 837//1704 832//1704 833//1704
f 837//1705 840//1705 836//1705
f 836//1706 840//1706 841//1706
f 836//1707 841//1707 842//1707
f 836//1708 842//1708 833//1708
f 833//1709 842//1709 843//1709
f 833//1710 843//1710 844//1710
f 833//1711 844//1711 837//1711
f 837//1712 844//1712 845//1712
f 837//1713 845//1713 846//1713
f 837//1714 846//1714 840//1714
f 838//1715 840//1715 846//1715
f 838//1716 846//1716 845//1716
f 838//1717 845//1717 839//1717
f 839//1718 845//1718 844//1718
f 839//1719 844//1719 832//1719
f 832//1720 844//1720 834//1720
f 834//1721 844//1721 843//1721
f 834//1722 843//1722 842//1722
f 834//1723 842//1723 835//1723
f 835//1724 842//1724 841//1724
f 835//1725 841//1725 840//1725
f 835//1726 840//1726 838//1726
f 854//1727 847//1727 848//1727
f 854//1728 848//1728 849//1728
f 849//1729 848//1729 850//1729
f 849//1730 850//1730 851//1730
f 849//1731 851//1731 852//1731
f 852//1732 851//1732 853//1732
f 852//1733 853//1733 854//1733
f 854//1734 853//1734 847//1734
f 854//1735 859//1735 855//1735
f 854//1736 855//1736 852//1736
f 852//1737 855//1737 856//1737
f 852//1738 856//1738 849//1738
f 849//1739 856//1739 857//1739
f 849//1740 857//1740 858//1740
f 849//1741 858//1741 854//1741
f 854//1742 858//1742 859//1742
f 855//1743 859//1743 847//1743
f 847//1744 859//1744 848//1744
f 848//1745 859//1745 858//1745
f 848//1746 858//1746 850//1746
f 850//1747 858//1747 857//1747
f 850//1748 857//1748 856//1748
f 850//1749 856//1749 851//1749
f 851//1750 856//1750 853//1750
f 853//1751 856//1751 855//1751
f 853//1752 855//1752 847//1752
f 866//1753 860//1753 861//1753
f 866//1754 861//1754 862//1754
f 862//1755 861//1755 863//1755
f 862//1756 863//1756 864//1756
f 864//1757 863//1757 865//1757
f 864//1758 865//1758 866//1758
f 866//1759 865//1759 867//1759
f 866//1760 867//1760 860//1760
f 864//1761 873//1761 868//1761
f 864//1762 868//1762 862//1762
f 862//1763 868//1763 869//1763
f 862//1764 869//1764 870//1764
f 862//1765 870//1765 866//1765
f 866//1766 870//1766 871//1766
f 866//1767 871//1767 872//1767
f 866//1768 872//1768 864//1768
f 864//1769 872//1769 873//1769
f 863//1770 873//1770 872//1770
f 863//1771 872//1771 865//1771
f 865//1772 872//1772 867//1772
f 867//1773 872//1773 871//1773
f 867//1774 871//1774 860//1774
f 860//1775 871//1775 870//1775
f 860//1776 870//1776 861//1776
f 861//1777 870//1777 869//1777
f 861//1778 869//1778 868//1778
f 861//1779 868//1779 863//1779
f 863//1780 868//1780 873//1780
f 876//1781 878//1781 875//1781
f 874//1782 878//1782 876//1782
f 877//1783 881//1783 878//1783
f 877//1784 878//1784 874//1784
f 879//1785 881//1785 877//1785
f 880//1786 881//1786 879//1786
f 882//1787 881//1787 880//1787
f 882//1788 884//1788 881//1788
f 883//1789 884//1789 882//1789
f 876//1790 875//1790 883//1790
f 883//1791 875//1791 884//1791
f 885//1792 884//1792 891//1792
f 891//1793 884//1793 875//1793
f 885//1794 886//1794 884//1794
f 886//1795 881//1795 884//1795
f 881//1796 886//1796 887//1796
f 881//1797 887//1797 888//1797
f 889//1798 881//1798 888//1798
f 881//1799 889//1799 890//1799
f 881//1800 890//1800 878//1800
f 891//1801 878//1801 890//1801
f 891//1802 875//1802 878//1802
f 883//1803 882//1803 886//1803
f 883//1804 885//1804 876//1804
f 876//1805 885//1805 891//1805
f 886//1806 885//1806 883//1806
f 880//1807 879//1807 888//1807
f 889//1808 877//1808 890//1808
f 890//1809 877//1809 874//1809
f 890//1810 874//1810 891//1810
f 891//1811 874//1811 876//1811
f 888//1812 879//1812 877//1812
f 888//1813 877//1813 889//1813
f 880//1814 888//1814 887//1814
f 880//1815 887//1815 882//1815
f 882//1816 887//1816 886//1816
f 893//1817 897//1817 894//1817
f 895//1818 897//1818 893//1818
f 897//1819 895//1819 896//1819
f 897//1820 896//1820 892//1820
f 897//1821 892//1821 900//1821
f 898//1822 900//1822 892//1822
f 898//1823 899//1823 900//1823
f 893//1824 894//1824 899//1824
f 899//1825 894//1825 900//1825
f 902//1826 894//1826 901//1826
f 894//1827 902//1827 900//1827
f 903//1828 900//1828 902//1828
f 900//1829 903//1829 904//1829
f 904//1830 897//1830 900//1830
f 897//1831 904//1831 905//1831
f 906//1832 897//1832 905//1832
f 894//1833 897//1833 901//1833
f 901//1834 897//1834 906//1834
f 896//1835 905//1835 892//1835
f 902//1836 901//1836 893//1836
f 898//1837 903//1837 902//1837
f 898//1838 902//1838 899//1838
f 905//1839 896//1839 906//1839
f 899//1840 902//1840 893//1840
f 896//1841 895//1841 906//1841
f 906//1842 895//1842 893//1842
f 906//1843 893//1843 901//1843
f 905//1844 904//1844 892//1844
f 892//1845 904//1845 898//1845
f 898//1846 904//1846 903//1846
f 909//1847 908//1847 907//1847
f 908//1848 909//1848 907//1848
f 912//1849 911//1849 910//1849
f 912//1850 910//1850 911//1850
f 914//1851 913//1851 915//1851
f 914//1852 915//1852 916//1852
f 916//1853 915//1853 917//1853
f 916//1854 917//1854 918//1854
f 918//1855 917//1855 919//1855
f 918//1856 919//1856 913//1856
f 918//1857 913//1857 914//1857
f 914//1858 920//1858 918//1858
f 918//1859 920//1859 921//1859
f 918//1860 921//1860 922//1860
f 918//1861 922//1861 923//1861
f 918//1862 923//1862 916//1862
f 916//1863 923//1863 924//1863
f 916//1864 924//1864 914//1864
f 914//1865 924//1865 920//1865
f 917//1866 923//1866 922//1866
f 917//1867 922//1867 919//1867
f 919//1868 922//1868 921//1868
f 919//1869 921//1869 913//1869
f 913//1870 921//1870 920//1870
f 913//1871 920//1871 924//1871
f 913//1872 924//1872 915//1872
f 915//1873 924//1873 917//1873
f 917//1874 924//1874 923//1874
f 926//1875 925//1875 927//1875
f 926//1876 927//1876 928//1876
f 928//1877 927//1877 929//1877
f 928//1878 929//1878 930//1878
f 928//1879 930//1879 931//1879
f 931//1880 930//1880 932//1880
f 931//1881 932//1881 933//1881
f 931//1882 933//1882 925//1882
f 931//1883 925//1883 926//1883
f 928//1884 939//1884 934//1884
f 928//1885 934//1885 926//1885
f 926//1886 934//1886 935//1886
f 926//1887 935//1887 936//1887
f 926//1888 936//1888 931//1888
f 931//1889 936//1889 937//1889
f 931//1890 937//1890 938//1890
f 931//1891 938//1891 939//1891
f 931//1892 939//1892 928//1892
f 929//1893 939//1893 930//1893
f 930//1894 939//1894 938//1894
f 930//1895 938//1895 937//1895
f 930//1896 937//1896 932//1896
f 932//1897 937//1897 933//1897
f 933//1898 937//1898 936//1898
f 933//1899 936//1899 925//1899
f 925//1900 936//1900 935//1900
f 925//1901 935//1901 927//1901
f 927//1902 935//1902 934//1902
f 927//1903 934//1903 939//1903
f 927//1904 939//1904 929//1904
f 941//1905 940//1905 945//1905
f 940//1906 941//1906 942//1906
f 940//1907 942//1907 943//1907
f 943//1908 942//1908 944//1908
f 943//1909 944//1909 945//1909
f 945//1910 944//1910 946//1910
f 945//1911 946//1911 941//1911
f 941//1912 947//1912 948//1912
f 941//1913 948//1913 942//1913
f 942//1914 948//1914 949//1914
f 942//1915 949//1915 950//1915
f 942//1916 950//1916 944//1916
f 944//1917 950//1917 951//1917
f 944//1918 951//1918 946//1918
f 946//1919 951//1919 952//1919
f 946//1920 952//1920 941//1920
f 941//1921 952//1921 947//1921
f 945//1922 947//1922 952//1922
f 945//1923 952//1923 951//1923
f 945//1924 951//1924 950//1924
f 945//1925 950//1925 943//1925
f 943//1926 950//1926 949//1926
f 943//1927 949//1927 940//1927
f 940//1928 949//1928 948//1928
f 940//1929 948//1929 947//1929
f 940//1930 947//1930 945//1930
f 953//1931 961//1931 954//1931
f 953//1932 954//1932 955//1932
f 953//1933 955//1933 956//1933
f 956//1934 955//1934 957//1934
f 956//1935 957//1935 958//1935
f 956//1936 958//1936 959//1936
f 959//1937 958//1937 960//1937
f 959//1938 960//1938 961//1938
f 959//1939 961//1939 953//1939
f 956//1940 962//1940 953//1940
f 953//1941 962//1941 963//1941
f 953//1942 963//1942 964//1942
f 953//1943 964//1943 959//1943
f 959//1944 964//1944 965//1944
f 959//1945 965//1945 966//1945
f 959//1946 966//1946 967//1946
f 959//1947 967//1947 956//1947
f 956//1948 967//1948 962//1948
f 955//1949 962//1949 957//1949
f 957//1950 962//1950 967//1950
f 957//1951 967//1951 958//1951
f 958//1952 967//1952 966//1952
f 958//1953 966//1953 960//1953
f 960//1954 966//1954 965//1954
f 960//1955 965//1955 964//1955
f 960//1956 964//1956 961//1956
f 961//1957 964//1957 954//1957
f 954//1958 964//1958 963//1958
f 954//1959 963//1959 962//1959
f 954//1960 962//1960 955//1960
f 969//1817 973//1817 970//1817
f 971//1961 973//1961 969//1961
f 973//1962 971//1962 972//1962
f 973//1963 972//1963 968//1963
f 973//1821 968//1821 976//1821
f 974//1822 976//1822 968//1822
f 974//1964 975//1964 976//1964
f 969//1965 970//1965 975//1965
f 975//1966 970//1966 976//1966
f 978//1826 970//1826 977//1826
f 970//1967 978//1967 976//1967
f 979//1968 976//1968 978//1968
f 976//1969 979//1969 980//1969
f 980//1830 973//1830 976//1830
f 973//1970 980//1970 981//1970
f 982//1971 973//1971 981//1971
f 970//1972 973//1972 977//1972
f 977//1834 973//1834 982//1834
f 972//1973 981//1973 968//1973
f 978//1974 977//1974 969//1974
f 974//1975 979//1975 978//1975
f 974//1976 978//1976 975//1976
f 981//1977 972//1977 982//1977
f 975//1978 978//1978 969//1978
f 972//1979 971//1979 982//1979
f 982//1980 971//1980 969//1980
f 982//1981 969//1981 977//1981
f 981//1982 980//1982 968//1982
f 968//1983 980//1983 974//1983
f 974//1984 980//1984 979//1984
f 984//1985 985//1985 983//1985
f 983//1986 985//1986 984//1986
f 988//1987 990//1987 987//1987
f 986//1988 990//1988 988//1988
f 989//1783 993//1783 990//1783
f 989//1989 990//1989 986//1989
f 991//1785 993//1785 989//1785
f 992//1786 993//1786 991//1786
f 994//1787 993//1787 992//1787
f 994//1990 996//1990 993//1990
f 995//1991 996//1991 994//1991
f 988//1790 987//1790 995//1790
f 995//1992 987//1992 996//1992
f 997//1993 996//1993 1003//1993
f 1003//1994 996//1994 987//1994
f 997//1794 998//1794 996//1794
f 998//1795 993//1795 996//1795
f 993//1796 998//1796 999//1796
f 993//1797 999//1797 1000//1797
f 1001//1995 993//1995 1000//1995
f 993//1799 1001//1799 1002//1799
f 993//1996 1002//1996 990//1996
f 1003//1801 990//1801 1002//1801
f 1003//1997 987//1997 990//1997
f 995//1998 994//1998 998//1998
f 995//1999 997//1999 988//1999
f 988//2000 997//2000 1003//2000
f 998//2001 997//2001 995//2001
f 992//1807 991//1807 1000//1807
f 1001//2002 989//2002 1002//2002
f 1002//2003 989//2003 986//2003
f 1002//2004 986//2004 1003//2004
f 1003//2005 986//2005 988//2005
f 1000//1812 991//1812 989//1812
f 1000//2006 989//2006 1001//2006
f 992//2007 1000//2007 999//2007
f 992//2008 999//2008 994//2008
f 994//1816 999//1816 998//1816
f 1006//2009 1004//2009 1005//2009
f 1006//2010 1005//2010 1004//2010
f 1009//2011 1007//2011 1008//2011
f 1009//2012 1008//2012 1007//2012
f 1011//2013 1014//2013 1015//2013
f 1015//2014 1014//2014 1012//2014
f 1016//2015 1069//2015 1011//2015
f 1016//2016 1019//2016 1069//2016
f 1018//2017 1019//2017 1016//2017
f 1017//2018 1061//2018 1018//2018
f 1013//2019 1060//2019 1017//2019
f 1060//2020 1061//2020 1017//2020
f 1013//2021 1012//2021 1060//2021
f 1018//2022 1016//2022 1017//2022
f 1017//2023 1016//2023 1020//2023
f 1017//2024 1020//2024 1021//2024
f 1012//2025 1013//2025 1015//2025
f 1015//2026 1013//2026 1023//2026
f 1015//2027 1023//2027 1022//2027
f 1022//2028 1023//2028 1024//2028
f 1022//2029 1024//2029 1025//2029
f 1025//2030 1024//2030 1026//2030
f 1025//2031 1026//2031 1020//2031
f 1020//2032 1026//2032 1021//2032
f 1028//2033 1022//2033 1030//2033
f 1028//2034 1015//2034 1022//2034
f 1027//2035 1016//2035 1028//2035
f 1028//2036 1016//2036 1011//2036
f 1020//2037 1027//2037 1029//2037
f 1016//2035 1027//2035 1020//2035
f 1030//2038 1022//2038 1025//2038
f 1030//2039 1025//2039 1029//2039
f 1028//2040 1011//2040 1015//2040
f 1020//2041 1029//2041 1025//2041
f 1021//2042 1033//2042 1017//2042
f 1017//2043 1031//2043 1013//2043
f 1026//2044 1032//2044 1036//2044
f 1021//2045 1026//2045 1033//2045
f 1017//2046 1037//2046 1031//2046
f 1024//2047 1032//2047 1026//2047
f 1023//2048 1038//2048 1035//2048
f 1017//2049 1033//2049 1037//2049
f 1023//2050 1035//2050 1034//2050
f 1026//2051 1036//2051 1033//2051
f 1013//2052 1031//2052 1038//2052
f 1013//2053 1038//2053 1023//2053
f 1024//2054 1039//2054 1032//2054
f 1023//2055 1034//2055 1024//2055
f 1024//2056 1034//2056 1039//2056
f 1033//2057 1036//2057 1042//2057
f 1039//2058 1040//2058 1032//2058
f 1035//2059 1038//2059 1044//2059
f 1031//2060 1037//2060 1045//2060
f 1036//2061 1041//2061 1042//2061
f 1041//2062 1032//2062 1040//2062
f 1032//2063 1041//2063 1036//2063
f 1037//2064 1043//2064 1045//2064
f 1043//2065 1033//2065 1042//2065
f 1033//2066 1043//2066 1037//2066
f 1035//2067 1044//2067 1034//2067
f 1031//2068 1045//2068 1038//2068
f 1059//2069 1012//2069 1014//2069
f 1062//2070 1060//2070 1010//2070
f 1010//2071 1074//2071 1062//2071
f 1018//2072 1061//2072 1056//2072
f 1056//2073 1061//2073 1057//2073
f 1018//2074 1075//2074 1019//2074
f 1019//2075 1075//2075 1055//2075
f 1052//2076 1011//2076 1053//2076
f 1052//2077 1064//2077 1011//2077
f 1011//2078 1064//2078 1014//2078
f 1014//2079 1064//2079 1066//2079
f 1014//2080 1066//2080 1046//2080
f 1065//2081 1047//2081 1046//2081
f 1065//2082 1046//2082 1066//2082
f 1012//2083 1059//2083 1068//2083
f 1012//2084 1068//2084 1060//2084
f 1060//2085 1068//2085 1010//2085
f 1010//2086 1068//2086 1074//2086
f 1060//2087 1062//2087 1061//2087
f 1050//2088 1049//2088 1073//2088
f 1073//2089 1071//2089 1054//2089
f 1071//2090 1073//2090 1049//2090
f 1056//2091 1057//2091 1054//2091
f 1063//2092 1069//2092 1019//2092
f 1019//2093 1055//2093 1063//2093
f 1055//2094 1054//2094 1063//2094
f 1051//2095 1070//2095 1071//2095
f 1070//2096 1051//2096 1053//2096
f 1052//2097 1051//2097 1064//2097
f 1047//2098 1065//2098 1071//2098
f 1014//2099 1046//2099 1059//2099
f 1047//2100 1067//2100 1059//2100
f 1059//2101 1067//2101 1058//2101
f 1049//2102 1072//2102 1071//2102
f 1071//2103 1072//2103 1047//2103
f 1047//2104 1072//2104 1067//2104
f 1050//2105 1074//2105 1048//2105
f 1048//2106 1058//2106 1049//2106
f 1049//2107 1058//2107 1072//2107
f 1070//2108 1053//2108 1069//2108
f 1069//2109 1053//2109 1011//2109
f 1056//2110 1075//2110 1018//2110
f 1054//2111 1055//2111 1056//2111
f 1061//2112 1062//2112 1057//2112
f 1074//2113 1050//2113 1062//2113
f 1062//2114 1050//2114 1057//2114
f 1057//2115 1050//2115 1054//2115
f 1054//2116 1050//2116 1073//2116
f 1063//2117 1070//2117 1069//2117
f 1070//2118 1054//2118 1071//2118
f 1063//2119 1054//2119 1070//2119
f 1051//2120 1065//2120 1064//2120
f 1051//2121 1071//2121 1065//2121
f 1065//2122 1066//2122 1064//2122
f 1067//2123 1072//2123 1058//2123
f 1068//2124 1058//2124 1048//2124
f 1074//2125 1068//2125 1048//2125
f 1068//2126 1059//2126 1058//2126
f 1076//2127 1059//2127 1046//2127
f 1076//2128 1047//2128 1059//2128
f 1046//2129 1047//2129 1076//2129
f 1053//2130 1051//2130 1052//2130
f 1075//2131 1056//2131 1055//2131
f 1048//2132 1049//2132 1050//2132
f 1077//2133 1078//2133 1079//2133
f 1028//2134 1079//2134 1078//2134
f 1028//2135 1078//2135 1027//2135
f 1030//2136 1077//2136 1079//2136
f 1030//2137 1079//2137 1028//2137
f 1029//2138 1077//2138 1030//2138
f 1027//2139 1078//2139 1077//2139
f 1027//2140 1077//2140 1029//2140
f 1080//2141 1040//2141 1039//2141
f 1080//2142 1034//2142 1081//2142
f 1081//2143 1034//2143 1044//2143
f 1081//2144 1044//2144 1038//2144
f 1081//2145 1038//2145 1082//2145
f 1082//2146 1038//2146 1045//2146
f 1082//2147 1045//2147 1043//2147
f 1082//2148 1043//2148 1042//2148
f 1082//2149 1042//2149 1080//2149
f 1080//2150 1042//2150 1041//2150
f 1080//2151 1041//2151 1040//2151
f 1080//2152 1039//2152 1034//2152
f 1080//2153 1081//2153 1082//2153
f 1085//2154 1086//2154 1092//2154
f 1086//2155 1085//2155 1087//2155
f 1084//2156 1135//2156 1087//2156
f 1088//2157 1135//2157 1084//2157
f 1088//2158 1091//2158 1135//2158
f 1089//2159 1090//2159 1091//2159
f 1092//2160 1090//2160 1089//2160
f 1093//2161 1094//2161 1096//2161
f 1093//2162 1096//2162 1095//2162
f 1095//2163 1096//2163 1098//2163
f 1095//2164 1098//2164 1099//2164
f 1099//2165 1098//2165 1097//2165
f 1091//2166 1088//2166 1089//2166
f 1089//2167 1088//2167 1099//2167
f 1089//2168 1099//2168 1097//2168
f 1087//2169 1085//2169 1084//2169
f 1094//2170 1093//2170 1084//2170
f 1094//2171 1084//2171 1085//2171
f 1101//2034 1099//2034 1088//2034
f 1100//2034 1095//2034 1101//2034
f 1101//2034 1095//2034 1099//2034
f 1102//2172 1084//2172 1100//2172
f 1100//2173 1084//2173 1093//2173
f 1101//2034 1088//2034 1102//2034
f 1100//2034 1093//2034 1095//2034
f 1088//2174 1084//2174 1102//2174
f 1103//2175 1096//2175 1094//2175
f 1111//2176 1085//2176 1105//2176
f 1092//2177 1109//2177 1085//2177
f 1096//2178 1108//2178 1098//2178
f 1089//2179 1109//2179 1092//2179
f 1085//2180 1111//2180 1094//2180
f 1098//2181 1108//2181 1104//2181
f 1089//2182 1106//2182 1107//2182
f 1096//2183 1112//2183 1108//2183
f 1089//2184 1107//2184 1109//2184
f 1112//2185 1096//2185 1103//2185
f 1098//2186 1110//2186 1097//2186
f 1098//2187 1104//2187 1110//2187
f 1085//2188 1109//2188 1105//2188
f 1089//2189 1097//2189 1106//2189
f 1106//2190 1097//2190 1110//2190
f 1112//2191 1104//2191 1108//2191
f 1103//2192 1094//2192 1111//2192
f 1105//2193 1109//2193 1107//2193
f 1114//2194 1086//2194 1087//2194
f 1092//2195 1127//2195 1090//2195
f 1092//2196 1140//2196 1127//2196
f 1090//2197 1127//2197 1124//2197
f 1135//2198 1119//2198 1118//2198
f 1135//2199 1133//2199 1087//2199
f 1087//2200 1133//2200 1130//2200
f 1130//2201 1114//2201 1087//2201
f 1114//2202 1130//2202 1141//2202
f 1141//2203 1130//2203 1129//2203
f 1114//2204 1125//2204 1086//2204
f 1086//2205 1126//2205 1092//2205
f 1126//2206 1086//2206 1125//2206
f 1083//2207 1126//2207 1140//2207
f 1126//2208 1083//2208 1092//2208
f 1115//2209 1117//2209 1139//2209
f 1138//2210 1121//2210 1123//2210
f 1139//2211 1140//2211 1115//2211
f 1091//2212 1131//2212 1134//2212
f 1091//2213 1122//2213 1131//2213
f 1131//2214 1122//2214 1121//2214
f 1121//2215 1128//2215 1131//2215
f 1138//2216 1128//2216 1121//2216
f 1136//2217 1120//2217 1128//2217
f 1136//2218 1128//2218 1138//2218
f 1091//2219 1134//2219 1119//2219
f 1119//2220 1134//2220 1120//2220
f 1135//2221 1118//2221 1133//2221
f 1136//2222 1133//2222 1118//2222
f 1141//2223 1129//2223 1138//2223
f 1138//2224 1129//2224 1136//2224
f 1141//2225 1132//2225 1113//2225
f 1113//2226 1125//2226 1114//2226
f 1125//2227 1113//2227 1132//2227
f 1141//2228 1138//2228 1132//2228
f 1140//2229 1092//2229 1083//2229
f 1115//2230 1140//2230 1116//2230
f 1116//2231 1140//2231 1137//2231
f 1116//2232 1137//2232 1138//2232
f 1116//2233 1138//2233 1117//2233
f 1091//2234 1119//2234 1135//2234
f 1091//2235 1124//2235 1122//2235
f 1124//2236 1091//2236 1090//2236
f 1123//2237 1124//2237 1127//2237
f 1127//2238 1140//2238 1139//2238
f 1127//2239 1139//2239 1123//2239
f 1123//2240 1139//2240 1117//2240
f 1117//2241 1138//2241 1123//2241
f 1128//2242 1134//2242 1131//2242
f 1134//2243 1128//2243 1120//2243
f 1136//2244 1129//2244 1133//2244
f 1129//2245 1130//2245 1133//2245
f 1137//2246 1132//2246 1138//2246
f 1132//2247 1137//2247 1125//2247
f 1125//2248 1137//2248 1126//2248
f 1140//2249 1126//2249 1137//2249
f 1141//2250 1113//2250 1114//2250
f 1136//2251 1119//2251 1120//2251
f 1119//2252 1136//2252 1118//2252
f 1122//2253 1124//2253 1123//2253
f 1122//2254 1123//2254 1142//2254
f 1142//2255 1123//2255 1121//2255
f 1122//2256 1142//2256 1121//2256
f 1115//2257 1116//2257 1117//2257
f 1144//2258 1143//2258 1145//2258
f 1106//2259 1110//2259 1145//2259
f 1105//2260 1107//2260 1145//2260
f 1103//2261 1111//2261 1143//2261
f 1104//2262 1112//2262 1144//2262
f 1145//2263 1110//2263 1144//2263
f 1144//2264 1112//2264 1103//2264
f 1144//2265 1103//2265 1143//2265
f 1144//2266 1110//2266 1104//2266
f 1145//2267 1107//2267 1106//2267
f 1143//2268 1111//2268 1105//2268
f 1143//2269 1105//2269 1145//2269
f 1102//2270 1146//2270 1147//2270
f 1102//2271 1147//2271 1101//2271
f 1101//2272 1147//2272 1148//2272
f 1101//2273 1148//2273 1100//2273
f 1100//2274 1148//2274 1146//2274
f 1100//2275 1146//2275 1102//2275
f 1146//2034 1148//2034 1147//2034
f 1158//2276 1155//2276 1152//2276
f 1156//2277 1167//2277 1168//2277
f 1168//2278 1167//2278 1169//2278
f 1156//2279 1154//2279 1182//2279
f 1182//2280 1154//2280 1149//2280
f 1182//2281 1169//2281 1167//2281
f 1180//2282 1166//2282 1169//2282
f 1180//2283 1169//2283 1165//2283
f 1180//2284 1164//2284 1166//2284
f 1166//2285 1162//2285 1152//2285
f 1166//2286 1164//2286 1162//2286
f 1152//2287 1162//2287 1176//2287
f 1176//2288 1162//2288 1161//2288
f 1155//2289 1157//2289 1153//2289
f 1157//2290 1155//2290 1158//2290
f 1153//2291 1157//2291 1173//2291
f 1153//2292 1173//2292 1159//2292
f 1153//2293 1159//2293 1154//2293
f 1184//2294 1179//2294 1175//2294
f 1184//2295 1172//2295 1183//2295
f 1184//2296 1183//2296 1150//2296
f 1172//2297 1184//2297 1175//2297
f 1183//2298 1149//2298 1150//2298
f 1149//2299 1183//2299 1182//2299
f 1163//2300 1169//2300 1182//2300
f 1163//2301 1165//2301 1169//2301
f 1160//2302 1181//2302 1183//2302
f 1163//2303 1182//2303 1181//2303
f 1181//2304 1160//2304 1163//2304
f 1183//2305 1172//2305 1160//2305
f 1171//2306 1170//2306 1172//2306
f 1170//2307 1171//2307 1165//2307
f 1171//2308 1164//2308 1180//2308
f 1176//2309 1161//2309 1172//2309
f 1158//2310 1152//2310 1177//2310
f 1176//2311 1151//2311 1177//2311
f 1177//2312 1151//2312 1158//2312
f 1175//2313 1151//2313 1172//2313
f 1172//2314 1151//2314 1176//2314
f 1178//2315 1159//2315 1173//2315
f 1178//2316 1173//2316 1174//2316
f 1178//2317 1174//2317 1175//2317
f 1182//2318 1167//2318 1156//2318
f 1182//2319 1183//2319 1181//2319
f 1180//2320 1165//2320 1171//2320
f 1185//2321 1176//2321 1177//2321
f 1185//2322 1152//2322 1176//2322
f 1177//2323 1152//2323 1185//2323
f 1187//2324 1189//2324 1186//2324
f 1187//2325 1191//2325 1188//2325
f 1190//2326 1189//2326 1193//2326
f 1188//2327 1192//2327 1169//2327
f 1187//2328 1186//2328 1191//2328
f 1186//2329 1189//2329 1194//2329
f 1190//2330 1193//2330 1166//2330
f 1191//2331 1192//2331 1188//2331
f 1169//2332 1166//2332 1193//2332
f 1169//2333 1193//2333 1188//2333
f 1189//2334 1190//2334 1194//2334
f 1198//2335 1205//2335 1203//2335
f 1199//2336 1196//2336 1200//2336
f 1205//2337 1206//2337 1202//2337
f 1199//2338 1200//2338 1221//2338
f 1168//2339 1207//2339 1153//2339
f 1153//2340 1207//2340 1200//2340
f 1206//2341 1205//2341 1198//2341
f 1196//2342 1199//2342 1197//2342
f 1197//2343 1208//2343 1196//2343
f 1202//2344 1206//2344 1201//2344
f 1203//2345 1195//2345 1204//2345
f 1207//2346 1168//2346 1209//2346
f 1209//2347 1168//2347 1201//2347
f 1201//2348 1168//2348 1202//2348
f 1200//2349 1207//2349 1221//2349
f 1204//2350 1195//2350 1196//2350
f 1204//2351 1196//2351 1208//2351
f 1200//2352 1155//2352 1153//2352
f 1155//2353 1200//2353 1152//2353
f 1154//2354 1156//2354 1168//2354
f 1153//2355 1154//2355 1168//2355
f 1190//2356 1196//2356 1194//2356
f 1194//2357 1196//2357 1195//2357
f 1194//2358 1195//2358 1186//2358
f 1186//2359 1195//2359 1203//2359
f 1186//2360 1203//2360 1191//2360
f 1191//2361 1203//2361 1205//2361
f 1191//2362 1205//2362 1202//2362
f 1168//2363 1169//2363 1192//2363
f 1168//2364 1192//2364 1202//2364
f 1202//2365 1192//2365 1191//2365
f 1152//2366 1200//2366 1166//2366
f 1166//2367 1200//2367 1190//2367
f 1190//2368 1200//2368 1196//2368
f 1210//2369 1212//2369 1211//2369
f 1187//2370 1212//2370 1189//2370
f 1189//2371 1212//2371 1210//2371
f 1212//2372 1187//2372 1211//2372
f 1211//2373 1187//2373 1188//2373
f 1193//2374 1210//2374 1211//2374
f 1193//2375 1211//2375 1188//2375
f 1189//2376 1210//2376 1193//2376
f 1150//2377 1149//2377 1159//2377
f 1154//2378 1159//2378 1149//2378
f 1159//2379 1178//2379 1179//2379
f 1159//2380 1179//2380 1150//2380
f 1150//2381 1179//2381 1184//2381
f 1160//2382 1165//2382 1163//2382
f 1170//2383 1160//2383 1172//2383
f 1165//2384 1160//2384 1170//2384
f 1171//2385 1161//2385 1164//2385
f 1171//2386 1172//2386 1161//2386
f 1161//2387 1162//2387 1164//2387
f 1151//2388 1175//2388 1174//2388
f 1151//2389 1174//2389 1158//2389
f 1158//2390 1174//2390 1157//2390
f 1157//2391 1174//2391 1173//2391
f 1175//2392 1179//2392 1178//2392
f 1215//2393 1213//2393 1214//2393
f 1214//2393 1213//2393 1216//2393
f 1220//2394 1203//2394 1204//2394
f 1198//2395 1203//2395 1220//2395
f 1201//2396 1206//2396 1217//2396
f 1218//2397 1207//2397 1209//2397
f 1221//2398 1207//2398 1218//2398
f 1219//2399 1197//2399 1199//2399
f 1208//2400 1197//2400 1219//2400
f 1213//2401 1219//2401 1199//2401
f 1213//2402 1208//2402 1219//2402
f 1215//2403 1220//2403 1204//2403
f 1215//2404 1198//2404 1220//2404
f 1217//2405 1206//2405 1214//2405
f 1214//2406 1201//2406 1217//2406
f 1216//2407 1218//2407 1209//2407
f 1221//2408 1218//2408 1216//2408
f 1215//2409 1204//2409 1213//2409
f 1213//2410 1204//2410 1208//2410
f 1214//2411 1206//2411 1198//2411
f 1214//2412 1198//2412 1215//2412
f 1216//2413 1209//2413 1201//2413
f 1216//2414 1201//2414 1214//2414
f 1213//2415 1199//2415 1216//2415
f 1216//2416 1199//2416 1221//2416
f 1245//2417 1228//2417 1226//2417
f 1239//2418 1229//2418 1241//2418
f 1247//2419 1235//2419 1242//2419
f 1230//2420 1231//2420 1229//2420
f 1227//2421 1230//2421 1229//2421
f 1222//2422 1255//2422 1230//2422
f 1253//2423 1239//2423 1241//2423
f 1240//2424 1236//2424 1226//2424
f 1226//2425 1236//2425 1233//2425
f 1226//2426 1246//2426 1245//2426
f 1226//2427 1233//2427 1246//2427
f 1235//2428 1247//2428 1246//2428
f 1235//2429 1246//2429 1233//2429
f 1245//2430 1224//2430 1228//2430
f 1228//2431 1234//2431 1227//2431
f 1222//2432 1227//2432 1234//2432
f 1222//2433 1234//2433 1255//2433
f 1222//2434 1230//2434 1227//2434
f 1256//2435 1242//2435 1254//2435
f 1242//2436 1256//2436 1249//2436
f 1258//2437 1257//2437 1254//2437
f 1254//2438 1257//2438 1256//2438
f 1257//2439 1258//2439 1231//2439
f 1249//2440 1255//2440 1250//2440
f 1249//2441 1257//2441 1255//2441
f 1239//2442 1238//2442 1251//2442
f 1232//2443 1239//2443 1253//2443
f 1238//2444 1242//2444 1251//2444
f 1232//2445 1238//2445 1239//2445
f 1254//2446 1237//2446 1232//2446
f 1254//2447 1232//2447 1253//2447
f 1254//2448 1242//2448 1237//2448
f 1242//2449 1252//2449 1251//2449
f 1240//2450 1252//2450 1236//2450
f 1252//2451 1243//2451 1236//2451
f 1252//2452 1242//2452 1243//2452
f 1247//2453 1225//2453 1223//2453
f 1224//2454 1245//2454 1247//2454
f 1224//2455 1247//2455 1223//2455
f 1249//2456 1244//2456 1242//2456
f 1242//2457 1244//2457 1247//2457
f 1247//2458 1244//2458 1225//2458
f 1250//2459 1255//2459 1248//2459
f 1248//2460 1255//2460 1223//2460
f 1248//2461 1223//2461 1249//2461
f 1249//2462 1223//2462 1244//2462
f 1239//2463 1251//2463 1240//2463
f 1231//2464 1258//2464 1241//2464
f 1231//2465 1241//2465 1229//2465
f 1253//2466 1258//2466 1254//2466
f 1253//2467 1241//2467 1258//2467
f 1252//2468 1240//2468 1251//2468
f 1247//2469 1245//2469 1246//2469
f 1259//2034 1260//2034 1261//2034
f 1259//2034 1261//2034 1265//2034
f 1262//2034 1260//2034 1259//2034
f 1264//2369 1263//2369 1262//2369
f 1262//2133 1268//2133 1260//2133
f 1265//2034 1267//2034 1264//2034
f 1264//2034 1267//2034 1266//2034
f 1265//2034 1261//2034 1267//2034
f 1262//2470 1263//2470 1268//2470
f 1264//2471 1266//2471 1263//2471
f 1275//2472 1279//2472 1277//2472
f 1270//2473 1269//2473 1276//2473
f 1272//2474 1271//2474 1277//2474
f 1275//2475 1277//2475 1278//2475
f 1270//2476 1276//2476 1272//2476
f 1273//2477 1274//2477 1279//2477
f 1274//2478 1269//2478 1227//2478
f 1227//2479 1269//2479 1270//2479
f 1279//2480 1275//2480 1273//2480
f 1280//2481 1269//2481 1274//2481
f 1272//2482 1276//2482 1271//2482
f 1281//2483 1278//2483 1277//2483
f 1274//2484 1273//2484 1280//2484
f 1277//2485 1271//2485 1281//2485
f 1226//2486 1228//2486 1270//2486
f 1268//2487 1240//2487 1226//2487
f 1263//2488 1239//2488 1268//2488
f 1268//2489 1239//2489 1240//2489
f 1274//2490 1229//2490 1239//2490
f 1274//2491 1227//2491 1229//2491
f 1270//2492 1228//2492 1227//2492
f 1270//2493 1272//2493 1260//2493
f 1226//2494 1270//2494 1268//2494
f 1268//2495 1270//2495 1260//2495
f 1239//2496 1263//2496 1274//2496
f 1274//2497 1263//2497 1279//2497
f 1279//2498 1263//2498 1266//2498
f 1279//2499 1266//2499 1277//2499
f 1277//2500 1266//2500 1267//2500
f 1277//2501 1267//2501 1261//2501
f 1277//2502 1261//2502 1272//2502
f 1272//2503 1261//2503 1260//2503
f 1282//2504 1284//2504 1283//2504
f 1282//2505 1283//2505 1285//2505
f 1289//2506 1269//2506 1280//2506
f 1271//2507 1276//2507 1287//2507
f 1288//2508 1278//2508 1281//2508
f 1269//2509 1289//2509 1284//2509
f 1282//2510 1287//2510 1276//2510
f 1282//2511 1271//2511 1287//2511
f 1285//2512 1288//2512 1281//2512
f 1283//2513 1286//2513 1275//2513
f 1273//2514 1286//2514 1283//2514
f 1269//2515 1284//2515 1282//2515
f 1269//2516 1282//2516 1276//2516
f 1284//2517 1289//2517 1280//2517
f 1284//2518 1280//2518 1273//2518
f 1284//2519 1273//2519 1283//2519
f 1288//2520 1285//2520 1283//2520
f 1288//2521 1283//2521 1278//2521
f 1278//2522 1283//2522 1275//2522
f 1271//2523 1282//2523 1285//2523
f 1271//2524 1285//2524 1281//2524
f 1286//2525 1273//2525 1275//2525
f 1230//2526 1257//2526 1231//2526
f 1257//2527 1230//2527 1255//2527
f 1249//2528 1256//2528 1257//2528
f 1232//2529 1242//2529 1238//2529
f 1242//2530 1232//2530 1237//2530
f 1233//2531 1236//2531 1235//2531
f 1243//2532 1235//2532 1236//2532
f 1242//2452 1235//2452 1243//2452
f 1224//2533 1234//2533 1228//2533
f 1234//2534 1224//2534 1223//2534
f 1244//2535 1223//2535 1225//2535
f 1234//2536 1223//2536 1255//2536
f 1248//2537 1249//2537 1250//2537
f 1290//2034 1292//2034 1291//2034
f 1290//2538 1264//2538 1262//2538
f 1290//2539 1262//2539 1292//2539
f 1292//2540 1262//2540 1259//2540
f 1292//2541 1259//2541 1265//2541
f 1292//2542 1265//2542 1291//2542
f 1291//2543 1265//2543 1264//2543
f 1291//2544 1264//2544 1290//2544
f 1295//2545 1296//2545 1293//2545
f 1293//2546 1296//2546 1294//2546
f 1296//2547 1295//2547 1294//2547
f 1294//2548 1295//2548 1293//2548
f 1333//2549 1301//2549 1299//2549
f 1302//2550 1330//2550 1316//2550
f 1321//2551 1309//2551 1317//2551
f 1300//2552 1305//2552 1302//2552
f 1302//2553 1305//2553 1306//2553
f 1327//2554 1315//2554 1316//2554
f 1315//2555 1326//2555 1299//2555
f 1299//2556 1312//2556 1310//2556
f 1310//2557 1321//2557 1299//2557
f 1309//2558 1321//2558 1310//2558
f 1299//2559 1321//2559 1333//2559
f 1298//2560 1304//2560 1333//2560
f 1333//2561 1304//2561 1301//2561
f 1301//2562 1303//2562 1300//2562
f 1303//2563 1301//2563 1304//2563
f 1303//2564 1297//2564 1300//2564
f 1297//2565 1303//2565 1319//2565
f 1297//2566 1305//2566 1300//2566
f 1305//2567 1297//2567 1332//2567
f 1325//2568 1324//2568 1332//2568
f 1314//2569 1317//2569 1328//2569
f 1317//2570 1314//2570 1324//2570
f 1328//2571 1331//2571 1314//2571
f 1331//2572 1328//2572 1306//2572
f 1324//2573 1331//2573 1332//2573
f 1316//2574 1313//2574 1327//2574
f 1327//2575 1313//2575 1317//2575
f 1308//2576 1313//2576 1316//2576
f 1316//2577 1330//2577 1329//2577
f 1316//2578 1329//2578 1308//2578
f 1328//2579 1307//2579 1329//2579
f 1329//2580 1307//2580 1308//2580
f 1328//2581 1317//2581 1307//2581
f 1299//2582 1326//2582 1312//2582
f 1327//2583 1318//2583 1326//2583
f 1326//2584 1318//2584 1312//2584
f 1327//2585 1317//2585 1318//2585
f 1321//2586 1311//2586 1322//2586
f 1333//2587 1322//2587 1298//2587
f 1298//2588 1322//2588 1311//2588
f 1324//2589 1320//2589 1311//2589
f 1324//2590 1311//2590 1317//2590
f 1317//2591 1311//2591 1321//2591
f 1325//2592 1332//2592 1319//2592
f 1332//2593 1297//2593 1319//2593
f 1320//2594 1324//2594 1323//2594
f 1320//2595 1323//2595 1298//2595
f 1298//2596 1323//2596 1319//2596
f 1319//2597 1323//2597 1325//2597
f 1315//2598 1327//2598 1326//2598
f 1328//2599 1330//2599 1306//2599
f 1306//2600 1330//2600 1302//2600
f 1329//2601 1330//2601 1328//2601
f 1321//2602 1322//2602 1333//2602
f 1341//2603 1340//2603 1346//2603
f 1343//2604 1342//2604 1348//2604
f 1348//2605 1342//2605 1352//2605
f 1345//2606 1344//2606 1347//2606
f 1347//2607 1340//2607 1341//2607
f 1349//2608 1362//2608 1353//2608
f 1300//2609 1352//2609 1349//2609
f 1353//2610 1362//2610 1360//2610
f 1347//2611 1351//2611 1340//2611
f 1341//2612 1346//2612 1343//2612
f 1348//2613 1352//2613 1300//2613
f 1353//2614 1350//2614 1345//2614
f 1344//2615 1351//2615 1347//2615
f 1349//2616 1352//2616 1362//2616
f 1343//2617 1346//2617 1342//2617
f 1344//2618 1345//2618 1350//2618
f 1301//2619 1300//2619 1349//2619
f 1339//2620 1315//2620 1299//2620
f 1336//2621 1315//2621 1339//2621
f 1316//2622 1315//2622 1336//2622
f 1348//2623 1302//2623 1316//2623
f 1300//2624 1302//2624 1348//2624
f 1353//2625 1345//2625 1338//2625
f 1338//2626 1345//2626 1335//2626
f 1335//2627 1345//2627 1347//2627
f 1335//2628 1347//2628 1334//2628
f 1334//2629 1347//2629 1341//2629
f 1334//2630 1341//2630 1337//2630
f 1337//2631 1341//2631 1343//2631
f 1316//2632 1336//2632 1348//2632
f 1348//2633 1336//2633 1343//2633
f 1343//2634 1336//2634 1337//2634
f 1353//2635 1338//2635 1339//2635
f 1353//2636 1339//2636 1349//2636
f 1349//2637 1339//2637 1299//2637
f 1349//2638 1299//2638 1301//2638
f 1331//2639 1306//2639 1305//2639
f 1305//2640 1332//2640 1331//2640
f 1324//2641 1314//2641 1331//2641
f 1307//2642 1313//2642 1308//2642
f 1307//2643 1317//2643 1313//2643
f 1318//2644 1317//2644 1309//2644
f 1309//2645 1312//2645 1318//2645
f 1309//2646 1310//2646 1312//2646
f 1311//2647 1320//2647 1298//2647
f 1303//2648 1298//2648 1319//2648
f 1303//2649 1304//2649 1298//2649
f 1325//2650 1323//2650 1324//2650
f 1355//2651 1354//2651 1356//2651
f 1356//2652 1354//2652 1357//2652
f 1361//2653 1351//2653 1344//2653
f 1340//2654 1351//2654 1361//2654
f 1342//2655 1346//2655 1358//2655
f 1362//2656 1352//2656 1359//2656
f 1350//2657 1353//2657 1360//2657
f 1354//2658 1350//2658 1360//2658
f 1355//2659 1361//2659 1344//2659
f 1355//2660 1340//2660 1361//2660
f 1356//2661 1358//2661 1346//2661
f 1356//2662 1342//2662 1358//2662
f 1357//2663 1359//2663 1352//2663
f 1362//2664 1359//2664 1357//2664
f 1355//2665 1344//2665 1354//2665
f 1354//2666 1344//2666 1350//2666
f 1356//2667 1346//2667 1340//2667
f 1356//2668 1340//2668 1355//2668
f 1357//2669 1352//2669 1342//2669
f 1357//2670 1342//2670 1356//2670
f 1354//2671 1360//2671 1362//2671
f 1354//2672 1362//2672 1357//2672
f 1334//2673 1364//2673 1365//2673
f 1365//2674 1335//2674 1334//2674
f 1363//2675 1336//2675 1339//2675
f 1337//2676 1364//2676 1334//2676
f 1365//2677 1338//2677 1335//2677
f 1338//2678 1366//2678 1339//2678
f 1336//2679 1363//2679 1337//2679
f 1363//2680 1339//2680 1366//2680
f 1337//2681 1363//2681 1364//2681
f 1366//2682 1338//2682 1365//2682
f 1367//2683 1369//2683 1368//2683
f 1364//2684 1367//2684 1365//2684
f 1365//2685 1367//2685 1368//2685
f 1363//2686 1369//2686 1364//2686
f 1364//2687 1369//2687 1367//2687
f 1366//2688 1368//2688 1363//2688
f 1363//2689 1368//2689 1369//2689
f 1365//2690 1368//2690 1366//2690
f 1371//2691 1370//2691 1373//2691
f 1373//2692 1370//2692 1374//2692
f 1373//2693 1374//2693 1375//2693
f 1375//2694 1374//2694 1376//2694
f 1375//2695 1376//2695 1377//2695
f 1375//2696 1377//2696 1378//2696
f 1378//2697 1377//2697 1379//2697
f 1378//2698 1379//2698 1380//2698
f 1380//2699 1379//2699 1372//2699
f 1375//2700 1382//2700 1384//2700
f 1375//2701 1381//2701 1373//2701
f 1378//2702 1382//2702 1375//2702
f 1371//2703 1383//2703 1380//2703
f 1380//2704 1383//2704 1385//2704
f 1380//2705 1386//2705 1378//2705
f 1373//2706 1381//2706 1371//2706
f 1371//2707 1381//2707 1383//2707
f 1375//2708 1384//2708 1381//2708
f 1378//2709 1387//2709 1382//2709
f 1386//2710 1388//2710 1378//2710
f 1387//2711 1378//2711 1388//2711
f 1386//2712 1380//2712 1385//2712
f 1372//2713 1379//2713 1370//2713
f 1390//2714 1389//2714 1391//2714
f 1391//2715 1389//2715 1392//2715
f 1394//2716 1385//2716 1383//2716
f 1388//2717 1386//2717 1393//2717
f 1395//2718 1382//2718 1387//2718
f 1394//2719 1383//2719 1389//2719
f 1394//2720 1389//2720 1385//2720
f 1388//2721 1393//2721 1390//2721
f 1395//2722 1387//2722 1391//2722
f 1391//2723 1382//2723 1395//2723
f 1392//2724 1396//2724 1384//2724
f 1392//2725 1381//2725 1396//2725
f 1389//2726 1383//2726 1381//2726
f 1389//2727 1381//2727 1392//2727
f 1393//2728 1386//2728 1390//2728
f 1390//2729 1386//2729 1389//2729
f 1389//2730 1386//2730 1385//2730
f 1391//2731 1387//2731 1390//2731
f 1390//2732 1387//2732 1388//2732
f 1392//2733 1384//2733 1382//2733
f 1392//2734 1382//2734 1391//2734
f 1396//2735 1381//2735 1384//2735
f 1397//2736 1380//2736 1372//2736
f 1380//2737 1397//2737 1371//2737
f 1371//2738 1397//2738 1398//2738
f 1371//2739 1398//2739 1370//2739
f 1370//2740 1398//2740 1399//2740
f 1370//2741 1399//2741 1372//2741
f 1372//2742 1399//2742 1400//2742
f 1372//2743 1400//2743 1397//2743
f 1397//2744 1400//2744 1401//2744
f 1400//2745 1402//2745 1401//2745
f 1402//2746 1399//2746 1401//2746
f 1401//2747 1399//2747 1398//2747
f 1397//1381 1401//1381 1398//1381
f 1402//340 1400//340 1399//340
f 1405//2748 1379//2748 1403//2748
f 1376//2749 1403//2749 1377//2749
f 1403//2750 1379//2750 1377//2750
f 1404//2751 1370//2751 1405//2751
f 1405//2752 1370//2752 1379//2752
f 1370//2753 1404//2753 1374//2753
f 1374//2754 1406//2754 1376//2754
f 1403//2755 1376//2755 1406//2755
f 1406//2756 1374//2756 1404//2756
f 1409//2757 1408//2757 1407//2757
f 1405//2758 1409//2758 1407//2758
f 1405//2759 1407//2759 1404//2759
f 1403//2760 1408//2760 1409//2760
f 1403//2761 1409//2761 1405//2761
f 1406//2762 1408//2762 1403//2762
f 1404//2763 1407//2763 1406//2763
f 1406//2764 1407//2764 1408//2764
