# Blender 5.1.0
# www.blender.org
mtllib low poly proty test 3.mtl
o Low_poly_proty
v 459.964630 168.785461 469.618774
v 461.160370 168.987930 469.586792
v 461.590485 165.854355 469.833862
v 459.654053 165.854340 469.832489
v 476.452332 169.029373 449.773041
v 476.106262 165.854675 449.687134
v 478.213074 169.029419 451.523743
v 478.236450 165.854599 451.620453
v 476.539185 169.029312 453.031219
v 476.453888 165.854340 453.060394
v 478.048035 169.028198 454.299591
v 477.884979 175.422012 454.291199
v 473.684479 169.029037 450.026001
v 474.086212 169.028961 453.482605
v 473.979889 182.667740 453.587158
v 473.450012 183.541092 450.096710
v 476.266785 178.888535 448.198181
v 444.404541 169.029739 449.674255
v 444.257751 165.854309 449.871033
v 446.368164 165.854553 450.769409
v 446.417206 169.029434 451.660889
v 444.845673 165.854691 453.210358
v 444.918243 169.029282 453.000580
v 443.212341 169.028229 448.576813
v 441.981873 170.657150 450.022827
v 446.692322 181.986038 454.146545
v 447.569122 169.029037 452.798309
v 448.025757 183.855347 450.933441
v 447.155487 169.028961 449.378021
v 447.231628 182.710678 449.209595
v 447.813690 183.488678 452.707977
v 444.836395 178.732620 454.688385
v 460.811462 191.275757 451.226349
v 458.421509 190.671509 452.031708
v 451.304382 168.671143 468.977417
v 451.453949 165.860962 469.243866
v 448.370605 184.099899 447.937042
v 459.611359 170.901917 432.148285
v 449.688812 165.855606 468.337646
v 456.383759 165.854507 470.992401
v 459.653442 165.854599 471.421631
v 460.014679 168.917557 471.260681
v 454.955353 168.974411 470.379425
v 456.142853 168.779083 470.717957
v 454.500214 165.854279 470.516052
v 450.312073 169.113647 468.375610
v 457.665283 169.210190 431.874512
v 462.221649 170.721329 432.043030
v 457.037384 185.334778 462.093903
v 459.734436 181.446945 466.203278
v 456.827209 174.394852 469.651306
v 441.032135 165.874710 446.516418
v 441.939850 173.245483 454.099609
v 450.464569 185.765594 455.207825
v 446.016632 178.053055 442.537231
v 444.453674 178.602737 447.659393
v 444.824097 165.926285 464.142792
v 442.078094 170.168457 458.173157
v 440.543213 165.856628 453.586578
v 443.595398 169.742783 441.379333
v 445.701447 165.854446 437.758301
v 447.329742 171.783081 437.244141
v 451.209137 169.704819 434.038361
v 457.051392 165.854691 431.467194
v 442.554169 173.363144 445.866791
v 458.415222 176.783081 433.875122
v 451.937073 174.924667 467.575745
v 445.853851 172.795044 463.606842
v 453.072174 175.384949 434.736053
v 445.105194 177.566574 459.113892
v 449.260712 180.101959 440.522339
v 461.216583 179.853973 435.548065
v 453.990082 180.541565 465.494904
v 449.666199 178.357956 464.162201
v 453.395050 182.232941 439.166199
v 457.009705 183.855759 439.174469
v 450.924042 183.840714 459.789154
v 451.184265 185.241653 445.168091
v 462.026550 184.124649 438.968933
v 455.376953 187.115295 444.098969
v 456.134308 188.090652 457.567688
v 460.192810 188.912338 445.116455
v 454.262421 188.474442 454.080200
v 454.666718 188.976181 450.138336
v 457.574921 189.643143 447.912628
v 458.169220 169.260803 432.641602
v 463.238800 169.470322 435.329437
v 458.206970 169.350159 435.613037
v 460.345367 190.124924 455.120026
v 461.590698 165.854416 471.414001
v 466.734344 165.854507 470.492279
v 470.016296 168.973297 468.839264
v 471.526093 165.853943 468.316193
v 475.399506 180.794937 454.819305
v 473.282257 182.665100 456.993317
v 480.357666 169.001282 452.247345
v 480.244385 165.859177 456.110596
v 470.903778 186.056091 452.766357
v 476.539459 177.569366 457.841675
v 463.867462 165.854599 431.660980
v 463.555573 169.138931 432.101501
v 467.496613 165.934875 432.381714
v 471.106506 168.781036 468.253784
v 469.775726 165.854279 469.221130
v 466.163605 169.123077 470.423431
v 464.865295 165.854828 471.010742
v 465.065887 168.623596 470.766510
v 461.267090 168.833359 471.221008
v 465.252075 174.470612 433.394775
v 471.512299 169.100418 434.832092
v 476.252930 165.914642 438.522400
v 478.475037 165.877045 442.067139
v 479.833252 169.901901 446.796112
v 480.670990 165.855179 449.674957
v 478.979187 171.209747 458.116852
v 476.796844 165.930084 463.566498
v 474.213531 170.215149 465.643066
v 474.990540 175.631775 462.578674
v 463.680603 173.299988 470.159180
v 469.633392 174.494202 435.190918
v 473.852875 174.778015 438.546631
v 470.319946 173.815125 467.523895
v 476.798981 174.285141 442.192352
v 462.635651 179.088791 467.727173
v 468.242065 178.491165 466.364044
v 475.310059 179.965622 445.579742
v 466.671814 180.063751 436.882050
v 471.496307 181.206223 441.055969
v 470.947906 181.967850 461.381897
v 466.328033 183.908051 462.798492
v 461.679504 186.590973 461.214569
v 466.476624 184.556427 440.942444
v 469.034973 186.222946 457.209015
v 469.928528 185.946304 446.175690
v 464.336609 188.217072 457.878174
v 464.268524 188.769424 445.973450
v 467.976044 188.161636 450.003235
v 464.763519 189.842178 453.040894
v 450.581726 165.854340 466.882874
v 466.321106 165.854568 468.956024
v 456.793762 165.854568 469.457397
v 468.985748 165.854416 467.850769
v 464.280609 165.927368 437.084625
v 452.257996 165.854568 467.852264
v 470.663391 165.854370 466.883759
v 464.450348 165.854477 469.455902
v 456.990723 165.990341 437.084839
v 454.923737 165.854446 468.954865
v 443.089661 165.854370 451.384216
v 474.915070 165.854355 451.924713
v 474.824951 181.575394 448.521545
v 477.917419 176.485901 448.013000
v 479.620331 172.167374 449.144562
v 480.320587 169.103836 450.609131
v 479.352661 173.225952 454.160675
v 478.245117 174.452362 448.751190
v 479.400909 169.069809 450.567810
v 479.108002 171.793808 453.217529
v 473.207184 183.839523 451.813324
v 479.476044 170.875473 449.996033
v 476.026245 179.270905 454.653931
v 479.836700 169.273453 450.883179
v 479.500153 169.158661 452.137451
v 480.029022 169.253616 452.017609
v 442.901428 174.009689 448.886566
v 445.256165 179.925568 455.114807
v 441.822266 169.121658 452.285797
v 441.885315 172.885574 449.035645
v 440.970184 169.190704 450.639435
v 442.912506 174.439697 454.061035
v 441.424500 169.270187 452.030792
v 444.287964 177.588409 448.242584
v 445.806091 180.372787 448.351013
v 440.964020 169.169479 452.228485
v 441.628540 169.193954 450.873779
v 444.134216 169.028336 454.642334
v 443.248840 169.029327 452.134277
v 477.109467 169.028351 448.212982
v 474.788513 169.029526 451.617004
v 460.947906 170.710602 435.446716
v 459.315735 170.902710 433.258087
v 462.185059 170.727478 437.083771
v 459.315735 170.902710 436.258118
v 458.702728 170.449265 437.084015
v 450.957581 168.785492 466.853088
v 452.009094 168.987946 467.423218
v 455.279083 168.785507 468.828827
v 456.442322 168.987930 469.107391
v 469.147888 168.785507 467.510376
v 470.167358 168.987946 466.884796
v 464.772461 168.959290 469.127960
v 465.945892 168.813232 468.820709
v 460.110138 170.563400 436.006500
v 463.000000 169.583633 436.108307
v 460.110138 170.563400 433.006500
v 461.133728 170.563385 432.515869
v 463.029694 169.568008 433.111664
v 477.685211 170.698380 451.948059
v 474.335358 169.102783 449.358093
v 477.161285 169.085312 448.551727
v 478.705566 169.122177 449.454681
v 479.514404 169.100006 451.563538
v 478.080658 169.135925 453.986633
v 475.104279 170.722458 452.146179
v 478.275269 170.531219 450.705994
v 475.999023 169.113174 454.352051
v 475.884094 170.552872 453.207550
v 474.205902 169.114044 453.365875
v 477.309021 170.535675 453.162079
v 478.720215 170.080658 452.274384
v 477.695587 161.163177 451.755920
v 477.199158 161.195267 450.274170
v 476.334320 161.336487 450.161682
v 475.092773 161.208664 451.048615
v 475.413605 161.262421 452.304108
v 477.656189 168.869797 450.867798
v 477.882263 168.976028 452.272278
v 476.334686 168.945770 452.989868
v 475.142120 168.792648 452.181519
v 475.161621 168.307159 452.338074
v 477.980865 168.486786 452.043671
v 476.715057 168.382202 452.974640
v 475.022125 167.800034 451.982849
v 477.849304 167.959518 452.220551
v 476.367981 167.875259 453.042969
v 477.804443 167.549072 450.568024
v 477.812134 167.455856 452.429504
v 475.880798 167.350616 452.897827
v 478.003571 167.035034 450.899994
v 477.395935 166.928101 452.803986
v 475.538727 166.830368 452.673401
v 477.594788 166.571304 450.321869
v 478.039185 166.499954 451.806793
v 476.735413 166.385620 453.022308
v 475.015076 166.291000 452.056519
v 478.094574 166.009171 450.979462
v 477.340881 165.934082 452.766296
v 475.758759 165.839996 452.817322
v 478.072021 165.516602 451.341888
v 477.097595 165.396469 452.963684
v 475.177826 165.315491 452.311432
v 478.153015 165.009476 451.424042
v 476.493927 164.886047 453.109009
v 474.917206 164.753220 451.675476
v 477.852173 164.541702 450.675629
v 477.901703 164.469757 452.185699
v 476.270142 164.374603 453.016876
v 475.062744 164.280792 452.015533
v 477.955780 164.032669 450.901398
v 477.798004 163.967743 452.342285
v 476.263489 163.852737 453.005676
v 475.055878 163.794174 452.035339
v 477.259918 163.421600 452.802795
v 478.064911 163.499619 451.522522
v 475.412018 163.323090 452.647369
v 478.136749 162.982025 451.765930
v 476.379486 162.877365 453.023438
v 477.455139 162.580261 450.183441
v 478.054291 162.480530 451.954498
v 476.568726 162.378098 452.989014
v 475.398132 162.320953 452.534485
v 478.089386 161.982208 451.834259
v 476.662292 161.891998 452.993164
v 474.918488 161.787704 451.998749
v 475.149597 168.729858 450.521606
v 476.393219 168.626984 449.887207
v 477.642670 168.565598 450.343933
v 475.196594 168.217484 450.513519
v 476.731567 168.101791 449.851166
v 477.938080 168.043991 450.821808
v 475.178497 167.707138 450.581146
v 476.554413 167.635818 449.845673
v 474.857056 167.231735 451.090454
v 476.616180 167.127975 449.833893
v 474.930664 166.750015 451.311005
v 476.019348 166.641174 449.872498
v 475.274689 166.212418 450.450317
v 476.567627 166.131592 449.853241
v 474.916870 165.753937 451.530609
v 475.568420 165.685165 450.164124
v 477.130188 165.597916 449.968781
v 475.198669 165.198044 450.436157
v 476.971649 165.111664 449.930634
v 475.452209 164.696945 450.283752
v 476.751465 164.618820 449.880615
v 476.715851 164.114532 449.806824
v 475.099060 164.234192 450.689575
v 475.179962 163.700226 450.553680
v 476.984680 163.625916 449.824280
v 475.181213 163.205643 450.428162
v 477.112762 163.100677 449.958984
v 474.990784 162.784943 451.957947
v 475.598572 162.676666 450.052002
v 474.954834 162.250565 451.050140
v 475.887329 162.156967 450.003876
v 477.317596 162.079865 450.074371
v 476.001099 161.662750 449.845703
v 478.031830 161.522888 450.865265
v 476.817566 161.108795 452.633545
v 477.277771 161.439468 452.867920
v 476.740540 162.868530 450.181488
v 475.351257 162.979263 450.947601
v 475.978302 163.099655 452.644043
v 475.936096 165.925171 450.307526
v 476.622803 167.143768 452.679871
v 477.670044 167.236176 451.732819
v 477.232147 167.326385 450.408905
v 476.535583 168.931168 450.176361
v 475.222595 169.018539 451.249512
v 477.487885 168.710358 452.108490
v 476.444275 168.626801 452.664459
v 475.246185 168.518951 451.639252
v 476.035156 168.416016 450.294678
v 477.246063 168.327957 450.466370
v 477.671143 168.227173 451.916504
v 475.994659 168.091614 452.628998
v 475.325317 167.978241 450.972900
v 476.557953 167.878174 450.200409
v 477.622406 167.786560 450.959198
v 477.340576 167.695724 452.370392
v 475.559540 167.567139 452.314728
v 475.615509 167.449890 450.519043
v 475.442596 167.046295 452.013489
v 475.517120 166.946472 450.639160
v 476.809113 166.862442 450.253448
v 477.751312 166.769684 451.299652
v 476.697540 166.645203 452.700073
v 475.236084 166.513687 451.625305
v 476.011658 166.419113 450.300018
v 477.625397 166.306091 450.751984
v 477.237549 166.175125 452.425354
v 475.930695 166.093552 452.487305
v 475.288513 166.014984 451.608276
v 477.608490 165.789658 450.759094
v 477.301208 165.689865 452.348175
v 475.721466 165.588211 452.456055
v 475.406036 165.462204 450.832092
v 477.014160 165.350433 450.230438
v 477.676025 165.240799 451.649902
v 476.933105 165.159882 452.579010
v 475.407288 165.051971 452.106964
v 476.056610 164.915588 450.167389
v 477.623108 164.789169 450.945068
v 477.490295 164.710327 452.087616
v 476.282501 164.627014 452.690857
v 475.258636 164.506256 451.434357
v 475.907745 164.418182 450.375793
v 477.073700 164.349686 450.325684
v 477.712463 164.232254 451.732971
v 476.377533 164.136368 452.696198
v 475.236664 164.004669 451.480743
v 477.514282 163.810638 450.742157
v 476.213989 163.896973 450.214386
v 477.577179 163.718048 452.007263
v 476.190491 163.610046 452.669769
v 475.272919 163.499924 451.328918
v 476.255554 163.397858 450.180420
v 477.599426 163.295013 450.895172
v 477.547607 163.213120 452.036560
v 477.673431 162.772568 451.169891
v 477.383575 162.697174 452.265503
v 476.289459 162.618500 452.623108
v 475.210327 162.514664 451.527924
v 476.403320 162.379349 450.162933
v 477.597870 162.292038 450.899780
v 477.516327 162.211685 452.105865
v 476.479797 162.132996 452.633850
v 475.404358 162.045914 452.003571
v 475.725464 161.936813 450.373718
v 477.331421 161.818710 450.532654
v 477.636261 161.722031 451.884857
v 476.779602 161.649277 452.610535
v 475.571014 161.566605 452.250153
v 475.392273 161.471802 450.936279
v 476.439850 170.728012 450.058960
v 475.259094 170.737305 450.690857
v 473.529602 169.127457 451.356476
v 477.259552 170.140244 449.220245
v 473.950531 169.904892 451.139587
v 475.176270 169.564285 448.918701
v 476.981415 169.524261 450.331573
v 476.012421 169.524261 452.525360
v 443.883209 170.779755 450.337952
v 444.066772 169.134415 454.355469
v 442.457733 169.131180 453.320862
v 441.754791 169.124222 451.588989
v 442.418640 169.125992 449.592804
v 444.737946 169.093658 448.461884
v 445.939972 169.663773 448.961823
v 446.186890 170.719559 450.543701
v 446.376404 170.682983 452.089569
v 447.035858 169.081863 449.560211
v 447.702759 169.113297 451.189423
v 443.997314 169.662064 448.797913
v 442.770294 170.260803 450.387909
v 443.378723 170.800674 451.667389
v 443.987152 161.166183 450.444794
v 443.499969 161.267212 451.668945
v 443.736847 161.019882 452.141296
v 444.284943 161.334763 452.598572
v 445.643951 161.216431 452.578644
v 446.138550 161.260605 451.384766
v 444.377930 168.974731 449.891693
v 445.865082 168.943161 450.334076
v 446.281616 168.794113 451.645660
v 446.403015 168.314224 451.266541
v 443.365051 168.501175 450.560699
v 444.995819 168.427551 449.877472
v 444.283173 167.958939 449.903320
v 446.157959 167.850739 450.581024
v 443.146484 167.572800 451.746002
v 444.123535 167.476318 449.945129
v 445.545837 167.389664 450.104401
v 446.362579 167.309494 451.427429
v 443.395966 167.014404 450.673218
v 444.861328 166.926483 449.788635
v 446.262756 166.829865 451.015259
v 443.127441 166.548965 451.214020
v 444.364960 166.462219 449.893188
v 446.126801 166.342438 450.532898
v 443.178101 166.022324 451.087891
v 444.216858 165.973236 449.958801
v 445.663391 165.885010 450.149109
v 446.311066 165.803024 451.509369
v 443.435638 165.514526 450.551331
v 445.228638 165.399673 449.844727
v 446.310944 165.300873 451.436249
v 444.288208 164.959290 449.845062
v 446.011505 164.852097 450.507050
v 446.209595 164.771637 452.115936
v 443.327606 164.661514 451.127869
v 444.082733 164.469772 449.977417
v 445.887390 164.373627 450.300323
v 446.244598 164.280777 451.826782
v 443.357330 164.159531 450.987518
v 444.260803 163.967712 449.914673
v 445.885284 163.852722 450.312225
v 446.262299 163.794159 451.813812
v 444.967377 163.421585 449.872101
v 443.553223 163.499603 450.407410
v 446.347412 163.323090 451.110901
v 443.642487 162.981979 450.170227
v 445.802826 162.877396 450.227295
v 443.231781 162.580246 451.843689
v 443.822083 162.480530 450.069519
v 445.631165 162.378098 450.140625
v 446.290527 162.320923 451.209442
v 443.204590 162.047226 450.998718
v 444.359131 161.960693 449.910767
v 445.677368 161.879028 450.170135
v 446.329926 161.798172 451.640869
v 445.411926 168.719269 452.879395
v 443.608215 168.624985 452.559113
v 445.233612 168.218033 452.942383
v 443.608398 168.102753 452.544617
v 443.231415 168.044098 451.043488
v 444.526306 167.671570 452.984802
v 445.940918 167.751007 452.449951
v 445.374451 167.206665 452.877411
v 443.422180 167.117447 452.433716
v 445.670258 166.730972 452.788391
v 443.862579 166.627563 452.715668
v 445.949219 166.268906 452.458679
v 444.094543 166.149979 452.957153
v 445.186707 165.705673 453.021362
v 443.361969 165.600266 452.210663
v 445.552856 165.238708 452.801453
v 444.014557 165.138779 452.812500
v 443.158600 165.062698 451.506592
v 444.884979 164.697388 452.972351
v 443.608337 164.617386 452.507965
v 443.594116 164.114502 452.589813
v 445.412933 164.232895 452.862183
v 445.269592 163.700256 452.920624
v 443.390228 163.625931 452.413666
v 445.192749 163.205643 453.019989
v 443.369476 163.100662 452.229126
v 446.267792 162.785019 451.914703
v 444.633087 162.676666 453.068237
v 445.748657 162.250565 452.660400
v 443.926514 162.126633 452.825958
v 445.342865 161.721909 452.876862
v 443.862610 161.628418 452.742920
v 443.182983 161.522949 450.951782
v 445.217865 161.107574 450.274078
v 444.992584 161.439453 449.809448
v 443.800293 162.868515 452.276001
v 445.370422 162.979263 452.503174
v 445.893829 163.099655 450.771881
v 443.803375 164.751404 450.633759
v 445.943634 166.530258 451.850891
v 445.915070 167.095291 450.857422
v 444.478149 167.204132 450.238708
v 444.507599 167.414230 452.638306
v 443.902802 168.748810 450.483978
v 443.150604 169.012726 451.107452
v 443.735443 168.889572 452.227936
v 445.580322 169.017715 452.426910
v 445.631622 168.631241 450.505432
v 445.780212 168.513718 452.113495
v 444.674561 168.420288 452.645264
v 443.710236 168.359970 452.069580
v 445.466736 168.125748 450.309845
v 443.674042 168.262848 450.779877
v 445.687500 168.005173 452.297119
v 444.033936 167.881241 452.447723
v 443.558044 167.796783 451.218750
v 444.307587 167.712540 450.284088
v 445.535309 167.627884 450.506500
v 445.902954 167.528061 452.004883
v 443.462280 167.297119 451.384796
v 445.087311 166.964935 452.709259
v 443.446716 166.806885 451.487854
v 444.479187 166.699631 450.239075
v 445.552795 166.625977 450.541809
v 444.728119 166.431870 452.640625
v 443.747772 166.356064 452.101471
v 443.670929 166.268112 450.811981
v 445.019073 166.163269 450.215607
v 445.995026 166.065018 451.450012
v 445.305450 165.970810 452.514771
v 443.880676 165.868851 452.340149
v 443.665283 165.763260 450.829865
v 445.249207 165.648422 450.226624
v 445.954376 165.546036 451.630585
v 445.064423 165.458145 452.625793
v 443.825562 165.366714 452.218140
v 443.611420 165.266983 450.901733
v 445.231018 165.159637 450.231537
v 445.904846 165.019745 452.064087
v 444.309143 164.903244 452.566071
v 445.465576 164.655518 450.320007
v 445.688873 164.482925 452.298798
v 444.174713 164.395172 452.520020
v 443.910767 164.243286 450.517517
v 445.570801 164.132309 450.439423
v 445.783630 164.004669 452.147064
v 443.533936 163.810318 451.446167
v 444.239960 163.896957 452.567322
v 444.120850 163.733810 450.350647
v 445.740173 163.610062 450.623352
v 445.663513 163.500031 452.245514
v 444.186249 163.397827 452.569366
v 443.545898 163.294998 451.188690
v 444.275848 163.213120 450.309692
v 443.652679 162.772537 450.924744
v 444.545349 162.697128 450.225830
v 445.632904 162.618515 450.600769
v 445.833099 162.514664 452.125275
v 444.058197 162.379349 452.494263
v 443.549866 162.292053 451.186157
v 444.342072 162.211700 450.273346
v 445.487762 162.132996 450.477509
v 445.965271 162.045990 451.627869
v 444.684723 161.928711 452.745544
v 443.541351 161.818558 451.591125
v 444.113678 161.722031 450.377136
v 445.234772 161.649261 450.315338
v 445.981049 161.566605 451.332245
v 445.330566 161.471741 452.487732
v 443.904175 170.649033 452.932587
v 445.527893 170.757706 452.522949
v 447.248199 169.083237 453.064697
v 445.681427 169.764709 453.956207
v 444.311523 170.577118 452.473633
v 444.767944 169.524261 450.245667
v 445.775482 169.524261 452.044891
v 443.632019 169.199982 -85.702881
v 446.233856 167.689407 -82.780457
v 444.610168 167.730057 -82.398438
v 443.148590 168.376190 -83.192871
v 442.215302 167.685043 -83.761719
v 441.758148 167.822495 -85.151428
v 442.684570 167.716141 -87.561768
v 443.279724 169.192841 -86.426514
v 443.410461 169.321960 -84.662109
v 444.643738 168.814697 -87.692261
v 444.863373 167.657440 -88.292542
v 446.861481 167.679428 -87.512268
v 445.744720 169.165985 -87.035583
v 443.642548 159.742661 -86.045837
v 445.164612 159.668243 -86.544373
v 444.263611 159.597275 -84.200012
v 443.897644 159.851395 -84.413391
v 445.954254 159.600571 -85.094299
v 445.227234 159.920609 -84.168091
v 446.038605 160.021957 -85.165344
v 445.955231 159.947601 -86.325195
v 443.613586 167.474243 -84.646912
v 443.215790 167.599335 -85.776367
v 445.775970 167.515732 -86.474915
v 444.228455 167.537598 -86.841125
v 445.926605 166.891479 -86.553528
v 443.155914 167.107574 -85.105713
v 443.886536 167.013489 -86.682983
v 445.805389 166.395279 -86.479492
v 443.067505 166.588226 -85.471680
v 444.670319 166.483246 -86.952271
v 443.965912 166.177734 -83.990906
v 443.167175 166.074677 -85.334229
v 443.821442 166.027283 -86.618530
v 445.362122 165.935959 -86.826904
v 443.235504 165.608795 -84.875427
v 443.847778 165.509857 -86.733765
v 445.706238 165.415375 -86.601807
v 443.248779 165.116135 -84.860962
v 443.517517 165.045639 -86.353638
v 444.816467 164.967239 -86.909790
v 446.008087 164.893066 -86.299866
v 443.290253 164.606216 -84.682556
v 443.437439 164.555832 -86.210083
v 444.708832 164.471207 -86.930908
v 446.044525 164.387253 -86.234802
v 443.172333 164.099976 -85.269043
v 444.145660 163.979492 -86.891846
v 446.307587 163.888672 -85.943115
v 443.342529 163.642227 -84.693176
v 443.464844 163.531525 -86.375305
v 445.587616 163.426483 -86.758301
v 443.160522 163.084335 -85.302185
v 443.967224 163.024811 -86.754883
v 445.938599 162.877731 -86.497559
v 443.288208 162.616852 -84.830261
v 443.445557 162.551971 -86.270630
v 444.978851 162.436768 -86.935303
v 446.187836 162.378357 -85.964539
v 443.983765 162.005753 -86.731812
v 443.178925 162.083771 -85.451843
v 445.831787 161.907272 -86.576355
v 443.385437 161.753250 -85.065430
v 443.371429 161.542297 -86.131958
v 444.864258 161.461517 -86.952515
v 443.788635 161.164398 -84.112549
v 443.180664 161.084076 -85.474792
v 444.269562 160.973618 -86.913208
v 445.845520 160.905121 -86.463806
v 443.154449 160.566391 -85.763184
v 444.581268 160.476151 -86.922241
v 446.325378 160.371918 -85.927917
v 446.333527 167.334457 -85.413330
v 445.631348 167.264404 -84.050110
v 444.250732 167.201263 -83.880615
v 446.047668 166.801285 -84.443298
v 444.475098 166.688858 -83.779724
v 445.509338 166.255768 -83.982910
v 446.315460 166.335190 -85.262939
v 446.388214 165.812820 -85.022339
v 444.540741 165.717911 -83.756653
v 446.303741 165.315170 -84.829407
v 444.541840 165.198441 -83.761841
v 446.256714 164.821854 -84.999084
v 445.084290 164.735962 -83.742188
v 446.058136 164.289261 -84.352966
v 444.113525 164.182098 -83.898010
v 445.719543 163.765762 -84.128723
v 444.328064 163.690872 -83.852295
v 446.296967 163.302231 -84.955688
v 445.220947 163.248901 -83.866089
v 443.913605 163.167755 -84.045471
v 444.528168 162.698730 -83.735901
v 446.144745 162.818375 -84.618530
v 446.063782 162.284378 -84.482605
v 444.259338 162.210083 -83.753296
v 446.062653 161.789856 -84.357178
v 444.131317 161.684891 -83.888000
v 446.253082 161.369232 -85.887329
v 445.645233 161.260788 -83.980896
v 446.289062 160.834778 -84.979553
v 445.356659 160.741180 -83.932983
v 443.924225 160.664108 -84.005127
v 445.243195 160.247009 -83.774902
v 443.211975 160.107086 -84.794556
v 444.054474 159.997635 -86.860535
v 444.503235 161.452698 -84.110596
v 445.892609 161.563461 -84.876831
v 445.265900 161.683807 -86.572876
v 443.579498 163.363190 -85.053040
v 445.522644 164.521179 -84.436462
v 443.946106 165.918732 -84.341858
v 445.735596 166.038193 -84.564941
v 444.305603 166.241653 -86.502441
v 443.890259 167.278915 -86.232910
v 445.607971 167.553680 -84.443481
v 444.164001 167.426483 -84.280396
v 445.002930 167.200073 -86.527283
v 445.960083 167.109741 -85.662964
v 445.435516 167.017700 -84.358459
v 444.104675 166.920288 -84.285400
v 443.546112 166.831970 -85.487610
v 444.191833 166.752396 -86.455139
v 445.364929 166.670929 -86.392212
v 445.993591 166.582077 -85.149963
v 444.796417 166.465729 -84.114990
v 443.472870 166.357773 -85.172852
v 445.705505 166.146149 -86.153870
v 443.673676 165.794769 -85.945312
v 445.176910 165.695633 -86.595154
v 445.945526 165.586441 -85.301392
v 445.010742 165.482178 -84.071716
v 443.556061 165.363129 -85.032898
v 444.200500 165.252487 -86.515076
v 445.538055 165.158112 -86.247009
v 445.960510 165.080582 -85.164917
v 445.151337 164.987564 -84.218262
v 443.833466 164.908035 -84.479919
v 443.659363 164.806137 -85.879822
v 444.918427 164.713852 -86.622498
v 445.958160 164.598770 -85.534424
v 444.514893 164.445419 -84.145447
v 443.577972 164.365372 -85.035645
v 444.129639 164.248840 -86.490845
v 445.838287 164.137009 -85.989929
v 445.539368 164.020050 -84.381287
v 444.010559 163.912079 -84.359924
v 443.579041 163.814941 -85.740906
v 444.941864 163.707031 -86.636902
v 445.979309 163.556122 -84.952942
v 444.507172 163.454529 -84.145447
v 444.051666 163.255707 -86.439331
v 445.758942 163.144501 -86.102661
v 445.796539 163.049744 -84.762634
v 444.390503 162.944824 -84.101868
v 443.531677 162.816406 -85.662659
v 444.486145 162.734848 -86.535095
v 445.619385 162.524048 -84.451477
v 445.809570 162.643585 -86.046204
v 444.231201 162.428101 -84.258545
v 443.542694 162.351196 -85.194458
v 444.240448 162.256546 -86.525330
v 445.497650 162.161194 -86.277954
v 445.965546 162.068069 -84.952026
v 444.576691 161.948547 -84.141357
v 443.629761 161.810501 -85.879211
v 443.570343 161.356720 -85.099182
v 443.860107 161.281403 -86.194275
v 445.294434 161.171936 -86.511963
v 445.968292 161.084534 -85.190857
v 444.840576 160.963531 -84.092102
v 443.646118 160.876205 -84.828735
v 443.727600 160.795868 -86.035339
v 444.764404 160.717148 -86.562927
v 445.839050 160.630142 -85.933350
v 445.491577 160.512787 -84.269287
v 443.684570 160.386749 -84.670532
v 443.868958 160.278946 -86.228821
v 445.216309 160.184525 -86.476868
v 444.910858 169.351486 -83.869385
v 446.079224 169.373901 -85.147156
v 447.729370 167.767456 -85.543945
v 446.904449 168.353867 -83.763062
v 444.720245 169.197510 -86.569519
v 444.262482 168.108429 -84.260620
v 445.231415 168.108429 -86.454407
v 477.063934 169.338318 -84.077576
v 476.049072 167.691513 -88.314941
v 479.051697 167.714996 -87.021545
v 479.489410 167.671295 -85.330017
v 477.957245 167.664001 -82.755798
v 476.160187 167.684433 -82.402466
v 475.850189 169.360565 -84.068359
v 478.214050 169.239609 -85.490295
v 474.776398 167.706818 -82.946716
v 474.677185 169.049225 -84.364807
v 473.703186 167.661774 -84.407654
v 476.979492 168.595093 -82.983398
v 478.664795 168.388138 -83.777893
v 477.256805 159.750366 -84.373901
v 477.743927 159.851364 -85.597961
v 477.507111 159.604050 -86.070190
v 476.958893 159.918930 -86.527710
v 475.599457 159.800613 -86.507446
v 475.105469 159.844727 -85.313599
v 477.451324 167.591248 -84.132935
v 475.735107 167.521179 -83.875916
v 475.044678 167.486725 -85.387451
v 474.977417 166.881256 -85.728638
v 477.916870 167.106735 -84.597473
v 476.383118 167.014359 -83.781311
v 475.341766 166.827576 -84.413330
v 477.991821 166.621262 -84.924377
v 476.960205 166.543655 -83.832031
v 475.086365 166.435608 -84.508850
v 478.097290 166.156952 -85.675049
v 476.943176 166.039764 -83.766174
v 475.179199 165.923294 -84.491150
v 475.050964 165.890457 -86.068848
v 477.993225 165.607895 -84.828979
v 476.382874 165.510864 -83.717712
v 474.981659 165.414413 -84.942505
v 478.116211 165.133423 -85.142578
v 476.878845 165.046448 -83.822266
v 475.116150 164.927429 -84.462646
v 478.102448 164.627792 -85.106567
v 477.025787 164.556183 -83.886902
v 475.578918 164.471130 -84.080017
v 474.932617 164.387390 -85.435608
v 477.192719 164.049301 -83.931274
v 475.189667 163.957138 -84.316711
v 477.818176 163.591949 -84.359436
v 475.837097 163.487381 -83.901123
v 474.947540 163.400238 -85.186035
v 477.161133 163.054047 -83.906494
v 475.099640 162.940125 -84.438354
v 478.153412 162.646088 -85.521118
v 476.982391 162.551819 -83.843384
v 475.357513 162.436951 -84.242737
v 474.981567 162.378387 -85.742798
v 476.276520 162.005768 -83.801147
v 477.690643 162.083786 -84.336548
v 474.896454 161.907257 -85.039917
v 477.601288 161.566223 -84.099243
v 475.441040 161.461563 -84.156372
v 478.012207 161.164413 -85.772522
v 477.675476 161.084122 -84.319336
v 475.939148 160.973587 -83.828857
v 474.953369 160.905121 -85.138367
v 478.047516 160.634781 -85.065125
v 477.166260 160.554749 -83.949646
v 475.897858 160.605972 -83.999146
v 474.837067 160.390610 -85.218506
v 475.832733 167.304382 -86.808777
v 477.637085 167.207748 -86.485962
v 476.010864 166.801880 -86.871704
v 477.669220 166.690659 -86.448364
v 476.717743 166.255600 -86.913818
v 475.302856 166.335388 -86.379028
v 476.377563 165.762054 -86.937927
v 477.772430 165.698334 -86.263306
v 475.572144 165.314850 -86.716492
v 477.381287 165.211166 -86.644592
v 475.459534 164.819351 -86.626648
v 477.257904 164.822968 -86.706055
v 475.712463 164.308701 -86.723206
v 477.444183 164.204178 -86.647766
v 478.059601 164.147522 -85.230591
v 475.196106 163.845184 -86.247437
v 476.462158 163.765457 -86.924011
v 477.780518 163.695343 -86.264587
v 475.503998 163.300980 -86.614075
v 477.020599 163.249588 -86.832581
v 478.104858 163.147736 -85.549500
v 475.285248 162.840714 -86.339722
v 476.653015 162.753540 -86.937195
v 475.974152 162.284409 -86.849609
v 477.853577 162.210114 -86.342896
v 476.051025 161.789871 -86.949036
v 477.874573 161.684875 -86.158020
v 474.976288 161.369171 -85.843872
v 476.611389 161.260742 -86.997437
v 475.495178 160.834747 -86.589478
v 477.317322 160.710770 -86.755127
v 475.900940 160.306061 -86.805847
v 477.380981 160.212616 -86.672180
v 478.060760 160.107025 -84.880554
v 476.025970 159.691742 -84.203125
v 476.251282 160.023682 -83.738525
v 477.549835 161.439346 -85.984314
v 476.071381 161.543701 -86.581055
v 475.350006 161.683838 -84.700928
v 477.576324 163.365234 -84.617798
v 476.040741 165.732391 -84.237854
v 476.885498 165.974426 -86.552063
v 476.890228 167.292801 -84.155945
v 478.080017 167.608322 -85.497864
v 477.735748 167.404831 -85.659790
v 476.357330 167.558182 -86.612793
v 475.533539 167.194931 -84.632507
v 475.370758 167.110199 -85.846313
v 476.701019 167.016724 -86.613342
v 477.717438 166.904556 -85.550293
v 477.262665 166.820007 -84.431152
v 475.938446 166.731598 -84.232361
v 475.577545 166.587845 -86.174744
v 476.678986 166.504990 -86.537109
v 477.604919 166.430786 -85.889099
v 477.248505 166.317184 -84.310120
v 475.649475 166.209274 -84.474915
v 475.360565 166.104980 -85.955383
v 477.716248 165.906708 -85.471802
v 477.187042 165.815414 -84.359314
v 475.292542 165.664597 -85.094360
v 475.711456 165.573471 -86.273010
v 476.835449 165.494308 -86.518494
v 477.703064 165.407272 -85.589966
v 477.261444 165.321442 -84.416748
v 475.622375 165.224380 -84.379517
v 475.435150 165.095413 -85.974792
v 477.506104 164.943481 -86.134155
v 477.499573 164.846725 -84.687439
v 476.292023 164.749649 -84.117615
v 475.329987 164.660370 -85.079346
v 477.390533 164.454056 -86.230286
v 475.752808 164.568390 -86.388977
v 477.612640 164.359726 -84.866455
v 476.358185 164.258896 -84.092468
v 475.314545 164.158676 -85.103516
v 475.978485 164.051193 -86.560486
v 477.475433 163.941910 -86.065491
v 477.660217 163.868286 -84.927124
v 476.120605 163.757904 -84.104858
v 475.349457 163.601105 -86.014404
v 477.210724 163.458679 -86.401367
v 475.952362 163.225998 -84.255371
v 475.260101 163.135880 -85.476440
v 477.504669 162.940369 -86.169617
v 476.045898 163.049332 -86.473267
v 477.473877 162.846329 -84.635925
v 476.186066 162.743011 -84.153687
v 476.347534 162.524078 -86.606384
v 475.234222 162.643539 -85.450073
v 477.769562 162.410446 -85.602722
v 477.009674 162.302261 -84.244446
v 475.503662 162.194290 -84.552490
v 475.580658 162.084167 -86.175110
v 477.057861 161.982010 -86.498230
v 477.697906 161.879166 -85.117493
v 476.967865 161.797287 -84.238708
v 477.591309 161.356766 -84.854248
v 476.698914 161.281372 -84.155029
v 475.610779 161.202667 -84.529968
v 475.329163 161.123322 -85.708679
v 476.522461 161.011093 -86.634705
v 477.635925 160.917862 -85.745178
v 477.558777 160.845444 -84.740723
v 475.725952 160.711197 -84.413574
v 475.290985 160.631073 -85.588318
v 476.517914 160.520981 -86.664124
v 477.702820 160.402908 -85.568848
v 477.130371 160.306183 -84.306396
v 476.009277 160.233459 -84.244263
v 475.262848 160.150787 -85.261230
v 475.913513 160.055878 -86.416992
v 477.394653 169.335388 -86.580444
v 474.924957 169.214661 -86.145691
v 475.672577 168.720459 -87.516479
v 477.264191 168.317566 -87.913330
v 473.836761 167.757629 -86.828552
v 475.301575 169.177765 -85.450867
v 477.630188 169.187149 -85.509705
v 476.516449 168.108429 -86.556519
v 476.475983 168.108429 -84.174744
v 287.301788 212.762909 334.409363
v 284.736420 213.062988 334.498199
v 283.869659 214.264236 337.299530
v 286.706146 212.566895 337.248779
v 288.599121 213.703842 337.290771
v 289.199677 216.171371 337.257996
v 285.184662 214.666473 337.317749
v 288.246185 215.102692 334.355469
v 287.310364 214.165985 324.432373
v 285.530701 213.990982 334.355469
v 285.432251 214.380890 324.463257
v 285.163696 216.282959 324.550964
v 285.514282 216.843521 334.355469
v 287.220642 216.512650 324.399841
v 288.052490 215.484589 324.747437
v 287.497040 217.982101 334.482056
v 287.100433 218.000290 337.300690
v 284.600342 217.489929 337.223572
v 285.341705 217.790649 334.412292
v 283.800079 216.036789 334.429199
v 287.773712 216.075302 337.320740
v 286.510925 216.833282 337.320740
v 285.234924 216.129654 337.322510
v 286.460846 213.888123 337.320740
v 287.749420 214.602585 337.321869
v 289.351288 215.166977 334.422424
v 287.189545 214.036819 335.480469
v 287.735901 216.082382 335.480469
v 285.851593 216.696365 335.480469
v 285.235901 214.639008 335.480469
v 301.005676 216.245041 286.269287
v 299.201599 217.957291 286.304077
v 297.360504 217.994186 286.236816
v 295.549469 215.347763 286.255249
v 295.791077 216.238541 283.420532
v 297.630432 218.022827 283.455048
v 300.396515 217.304886 283.418274
v 301.038147 214.535080 283.481964
v 297.017822 215.985535 283.383789
v 299.393616 216.650681 286.355469
v 299.431824 216.576050 295.969574
v 297.881561 216.666687 296.261230
v 297.251862 216.506119 286.355469
v 296.919067 215.261627 296.291229
v 297.080231 214.366989 286.355469
v 298.471741 213.806442 296.142029
v 299.640778 214.180023 286.355469
v 299.787720 215.290634 296.283142
v 300.331879 213.298798 286.268677
v 298.904144 212.572937 283.420959
v 297.363190 212.785385 286.303406
v 296.058105 213.851715 283.447937
v 299.670959 214.646088 283.390228
v 298.408203 213.888123 283.390198
v 297.134277 214.604416 283.414429
v 298.358124 216.833282 283.390228
v 299.646667 216.118790 283.389099
v 299.086792 216.684586 285.230469
v 299.633148 214.639008 285.230469
v 297.748810 214.025040 285.230469
v 297.133148 216.082382 285.230469
v 287.301788 212.762894 69.609375
v 284.736420 213.062973 69.698181
v 283.869659 214.264236 72.499512
v 286.706146 212.566895 72.448730
v 288.599121 213.703873 72.490753
v 289.199646 216.171371 72.458008
v 285.120544 214.735870 72.527191
v 288.246185 215.102692 69.555481
v 287.287842 214.180023 59.594421
v 285.530701 213.990982 69.555481
v 285.432251 214.380890 59.663269
v 285.163696 216.282959 59.750977
v 285.514282 216.843521 69.555481
v 287.875336 216.163879 59.715912
v 287.497070 217.982117 69.682037
v 287.100433 218.000275 72.500671
v 284.600342 217.489929 72.423553
v 285.341705 217.790665 69.612305
v 283.800079 216.036789 69.629211
v 287.773712 216.075317 72.520752
v 286.510925 216.833282 72.520752
v 285.237000 216.116974 72.496521
v 286.460846 213.888123 72.520752
v 287.749420 214.602600 72.521851
v 289.351318 215.166977 69.622437
v 287.189545 214.036819 70.680481
v 287.735901 216.082382 70.680481
v 285.851593 216.696365 70.680481
v 285.235901 214.639008 70.680481
v 301.005676 216.245041 21.469299
v 299.201630 217.957275 21.504059
v 297.360504 217.994186 21.436829
v 295.549469 215.347763 21.455200
v 295.791077 216.238541 18.620544
v 297.630432 218.022842 18.655029
v 300.396515 217.304901 18.618286
v 301.038177 214.535080 18.681946
v 297.102051 216.108521 18.572693
v 299.393616 216.650681 21.555481
v 299.431824 216.576050 31.169556
v 297.885620 216.632950 31.514221
v 297.251862 216.506119 21.555481
v 296.878387 215.244553 31.413940
v 297.080231 214.366989 21.555481
v 298.471741 213.806427 31.342041
v 299.640778 214.180023 21.555481
v 299.787720 215.290634 31.483124
v 300.331879 213.298798 21.468658
v 298.904144 212.572922 18.620941
v 297.363190 212.785385 21.503387
v 296.058105 213.851715 18.647949
v 299.670959 214.646088 18.590210
v 298.408203 213.888123 18.590210
v 297.125519 214.600922 18.595276
v 298.358124 216.833282 18.590210
v 299.646667 216.118805 18.589081
v 299.086792 216.684586 20.430481
v 299.633148 214.639008 20.430481
v 297.748810 214.025040 20.430481
v 297.133148 216.082382 20.430481
v 299.755157 223.325134 54.419403
v 299.577057 223.274353 57.319489
v 298.086761 223.229141 52.813904
v 295.648499 223.291962 53.447723
v 294.561523 223.258347 55.215759
v 294.580902 220.450531 55.061066
v 296.469055 220.413986 52.906769
v 299.369324 220.482254 53.542328
v 296.008087 220.398453 54.861267
v 298.991577 223.360703 55.902832
v 298.164734 233.308609 54.465515
v 297.143463 223.360703 53.893829
v 296.367615 233.163956 54.325531
v 295.702087 223.360703 55.647888
v 296.337097 233.211533 56.814789
v 296.933746 223.360703 57.094391
v 298.635773 233.239410 56.271057
v 299.642548 220.451981 57.240753
v 295.941925 223.267380 58.078247
v 297.086517 220.406219 58.264282
v 295.134888 220.431259 57.183014
v 298.597137 220.395447 56.270081
v 297.334381 220.395447 57.028046
v 296.058350 220.393692 56.324402
v 297.284302 220.395447 54.082886
v 298.572845 220.394318 54.797363
v 298.807678 222.235687 55.502899
v 296.514648 222.235687 54.284149
v 296.675018 222.235687 56.891174
v 289.957825 223.304169 54.290680
v 290.140961 223.259506 56.475800
v 287.725037 223.243698 52.685699
v 285.317322 223.303864 54.077118
v 285.180817 220.407333 54.120880
v 287.555267 220.432755 52.743195
v 290.161499 220.497772 54.400696
v 286.194397 220.389008 54.930664
v 289.070312 223.360703 54.922516
v 288.904572 233.329437 55.069366
v 287.268097 223.360703 53.998474
v 286.884033 233.200195 54.173920
v 285.873627 223.360703 55.796204
v 286.200287 233.229523 56.129974
v 288.138885 223.360703 57.121704
v 287.551819 233.209473 56.970490
v 288.990845 232.975555 56.301483
v 289.353699 220.410782 57.802734
v 287.599548 223.284409 58.466583
v 285.502991 220.439621 57.555267
v 284.830994 223.251984 56.205566
v 288.847565 220.395432 56.270050
v 287.584778 220.395447 57.028046
v 286.310852 220.419662 56.311737
v 287.534668 220.395447 54.082886
v 288.823273 220.394318 54.797394
v 289.058105 222.235672 55.502899
v 286.765076 222.235687 54.284119
v 286.925415 222.235687 56.891174
v 289.620056 223.282410 33.555847
v 290.140961 223.259506 36.475800
v 285.913757 223.317261 33.240356
v 285.859039 220.401031 33.275909
v 284.834503 220.418213 35.946777
v 289.078735 220.460266 33.243317
v 286.194366 220.389008 34.930634
v 288.924072 223.360703 34.567902
v 288.804108 233.228790 34.711914
v 286.569763 233.193146 34.302460
v 286.638306 223.360703 34.235321
v 286.271820 223.360703 36.722198
v 286.649078 233.171356 36.811523
v 288.673218 223.360703 36.682129
v 288.582092 233.319138 36.538757
v 290.358490 220.413254 36.211548
v 287.599518 223.284409 38.466583
v 287.806915 220.416977 38.294891
v 285.671448 220.627518 37.700287
v 284.830994 223.251984 36.205566
v 288.847565 220.395447 36.270050
v 287.584778 220.395447 37.028046
v 286.310852 220.419678 36.311768
v 287.534668 220.395447 34.082886
v 288.823273 220.394318 34.797394
v 289.058105 222.235687 35.502899
v 286.765076 222.235687 34.284119
v 286.925415 222.235672 36.891144
v 300.010101 223.323029 34.898376
v 298.000702 223.269669 32.796600
v 295.147522 223.274536 33.827423
v 295.148346 220.440430 33.803711
v 297.171906 220.376297 32.866791
v 299.370483 220.488602 33.528290
v 296.008087 220.398453 34.861237
v 298.556915 233.257416 34.775238
v 297.722992 223.360703 33.867615
v 297.361755 232.974792 33.951080
v 295.882843 233.224777 35.086365
v 295.709595 223.360703 35.375000
v 296.361847 233.314972 36.579865
v 296.679077 223.360703 37.008728
v 298.300171 233.248184 36.680389
v 298.756958 223.360703 36.400116
v 298.721771 223.243698 38.059052
v 299.533966 220.396210 37.382538
v 296.499359 220.486740 38.215820
v 296.010284 223.294601 37.936737
v 294.653320 220.453171 36.348267
v 294.640076 223.255630 36.187195
v 298.597137 220.395447 36.270081
v 297.334381 220.395447 37.028046
v 296.058350 220.393692 36.324402
v 297.284302 220.395447 34.082886
v 298.572876 220.394318 34.797363
v 298.807678 222.235703 35.502899
v 296.514648 222.235687 34.284149
v 296.674988 222.235687 36.891113
v 300.023865 223.304047 300.756958
v 299.335999 223.325134 298.576324
v 297.195435 223.269684 297.513611
v 294.770874 223.242828 299.237305
v 294.515503 220.467422 300.135254
v 296.389648 220.432266 297.670563
v 299.481110 220.429871 298.587036
v 299.624054 220.403290 302.001099
v 296.008087 220.398453 299.661255
v 298.611267 233.251755 299.772858
v 297.974854 223.360703 298.823944
v 297.632141 232.974808 298.783020
v 295.537231 223.360703 300.305573
v 296.234039 233.256989 299.411377
v 296.300659 233.214981 301.543915
v 298.513824 223.360703 301.731049
v 298.351746 233.295547 301.301117
v 298.524872 223.252090 303.014648
v 296.239105 220.458664 303.020081
v 295.065430 223.282990 302.027161
v 298.597137 220.395447 301.070068
v 297.334351 220.395447 301.828064
v 296.058350 220.393692 301.124420
v 297.284271 220.395447 298.882874
v 298.572845 220.394318 299.597351
v 298.807678 222.235687 300.302887
v 296.514618 222.235687 299.084137
v 296.675018 222.235687 301.691162
v 290.292450 223.216507 299.530823
v 288.040741 223.293900 297.628601
v 285.535614 223.306808 298.534149
v 284.832672 220.465683 299.706116
v 287.599609 220.433914 297.446045
v 290.297729 220.408478 299.881958
v 286.194397 220.389008 299.730652
v 289.180054 223.360703 300.258789
v 288.309875 233.311386 299.217773
v 287.803406 223.360703 298.790283
v 286.801636 233.265686 299.117493
v 285.787628 223.360703 300.305573
v 285.928833 232.982620 300.371826
v 286.968414 233.244064 301.671387
v 287.855591 223.360703 301.937927
v 288.951965 233.246597 301.036926
v 289.517609 220.472626 302.375305
v 289.826630 223.299713 301.880676
v 287.339203 223.305389 303.185242
v 286.024811 220.407623 302.787018
v 284.751495 223.249084 300.814697
v 288.847565 220.395432 301.070068
v 287.584747 220.395447 301.828064
v 286.310852 220.419678 301.111755
v 287.534668 220.395447 298.882874
v 288.823273 220.394318 299.597412
v 289.058105 222.235672 300.302887
v 286.765045 222.235687 299.084137
v 286.925415 222.235687 301.691162
v 300.141052 223.306564 320.171173
v 298.081146 223.228790 317.618073
v 295.720856 223.300888 318.189941
v 294.477509 223.264465 320.418213
v 294.980988 220.449005 318.724426
v 298.166931 220.454361 317.657318
v 300.140869 220.431274 320.453003
v 296.000824 220.397888 319.667847
v 298.265930 232.982620 319.034485
v 297.583923 223.360703 318.604065
v 296.610046 233.296280 319.144958
v 295.682220 223.360703 320.731018
v 295.753784 232.965958 320.237427
v 296.846497 233.295349 321.795929
v 298.513824 223.360703 321.731018
v 298.709442 233.315277 320.636719
v 298.598083 223.310883 322.742462
v 298.424042 220.487183 322.902649
v 296.528992 223.240341 323.102051
v 296.252930 220.426315 322.850555
v 294.712677 220.412933 321.171631
v 298.597137 220.395447 321.070068
v 297.334351 220.395447 321.828064
v 296.088593 220.395279 321.145538
v 297.284302 220.395447 318.882904
v 298.572845 220.394318 319.597382
v 298.807678 222.235703 320.302917
v 296.514618 222.235687 319.084167
v 296.675018 222.235687 321.691132
v 290.468292 223.274780 320.349854
v 288.512817 223.262833 317.777863
v 285.907013 223.335144 318.117310
v 284.736542 223.090744 320.175262
v 284.847717 220.421692 320.023621
v 286.034454 220.504913 317.942688
v 289.394836 220.404846 318.188171
v 290.226868 220.461319 320.986542
v 286.194397 220.389008 319.730652
v 289.087921 223.360703 321.101501
v 288.310944 223.360703 318.960876
v 287.477814 233.187454 318.885620
v 286.313782 223.360703 319.291168
v 286.073181 233.209564 320.052155
v 286.529724 223.360703 321.669861
v 286.955658 233.255936 321.670868
v 288.855774 233.336426 321.002441
v 289.123535 232.981461 319.921509
v 288.317688 220.443787 323.082306
v 287.955597 223.312408 323.137390
v 285.458740 223.291672 322.149475
v 285.492310 220.423569 322.150757
v 288.847565 220.395432 321.070068
v 287.584747 220.395447 321.828064
v 286.310852 220.419678 321.111755
v 287.534668 220.395447 318.882874
v 288.823273 220.394318 319.597412
v 289.058075 222.235687 320.302917
v 286.765045 222.235687 319.084167
v 286.925415 222.235687 321.691162
v 307.383148 229.660690 69.555481
v 302.184113 222.164566 69.555481
v 302.184113 226.660706 69.555481
v 304.336517 222.542328 69.555481
v 303.918304 226.297165 69.555481
v 279.902557 222.322159 69.555481
v 295.846558 221.660767 69.555481
v 282.639771 226.882034 69.555481
v 285.728790 217.239639 69.280731
v 281.232727 222.404617 69.555481
v 277.485901 229.660690 69.555481
v 292.458221 215.289688 69.555481
v 280.886780 225.934708 69.555481
v 287.901794 216.821838 69.324402
v 279.457886 226.760803 69.555481
v 305.445343 226.771500 69.555481
v 281.743073 219.237442 69.555481
v 288.120178 214.165665 69.307892
v 289.544220 209.920822 69.555481
v 286.018372 213.378174 69.328552
v 284.505585 209.588654 69.555481
v 284.501404 214.867950 69.361481
v 280.743195 212.917953 69.555481
v 303.405609 222.066849 69.555481
v 297.707428 217.808914 21.574097
v 302.184113 226.660706 21.555481
v 281.463409 222.066849 21.555481
v 304.966522 222.322159 21.555481
v 280.950775 226.297180 21.555481
v 277.485901 229.660690 21.555481
v 279.416016 226.780960 21.555481
v 307.383148 229.660690 21.555481
v 282.684906 226.660706 21.555481
v 303.921997 226.316727 21.555481
v 300.341278 215.842621 21.786682
v 303.126007 219.237411 21.555481
v 280.532532 222.542343 21.555481
v 305.417786 226.769272 21.555481
v 299.295074 212.893173 21.584778
v 303.705627 222.312790 21.555481
v 289.022461 221.660782 21.555481
v 282.684906 222.164566 21.555481
v 292.410828 215.289795 21.555481
v 304.240112 213.437225 21.555481
v 300.857971 209.714523 21.555481
v 295.324829 209.920822 21.555481
v 296.441772 214.772339 21.740234
v 302.196381 221.905136 27.695374
v 302.214874 221.890213 63.400391
v 301.888245 220.985992 25.355469
v 282.849915 221.483978 65.755493
v 282.668976 221.905273 63.415619
v 282.660889 221.900848 27.688782
v 293.952393 219.956467 56.642120
v 289.781250 220.012192 58.387177
v 300.984131 219.860703 63.255493
v 299.691254 220.014359 58.164490
v 300.716156 219.974121 55.061768
v 289.824921 219.926285 52.919800
v 294.794403 219.962692 33.193542
v 290.366302 220.005280 33.289673
v 290.899475 219.986038 54.799347
v 298.997864 219.989136 52.512939
v 300.883301 219.949066 36.024841
v 300.984131 219.860703 27.855499
v 290.628448 219.959717 37.162537
v 284.278137 220.020355 56.696838
v 283.884918 219.860703 63.255493
v 286.924377 219.938492 52.126343
v 284.395111 219.959930 36.956512
v 284.153412 219.863083 54.252380
v 298.397644 220.000381 32.115570
v 295.164185 219.984528 52.703674
v 284.153412 219.863083 34.252380
v 283.884918 219.860703 27.855499
v 286.213684 220.005066 58.729492
v 286.213654 220.005066 38.729492
v 296.316559 219.981979 58.854004
v 298.828247 219.989502 38.596283
v 286.680206 219.978348 32.227692
v 296.313599 219.960510 38.865631
v 288.508545 219.964905 38.855591
v 293.840302 219.995102 36.345398
v 306.183136 226.660706 51.937164
v 305.383148 226.660706 39.173798
v 307.383148 226.660706 39.173798
v 307.173187 229.374527 41.211761
v 306.802216 219.553558 41.272980
v 306.383148 229.660690 39.173767
v 306.049805 229.660690 51.937164
v 298.498413 229.487625 56.966492
v 299.112366 229.501892 55.229340
v 295.599365 229.490631 34.856903
v 286.004974 229.497589 56.558075
v 277.485901 229.660690 51.937164
v 278.819244 229.660690 39.173767
v 288.993347 229.489624 34.288513
v 279.556854 229.660736 50.889008
v 298.840942 229.469330 34.392212
v 287.542542 229.504532 57.373810
v 289.414673 229.512207 55.255096
v 286.184326 229.536163 54.150238
v 296.271729 229.516098 57.164398
v 286.241119 229.475937 34.112732
v 297.159760 229.512573 33.715179
v 288.318268 229.473251 53.921082
v 288.894440 229.488815 56.832916
v 279.271423 229.670364 40.814758
v 298.974518 229.551636 36.363892
v 289.180603 229.538620 36.421051
v 295.908295 229.520981 36.817566
v 305.576050 229.668182 40.803528
v 297.921295 229.494354 53.760620
v 295.469330 229.538635 55.210663
v 297.686218 229.539139 37.348175
v 285.989960 229.496246 36.515198
v 287.597076 229.486969 37.424957
v 277.485901 226.660706 39.173798
v 278.168579 219.573593 49.851074
v 277.999023 219.540207 41.281708
v 277.839417 229.515717 49.851654
v 277.748901 229.396027 41.208771
v 278.685913 226.660706 51.937164
v 307.120178 229.396027 49.902222
v 306.814331 219.551178 49.836395
v 279.485901 226.660706 39.173798
v 305.889954 227.570755 41.025604
v 305.597534 229.670364 50.296295
v 305.875336 227.577438 50.096893
v 278.993744 227.577408 41.014038
v 279.009583 227.587845 50.102234
v 292.417542 215.276932 25.355469
v 288.784027 221.767456 25.355469
v 299.016754 217.071701 25.355469
v 303.954926 217.727554 25.355469
v 300.148499 215.408615 25.355469
v 304.128326 212.704330 25.355469
v 298.521942 213.396072 25.355469
v 299.658173 209.393082 25.355469
v 295.190277 210.087219 25.355469
v 296.545837 215.952560 25.355469
v 298.760132 213.519928 22.192841
v 296.999512 216.499893 22.165375
v 299.077972 217.042068 22.171417
v 296.084991 221.767441 65.755493
v 287.067871 217.089951 65.755493
v 288.303375 214.833008 65.755493
v 292.451508 215.276871 65.755493
v 289.253937 209.767517 65.755493
v 285.893188 213.600723 65.755493
v 284.230591 209.690460 65.755493
v 280.622681 213.223312 65.755493
v 284.722870 216.042511 65.755493
v 281.097534 218.224884 65.755493
v 298.860809 223.493774 34.400116
v 298.908203 223.523193 36.717041
v 296.769562 223.508942 37.358246
v 295.503326 223.481522 36.120697
v 295.671753 223.496948 34.678314
v 296.851501 223.523331 33.716858
v 294.258942 223.360703 37.372101
v 298.401367 223.360687 38.809448
v 300.837189 223.360703 35.156586
v 297.933868 223.360703 32.230621
v 294.805603 223.360703 33.280365
v 298.653748 223.888794 54.404053
v 299.232758 223.464096 55.400665
v 298.157288 223.499313 57.291992
v 296.058258 223.508072 56.997772
v 295.545166 223.504944 54.638916
v 296.417480 229.356140 53.993378
v 297.790253 223.473022 53.687836
v 294.258942 223.360703 57.372040
v 297.823944 223.360672 58.853821
v 300.305542 223.360703 57.126282
v 299.962006 223.360703 53.290497
v 295.364868 223.360703 52.584930
v 288.359772 223.465408 33.797150
v 289.512878 223.512405 35.906677
v 288.006958 223.512955 37.365387
v 286.588684 223.472031 37.188690
v 285.638184 223.514450 35.468353
v 286.880890 223.527466 33.756836
v 284.128845 223.360703 35.648499
v 286.372498 223.360718 38.777618
v 290.101013 223.360703 37.862305
v 290.445038 223.360703 33.486664
v 286.194153 223.360703 32.406677
v 284.776917 220.172089 33.636902
v 288.713013 223.525528 53.958649
v 289.318726 223.493088 56.338654
v 287.615509 223.504684 57.492004
v 285.839325 223.527512 56.493835
v 286.277008 223.523529 54.071228
v 284.282349 223.360703 56.204712
v 286.372498 223.360718 58.777588
v 290.101013 223.360703 57.862274
v 290.310333 223.360703 53.204987
v 285.409454 223.360703 52.808960
v 284.979889 220.167358 53.434387
v 277.485901 229.660690 286.355469
v 280.532532 222.542343 286.355469
v 280.950775 226.297180 286.355469
v 304.966522 222.322159 286.355469
v 302.184113 226.660706 286.355469
v 297.707397 217.808960 286.374084
v 300.341278 215.842636 286.586700
v 303.126007 219.237411 286.355469
v 282.684906 226.660706 286.355469
v 303.705627 222.312790 286.355469
v 307.383148 229.660690 286.355469
v 303.921997 226.316727 286.355469
v 299.295074 212.893127 286.384766
v 305.411224 226.760834 286.355469
v 279.423767 226.771469 286.355469
v 292.410828 215.289795 286.355469
v 304.240112 213.437225 286.355469
v 289.022461 221.660782 286.355469
v 282.684906 222.164566 286.355469
v 281.463409 222.066849 286.355469
v 300.857971 209.714523 286.355469
v 295.324829 209.920822 286.355469
v 296.441772 214.772339 286.540283
v 279.902557 222.322159 334.355469
v 303.405609 222.066849 334.355469
v 285.728821 217.239639 334.080750
v 280.952698 226.322571 334.355469
v 277.485901 229.660690 334.355469
v 282.684906 226.660706 334.355469
v 307.383148 229.660690 334.355469
v 295.846558 221.660767 334.355469
v 302.184113 226.660706 334.355469
v 302.184113 222.164566 334.355469
v 303.918304 226.297150 334.355469
v 305.453094 226.781006 334.355469
v 279.451324 226.769241 334.355469
v 292.458221 215.289688 334.355469
v 304.336517 222.542328 334.355469
v 281.232727 222.404617 334.355469
v 287.901794 216.821823 334.124390
v 281.743073 219.237442 334.355469
v 288.120148 214.165665 334.107880
v 289.544220 209.920822 334.355469
v 286.018372 213.378189 334.128540
v 284.505585 209.588654 334.355469
v 284.501404 214.867966 334.161469
v 280.743195 212.917953 334.355469
v 282.672668 221.905136 328.215576
v 282.654175 221.890213 292.510559
v 282.849915 221.483978 330.555481
v 301.888245 220.985992 290.155457
v 302.200073 221.905289 292.495300
v 302.208160 221.900848 328.222168
v 283.884918 219.860703 292.655457
v 290.773712 219.985901 321.860168
v 294.537079 219.965546 318.262390
v 285.148132 220.017700 322.826660
v 283.884918 219.860703 328.055481
v 284.089661 219.988480 319.319763
v 300.707306 219.958755 299.691650
v 300.984131 219.860703 292.655457
v 293.926666 219.988144 321.216309
v 294.211151 219.972214 298.619598
v 297.043121 219.985031 296.914429
v 287.072418 219.990845 296.974945
v 284.082550 219.974289 299.317200
v 290.428070 219.990005 298.217865
v 297.969757 219.997131 316.850586
v 284.944000 219.959259 302.627441
v 287.440186 219.985062 316.896118
v 298.753113 220.000885 323.569214
v 300.984131 219.860703 328.055481
v 300.853271 219.986176 320.082275
v 299.444305 219.989136 297.668976
v 287.693695 219.969467 323.824127
v 295.455322 219.967911 323.260254
v 290.944611 219.935486 301.050995
v 290.548553 219.915894 318.490631
v 288.566620 220.001129 303.785339
v 300.034210 219.948105 302.445312
v 294.060364 219.962418 301.583344
v 297.093018 220.017960 303.903107
v 278.685913 226.660706 303.973785
v 279.485901 226.660706 316.737183
v 277.485901 226.660706 316.737183
v 277.695862 229.374527 314.699158
v 278.066803 219.553558 314.637970
v 305.312195 229.660751 305.021912
v 307.383148 229.660690 303.973816
v 286.476990 229.477341 298.801514
v 278.819244 229.660690 303.973785
v 297.779236 229.498703 298.491943
v 295.996338 229.518890 301.801941
v 288.655975 229.512772 318.808228
v 297.348206 229.497253 322.294373
v 288.426880 229.511673 321.959473
v 286.804077 229.488113 322.065521
v 289.383087 229.501602 300.558105
v 288.573029 229.529099 298.782288
v 295.695648 229.486572 299.416077
v 296.734711 229.499100 318.622498
v 306.049805 229.660690 316.737152
v 298.600250 229.477341 318.969635
v 299.083221 229.495773 320.802368
v 289.364166 229.489944 320.599609
v 298.735809 229.531235 301.672729
v 278.485901 229.660690 316.737152
v 305.597565 229.670364 315.096252
v 285.702759 229.492325 320.234955
v 286.680634 229.523514 318.754944
v 279.292999 229.665939 315.107483
v 286.798279 229.512680 302.073944
v 279.271454 229.671082 305.614746
v 285.728394 229.527969 300.500275
v 288.425659 229.523117 301.966919
v 295.371216 229.499771 320.326843
v 307.383148 226.660706 316.737183
v 306.700470 219.573608 306.059875
v 306.870026 219.540192 314.629242
v 307.263733 229.164032 305.973755
v 307.120148 229.396027 314.702179
v 306.183136 226.660706 303.973785
v 277.748840 229.395996 306.008728
v 278.054688 219.551163 306.074524
v 305.383148 226.660706 316.737183
v 278.979126 227.570786 314.885437
v 278.993774 227.577454 305.814026
v 305.875366 227.577393 314.896912
v 305.859467 227.587830 305.808655
v 306.314178 229.662231 305.956604
v 288.784027 221.767456 290.155457
v 296.084991 221.767441 330.555481
v 287.067871 217.089951 330.555481
v 288.303375 214.833008 330.555481
v 292.451508 215.276871 330.555481
v 289.253937 209.767517 330.555481
v 285.893188 213.600723 330.555481
v 284.230591 209.690460 330.555481
v 280.622681 213.223312 330.555481
v 284.722870 216.042511 330.555481
v 281.097534 218.224884 330.555481
v 292.417542 215.276932 290.155457
v 299.016754 217.071701 290.155457
v 303.954926 217.727554 290.155457
v 300.148499 215.408615 290.155457
v 304.128326 212.704330 290.155457
v 298.521942 213.396072 290.155457
v 299.658173 209.393082 290.155457
v 295.190277 210.087219 290.155457
v 296.545837 215.952560 290.155457
v 298.760132 213.519928 286.992859
v 296.999512 216.499893 286.965393
v 299.077972 217.042068 286.971436
v 286.521881 223.883652 321.819397
v 285.668732 223.485931 320.518982
v 286.167175 223.493271 319.125427
v 287.498383 223.487198 318.471741
v 288.934418 223.510025 319.106262
v 289.431427 223.484634 320.794434
v 287.613312 223.482132 322.361633
v 287.912079 223.360657 316.895020
v 284.744385 223.360703 318.556396
v 284.562378 223.360703 322.139526
v 288.078430 223.360703 323.698456
v 291.171936 223.360703 320.561737
v 286.350525 223.500626 301.848389
v 285.701599 223.499084 300.105042
v 286.588318 223.888763 298.875732
v 287.267303 223.446655 298.349243
v 289.009064 223.481842 299.176788
v 289.402863 223.486786 300.862793
v 288.154541 223.506531 302.135742
v 290.170624 223.360703 298.127747
v 285.589722 223.360718 297.311768
v 284.315247 223.360703 300.993256
v 286.098175 223.360703 303.460846
v 290.382690 223.360703 302.508545
v 295.778320 223.497757 321.534302
v 295.774445 223.479034 319.105255
v 296.886383 223.888779 318.636658
v 298.280457 223.497772 318.734772
v 299.215790 223.492661 320.208130
v 298.114044 223.512573 322.149719
v 299.210358 223.360703 317.650024
v 296.217285 223.360687 317.101501
v 293.882904 223.360703 320.157227
v 295.392426 223.360703 323.091919
v 298.674866 223.360703 323.504272
v 300.740204 223.360703 320.262451
v 295.778320 223.497757 301.534302
v 295.611511 223.488708 299.536377
v 296.886353 223.888763 298.636658
v 297.761566 223.451920 298.379333
v 298.817841 229.443985 299.304504
v 299.178741 223.496307 300.098541
v 298.185028 223.516174 302.136414
v 298.496552 223.360718 297.133331
v 294.313904 223.360703 298.449585
v 294.590363 223.360703 302.297119
v 298.153076 223.360703 303.804077
v 300.740204 223.360703 300.262482
v 457.905151 92.590286 310.821655
v 455.960144 96.655350 315.646423
v 465.637787 96.668129 305.062683
v 463.142883 95.786926 303.791443
v 461.316376 96.882851 303.186432
v 459.102844 96.143906 303.451965
v 456.197906 96.883156 304.889893
v 455.319397 95.998863 305.866119
v 453.455536 96.845955 310.569946
v 454.270508 95.853798 312.939697
v 459.451324 92.489044 314.256378
v 462.600494 92.491852 314.213135
v 457.450500 92.491692 307.812683
v 459.233307 96.764435 317.445435
v 462.498108 96.090950 317.254517
v 466.285156 96.718285 315.114807
v 457.609344 94.072960 315.381378
v 456.711975 92.579437 312.093140
v 459.996033 94.476738 316.473877
v 454.889130 94.090660 309.521942
v 463.669067 94.426575 315.929504
v 457.204193 93.985672 305.675171
v 456.700439 96.882805 309.005646
v 456.894196 121.586937 310.104980
v 458.416321 96.882805 313.844513
v 458.549438 121.106133 313.923401
v 462.146790 96.882805 314.194885
v 462.270966 121.087540 314.148682
v 464.830933 96.882805 311.610565
v 464.060028 121.626160 312.308472
v 464.734497 121.096802 309.011444
v 464.073517 96.882805 307.941040
v 462.358459 121.087547 306.597412
v 460.816589 96.882805 306.131348
v 458.991333 121.547638 306.865967
v 467.111267 96.673187 307.005096
v 461.167114 92.552681 306.035339
v 463.607758 92.471710 307.312683
v 466.116058 93.978378 307.826813
v 464.872406 92.480698 310.882385
v 467.854706 96.656593 312.008301
v 467.798981 96.125259 309.630188
v 466.278412 93.660187 311.820831
v 460.059998 93.879181 304.669434
v 464.485535 93.799019 306.027222
v 462.099121 92.597717 307.872040
v 463.603516 92.590332 310.239502
v 462.300903 92.590340 312.727570
v 459.294159 92.590332 307.983337
v 459.468079 92.564133 312.867432
v 463.584900 95.562805 309.604553
v 462.841522 95.562805 312.393951
v 461.540863 95.562805 307.566071
v 460.054138 95.562805 313.144897
v 458.753510 95.562805 308.317017
v 458.010132 95.562805 311.106415
v 463.541229 121.894463 308.103638
v 459.821014 121.896606 313.632690
v 457.879517 92.573669 46.102081
v 466.679230 96.760818 41.331055
v 464.027405 96.247154 39.247284
v 460.945618 96.647270 38.286102
v 458.002441 95.774048 39.208344
v 455.664124 96.697968 40.436920
v 453.791656 96.706871 43.722290
v 453.730469 96.673256 46.977417
v 454.878265 95.948730 49.304108
v 456.796661 92.485146 44.021912
v 460.855499 92.326065 49.210632
v 463.984894 92.500557 48.297424
v 462.739410 93.971748 51.055450
v 457.844879 92.542480 48.774994
v 455.000580 94.078545 44.008759
v 456.740540 96.690155 51.486420
v 460.423309 96.679031 52.821564
v 464.978455 96.715759 51.518707
v 458.575165 93.888214 51.016632
v 455.484406 93.614014 46.993805
v 465.658661 94.765678 49.768860
v 457.470795 93.609650 41.235474
v 457.243439 121.088272 43.476929
v 458.244507 96.882805 42.347717
v 456.689728 96.882805 45.367981
v 457.238647 121.687195 46.886902
v 458.977386 96.882805 49.528015
v 458.603821 121.090973 49.031738
v 461.825836 121.583313 49.312531
v 463.912048 96.882805 48.318787
v 464.060028 121.626167 47.508453
v 464.820038 96.882805 44.701935
v 464.786652 121.090973 44.563751
v 462.222717 96.882805 41.579010
v 462.688507 121.090981 41.905701
v 459.168457 121.816681 42.186371
v 462.392120 94.220184 39.739471
v 459.893829 92.575348 41.240692
v 464.438721 92.440338 43.189148
v 466.177429 94.053368 43.041229
v 466.276062 93.604797 46.100311
v 467.854706 96.656593 47.208282
v 467.722229 95.925865 44.596863
v 464.861847 94.193710 41.084229
v 462.099152 92.597725 43.072052
v 463.603516 92.590332 45.439484
v 462.300903 92.590332 47.927582
v 459.294128 92.590340 43.183380
v 463.584900 95.562805 44.804535
v 462.841522 95.562805 47.593964
v 461.540863 95.562805 42.766083
v 460.054138 95.562805 48.344879
v 458.753510 95.562805 43.516998
v 458.010132 95.562805 46.306396
v 463.658569 121.904793 43.588959
v 126.975632 92.573677 310.971558
v 131.082489 96.882034 308.534424
v 117.253021 96.708481 312.643127
v 118.653938 96.019257 314.833557
v 121.052933 96.737335 316.948181
v 125.290649 96.791756 317.512817
v 129.682648 96.742126 314.915131
v 130.600098 95.212288 311.992950
v 131.128113 96.218620 309.663757
v 128.225555 92.479881 310.689362
v 126.510750 92.494019 306.862366
v 121.287872 92.570557 306.869141
v 124.582741 93.666595 304.677551
v 125.315254 92.472099 314.433777
v 129.701492 94.018074 308.569977
v 129.415192 95.769608 305.902283
v 126.642693 95.996315 303.739197
v 121.455849 95.925941 303.794067
v 128.567108 93.597252 313.582275
v 126.492081 95.239349 316.676941
v 126.152184 96.882805 313.849854
v 126.457100 121.544189 313.419739
v 128.273911 96.882805 310.783752
v 128.275055 121.120384 309.546814
v 126.311462 96.882805 306.845642
v 124.963608 121.662949 306.650208
v 121.241547 96.882805 307.026062
v 122.807281 121.087540 306.487518
v 120.493080 121.687981 308.926178
v 120.173859 96.882805 311.665955
v 120.315216 121.096802 312.143311
v 122.788269 96.882805 314.316467
v 123.003677 121.656006 314.060577
v 120.414757 92.678299 313.215393
v 119.877754 92.483032 310.013550
v 118.122681 94.069778 309.825806
v 118.296951 96.800873 306.066040
v 117.025665 96.697144 308.873108
v 118.568840 94.710670 307.159943
v 122.718208 93.970375 316.098145
v 118.597755 93.915298 312.245392
v 121.436241 92.590340 309.384766
v 124.548470 92.590340 313.123047
v 121.915886 92.597717 312.148468
v 123.594559 92.590340 307.587891
v 125.933830 92.527748 308.132263
v 121.923904 96.883179 303.542480
v 127.303391 96.882851 303.935333
v 126.933517 95.562805 310.732727
v 125.175804 95.562805 313.022644
v 125.829224 95.562805 308.065552
v 122.313812 95.562805 312.645416
v 122.967232 95.562805 307.688293
v 121.209518 95.562805 309.978210
v 127.427818 121.886909 309.648102
v 297.922699 9.960711 46.702667
v 297.998749 11.420151 46.396027
v 297.973724 9.910645 48.429932
v 297.942566 5.909091 45.670166
v 297.935333 7.382340 47.526489
v 298.016541 5.774021 48.156158
v 298.052429 6.941833 42.259491
v 297.926239 9.234864 43.763947
v 297.996613 9.700616 42.526978
v 297.937225 7.003475 43.782196
v 298.043671 4.555292 44.757324
v 298.277985 7.774570 49.136780
v 301.750641 9.882660 48.692017
v 301.840179 6.198111 48.519592
v 301.833710 4.675614 46.132904
v 301.845886 5.311964 43.391296
v 301.814697 8.628082 47.181854
v 288.523834 5.874812 45.749298
v 288.487671 8.113824 47.763397
v 288.013123 9.850385 45.711670
v 288.154694 9.071196 44.025452
v 288.072876 6.919488 43.986206
v 301.789978 8.418331 42.022156
v 298.257385 11.288987 43.917877
v 301.844238 11.158088 43.956299
v 301.848358 11.347806 46.678497
v 301.816132 7.565915 43.904938
v 301.870850 9.209005 44.244507
v 301.861359 6.935157 46.891479
v 301.885498 6.356093 45.156769
v 301.867218 9.781564 45.845947
v 299.674286 9.637619 44.808441
v 299.690277 6.380618 45.136078
v 299.687927 6.857648 46.801147
v 287.913239 7.454803 47.021271
v 287.434509 209.579132 47.347351
v 287.321808 207.886765 47.408600
v 287.267303 210.791962 49.199829
v 287.383728 213.671814 47.461731
v 287.434509 212.337555 44.028259
v 287.359131 213.179230 42.927094
v 287.434509 212.566406 46.880432
v 287.334839 209.765869 42.213470
v 287.365051 207.380478 44.848145
v 287.434509 209.084763 44.064423
v 287.089966 214.414703 45.336426
v 283.539978 213.449020 43.041229
v 283.547272 209.603485 42.271149
v 283.539978 207.203506 45.356934
v 283.517975 212.437393 44.759918
v 297.358887 209.515182 44.195740
v 297.290497 212.071671 44.118347
v 296.853302 212.959900 45.757843
v 297.259827 211.696487 47.157257
v 297.230652 210.010330 47.252655
v 296.838562 208.831329 46.044678
v 283.536072 209.125397 48.581604
v 283.562714 211.825607 48.890228
v 283.547272 214.066086 46.901428
v 283.489197 210.779282 43.788696
v 283.562958 209.378754 46.462494
v 283.530701 211.147385 47.259430
v 283.488831 209.266663 44.786224
v 285.684509 211.443954 47.188141
v 285.684509 209.329178 44.689453
v 285.684509 210.829178 43.823425
v 285.684509 212.329178 44.689453
v 297.940338 6.368776 311.630554
v 298.003662 6.006416 313.201233
v 297.926239 9.234853 308.563934
v 298.001495 6.710365 307.210144
v 298.086395 9.752052 307.128174
v 298.033203 11.594440 311.016205
v 297.995422 9.531289 313.516113
v 297.922119 10.078883 310.950989
v 297.930206 8.428624 312.403076
v 297.940125 6.409192 308.947083
v 298.042389 4.913260 308.921021
v 298.293610 4.586085 311.291260
v 301.792542 9.143365 313.744141
v 301.830475 5.571605 312.868256
v 301.833862 4.645759 309.995239
v 301.858002 5.918508 307.625916
v 301.765106 8.430911 312.021301
v 288.154144 6.008804 310.613586
v 288.040863 7.565605 312.136108
v 287.992004 9.400412 311.581970
v 288.503510 10.020175 309.630798
v 288.503784 7.481756 308.229004
v 301.788879 8.917300 306.901062
v 301.785889 11.199368 308.887451
v 301.845276 11.346087 311.519043
v 301.816132 7.565908 308.704956
v 301.870850 9.208999 309.044495
v 301.918213 6.785948 311.553894
v 301.885498 6.356091 309.956757
v 301.860687 9.806019 310.846802
v 299.674286 9.637617 309.608429
v 299.690277 6.380618 309.936096
v 299.687927 6.857648 311.601135
v 287.908478 8.425611 308.848450
v 287.434509 209.344528 311.857697
v 287.329041 207.582779 311.982056
v 287.242310 214.129974 311.840088
v 287.363281 211.318298 313.842865
v 287.385254 213.828857 308.709290
v 287.434509 212.376633 312.017517
v 287.282806 211.584702 306.829865
v 287.434509 212.102783 308.529175
v 287.318054 208.143280 308.099701
v 287.434509 208.949615 309.213257
v 283.529419 213.012589 307.681824
v 283.623596 209.788345 306.840454
v 283.508026 207.757294 308.772766
v 283.522247 207.492065 311.203064
v 283.499054 212.455795 309.607971
v 297.231659 209.359406 309.221313
v 296.853302 211.121811 308.235260
v 297.392059 212.272095 309.292114
v 296.846191 212.660095 311.401306
v 297.294952 211.098724 312.223328
v 297.183777 209.038788 311.087463
v 283.575470 209.438278 313.627686
v 283.519012 212.552368 313.371399
v 283.528870 214.371170 310.480103
v 283.469849 210.806366 308.587341
v 283.570343 209.318970 311.140228
v 283.554535 210.963821 312.138123
v 283.489441 209.318161 309.450073
v 285.684509 211.443924 311.988159
v 285.684509 209.329178 309.489441
v 285.684509 210.829178 308.623413
v 285.684509 212.329178 309.489441
v 455.380402 96.382805 45.021942
v 455.889465 109.482811 43.327332
v 457.837097 96.382805 40.987610
v 460.237610 109.482811 39.925812
v 462.523010 96.382805 40.392883
v 465.699768 109.482811 43.049133
v 465.909607 96.382805 43.685730
v 465.037109 109.482811 49.301483
v 464.849884 96.382805 49.503265
v 458.908661 109.482811 50.727142
v 457.850464 96.382805 50.384705
v 455.684113 109.482811 47.260284
v 456.994171 96.382805 43.712982
v 457.102570 109.982811 43.614441
v 460.149506 109.982811 41.379303
v 460.372375 96.382805 41.350769
v 464.803925 109.982811 43.634521
v 464.709534 96.382805 43.589081
v 463.811401 96.382805 48.604950
v 464.073395 109.982811 48.071594
v 461.089081 109.982811 49.771545
v 459.813446 96.382805 49.611572
v 457.112488 109.982811 47.747162
v 457.102600 96.382805 47.496521
v 470.815216 109.711975 46.542633
v 469.675354 109.753647 50.384125
v 466.450317 109.720909 53.892761
v 462.427185 109.732811 55.495728
v 456.812195 109.793159 54.940094
v 452.673798 109.716141 51.741638
v 450.714294 109.628647 46.468689
v 451.449677 109.762810 41.714935
v 455.414520 109.630959 36.831512
v 458.426849 109.982811 35.602539
v 462.055176 109.482811 35.518860
v 466.580688 109.746696 37.093262
v 470.225189 109.765419 41.915283
v 455.293274 96.382805 310.224304
v 455.227356 109.482811 310.072937
v 457.837128 96.382805 305.787598
v 457.997528 109.482811 305.749634
v 462.280029 109.482811 305.117950
v 462.523041 96.382805 305.192932
v 465.816681 109.482811 308.248993
v 465.909607 96.382805 308.485748
v 465.705505 109.482811 312.583679
v 465.599701 96.382805 312.803406
v 462.150177 109.482811 315.692505
v 461.894501 96.382805 315.750854
v 457.533081 109.482811 314.644653
v 457.342438 96.382805 314.492615
v 456.994171 96.382805 308.512970
v 457.102570 109.982811 308.414429
v 459.813477 109.982811 306.299377
v 460.023529 96.382805 306.254120
v 463.811401 109.982811 307.305969
v 463.972168 96.382805 307.473755
v 464.866608 109.982811 311.288696
v 464.859741 96.382805 311.122192
v 462.916840 96.382805 314.011810
v 461.832123 109.982811 314.588318
v 457.776245 96.382805 313.602478
v 457.112488 109.982811 312.547119
v 470.561462 109.766594 313.544861
v 466.138000 109.770691 319.026978
v 459.601105 109.655228 320.469421
v 455.109131 109.753647 318.755035
v 451.860504 109.693336 315.072449
v 450.713104 109.753647 311.457825
v 451.449707 109.762810 306.514893
v 454.675110 109.732811 302.301727
v 459.167847 109.720909 300.415222
v 463.797607 109.762810 300.715576
v 467.299591 109.732811 302.700500
v 470.581482 109.658485 307.256531
v 331.509094 337.688995 25.243042
v 250.090347 256.577393 16.896088
v 349.850281 295.628296 290.355499
v 349.857758 295.613373 330.354767
v 350.013519 291.775208 340.226746
v 349.735718 295.552795 25.555481
v 349.768677 295.546844 65.555481
v 349.863953 294.542267 16.735718
v 283.003235 238.918259 340.230438
v 276.788696 240.240540 337.757996
v 268.687653 242.999664 340.233337
v 277.514954 239.984940 333.193420
v 290.036774 237.530701 330.352722
v 344.866516 271.121002 330.355469
v 343.380859 268.827698 340.230438
v 331.980469 253.727203 340.230438
v 330.735901 252.581497 330.355469
v 316.294678 243.146591 340.230438
v 314.745575 242.467087 330.355469
v 298.023346 238.232437 340.230438
v 273.829224 241.241440 330.355469
v 261.125732 247.163727 333.178162
v 261.031494 247.370911 330.355469
v 251.680206 255.118225 333.201538
v 250.277527 256.628540 330.355469
v 245.218582 261.843353 340.237305
v 252.386749 254.439255 337.680847
v 257.240112 250.219025 340.230438
v 241.488190 268.827698 330.355469
v 235.504654 286.636993 340.233032
v 236.025177 284.939056 330.355469
v 234.996170 295.621826 25.556000
v 235.030746 295.637482 65.555481
v 235.015854 295.544189 290.355499
v 235.008469 296.320709 16.736053
v 235.049225 295.560516 330.354858
v 239.033691 273.329712 65.555481
v 240.002487 271.121063 290.355469
v 255.991653 250.578247 65.555481
v 254.133133 252.581497 290.355469
v 270.123444 242.467102 290.355469
v 277.506470 239.932495 65.555481
v 293.640442 237.653412 290.355469
v 296.337494 238.092743 65.555481
v 314.745575 242.467087 65.555481
v 316.294678 243.146591 290.355469
v 334.130341 255.413940 65.555481
v 335.763855 257.188385 290.355469
v 347.882446 279.309265 65.555481
v 347.065674 277.576019 290.355469
v 237.803360 277.576019 16.730469
v 240.151489 270.673981 25.557281
v 249.919067 256.922394 22.730408
v 253.998917 252.674896 25.557312
v 279.847656 239.252213 22.728149
v 269.371185 242.857697 25.555481
v 260.293060 247.787033 22.730499
v 283.003235 238.918259 25.555481
v 279.952148 239.442749 16.861053
v 348.843872 284.939117 25.555481
v 344.866516 271.121002 16.730469
v 343.380859 268.827698 25.555481
v 331.980469 253.727203 25.555481
v 330.735901 252.581497 16.730469
v 316.294678 243.146591 25.555481
v 314.745575 242.467087 16.730469
v 298.023346 238.232437 25.555481
v 296.337494 238.092743 16.730469
v 305.021667 351.621429 22.727661
v 301.865784 351.955261 25.055481
v 304.902039 351.434326 16.876343
v 315.497589 348.015961 25.055481
v 323.837585 343.502563 22.730499
v 334.778687 334.296173 16.896088
v 342.478394 323.754852 25.556274
v 250.762726 335.401276 16.732574
v 268.574493 347.727020 25.055481
v 270.123688 348.406555 16.730469
v 286.845947 352.641144 25.055481
v 288.531708 352.780823 16.730469
v 239.033661 317.543762 25.555481
v 238.352600 314.897461 16.730469
v 239.033661 317.543762 290.355469
v 240.002457 319.752380 65.555481
v 252.888565 337.146362 290.355469
v 254.133072 338.292023 65.555481
v 268.574493 347.727020 290.355469
v 270.123688 348.406555 65.555481
v 291.228607 353.220123 290.355469
v 288.531708 352.780823 65.555481
v 312.337311 349.697693 65.555481
v 314.745392 348.406555 290.355469
v 334.130310 335.459656 290.355469
v 331.980469 337.146362 65.555481
v 345.835358 317.543762 65.555481
v 346.516388 314.897491 290.355469
v 348.746490 306.693420 25.555481
v 347.065674 313.297546 16.730469
v 254.268005 339.448486 330.981323
v 253.264893 337.635895 330.571411
v 250.277527 334.244995 340.230438
v 264.979401 346.169464 340.230438
v 270.123688 348.406555 330.855469
v 286.845947 352.641144 340.230438
v 294.802979 353.342621 330.846222
v 306.221405 351.029785 340.219574
v 307.942810 350.612854 337.718567
v 307.347900 350.889801 333.193420
v 312.849915 349.259247 330.799500
v 323.183807 344.019379 333.183044
v 333.005219 336.045410 333.190948
v 334.591492 334.244995 330.355469
v 337.069244 331.719971 340.235046
v 332.481903 336.435089 337.681213
v 323.960114 343.506256 340.229736
v 345.835358 317.543793 330.355469
v 346.516388 314.897552 340.230438
v 235.802643 304.886932 340.230438
v 240.002457 319.752380 330.355469
v 241.488129 322.045746 340.230438
v 320.113312 345.954468 338.000122
v 259.718079 248.204941 337.912384
v 270.370209 354.632294 328.355469
v 257.947937 362.909332 328.355469
v 290.435272 368.757843 328.355469
v 247.842377 357.162384 328.355469
v 290.250946 358.813171 328.355469
v 290.843109 362.909821 328.355469
v 255.278809 346.927246 328.355469
v 249.607742 351.493683 328.355469
v 284.735992 376.273407 328.355469
v 251.402054 369.291382 328.355469
v 261.702301 368.040253 328.355469
v 259.873474 376.602570 328.355469
v 323.357452 376.889374 328.355469
v 323.172546 368.053802 328.355469
v 328.669556 347.280701 328.355469
v 332.513702 348.719543 328.355469
v 326.712311 362.985779 328.355469
v 336.902466 355.662750 328.355469
v 332.688080 370.711975 328.355469
v 293.977814 369.067963 328.355469
v 301.659790 376.838104 328.355469
v 308.469513 356.299927 328.355469
v 293.843109 362.913849 328.355469
v 294.366333 358.900696 328.355469
v 252.082840 340.040619 328.227295
v 253.364105 340.236572 328.313873
v 254.010406 342.228333 328.296753
v 251.622910 343.545013 328.299927
v 250.478134 341.197723 328.299835
v 291.967957 373.507874 328.321289
v 293.201355 373.783661 328.191681
v 293.973785 375.294586 328.204041
v 293.588074 376.523438 328.292053
v 292.409790 376.942474 328.193085
v 290.929138 374.307739 328.175720
v 290.664185 375.714447 328.247437
v 314.498779 354.632324 27.555481
v 326.921143 362.909363 27.555481
v 337.026672 357.162384 27.555481
v 294.025940 362.909821 27.555481
v 329.590240 346.927246 27.555481
v 335.261353 351.493774 27.555481
v 333.467010 369.291290 27.555481
v 323.166718 368.040253 27.555481
v 324.995575 376.602570 27.555481
v 300.133057 376.273407 27.555481
v 294.618073 358.813202 27.555481
v 294.433807 368.757843 27.555481
v 261.511566 376.889374 27.555481
v 263.600433 368.565033 27.555481
v 256.199493 347.280701 27.555481
v 252.355377 348.719543 27.555481
v 258.355865 364.160461 27.555481
v 288.577576 372.834076 27.555481
v 282.286194 377.007202 27.555481
v 252.180954 370.711975 27.555481
v 247.966583 355.662720 27.555481
v 276.399536 356.299927 27.555481
v 291.025940 362.913849 27.555481
v 290.502716 358.900696 27.555481
v 290.512085 368.750092 27.555481
v 332.925812 339.992859 27.660278
v 331.457733 340.504150 27.779449
v 330.814484 341.753174 27.601929
v 331.555084 343.063934 27.695312
v 334.359680 341.797821 27.684326
v 333.369598 343.240021 27.678894
v 293.801422 374.056946 27.660400
v 291.092163 374.275665 27.661438
v 292.392029 373.612030 27.776245
v 291.136932 376.448517 27.605560
v 292.784271 377.041016 27.589691
v 294.067200 376.022430 27.692993
v 246.751831 358.888611 65.555481
v 246.745789 358.946930 25.055481
v 259.308777 377.995392 65.555481
v 261.364014 378.449127 25.055481
v 251.140244 371.823578 25.055481
v 250.142273 369.970337 65.555481
v 334.605530 370.424408 65.555481
v 334.928589 369.855469 25.055481
v 325.783875 377.905304 25.055481
v 325.103119 378.130005 65.555481
v 338.256439 359.002350 65.555481
v 338.309998 358.659271 25.055481
v 335.079102 338.376556 25.341187
v 336.684967 341.037506 25.282745
v 248.299713 340.851624 25.222137
v 250.899963 337.968201 25.388824
v 253.554733 337.855286 25.247925
v 253.947311 341.337006 27.785767
v 251.399033 343.404846 27.604614
v 250.660858 341.153687 27.599213
v 252.741028 340.022034 27.602203
v 253.083832 343.318634 27.768738
v 254.053024 342.495544 27.578613
v 246.487823 336.576904 25.510132
v 250.564972 343.657623 25.063782
v 338.489227 336.477112 25.499939
v 258.198883 362.958313 25.055481
v 335.159363 340.723999 25.092651
v 333.504791 343.504913 25.340302
v 253.568649 344.053894 25.060577
v 326.902740 362.874512 25.055481
v 330.248810 342.880585 25.077393
v 290.232788 374.043610 25.071106
v 263.954071 368.662018 25.055481
v 294.394104 373.194916 25.103333
v 323.253845 368.069550 25.055481
v 294.291809 377.123047 25.065826
v 331.406677 339.461243 25.062683
v 291.077271 377.352966 25.065216
v 259.701324 366.042236 25.055481
v 250.288712 340.248779 25.066101
v 254.629196 340.216553 25.110992
v 332.383301 339.968719 25.890625
v 334.251770 341.273407 25.863983
v 330.974091 342.492218 25.928497
v 291.986938 373.508453 25.928497
v 294.166107 374.800659 25.863983
v 293.343506 376.791748 25.878815
v 291.033630 376.113037 25.878815
v 251.042419 340.783478 25.864777
v 253.131775 340.266632 25.878815
v 253.824661 342.947388 25.925598
v 251.025269 342.937134 25.878845
v 246.019089 336.118805 27.555481
v 338.645508 342.145538 27.555481
v 339.034851 338.991913 65.555481
v 291.025940 362.913849 64.055481
v 258.464569 364.407471 64.055481
v 258.062469 363.730621 65.555481
v 326.933960 362.880310 65.555481
v 326.895233 362.892639 64.055481
v 294.025940 362.909821 64.055481
v 294.481842 368.754700 64.055481
v 263.781952 368.641266 65.555481
v 263.771057 368.592377 64.055481
v 290.632446 368.766235 64.055481
v 318.783234 253.995102 340.216583
v 305.292145 248.149185 340.237885
v 277.172119 248.777664 340.236115
v 294.008514 246.414185 340.236298
v 247.126083 276.674957 340.236237
v 243.511581 291.091461 340.217834
v 245.507248 310.117615 340.228088
v 266.693970 337.207275 340.207886
v 279.616333 342.672546 340.251831
v 264.455322 255.209167 340.236206
v 255.718079 262.768585 340.240234
v 291.130005 344.411224 340.249084
v 306.126465 342.553284 340.215576
v 341.409027 298.598175 340.210205
v 257.138092 329.405457 340.325378
v 335.226013 319.178619 340.229065
v 327.617401 261.376953 340.291412
v 328.711670 328.349731 340.250519
v 319.262543 336.424103 340.210571
v 251.510361 322.306824 340.229462
v 333.247131 268.374573 340.232361
v 250.747787 252.557541 16.879211
v 276.120148 237.851517 16.914490
v 261.928833 243.604553 16.906738
v 308.739655 353.019867 16.913452
v 322.989990 347.311584 16.954865
v 334.115936 338.314484 16.869324
v 323.369171 367.970276 64.055481
v 323.050110 368.133972 65.555481
v 339.604187 335.377625 27.560211
v 243.481400 332.864105 27.557526
v 245.891006 339.343872 65.555481
v 232.020020 308.086029 25.556671
v 236.970764 322.088837 25.551270
v 234.102432 314.289520 46.336761
v 236.784805 321.526031 65.556183
v 232.194153 308.414825 65.554962
v 227.377060 299.685638 65.555725
v 228.246048 301.241638 46.332092
v 230.982025 305.591217 48.718994
v 227.437317 299.833710 25.555450
v 229.036133 302.424622 43.294617
v 227.135757 295.825226 25.555481
v 227.135757 295.825226 65.555481
v 230.299774 295.820953 47.274567
v 229.559677 295.821960 44.872955
v 232.814148 295.817566 46.120300
v 231.666077 295.819092 43.773743
v 232.916672 310.223724 42.965485
v 228.310638 299.823792 46.819214
v 231.792831 299.818939 48.581055
v 232.910202 299.817413 43.142731
v 229.391678 299.821960 42.906250
v 234.166382 299.815704 45.880035
v 232.270416 299.685974 47.047760
v 232.863022 299.401978 45.166595
v 232.652008 299.722046 44.044891
v 230.031052 299.679871 44.012177
v 229.275299 299.729401 45.250031
v 230.082718 299.681274 47.146790
v 255.971481 347.029449 64.055481
v 274.945892 355.898193 64.055481
v 290.422699 358.818878 64.055481
v 248.009781 357.283020 64.055481
v 284.955078 376.293945 64.055481
v 261.385864 376.927979 64.055481
v 252.183289 370.554291 64.055481
v 250.211945 350.822052 64.055481
v 308.634308 356.256226 64.055481
v 329.304169 346.991547 64.055481
v 332.891907 370.602661 64.055481
v 335.104187 351.112457 64.055481
v 336.980438 357.234192 64.055481
v 294.538269 358.895264 64.055481
v 323.578186 376.805267 64.055481
v 297.826935 374.239014 64.055481
v 303.719452 377.098053 64.055481
v 357.734070 295.648285 25.555481
v 347.227966 323.367493 25.552521
v 352.595978 308.458099 25.555817
v 357.509735 299.484772 25.555389
v 352.081421 295.655945 45.002106
v 352.702545 295.655121 46.994904
v 357.734070 295.648285 65.555481
v 355.053680 295.651917 46.783325
v 354.587036 295.652588 43.801788
v 356.675140 300.997070 46.554718
v 357.453217 299.616028 65.555481
v 353.784058 305.793823 48.565155
v 352.846313 307.920929 65.554718
v 350.846039 313.991394 46.605011
v 348.122192 321.479614 65.556213
v 355.309235 303.050323 42.773254
v 351.601624 311.401123 43.435760
v 352.227020 299.534607 44.452820
v 353.950928 299.516571 43.643524
v 355.190613 299.246735 44.640411
v 355.505585 299.499054 46.373962
v 353.448395 299.530182 47.432709
v 352.028473 299.510345 46.250000
v 351.227112 299.657135 43.489563
v 351.622803 299.656525 47.959595
v 355.377625 299.651398 42.991425
v 356.706726 299.649811 45.356201
v 355.624054 299.651062 47.970978
v 253.747391 341.380524 43.555481
v 250.783234 342.196045 43.555481
v 253.119873 343.128204 43.555481
v 252.342209 340.353333 43.555481
v 251.763702 340.380402 28.218262
v 251.195038 342.797272 28.185699
v 293.828125 374.572083 43.555481
v 293.505035 376.400635 43.555481
v 291.044434 375.876801 43.555481
v 292.269592 373.797089 43.555481
v 291.760925 376.550659 28.185699
v 334.155426 341.078613 43.555481
v 331.571625 340.652588 43.555481
v 331.969666 343.239929 43.555481
v 338.117188 358.888702 290.355469
v 338.123230 358.947021 330.855469
v 333.728790 371.823578 330.855469
v 325.560242 377.995392 290.355469
v 323.505035 378.449127 330.855469
v 334.726776 369.970367 290.355469
v 263.364716 378.581757 330.855469
v 250.263474 370.424347 290.355469
v 249.940430 369.855438 330.855469
v 256.890137 376.568085 330.855469
v 259.765930 378.130005 290.355469
v 246.612610 359.002380 290.355469
v 246.559052 358.659271 330.855469
v 250.081924 338.185547 330.586243
v 248.202499 340.639923 330.742554
v 336.558441 340.653503 330.355469
v 336.356873 339.915985 330.855469
v 333.538574 337.873138 330.529388
v 330.751068 338.168854 330.720825
v 330.941071 341.187775 328.238098
v 333.910217 342.768616 328.151428
v 334.194214 341.164703 328.307129
v 332.705383 340.001617 328.310150
v 333.086975 343.535339 328.317932
v 330.972900 342.820099 328.291992
v 338.346680 336.622009 330.470764
v 246.415268 336.522400 330.391205
v 261.615173 368.069519 330.855469
v 322.764984 368.287018 330.855469
v 290.765961 377.236267 330.849304
v 290.109070 373.695892 330.825378
v 294.185333 377.136230 330.836060
v 250.437485 342.447174 330.552246
v 294.103912 373.342255 330.840637
v 251.848373 344.217926 330.849701
v 257.966339 362.874512 330.855469
v 254.412704 343.015900 330.850403
v 250.750473 339.577698 330.844452
v 326.747803 362.980896 330.855469
v 333.598450 343.458069 330.491699
v 330.436493 343.590637 330.822144
v 331.013702 339.688141 330.842529
v 334.743317 340.408051 330.838623
v 252.614014 340.075104 330.046143
v 250.789246 340.823608 330.046692
v 252.587845 343.424835 330.032104
v 253.948318 341.593933 330.040466
v 294.044312 374.972839 330.032104
v 292.555145 373.599121 330.049896
v 290.609100 374.766296 330.006287
v 292.381348 377.044006 330.004089
v 334.117462 341.426666 330.049866
v 332.139893 340.039734 329.982422
v 330.940796 342.667694 330.022766
v 338.849945 336.118805 328.355469
v 246.223541 342.145508 328.355469
v 245.834198 338.991882 290.355469
v 293.843109 362.913849 291.855469
v 326.738159 363.002563 291.855469
v 326.717957 362.972260 290.355469
v 257.935120 362.880310 290.355469
v 257.973816 362.892639 291.855469
v 290.843109 362.909821 291.855469
v 290.387207 368.754700 291.855469
v 322.968811 368.228210 290.355469
v 322.969971 368.123230 291.855469
v 294.236633 368.766235 291.855469
v 261.499847 367.970276 291.855469
v 261.818939 368.133972 290.355469
v 245.264862 335.377686 328.350769
v 341.387604 332.864227 328.353424
v 338.978027 339.343903 290.355469
v 352.849030 308.085999 330.354309
v 347.898224 322.088837 330.359711
v 350.766602 314.289551 309.574249
v 348.084198 321.526062 290.354767
v 352.674866 308.414856 290.355988
v 357.492065 299.685394 290.355225
v 356.622986 301.241577 309.578979
v 353.887024 305.591217 307.191956
v 357.431793 299.833435 330.355530
v 355.832977 302.424561 312.616272
v 357.733276 295.825226 330.355469
v 357.733276 295.825226 290.355469
v 353.477966 295.819458 308.571167
v 355.640106 295.822388 310.490234
v 351.939728 295.817413 310.534851
v 353.531433 295.819550 312.075867
v 351.952332 310.223785 312.945435
v 356.558380 299.823792 309.091675
v 353.076202 299.818939 307.329895
v 351.958862 299.817413 312.768250
v 355.477448 299.821960 313.004700
v 350.702667 299.815704 310.030945
v 354.605774 299.747437 308.465027
v 352.229340 299.687561 309.173553
v 352.030121 299.692383 311.098816
v 353.349121 299.679413 312.152130
v 355.381622 299.693878 311.417236
v 355.348328 299.385803 309.517792
v 328.897552 347.029449 291.855469
v 309.923187 355.898193 291.855469
v 294.446381 358.818848 291.855469
v 336.742126 358.110199 291.855469
v 299.913971 376.293945 291.855469
v 323.483154 376.927979 291.855469
v 332.685730 370.554321 291.855469
v 335.242279 351.471039 291.855469
v 276.234833 356.256256 291.855469
v 255.564880 346.991547 291.855469
v 251.398880 369.422791 291.855469
v 249.764862 351.112396 291.855469
v 247.888611 357.234192 291.855469
v 290.330750 358.895233 291.855469
v 260.024719 376.557678 291.855469
v 287.042053 374.239044 291.855469
v 281.149597 377.098053 291.855469
v 227.134949 295.648285 330.355469
v 237.642197 323.369385 330.358459
v 232.273270 308.458191 330.355164
v 227.359314 299.484802 330.355591
v 230.425262 295.652771 308.661255
v 227.134949 295.648285 290.355469
v 229.665085 295.651733 311.577637
v 232.306091 295.655304 311.645691
v 232.746277 295.655914 309.611481
v 227.415863 299.616089 290.355469
v 229.658035 303.216919 307.623840
v 232.025787 307.930603 290.356262
v 232.496658 309.129425 307.748444
v 234.056763 314.144318 309.715027
v 236.746857 321.479584 290.354736
v 230.691742 305.071381 313.305786
v 228.094269 300.834656 311.073486
v 233.267471 311.401276 312.475128
v 232.473694 299.538574 311.755157
v 231.294128 299.244324 312.087280
v 229.797424 299.498138 311.698334
v 229.221695 299.545868 310.167969
v 230.832230 299.508728 308.446716
v 232.957840 299.528046 309.785950
v 233.938828 299.657532 311.450165
v 233.731049 299.657257 308.890808
v 231.082321 299.653656 313.467590
v 227.933868 299.649841 310.435883
v 230.912537 299.653442 307.250305
v 331.109009 341.503265 312.355469
v 334.018402 342.319214 312.355469
v 331.749176 343.128204 312.355469
v 332.527161 340.298340 312.355469
v 333.105377 340.380402 327.692688
v 331.802856 343.177856 327.725220
v 293.642731 376.086884 312.355469
v 291.138245 376.260162 312.355469
v 293.244659 374.149475 312.355469
v 291.505493 373.989441 312.355469
v 251.996231 340.145996 312.355469
v 253.691727 341.359894 327.735382
v 253.715958 341.681641 312.355469
v 252.543594 343.209412 327.725250
v 252.215988 343.281189 312.355469
v 250.679276 341.568085 327.692688
v 250.818130 341.877441 312.355469
v 251.362015 321.102478 348.231750
v 272.931396 250.960022 348.037598
v 253.078979 266.858765 346.511749
v 318.132233 336.072968 350.115845
v 261.157227 258.916870 349.571777
v 272.305573 254.643967 358.725250
v 262.413818 261.134979 358.481079
v 265.443878 266.383057 369.230713
v 277.410889 263.487061 374.416931
v 269.738190 273.821106 378.091827
v 282.306244 271.965790 382.226776
v 275.015961 282.962311 384.484558
v 288.031830 281.883026 387.297852
v 278.953247 297.017578 387.731262
v 287.835632 297.153290 389.273987
v 290.150421 309.176086 387.391724
v 299.766174 314.049255 385.040314
v 298.582977 323.781586 379.917603
v 311.459625 322.461060 376.610229
v 300.378448 332.745941 371.336365
v 309.457275 330.834045 369.581665
v 317.059601 332.160126 361.608154
v 306.512787 337.516235 361.272339
v 308.047852 340.972229 349.726990
v 289.610168 321.157654 382.000854
v 252.477829 271.920074 356.773895
v 255.219894 276.669403 366.470459
v 260.295807 281.348389 374.586334
v 264.501526 287.529846 379.984680
v 267.384430 296.329590 382.673279
v 277.534637 315.319427 382.803223
v 292.759613 330.803070 374.206573
v 292.289124 340.874847 359.183533
v 296.422882 343.549469 348.946594
v 269.823486 307.008759 382.295044
v 280.196259 324.975128 377.528168
v 285.524048 334.366455 369.558350
v 247.259399 278.695770 349.310242
v 247.978714 288.881805 360.296539
v 254.254700 289.765594 370.573578
v 258.479645 297.083313 375.673340
v 263.454376 310.943909 376.897186
v 266.302887 323.722748 370.897278
v 272.471619 331.045380 367.570801
v 276.988831 337.239655 360.900391
v 278.316620 341.530731 349.517914
v 285.470825 343.457153 347.255737
v 244.484665 290.178314 349.170715
v 253.984177 302.621887 370.014404
v 260.039307 315.862946 370.995056
v 244.943741 298.837433 352.611328
v 250.292603 303.258667 364.164642
v 254.188232 313.015991 365.410309
v 264.700928 331.335541 359.123413
v 270.361053 338.330353 349.074768
v 249.886627 311.415588 358.819366
v 256.068146 321.801880 360.043365
v 262.777405 333.916504 347.162476
v 245.457397 305.905609 349.910126
v 256.528900 326.910095 351.326813
v 246.778687 311.514069 348.113342
v 340.127960 284.079895 340.252502
v 337.551331 276.372833 340.292450
v 333.750519 269.860443 346.329651
v 285.872131 247.890961 351.223511
v 336.641235 276.849548 350.524109
v 329.288055 265.137573 351.817413
v 321.721863 256.810486 347.805908
v 330.342194 271.670288 360.481476
v 335.535400 280.420685 358.369080
v 339.630066 285.652374 349.013336
v 320.153137 259.588470 359.077820
v 324.511963 267.792999 365.177368
v 339.271332 293.094055 354.826843
v 341.104462 295.861816 346.234863
v 312.177612 251.678116 350.712402
v 330.460999 280.486786 367.456848
v 335.399017 292.610321 363.817749
v 308.523438 254.008789 361.012054
v 313.290802 261.375458 368.851196
v 317.464478 269.495270 373.557343
v 322.938446 278.098358 374.647919
v 329.428986 292.414368 372.629028
v 337.751831 306.680695 356.069275
v 340.212402 307.295227 340.426636
v 300.311981 248.483353 352.457703
v 305.739166 259.104706 370.433533
v 324.277832 289.936584 377.299377
v 331.557587 302.742065 368.973907
v 334.764008 308.295532 361.470947
v 298.564209 255.103561 367.686157
v 305.883484 267.995728 378.698792
v 311.025116 276.901184 381.767059
v 316.503448 285.309875 381.833099
v 334.799561 318.690857 348.574036
v 290.376221 251.606598 362.258545
v 293.738800 264.659515 378.739929
v 316.292480 296.327728 383.351746
v 320.669525 309.470337 378.116119
v 326.879852 314.832855 369.379211
v 328.244110 322.589996 360.365387
v 287.315186 258.807312 372.546326
v 298.110107 274.399658 384.420898
v 301.784515 288.308563 388.139587
v 326.423126 329.861359 349.001129
v 277.322571 255.703262 365.113739
v 302.994324 301.870453 387.981201
v 308.870087 312.040283 383.593353
v 319.296143 322.777954 370.938751
v 257.683044 247.238251 333.206726
v 252.428299 251.571381 333.211487
v 257.749725 247.570770 336.542664
v 274.922211 238.812057 333.205017
v 274.860138 239.173691 336.700928
v 265.383484 242.802277 336.588196
v 252.500549 252.103745 336.730957
v 251.995026 253.176193 333.206055
v 265.471344 242.397614 333.203461
v 327.031830 343.762939 333.218323
v 319.306305 348.526367 333.209778
v 319.179688 348.202332 336.611877
v 326.850647 343.455902 336.633118
v 332.361267 338.766418 336.752014
v 310.007385 351.697235 336.707245
v 309.948944 352.061249 333.204803
v 332.710724 338.926270 333.204285
v 276.158447 237.718994 22.730499
v 250.574341 252.436569 22.730499
v 262.926483 242.854324 22.727631
v 322.003876 348.048889 22.725830
v 308.691376 353.151276 22.730499
v 334.952637 333.940186 22.730316
v 334.299316 338.423676 22.729828
v 353.076538 283.477722 65.553986
v 357.522858 291.666687 65.555542
v 355.116486 287.615662 44.730286
v 352.832275 283.038147 44.255951
v 347.610352 268.336823 25.552521
v 352.279938 281.537994 46.048798
v 354.371826 286.356171 47.096375
v 227.134506 295.436768 65.555481
v 227.030411 295.429810 25.555481
v 275.079926 236.314713 65.555481
v 261.940247 242.103180 65.555481
v 260.624298 242.877457 25.555481
v 248.391937 252.604263 65.555481
v 247.341156 253.711960 25.555481
v 237.244064 268.425446 65.559357
v 237.568390 267.794769 25.555481
v 231.798874 283.474304 25.556610
v 277.969940 229.744614 25.555481
v 296.310516 229.866867 54.068359
v 285.812103 229.963547 35.280029
v 285.920258 229.943008 56.128845
v 295.683167 229.897079 56.272278
v 295.773865 229.900589 34.625153
v 295.905823 229.856018 36.713043
v 289.349091 229.871887 36.030396
v 289.361969 229.864822 55.408813
v 287.932251 229.919891 57.281403
v 288.989838 229.940735 34.548248
v 306.814880 229.732773 25.555481
v 286.466888 229.673279 33.604340
v 287.781860 229.667572 37.776337
v 286.880585 229.851639 53.840393
v 298.620850 229.691010 57.436676
v 306.893677 229.717163 65.555481
v 298.438934 229.704330 33.478058
v 299.044403 229.832748 54.706207
v 298.627533 229.680725 37.446259
v 347.300751 267.794952 65.555481
v 337.527893 253.711929 65.555481
v 336.477112 252.604263 25.555481
v 324.244568 242.877350 65.555481
v 322.928650 242.103088 25.555481
v 357.299133 291.291443 25.557343
v 357.734528 295.436768 25.555481
v 357.734528 295.436768 65.555481
v 355.119659 295.120697 46.599060
v 354.935333 295.167084 44.251129
v 353.062378 295.186066 47.165710
v 352.963104 295.213470 44.017822
v 352.104980 295.154694 45.479767
v 230.163055 295.170624 46.991974
v 232.235870 295.144165 46.845764
v 233.266281 295.393280 44.628510
v 229.345627 295.394928 44.068054
v 275.171143 236.276413 25.555481
v 309.789185 236.314743 25.555481
v 227.780151 290.847382 25.555054
v 309.697937 236.276428 65.555481
v 227.568298 291.335602 65.553406
v 278.057983 229.715683 65.555481
v 230.713715 285.885376 44.083282
v 229.546204 287.962128 46.024109
v 232.009735 283.114227 46.895660
v 232.559662 281.632233 44.859406
v 232.557770 294.832214 45.057922
v 231.176590 294.824036 44.004486
v 229.676971 294.827942 45.098328
v 298.107574 230.276382 34.213409
v 297.733765 234.660706 34.032471
v 298.838318 234.660706 36.054871
v 298.655304 230.303970 36.479370
v 296.485657 234.660706 36.981018
v 295.952759 234.660706 34.845184
v 297.733765 234.660690 54.032501
v 298.107635 230.276382 54.213409
v 298.822327 234.660706 56.194092
v 297.755859 230.281891 57.067535
v 296.385956 234.660706 56.879517
v 295.952759 234.660706 54.845215
v 288.284332 234.660690 34.006134
v 288.886536 234.660690 36.341400
v 286.823517 230.292587 36.979034
v 287.277832 234.660706 37.060547
v 285.948120 234.660706 35.463409
v 287.907776 230.271423 34.048584
v 288.000153 234.660706 53.974182
v 288.358002 230.276382 54.213409
v 288.993774 234.660706 56.300140
v 287.156311 234.660706 57.009888
v 285.948120 234.660706 55.463409
v 353.076538 283.477722 330.353973
v 357.522858 291.666687 330.355530
v 355.277283 287.887756 309.753571
v 352.832275 283.038147 309.055969
v 347.610352 268.336823 290.352539
v 352.264099 281.483765 310.617920
v 353.780518 285.198212 311.989197
v 227.134506 295.436768 330.355469
v 227.030411 295.429810 290.355469
v 275.079926 236.314713 330.355469
v 261.940247 242.103180 330.355469
v 260.624298 242.877457 290.355469
v 248.391937 252.604263 330.355469
v 247.341156 253.711960 290.355469
v 237.244064 268.425446 330.359344
v 237.568390 267.794769 290.355469
v 231.798874 283.474304 290.356598
v 277.977844 229.704803 290.355469
v 286.489166 229.853622 321.891541
v 298.127991 229.954788 321.946716
v 306.900391 229.750870 330.355469
v 295.848907 229.952209 321.277832
v 285.906677 229.921417 299.947876
v 295.773895 229.900589 319.425110
v 289.507416 229.674179 321.515869
v 306.814880 229.732773 290.355469
v 287.072754 229.851715 318.629639
v 298.921814 229.861191 319.629608
v 294.954834 229.698349 300.691284
v 297.089722 229.818344 318.574219
v 298.278931 229.843628 301.890381
v 286.460907 229.880890 301.749695
v 289.501617 229.680252 301.512390
v 285.906677 229.921417 319.947876
v 289.015076 229.850479 319.364227
v 297.626373 229.909622 298.631958
v 286.832275 229.880341 298.740295
v 298.954956 229.911270 300.017944
v 288.966003 229.908905 299.311493
v 347.300751 267.794952 330.355469
v 337.527893 253.711929 330.355469
v 336.477112 252.604263 290.355469
v 324.244568 242.877350 330.355469
v 322.928650 242.103088 290.355469
v 357.299133 291.291412 290.357361
v 357.734528 295.436768 290.355469
v 357.734528 295.436768 330.355469
v 355.112091 295.152618 311.463257
v 351.658783 295.406433 309.380768
v 355.345093 295.405945 308.691284
v 352.892365 295.171295 311.836304
v 231.369537 295.203217 312.096252
v 232.734390 295.178070 310.927124
v 231.862244 295.121124 308.760925
v 229.886642 295.142548 311.560608
v 229.725739 295.155243 309.291077
v 275.171143 236.276413 290.355469
v 309.789185 236.314743 290.355469
v 227.780151 290.847382 290.355072
v 309.697937 236.276428 330.355469
v 227.568298 291.335602 330.353394
v 278.054169 229.732773 330.355469
v 230.713760 285.885284 308.883301
v 229.546204 287.962128 310.824097
v 232.009857 283.113892 311.695374
v 232.559662 281.632233 309.659424
v 354.658356 294.819641 309.073853
v 352.257446 294.800415 309.640259
v 298.895905 234.660706 300.587769
v 297.413483 234.660706 301.861206
v 296.401459 230.265778 301.559601
v 295.830994 234.660706 300.924316
v 295.828125 230.281891 299.815338
v 297.047577 234.660706 298.703766
v 298.324036 234.660721 319.092957
v 298.589081 234.660690 321.263580
v 296.006836 234.660706 321.469177
v 296.379883 234.660706 319.166260
v 287.719238 234.660690 298.784760
v 289.130707 234.660706 301.020172
v 288.484436 230.281891 301.632385
v 286.669006 234.660706 301.631592
v 286.102631 234.660706 299.884644
v 289.223053 234.660721 320.307617
v 288.159973 230.326904 321.897156
v 287.404541 234.660706 321.903931
v 286.058044 234.660706 320.655060
v 287.041901 234.660706 318.829590
v 295.252167 341.017456 340.230408
v 283.360199 340.193420 340.230286
v 249.246109 280.595367 340.230530
v 322.416565 329.884399 340.230499
v 309.745422 337.870819 340.230499
v 283.899414 250.432190 340.283508
v 254.549164 269.715149 340.335388
v 295.590057 249.878418 340.230347
v 307.272491 252.247513 340.230286
v 317.943665 257.559265 340.230225
v 268.403717 334.524658 340.240112
v 331.901245 272.650635 340.231201
v 335.690460 280.787323 340.230713
v 337.190399 304.513885 340.230530
v 250.981186 314.831024 340.359833
v 249.318924 310.468109 340.226135
v 246.536591 296.299011 340.247894
v 262.452545 260.989105 340.230652
v 272.550385 254.159409 340.370178
v 326.826050 265.403381 340.229706
v 332.455475 317.905731 340.259033
v 338.014099 292.620483 340.230713
v 329.149445 269.274445 348.007111
v 334.815125 279.223267 345.935394
v 322.907135 262.108673 348.018494
v 333.627411 280.014496 353.240784
v 327.250061 271.239746 357.499115
v 337.539673 291.578491 347.038452
v 312.859283 254.844879 345.165344
v 314.924316 257.807281 353.559021
v 318.912811 264.912109 362.009033
v 326.370422 278.092194 365.710510
v 333.187775 286.301910 359.269592
v 319.190582 273.069672 369.901245
v 329.585602 290.330200 366.562836
v 335.151398 299.829163 356.381683
v 336.959686 303.846710 346.347778
v 298.741119 250.523499 347.333618
v 303.098022 253.630249 355.481171
v 305.581512 257.931580 362.956360
v 311.093506 265.999084 370.051636
v 316.048920 276.865814 374.942017
v 321.844635 286.100464 374.092102
v 329.295135 302.321655 366.732361
v 302.623169 262.996857 371.065521
v 322.886078 296.319061 374.437164
v 330.224701 310.082489 361.540497
v 332.498291 314.997955 350.915283
v 289.620056 253.950958 359.797241
v 293.645935 258.352661 367.080994
v 301.109619 273.884491 379.900146
v 308.759583 282.114227 380.933594
v 312.651123 289.552795 381.051666
v 321.330017 305.020233 374.496490
v 284.655579 252.543915 354.244598
v 293.123108 267.210114 376.355469
v 312.118073 300.110229 381.391235
v 321.446564 316.267914 368.948853
v 325.306824 322.786621 356.866577
v 324.526337 327.123688 349.277435
v 284.342651 263.446808 372.191589
v 296.007935 282.546082 384.093811
v 302.634216 293.794891 384.910736
v 312.625244 312.547607 377.683044
v 319.550934 326.004639 360.907898
v 273.406525 256.490692 355.026184
v 276.041748 261.055023 365.718140
v 283.603699 274.066833 379.955505
v 293.530548 291.346619 385.920410
v 304.879974 305.039307 383.227386
v 314.624023 321.916565 370.214233
v 273.885376 270.789948 374.129669
v 283.499695 284.452332 383.850433
v 296.960266 307.458344 384.438110
v 302.529144 318.909790 378.318756
v 307.009705 326.670135 370.457550
v 310.320099 332.404205 360.544769
v 312.235107 335.720825 349.256348
v 254.753815 319.910675 349.045776
v 257.904938 325.320129 340.226685
v 262.695129 261.786957 349.133331
v 265.423553 265.590210 362.448730
v 276.020050 284.980682 381.871857
v 283.244598 297.379883 385.139008
v 289.089661 307.503754 384.366760
v 261.695465 271.614746 364.456024
v 266.430817 279.947845 374.857910
v 289.293335 319.415466 379.193237
v 293.992126 327.554169 372.901825
v 298.466278 335.434784 362.041718
v 300.944305 339.595612 348.769562
v 255.497482 271.925049 353.593811
v 269.557434 296.422943 380.104675
v 277.566010 310.294098 381.129486
v 253.261337 279.447968 357.660309
v 256.161987 283.419678 365.481018
v 259.899811 289.893677 372.012451
v 278.874542 322.759155 374.429138
v 283.879822 331.563110 367.250916
v 287.501709 337.701691 357.110870
v 289.088562 340.449982 347.704956
v 250.621780 278.611877 347.468689
v 260.787292 302.129425 372.903229
v 268.820251 314.007690 374.942139
v 248.269302 287.874481 350.198059
v 252.009369 294.199554 361.799957
v 265.678436 317.803833 369.901215
v 271.043976 327.321442 365.464142
v 275.762634 335.341400 355.364105
v 277.477264 338.239899 346.125916
v 254.241440 305.780304 363.268616
v 259.016907 314.145142 365.550903
v 247.404221 299.683533 347.501862
v 249.618454 300.413177 355.505127
v 261.538849 324.457092 357.764038
v 268.629272 333.559723 348.959320
v 252.488754 310.963348 356.486877
v 261.096130 327.839630 348.040771
v 249.509109 309.417969 347.709290
v 144.071518 109.712570 -36.357544
v 144.071518 149.712570 -36.357544
v 144.071518 109.712570 402.428467
v 144.071518 149.712570 402.428467
v 104.071510 149.712570 -36.357544
v 104.071510 149.712570 402.428467
v 104.071510 109.712570 -36.357544
v 104.071510 109.712570 402.428467
v 254.031357 244.111542 328.355469
v 254.006668 244.055481 27.555481
v 242.532166 244.179626 324.418488
v 214.367432 244.140564 328.355469
v 214.367432 244.140564 27.555481
v 236.492126 244.016922 27.555481
v 262.523315 206.888748 43.319702
v 262.511444 206.902969 47.820953
v 261.057007 206.295639 45.559692
v 262.520325 206.894104 308.102783
v 261.057007 206.295639 310.359680
v 262.487640 206.836945 292.131409
v 190.356812 179.545425 292.355469
v 262.487640 206.836945 63.779572
v 189.891235 178.313354 65.132599
v 199.269135 204.122910 328.355469
v 262.470245 206.874435 328.379761
v 213.063934 239.577286 328.355469
v 190.356812 179.545425 328.355469
v 200.341034 236.179825 328.355469
v 194.818420 228.025238 328.355469
v 262.467926 206.874481 27.543671
v 199.228241 203.698029 27.555481
v 190.356812 179.545425 27.555481
v 213.063934 239.577286 27.555481
v 198.783768 235.275482 27.555481
v 194.806091 226.262314 27.555481
v 193.709442 189.099991 45.741913
v 193.715530 189.094421 310.545929
v 391.145538 189.089798 310.343750
v 391.137299 189.081390 45.543671
v 342.336884 244.179626 324.418488
v 342.336884 244.179626 27.555481
v 322.383453 206.867966 292.160522
v 322.406281 206.880569 328.382568
v 315.336121 208.910217 310.623169
v 394.512207 179.545425 328.355469
v 394.512207 179.545425 292.355469
v 388.771210 177.481445 330.159546
v 385.607727 178.624680 313.746033
v 379.654358 180.763824 309.316437
v 385.616302 178.561020 306.964966
v 381.721680 180.024063 313.701355
v 378.755493 181.307877 330.187256
v 381.737366 180.109192 307.066223
v 388.648102 177.502213 308.155457
v 275.180328 210.257492 290.777740
v 271.137299 209.241104 294.873596
v 269.529022 208.833542 306.347351
v 262.515564 206.897644 312.605896
v 145.574753 162.728317 292.291443
v 145.400879 162.720596 328.395691
v 200.176880 175.737732 310.359009
v 199.806503 177.364105 309.544739
v 200.863052 175.970322 308.638855
v 200.831863 177.238770 308.805054
v 202.644608 176.683701 308.188843
v 203.034500 178.244766 308.958069
v 204.205856 177.290115 309.581543
v 200.789566 177.163452 311.856293
v 201.227280 176.151459 312.386780
v 201.765610 178.108978 312.458801
v 203.516998 177.005646 312.125732
v 203.387161 178.343307 311.081024
v 199.654831 175.381439 307.898743
v 197.755676 178.038574 308.390839
v 201.001602 179.278534 306.347900
v 202.740280 176.570953 306.576599
v 198.975327 175.121841 311.550201
v 198.510025 178.383957 312.810608
v 201.591339 176.120499 314.007172
v 201.423584 179.394043 314.188660
v 205.084839 177.465820 312.685486
v 204.383682 180.497406 312.321808
v 205.563812 177.636978 309.160522
v 204.428604 180.523224 308.342163
v 206.156921 181.325989 330.199402
v 196.136047 177.494415 330.146973
v 206.030640 181.246460 308.155457
v 198.527206 173.779938 308.205505
v 206.600235 176.861298 308.199524
v 437.929291 161.002197 330.355042
v 434.797516 153.942337 330.355469
v 280.568024 222.953522 330.355469
v 279.485901 226.660706 330.355469
v 277.485901 226.660706 330.355469
v 291.982361 17.369942 330.352417
v 292.888885 17.326534 330.342987
v 251.572495 15.416911 330.537476
v 276.052399 8.369375 330.351440
v 185.667419 162.142868 329.967102
v 180.701263 150.558090 330.355469
v 292.947937 6.945047 330.223938
v 291.934509 7.537991 330.355469
v 104.754158 106.309158 329.421326
v 104.994598 98.075111 329.663147
v 150.071518 105.482811 330.355469
v 146.833618 97.761185 330.345947
v 174.543289 92.520630 330.053101
v 146.384705 160.943604 330.354858
v 150.071518 153.942337 330.355469
v 167.315125 168.610001 330.355469
v 104.763824 161.450027 329.432373
v 105.015343 153.133362 329.681335
v 174.428894 126.872459 330.355469
v 160.196793 149.530090 330.224945
v 163.933868 154.698944 330.287262
v 308.564148 8.309446 330.337463
v 159.817993 106.099541 330.287903
v 306.872528 226.873474 330.355469
v 197.635757 173.365005 330.211304
v 207.754288 177.102844 330.265198
v 279.685211 221.939423 330.355042
v 304.319519 222.884979 330.355469
v 305.183167 221.937897 330.355469
v 287.904572 216.477768 330.137787
v 284.717560 215.059052 330.177734
v 285.719910 216.898239 330.099548
v 287.418091 213.216843 330.323303
v 307.817505 210.542587 330.353790
v 387.164948 173.292862 330.224701
v 377.136749 177.218704 330.211304
v 423.097626 102.408089 330.188660
v 434.797516 105.482811 330.355469
v 421.448517 154.176575 330.230530
v 438.035126 97.762016 330.346802
v 333.409546 15.545619 330.488068
v 480.105225 153.134659 329.432404
v 479.874451 161.450027 329.663147
v 480.114899 98.056458 329.421326
v 479.863403 106.273224 329.672852
v 424.871948 106.531143 330.226074
v 410.300964 92.565422 329.967072
v 411.416229 105.120323 330.355469
v 410.007965 129.581573 330.355469
v 399.143005 162.309814 330.219299
v 279.684631 221.835037 293.457886
v 305.225372 221.797760 328.253540
v 280.421417 221.295181 327.578888
v 280.401550 221.366714 293.254517
v 280.478973 221.797531 326.131989
v 280.486938 221.816238 294.607056
v 302.995514 219.542160 292.760559
v 281.421173 219.672653 327.955292
v 281.955994 219.514664 292.782410
v 280.827545 220.192230 293.083282
v 277.485901 226.429947 315.002563
v 278.000183 226.832138 290.355469
v 277.582916 219.148300 305.829559
v 277.383331 215.791977 297.695068
v 277.909790 226.280106 305.764099
v 275.829376 216.706055 305.076935
v 276.056091 217.019257 312.804382
v 274.106537 215.120316 308.350403
v 274.401978 216.394119 307.322021
v 273.398224 211.672058 299.863647
v 275.002899 214.809265 299.497314
v 273.124969 212.112289 314.758728
v 270.028351 209.047897 314.501038
v 273.998779 214.697021 312.716858
v 274.660278 215.606262 318.264771
v 272.576263 211.163727 305.806488
v 277.175262 210.620239 290.370178
v 276.069855 212.776901 294.448242
v 277.011322 210.593597 330.300659
v 272.783936 209.548035 329.660828
v 274.155334 211.044983 294.521973
v 275.020020 211.308685 327.411499
v 273.626312 211.040833 324.080139
v 304.300995 222.953537 290.355469
v 305.383148 226.660706 290.355469
v 307.383148 226.660706 290.355469
v 291.982300 17.367224 290.358643
v 212.765396 148.883453 290.355469
v 205.374680 128.562546 290.355469
v 203.534515 109.436768 290.355469
v 202.359512 97.831757 290.355469
v 205.928024 87.946388 290.355469
v 222.900970 165.206772 290.355469
v 223.047760 189.882416 290.355469
v 367.894470 187.564331 290.355469
v 333.945801 188.316574 290.355469
v 307.850983 210.656754 290.429321
v 308.211609 197.165283 290.355469
v 281.006897 197.837097 290.355469
v 254.867096 190.269287 290.355469
v 238.541077 180.138306 290.355469
v 355.810852 172.115707 290.355469
v 381.562134 110.651001 290.355469
v 391.730011 110.421867 290.355469
v 410.301086 92.406654 290.514465
v 399.121185 162.277344 290.545959
v 388.966766 113.398102 290.355469
v 383.544830 109.506615 290.355469
v 371.768768 150.072739 290.355469
v 385.184448 106.171989 290.355469
v 377.774811 83.702759 290.355469
v 389.920380 105.682457 290.355469
v 385.294922 112.783257 290.355469
v 378.996033 129.692947 290.355469
v 357.494873 48.507622 290.355469
v 438.494843 98.227798 290.362671
v 339.174866 18.793598 290.346313
v 368.850250 64.007202 290.355469
v 292.888702 17.331305 290.367798
v 324.421448 12.687370 290.355469
v 283.419342 20.757938 290.355469
v 323.704010 25.965641 290.355469
v 340.757660 34.817181 290.355469
v 302.629883 21.123320 290.355469
v 216.443619 62.847157 290.355469
v 196.161713 58.867706 290.355469
v 234.042099 42.090393 290.355469
v 253.154007 14.875601 290.283905
v 257.083221 27.610764 290.355469
v 438.756592 160.819244 290.356384
v 434.797516 153.942337 290.355469
v 420.918854 154.360641 290.499847
v 404.167786 150.558090 290.355469
v 434.797546 105.482819 290.355469
v 425.090179 106.764900 290.420074
v 410.440155 126.872467 290.355469
v 174.604767 92.403259 290.533875
v 146.414536 97.850945 290.362122
v 150.071518 105.482811 290.355469
v 104.754150 98.056450 291.289612
v 104.994591 106.290512 291.047791
v 174.861069 129.581635 290.355469
v 185.643082 162.167953 290.693726
v 159.789261 149.010437 290.407166
v 150.071518 153.942337 290.355469
v 104.763824 153.134644 291.278564
v 105.005646 161.432755 291.038116
v 146.384674 160.943695 290.356201
v 173.452789 105.120323 290.355469
v 292.934509 7.537991 290.355469
v 307.501740 8.223199 290.370361
v 480.047546 106.232819 291.105469
v 480.047546 161.392349 291.105469
v 479.940399 153.085190 291.212616
v 305.183807 221.939407 290.355835
v 280.549500 222.884979 290.355469
v 279.685883 221.937897 290.355469
v 298.042145 217.115143 290.607361
v 296.374268 214.310806 290.369415
v 299.292572 213.791122 290.592529
v 300.114838 215.731812 290.582275
v 274.179443 8.973260 290.358276
v 291.931824 6.984212 290.549622
v 278.317352 8.197707 290.354218
v 193.107727 110.223183 290.355469
v 201.325607 110.831490 290.355469
v 199.343796 105.806190 290.355469
v 196.343155 113.646545 290.355469
v 194.620850 106.079506 290.355469
v 291.645844 6.031956 310.566345
v 291.884033 0.297754 313.041199
v 291.720062 7.098603 312.257019
v 291.886078 3.442694 324.720032
v 291.720673 7.128734 308.531372
v 291.885101 1.202362 302.361115
v 291.783691 9.885090 309.071045
v 291.709747 9.670887 311.692108
v 269.070404 10.113729 310.282318
v 271.479065 9.518850 325.667847
v 233.896957 25.912294 328.508179
v 234.866104 25.229950 292.122742
v 106.071518 96.882805 328.355469
v 117.598709 96.890144 311.593201
v 121.232361 96.887062 316.228790
v 106.071518 96.882805 292.355469
v 127.665405 96.899132 315.996552
v 139.781326 96.843430 328.389648
v 128.763611 96.891930 305.713379
v 139.847397 96.849274 292.285828
v 120.878326 96.924156 304.248230
v 130.515701 96.884712 310.786102
v 127.841240 109.123695 305.735016
v 146.071503 109.482811 294.355469
v 125.941101 109.469147 316.771118
v 146.071503 109.482811 326.355469
v 130.544327 109.475471 311.593201
v 119.680641 109.478127 315.179474
v 108.071518 109.482811 326.355469
v 108.071518 109.482811 294.355469
v 117.548897 109.478554 310.246460
v 121.596619 109.441460 303.923523
v 146.071503 149.942337 326.355469
v 146.071503 149.942337 294.355469
v 127.665398 149.958679 315.996521
v 128.763611 149.951477 305.713379
v 120.878334 149.983704 304.248230
v 108.071503 149.942337 294.355469
v 117.598717 149.949692 311.593201
v 108.071503 149.942337 326.355469
v 121.232368 149.946609 316.228760
v 130.515701 149.944260 310.786102
v 127.841232 162.283218 305.735016
v 119.680649 162.637650 315.179474
v 106.071518 162.642334 328.355469
v 125.941101 162.628662 316.771118
v 130.544327 162.634995 311.593201
v 106.071518 162.642334 292.355469
v 117.548904 162.638077 310.246460
v 121.596619 162.600983 303.923553
v 161.118546 149.092926 291.365784
v 164.162628 153.338730 291.827209
v 148.506668 94.391014 328.386841
v 148.955475 94.149300 292.398743
v 275.736694 5.846295 294.797668
v 276.209961 7.799522 291.617554
v 274.917084 3.366139 301.217896
v 276.793671 7.851362 329.323059
v 275.893127 214.370392 323.265930
v 274.494446 216.429520 313.018250
v 275.182068 4.431840 322.406799
v 274.626770 2.613125 315.700531
v 274.494507 2.271861 308.773956
v 270.782806 9.246000 311.942322
v 273.454681 8.492706 294.101288
v 270.899780 9.168935 308.715393
v 272.909668 7.069655 308.708099
v 272.921173 7.501910 319.516998
v 273.296814 6.265398 310.528290
v 272.686676 7.350182 312.133057
v 275.326721 7.499013 327.808289
v 273.615295 6.979916 299.314087
v 292.365387 213.025848 308.958740
v 287.568054 212.884399 308.806152
v 292.357422 210.621124 307.897095
v 287.967407 209.705917 308.182129
v 292.331360 208.592697 309.076904
v 287.648407 208.514725 311.503082
v 292.329254 208.510605 311.232300
v 292.381287 210.660141 312.968079
v 287.667725 211.170013 312.931519
v 292.352264 213.000214 311.554138
v 287.625702 213.369781 310.852325
v 287.434509 213.282288 314.164795
v 287.434479 215.574448 310.439728
v 287.434540 212.428146 305.916687
v 287.439240 210.873703 307.456665
v 287.434509 207.963638 306.782837
v 287.438843 208.134445 309.261292
v 287.434601 206.195755 311.563416
v 287.434509 209.971313 314.835663
v 291.440521 8.899077 308.607300
v 123.631744 161.624496 315.954529
v 123.550980 150.960358 315.821655
v 127.840500 150.953262 314.358154
v 128.853729 161.601593 313.196777
v 129.596329 150.973541 309.219727
v 129.145828 161.638458 308.239746
v 125.948860 150.953262 305.188049
v 122.194168 161.631424 305.188049
v 121.870712 150.948669 305.377563
v 118.997169 150.946228 308.239807
v 119.191475 161.636017 307.945404
v 118.928032 161.623627 312.477661
v 119.289314 150.983093 313.196777
v 123.631744 108.464966 315.954529
v 123.550980 97.900818 315.821655
v 127.840500 97.893723 314.358154
v 128.853729 108.442055 313.196777
v 129.596329 97.914009 309.219727
v 129.145828 108.478928 308.239746
v 125.948860 97.893723 305.188049
v 122.194168 108.471893 305.188049
v 121.870712 97.889130 305.377563
v 118.997169 97.886688 308.239807
v 119.191475 108.476486 307.945404
v 118.928032 108.464104 312.477661
v 119.289314 97.923553 313.196777
v 161.095093 105.861961 329.258575
v 161.684387 102.563309 330.166840
v 162.940521 102.547104 328.971436
v 163.966492 153.339584 329.321289
v 161.207352 149.128845 329.048950
v 162.864578 153.594284 290.549561
v 160.995834 106.328903 291.321411
v 160.895508 103.279724 290.496094
v 162.551270 102.942368 291.725983
v 278.842957 226.527206 315.107056
v 277.361511 211.540970 330.303406
v 276.849274 216.009033 320.294037
v 277.465790 219.185120 314.932037
v 277.191956 218.131912 310.550598
v 276.704254 215.901901 300.518524
v 280.819427 221.790741 291.939819
v 281.917297 219.976639 328.300293
v 279.720398 221.827423 327.357361
v 281.052155 221.657715 328.504333
v 281.127289 220.890045 292.389923
v 285.912750 213.891968 329.734283
v 287.762512 214.343903 317.955475
v 287.930817 214.727295 329.736145
v 287.619690 216.389908 317.955475
v 285.823639 216.768982 317.955475
v 285.068237 214.459488 317.955475
v 202.659134 175.357025 305.852142
v 386.343903 173.779144 308.314270
v 377.305023 177.229141 308.155457
v 379.647766 176.334976 307.305481
v 304.189667 220.507278 293.144257
v 304.474640 221.385498 327.403259
v 304.386292 221.793854 294.569366
v 304.382111 221.816269 326.103699
v 304.094086 220.410141 327.811951
v 309.052094 210.630783 329.624359
v 312.549347 210.972946 312.424133
v 312.289062 209.425995 329.755676
v 307.755676 210.653107 330.288574
v 311.819519 209.578278 290.948395
v 313.415710 209.757492 298.988281
v 312.997223 210.425461 308.264465
v 311.475983 212.840622 310.259949
v 310.465607 211.370621 294.702148
v 310.944305 212.503555 299.625519
v 310.479950 216.434128 309.088470
v 310.569397 215.409134 316.424805
v 310.589447 211.684875 324.907654
v 312.970154 209.515976 326.558136
v 312.142944 210.986069 319.719055
v 420.729919 153.353043 329.021484
v 292.920166 10.473381 310.497681
v 292.935516 7.334973 312.868347
v 292.982178 1.230250 318.469330
v 292.978149 0.281242 308.736420
v 292.942810 5.849837 309.216614
v 292.928986 8.661960 308.065521
v 292.982635 1.418979 301.195801
v 350.423889 25.497576 292.179840
v 350.527496 25.621040 328.561798
v 323.900940 12.495390 312.128601
v 323.422180 12.343022 308.322449
v 310.674591 9.018136 290.360016
v 436.005798 94.202385 328.346924
v 436.248322 94.332222 292.366791
v 455.022766 97.210609 311.589722
v 445.021637 96.849274 328.425110
v 459.467285 96.908592 317.011383
v 478.797516 96.882805 328.355469
v 445.099487 96.846275 292.319763
v 467.328705 96.924156 312.555115
v 479.663605 97.183723 291.408691
v 463.272400 96.924156 303.923523
v 455.597046 96.891930 306.291016
v 454.026550 109.457031 310.829559
v 438.797516 109.482811 326.355469
v 476.797516 109.482811 326.355469
v 438.797516 109.482811 294.355469
v 458.907562 109.457024 303.836365
v 476.797516 109.482811 294.355469
v 465.997986 109.473694 306.291016
v 466.563171 109.442116 314.208496
v 458.807739 109.475220 316.660950
v 438.797516 149.942337 326.355469
v 438.797516 149.942337 294.355469
v 455.022766 150.270157 311.589722
v 459.467285 149.968140 317.011353
v 476.797516 149.942337 326.355469
v 467.328705 149.983704 312.555115
v 476.797516 149.942337 294.355469
v 463.272400 149.983704 303.923553
v 455.597076 149.951477 306.291016
v 454.026581 162.616547 310.829559
v 439.294312 162.728317 328.419464
v 439.532471 162.718216 292.294098
v 458.907562 162.616547 303.836395
v 478.797516 162.642334 292.355469
v 465.997955 162.633209 306.291016
v 466.563171 162.601639 314.208496
v 478.797516 162.642334 328.355469
v 458.807739 162.634750 316.660950
v 423.751923 105.858772 291.526978
v 421.922363 102.521896 291.685120
v 308.426971 7.628341 291.812805
v 309.191742 216.899048 314.481781
v 309.755493 214.167999 297.852051
v 309.516296 214.331558 322.859131
v 308.420441 215.797043 300.618652
v 309.697510 216.457336 304.643738
v 310.380676 2.574739 314.717590
v 311.170135 7.099285 322.929565
v 309.885712 3.514304 319.814270
v 309.100800 5.667738 325.511230
v 308.727844 7.645686 328.792816
v 310.365204 2.270791 308.712341
v 309.982727 3.391662 301.195618
v 309.763275 7.699299 293.009216
v 314.410370 9.631261 306.034973
v 315.324310 10.029255 314.467163
v 312.205200 7.637285 314.946167
v 310.852814 4.289602 313.013245
v 310.811829 3.619723 309.454712
v 311.215729 5.745166 306.315308
v 311.189728 7.027440 298.145020
v 313.413330 9.506321 325.494934
v 313.593201 9.519888 296.197357
v 297.811890 10.039169 308.371033
v 297.741516 10.364941 311.354309
v 297.788239 8.772699 312.790039
v 297.431091 6.641276 312.223938
v 297.836060 5.624915 311.607849
v 297.774261 6.316957 308.506958
v 297.415436 8.766207 308.094055
v 297.952118 3.971416 308.301117
v 297.939331 6.565290 305.967804
v 297.918823 10.739155 314.216003
v 297.937347 6.966007 314.816101
v 297.953125 3.769766 312.349945
v 297.922211 10.059927 306.234589
v 297.909271 12.702752 309.696472
v 460.849304 161.634399 315.898834
v 463.041779 150.956146 315.370056
v 465.579742 161.601593 313.196808
v 466.385132 150.973526 311.125122
v 465.871887 161.638474 308.239807
v 463.595062 150.973541 305.457764
v 462.998322 161.636017 305.377563
v 459.382538 161.636017 305.099915
v 457.296051 150.973526 305.933533
v 456.394958 161.636032 307.155334
v 455.361786 161.636017 310.631348
v 457.645233 150.947449 315.062988
v 456.741638 161.636017 313.984924
v 460.849304 108.474876 315.898834
v 463.041779 97.896606 315.370056
v 465.579742 108.442062 313.196808
v 466.385132 97.913994 311.125122
v 465.871887 108.478943 308.239807
v 463.595062 97.914001 305.457764
v 462.998322 108.476494 305.377563
v 459.382538 108.476486 305.099915
v 457.296051 97.913986 305.933533
v 456.394958 108.476494 307.155334
v 455.361786 108.476494 310.631348
v 457.645233 97.887901 315.062988
v 456.741638 108.476486 313.984924
v 292.956818 212.778473 310.690552
v 292.982910 210.494293 312.420471
v 292.969391 211.287964 308.353149
v 292.952271 208.917328 309.906982
v 425.058929 149.141815 330.305145
v 423.806274 149.130859 329.495972
v 421.908722 102.546349 328.878754
v 423.711700 105.843605 329.024200
v 424.908234 149.503387 290.424622
v 423.709991 149.166412 291.446350
v 420.890717 153.374435 291.261230
v 423.468842 102.689850 290.503876
v 306.696442 226.336426 305.735931
v 307.308838 218.839951 305.885681
v 307.514343 215.851883 322.575348
v 307.246185 218.914459 314.871155
v 306.949371 226.329544 314.971558
v 308.911255 211.283981 292.277863
v 307.482574 211.414032 290.397522
v 307.487305 215.478500 297.032501
v 308.002106 217.736969 310.188110
v 308.258301 215.788239 320.311829
v 303.991913 221.435471 328.335022
v 303.142914 219.670517 328.137390
v 304.957031 221.793518 293.247925
v 303.920776 221.785538 291.918091
v 303.903198 221.321304 292.341034
v 296.756195 215.098221 291.027008
v 297.996429 216.923340 302.755463
v 299.936340 215.671555 302.755463
v 298.879517 213.885757 302.755463
v 296.881531 214.777924 302.755463
v 384.313538 174.554092 306.455475
v 385.082092 177.326492 309.455261
v 383.817352 176.066696 308.475159
v 384.788177 175.735748 310.593384
v 384.340393 177.217606 311.697052
v 382.919525 176.465866 312.613037
v 382.415070 177.965149 312.109314
v 382.138031 178.421692 308.430786
v 381.733582 176.849838 308.368347
v 380.555969 177.290558 310.148499
v 381.398743 178.322952 310.672577
v 381.404449 176.937454 312.328094
v 385.971893 175.092239 311.271606
v 386.985809 178.146820 309.216156
v 384.146332 175.888428 313.897522
v 385.026276 175.452942 307.688660
v 381.420746 176.841507 306.758545
v 379.228271 177.666183 309.439331
v 380.430908 177.248108 313.538879
v 383.432312 177.325836 308.775391
v 292.477600 12.877866 25.555481
v 292.411987 12.876903 65.555481
v 338.144592 18.320152 25.503693
v 366.113251 39.536671 25.858185
v 365.037628 38.679531 65.152924
v 376.785889 49.207478 65.555481
v 246.823578 18.336113 65.651855
v 218.077744 38.921444 65.555481
v 218.077744 38.921440 63.856171
v 193.149872 108.669189 65.555481
v 195.669846 105.493500 65.555481
v 200.278687 106.561058 65.555481
v 201.006546 111.235573 65.555481
v 197.969467 113.429947 65.555481
v 194.345367 112.564514 65.555481
v 246.631973 18.500673 25.434326
v 218.077744 38.921440 27.254791
v 216.730942 40.260174 25.692505
v 257.083099 191.262711 65.555481
v 307.760193 210.622253 65.531067
v 336.079285 187.156418 65.555481
v 280.568024 222.953522 65.555481
v 279.485901 226.660706 65.555481
v 277.485901 226.660706 65.555481
v 104.911514 106.082817 65.075470
v 105.005646 98.056458 64.872864
v 423.111389 102.400475 65.400940
v 434.797516 105.482811 65.555481
v 207.754288 177.102844 65.465210
v 197.624008 173.353119 65.436615
v 200.380768 153.727051 65.555481
v 162.400833 154.008774 65.511414
v 150.071518 153.942337 65.555481
v 146.939728 161.002335 65.554932
v 160.418091 103.871208 65.437531
v 150.071518 105.482811 65.555481
v 185.713760 162.220352 65.281097
v 180.701263 150.558090 65.555481
v 174.428894 126.872459 65.555481
v 174.540375 92.534081 65.236176
v 238.541077 180.138306 65.555481
v 206.156921 181.325989 65.399384
v 196.118210 177.492783 65.387268
v 480.114899 98.056458 64.621368
v 479.863403 106.273232 64.872864
v 438.454498 97.850929 65.548859
v 424.871979 106.531197 65.426056
v 410.007965 129.581573 65.555481
v 399.134979 162.323517 65.438812
v 437.781982 161.017914 65.554962
v 434.797516 153.942337 65.555481
v 425.056152 149.131805 65.503540
v 480.105225 153.134659 64.632416
v 479.874451 161.450027 64.863190
v 421.448547 154.176590 65.430511
v 410.092102 91.289719 65.525513
v 410.417542 92.810623 65.056061
v 388.811157 177.474701 65.425751
v 387.169403 173.275757 65.448669
v 378.755493 181.307877 65.387268
v 377.120087 177.217667 65.436615
v 204.180969 52.369511 65.555481
v 145.446823 98.349304 65.547516
v 104.878235 161.297806 65.000854
v 105.088226 153.326584 65.111572
v 283.419281 198.115601 65.555481
v 224.446060 167.080322 65.555481
v 310.595673 196.702927 65.555481
v 306.872528 226.873474 65.555481
v 279.685211 221.939407 65.555054
v 304.319519 222.884979 65.555481
v 305.183167 221.937897 65.555481
v 284.717560 215.059052 65.377716
v 285.719910 216.898239 65.299561
v 287.904572 216.477768 65.337769
v 287.418091 213.216843 65.523315
v 378.996033 89.180588 65.555481
v 381.562134 108.222534 65.555481
v 371.768768 68.800743 65.555481
v 355.810852 46.757832 65.555481
v 302.629883 21.123320 65.555481
v 281.006866 21.036442 65.555481
v 274.203033 9.026947 65.549652
v 254.867233 28.604174 65.555481
v 260.447571 12.687370 65.555481
v 321.418457 25.144773 65.555481
v 332.219147 15.130771 65.643311
v 340.757660 34.817181 65.555481
v 292.938232 7.443907 65.555603
v 291.934509 7.537991 65.555481
v 308.564178 8.309449 65.537476
v 276.681091 8.261202 65.538696
v 215.202637 64.934586 65.555481
v 205.374680 90.310982 65.555481
v 232.229126 43.706100 65.555481
v 205.928024 130.927139 65.555481
v 203.534515 109.436768 65.555481
v 372.846344 147.896408 65.555481
v 378.996033 129.692947 65.555481
v 361.019897 165.998718 65.555481
v 212.765396 148.883453 65.555481
v 390.700439 106.641510 65.555481
v 383.447327 108.993866 65.555481
v 385.205536 112.664207 65.555481
v 386.858063 105.294243 65.555481
v 391.776642 110.205490 65.555481
v 388.859314 113.494278 65.555481
v 351.581970 175.805344 65.555481
v 146.414337 97.850380 25.562714
v 150.071518 105.482811 25.555481
v 104.754150 98.056458 26.489624
v 104.994591 106.290497 26.247803
v 434.797516 105.482811 25.555481
v 438.454926 97.849678 25.563446
v 104.763824 153.134659 26.478577
v 105.005653 161.432755 26.238129
v 150.071518 153.942337 25.555481
v 147.086823 161.018463 25.556580
v 277.138123 210.626465 25.573212
v 280.549500 222.884979 25.555481
v 279.685883 221.937897 25.555481
v 437.929443 161.002670 25.556396
v 434.797516 153.942337 25.555481
v 480.105225 106.290497 26.478577
v 479.874451 98.075111 26.247803
v 278.000183 226.832138 25.555481
v 305.183167 221.990280 25.555481
v 307.383148 226.660706 25.555481
v 304.300995 222.953537 25.555481
v 305.383148 226.660706 25.555481
v 480.114899 161.468689 26.489624
v 479.853729 153.133362 26.229645
v 160.422668 149.727173 25.738159
v 174.861069 129.581635 25.555481
v 410.440155 126.872467 25.555481
v 410.325745 92.520615 25.857819
v 424.563812 105.320221 25.727509
v 399.191376 162.159988 25.918671
v 307.852051 210.659225 25.630188
v 324.421448 12.687370 25.555481
v 185.650879 162.181259 25.874756
v 297.948914 217.069473 25.817810
v 404.167786 150.558090 25.555481
v 292.934509 7.537991 25.555481
v 274.879242 8.781170 25.580994
v 260.447571 12.687370 25.555481
v 174.568054 92.565407 25.943848
v 173.452789 105.120323 25.555481
v 307.501160 8.223419 25.569580
v 310.673767 9.018149 25.558350
v 296.567780 215.429001 25.719543
v 297.363556 213.852707 25.813873
v 291.932098 7.038487 25.654694
v 277.732971 8.218694 25.556183
v 299.732269 216.453064 25.811890
v 300.463928 214.560043 25.564545
v 275.176819 210.256042 25.978363
v 271.130798 209.236374 30.059540
v 269.524780 208.831207 41.548462
v 270.621063 209.304962 49.856323
v 145.511887 162.721741 27.468597
v 145.400864 162.720596 63.595734
v 201.001572 179.278519 41.547913
v 197.755676 178.038559 43.590820
v 201.423569 179.394043 49.388641
v 204.383682 180.497406 47.521851
v 204.428604 180.523224 43.542175
v 206.030640 181.246460 43.355469
v 198.510025 178.383942 48.010590
v 292.321442 208.429382 44.781891
v 292.395203 208.556152 46.705780
v 292.334930 210.343353 43.043457
v 292.403931 213.006088 44.118927
v 292.329559 209.607605 47.794769
v 292.353973 212.608200 47.466736
v 322.312469 206.712402 25.641022
v 322.381378 206.836945 63.779572
v 315.336578 208.906525 45.823517
v 394.512207 179.545425 63.555481
v 394.613007 179.278229 26.627258
v 384.747467 177.044144 44.974091
v 383.548645 176.177429 43.457520
v 384.802399 175.705170 45.888062
v 384.780884 177.461197 46.916718
v 383.844543 176.351135 47.307831
v 382.925568 177.734283 47.471741
v 382.047363 176.769974 47.709198
v 383.175598 177.523651 43.710114
v 381.049988 177.128815 44.117859
v 381.991516 178.541275 43.997009
v 381.371063 178.311752 46.125031
v 380.744385 177.190262 46.726349
v 385.971069 175.092148 46.470276
v 385.607758 178.624664 48.946014
v 386.985809 178.146820 44.416138
v 383.544769 176.018631 49.139099
v 385.026276 175.452942 42.888672
v 385.617493 178.560852 42.166473
v 381.817535 180.020416 42.170898
v 381.420776 176.841492 41.958557
v 379.102234 177.726562 44.850952
v 379.941742 180.698807 45.042175
v 380.283173 177.275650 48.449341
v 381.710693 180.026398 48.900482
v 388.648102 177.502213 43.355469
v 386.343903 173.779144 43.514252
v 377.305023 177.229141 43.355469
v 379.647766 176.334961 42.505463
v 280.398804 221.814545 27.212219
v 305.117706 221.828690 28.381348
v 305.184326 221.835037 62.453003
v 304.471497 221.366867 62.688721
v 304.386292 221.793839 29.769287
v 304.382111 221.816269 61.303650
v 281.420593 219.619141 63.042542
v 302.879486 219.628189 63.364349
v 281.998077 219.461945 28.099152
v 303.008423 219.664337 27.735382
v 303.895813 220.154053 63.108917
v 309.079437 210.641312 64.767487
v 312.549347 210.972931 47.624146
v 311.917358 209.550949 64.842194
v 311.752594 209.607666 26.153046
v 313.415710 209.757492 34.188263
v 312.997101 210.425583 43.464478
v 311.475983 212.840622 45.459961
v 310.944305 212.503555 34.825531
v 309.676697 211.910660 29.131012
v 310.479950 216.434128 44.288452
v 310.569397 215.409134 51.624847
v 310.589417 211.684906 60.107635
v 314.805969 208.952881 57.566528
v 312.142944 210.986069 54.919006
v 420.729919 153.353043 64.221497
v 292.921051 10.281588 46.077545
v 292.930267 8.407543 47.983917
v 292.944885 5.425509 45.407440
v 292.978607 0.313020 46.592377
v 292.975769 1.457867 36.411987
v 292.985168 1.664765 55.468201
v 292.926788 9.113894 43.242981
v 350.423889 25.497568 27.379822
v 350.527496 25.621037 63.761810
v 323.901001 12.495399 47.328552
v 323.422180 12.343016 43.522400
v 435.847137 94.111053 63.487213
v 436.165466 94.289520 27.597839
v 455.013580 97.208786 46.154602
v 445.021637 96.849274 63.625153
v 456.902588 96.898048 50.994446
v 478.797516 96.882805 63.555481
v 463.188049 97.317207 50.829559
v 445.099487 96.846275 27.519775
v 466.346649 97.291710 47.264069
v 478.797516 96.882805 27.555481
v 465.936371 96.899132 41.274170
v 460.406250 96.884712 39.108765
v 455.597015 96.891922 41.491028
v 454.187378 109.467567 46.584686
v 438.797516 109.482811 61.555481
v 476.797516 109.482811 61.555481
v 463.347809 109.016388 50.707275
v 438.797516 109.482811 29.555481
v 461.315430 109.082275 39.827637
v 476.797516 109.482811 29.555481
v 465.387848 109.111435 41.881775
v 467.103455 109.479118 47.263153
v 458.807770 109.475220 51.860931
v 457.264801 109.073402 40.972534
v 438.797516 149.942337 61.555481
v 438.797516 149.942337 29.555481
v 455.013580 150.268326 46.154602
v 456.902588 149.957596 50.994446
v 476.797516 149.942337 61.555481
v 463.188049 150.376755 50.829559
v 466.346649 150.351257 47.264069
v 476.797516 149.942337 29.555481
v 465.936371 149.958679 41.274170
v 455.597046 149.951477 41.491058
v 460.406250 149.944260 39.108795
v 454.187408 162.627090 46.584656
v 439.294312 162.728317 63.619507
v 439.532471 162.718216 27.494110
v 461.315430 162.241806 39.827637
v 478.797516 162.642334 27.555481
v 465.387848 162.270966 41.881775
v 467.103455 162.638641 47.263153
v 478.797516 162.642334 63.555481
v 458.807770 162.634750 51.860931
v 457.264801 162.232925 40.972534
v 463.347809 162.175919 50.707275
v 422.034210 102.351868 26.282532
v 423.776093 149.083221 26.497192
v 308.426971 7.628327 27.012848
v 309.191742 216.899033 49.681793
v 309.516296 214.331558 58.059113
v 309.945862 215.438492 36.378326
v 310.380676 2.574740 49.917603
v 311.170044 7.099141 58.129395
v 309.885712 3.514309 55.014282
v 308.954132 5.724387 61.029419
v 308.727875 7.645704 63.992828
v 310.365204 2.270792 43.912354
v 309.958496 3.354453 36.469208
v 310.158356 7.500183 29.151581
v 314.410370 9.631262 41.234955
v 315.324310 10.029261 49.667114
v 312.205200 7.637287 50.146179
v 310.852814 4.289599 48.213226
v 310.811829 3.619731 44.654633
v 311.319763 5.794524 41.462860
v 313.413330 9.506319 60.694946
v 313.593201 9.519889 31.397339
v 297.759186 10.636562 45.203827
v 297.404877 9.895814 47.099731
v 297.774902 7.913314 48.201996
v 297.776398 5.820408 46.592285
v 297.815430 5.854512 44.076416
v 297.429260 7.015851 43.456390
v 297.796326 8.634862 43.087280
v 297.952118 3.971417 43.501099
v 297.939331 6.565306 41.167786
v 297.918823 10.739133 49.415985
v 297.937347 6.965962 50.016113
v 297.953125 3.769785 47.549957
v 297.922211 10.059896 41.434570
v 297.909271 12.702754 44.896454
v 459.437195 150.937149 50.788513
v 466.398224 161.623596 46.223724
v 465.677612 150.948654 43.145477
v 461.803680 150.973541 40.005585
v 456.702667 150.953247 41.886780
v 455.272217 161.623642 44.899689
v 456.348480 150.953278 48.785461
v 457.850861 161.582993 50.409058
v 459.437195 97.877609 50.788513
v 466.398224 108.464058 46.223724
v 465.677612 97.889122 43.145477
v 461.803680 97.914001 40.005585
v 456.702667 97.893715 41.886780
v 455.272217 108.464104 44.899689
v 456.348480 97.893738 48.785461
v 457.850861 108.423462 50.409058
v 292.956818 212.778488 45.890533
v 292.982910 210.494324 47.620483
v 292.969391 211.288025 43.553131
v 292.952271 208.917297 45.107025
v 423.806274 149.130844 64.695984
v 421.908722 102.546356 64.078766
v 423.711700 105.843605 64.224213
v 420.746216 153.307022 27.046417
v 424.520447 149.765869 25.684967
v 421.345459 154.066757 25.723236
v 423.573700 105.257362 27.058197
v 306.696442 226.336426 40.935944
v 307.383484 218.866562 40.957825
v 307.514343 215.851883 57.775360
v 307.246185 218.914459 50.071136
v 306.949371 226.329544 50.171570
v 308.165405 215.930023 35.748016
v 308.911255 211.283966 27.477783
v 307.528778 211.483459 25.611511
v 308.331909 217.404068 44.823242
v 308.258331 215.788223 55.511871
v 304.049591 221.790726 63.971130
v 280.928223 221.320450 27.599640
v 303.864441 221.206360 63.508911
v 303.920746 221.785538 27.118073
v 304.468201 221.362869 28.338470
v 303.976532 221.152618 27.662781
v 304.125275 220.343796 28.303558
v 297.996429 216.923340 37.955475
v 299.936340 215.671555 37.955475
v 299.222595 213.964691 26.202026
v 298.879517 213.885757 37.955475
v 296.881531 214.777924 37.955475
v 384.313538 174.554092 41.655487
v 198.527206 173.779938 43.405487
v 206.600235 176.861298 43.399536
v 280.426544 221.296783 62.778839
v 280.394470 221.385437 28.507568
v 280.478973 221.797516 61.332062
v 280.486938 221.816238 29.807098
v 280.827545 220.192230 28.283325
v 277.485901 226.429947 50.202545
v 277.582916 219.148300 41.029572
v 277.383331 215.792007 32.895111
v 277.909790 226.280106 40.964081
v 275.738007 217.227646 45.834991
v 273.398224 211.672043 35.063599
v 274.508209 216.117111 40.283295
v 275.002869 214.809311 34.697449
v 270.912109 209.202728 60.243500
v 273.291138 212.416458 49.789764
v 274.721863 215.231216 54.965546
v 274.052979 215.622696 46.677429
v 274.105713 215.120560 43.549133
v 272.594421 211.195114 41.013458
v 275.838409 213.574112 31.138672
v 277.016235 210.583542 65.517151
v 274.105530 209.919983 65.060638
v 274.155304 211.044998 29.722076
v 275.020050 211.308685 62.611511
v 273.359955 211.247345 57.734344
v 161.425842 149.975342 26.820587
v 291.686401 6.164896 44.797272
v 291.884033 0.297755 48.241150
v 291.697113 6.853734 47.335480
v 291.886078 3.442698 59.920013
v 291.885101 1.202347 37.561188
v 291.729248 10.142922 45.495575
v 291.752930 9.178740 47.323730
v 291.740051 8.050057 43.424042
v 270.894196 9.651281 31.977570
v 271.479065 9.518850 60.867828
v 269.188080 10.121056 45.564087
v 233.896973 25.912287 63.708191
v 234.866119 25.229948 27.322754
v 128.168625 97.292221 49.641632
v 139.781326 96.843430 63.589691
v 106.071518 96.882805 63.555481
v 117.598701 96.890144 46.793182
v 122.210999 96.898048 51.981323
v 139.847397 96.849274 27.485840
v 126.402359 96.887062 39.462555
v 120.012169 96.899132 40.239532
v 106.071518 96.882805 27.555481
v 130.646927 96.898041 44.323792
v 146.071503 109.482811 29.555481
v 128.698868 109.053558 42.165070
v 126.339317 109.474785 51.780945
v 146.071503 109.482811 61.555481
v 130.544327 109.475471 46.793213
v 120.063011 109.473694 50.799194
v 108.071518 109.482811 61.555481
v 119.379448 109.473694 40.913361
v 108.071518 109.482811 29.555481
v 125.008080 109.478554 39.099518
v 118.355362 109.023262 46.607483
v 146.071503 149.942337 61.555481
v 146.071503 149.942337 29.555481
v 128.168625 150.351761 49.641632
v 126.402359 149.946609 39.462555
v 108.071503 149.942337 29.555481
v 120.012169 149.958679 40.239532
v 117.598709 149.949692 46.793182
v 108.071503 149.942337 61.555481
v 122.210999 149.957596 51.981293
v 130.646927 149.957596 44.323792
v 128.698868 162.213089 42.165070
v 120.063019 162.633209 50.799194
v 106.071518 162.642334 63.555481
v 126.339310 162.634308 51.780945
v 130.544327 162.634995 46.793213
v 106.071518 162.642334 27.555481
v 119.379456 162.633209 40.913361
v 125.008080 162.638077 39.099518
v 118.355362 162.182785 46.607483
v 161.091431 106.406578 26.908600
v 148.703583 94.289520 63.513153
v 149.021866 94.111084 27.623779
v 275.736664 5.846293 29.997711
v 274.917084 3.366140 36.417908
v 276.710571 215.868103 55.463531
v 276.226440 7.732627 64.166626
v 276.213593 7.808351 26.800537
v 274.617340 7.453013 61.519989
v 275.113586 4.350802 57.431702
v 274.626770 2.613124 50.900543
v 274.494507 2.271862 43.973969
v 270.899292 9.168871 43.915344
v 272.805511 7.166056 43.868805
v 273.282257 6.266476 45.702972
v 272.686646 7.348573 47.332062
v 270.777100 9.224442 47.158569
v 273.242706 6.994523 54.332397
v 273.665283 7.173044 33.267365
v 287.612366 212.962967 44.153534
v 287.614929 210.437271 43.052429
v 287.574036 208.198456 45.245636
v 287.946899 208.786362 46.813477
v 287.583435 210.777786 48.162659
v 287.654175 212.913452 46.974243
v 287.434540 211.860565 49.980927
v 287.434479 214.829102 47.837372
v 287.434479 215.148178 44.213654
v 287.434509 212.459534 41.146057
v 287.434509 207.957230 41.986938
v 287.434509 206.263611 45.458954
v 287.434509 208.123917 49.318726
v 291.444855 9.458804 44.199738
v 124.018089 150.971924 51.108124
v 127.525604 161.636002 49.761719
v 129.530457 161.638382 46.210510
v 129.507233 150.948685 45.831390
v 128.230606 150.953262 41.959808
v 124.492172 161.623642 40.007294
v 124.120155 150.953262 40.057800
v 120.338120 150.948669 41.595062
v 119.912460 161.631424 41.959778
v 118.510529 150.949524 45.743378
v 120.307388 150.946045 49.426392
v 122.686546 161.619980 51.014557
v 124.018089 97.912384 51.108124
v 127.525604 108.476479 49.761719
v 129.530457 108.478851 46.210510
v 129.507233 97.889137 45.831390
v 128.230606 97.893715 41.959808
v 124.492172 108.464104 40.007294
v 124.120155 97.893730 40.057800
v 120.338120 97.889130 41.595062
v 119.912460 108.471893 41.959778
v 118.510529 97.889984 45.743378
v 120.307388 97.886513 49.426392
v 122.686546 108.460449 51.014557
v 161.051514 106.429749 64.356781
v 162.543594 102.926613 64.259552
v 164.936600 153.904556 64.599335
v 162.975952 152.324020 64.653870
v 161.207336 149.128845 64.248932
v 160.021973 148.621613 65.434235
v 162.562531 102.959961 27.038483
v 164.719101 153.809677 26.451904
v 163.130905 153.674347 25.722839
v 160.039062 106.429222 25.691589
v 161.771408 102.408081 25.722290
v 278.842957 226.527206 50.307037
v 277.284851 211.377823 65.467377
v 277.465790 219.185104 50.132019
v 277.087524 217.595184 48.286865
v 276.963562 217.328384 40.628265
v 279.687927 221.836731 28.695160
v 279.720398 221.827423 62.557343
v 281.052185 221.657730 63.704346
v 281.380005 220.324524 63.504242
v 281.393036 220.309021 27.608063
v 285.912750 213.891968 64.934265
v 287.762512 214.343903 53.155457
v 287.930817 214.727295 64.936157
v 287.619690 216.389908 53.155457
v 285.823639 216.768982 53.155457
v 285.068237 214.459488 53.155457
v 202.659134 175.357025 41.052155
v 200.187881 175.742950 44.703613
v 199.806503 177.364105 44.744751
v 201.639191 177.580109 43.659241
v 203.058167 176.847397 43.384460
v 200.392990 177.033066 46.484711
v 200.996826 176.004654 47.409973
v 202.453430 176.597885 47.795502
v 202.028854 177.866287 47.497864
v 204.210358 177.293198 46.476685
v 203.682190 178.813171 45.319611
v 199.654846 175.381439 43.098724
v 202.740311 176.570969 41.776581
v 198.975327 175.121841 46.750183
v 201.591370 176.120499 49.207153
v 205.084854 177.465836 47.885437
v 205.563812 177.636978 44.360565
v 203.261246 178.039352 45.596924
v 371.805084 239.577286 328.355469
v 330.795319 244.116150 328.355469
v 370.501587 244.140564 328.355469
v 385.584625 203.919357 328.355469
v 390.040619 228.321472 328.355469
v 384.273346 236.292053 328.355469
v 385.651428 203.896683 25.555481
v 330.795319 244.116150 25.555481
v 370.501587 244.140564 25.555481
v 371.805084 239.577286 25.555481
v 384.670441 236.055420 25.555481
v 390.115265 227.833969 25.555481
v 385.683655 108.959824 290.355469
v 389.796356 109.404381 290.355469
v 387.748077 107.166740 290.355469
v 388.651184 111.280586 290.355469
v 386.290680 111.069191 290.355469
v 385.823120 108.187965 65.555481
v 389.790497 110.018478 65.555481
v 386.807373 111.531433 65.555481
v 388.664215 107.565643 65.555481
v 199.723068 178.838943 311.999603
v 200.981903 179.316956 312.846497
v 199.320511 178.684692 311.847046
v 198.990448 178.541290 309.019287
v 199.512344 178.758514 309.139526
v 202.096191 179.744736 308.386108
v 201.852997 179.649460 307.983856
v 203.335190 180.216461 309.624451
v 202.861435 180.036819 311.610352
v 203.032471 180.099640 311.793396
v 202.172958 179.316269 308.402954
v 199.725281 178.400574 309.050018
v 199.467667 178.310135 311.065125
v 200.879471 178.841110 312.421600
v 203.139877 179.688095 311.227570
v 201.599854 183.799362 309.866638
v 201.614151 183.458115 311.552307
v 200.986298 183.567230 311.967346
v 198.464447 182.613037 312.087708
v 198.671036 182.377655 312.112366
v 198.078720 182.121445 309.172302
v 198.113831 182.480392 308.925171
v 200.811829 183.194748 308.501282
v 200.463104 183.369278 308.463776
v 197.559814 182.269684 310.782684
v 198.319290 182.557922 312.104858
v 199.645905 183.058884 312.688110
v 201.301788 183.685410 311.944611
v 201.859268 183.893845 309.720825
v 200.321686 183.314560 308.117554
v 198.209427 182.512375 308.573059
v 381.723816 180.145309 310.087952
v 382.318573 179.478897 308.751373
v 383.422699 179.496704 308.302124
v 385.117676 178.354782 308.827271
v 385.334076 178.767151 309.105896
v 385.351562 178.760483 311.637695
v 384.772522 178.523712 312.124481
v 383.078979 179.627884 312.344269
v 381.864380 179.625992 311.552917
v 382.945984 179.674240 312.737915
v 385.811493 178.573135 311.730774
v 385.499329 178.701614 308.714478
v 383.358124 179.518875 307.893799
v 381.310272 180.291306 310.078918
v 383.229797 183.512833 309.480194
v 383.542023 183.696136 309.212799
v 385.505280 182.953323 308.241089
v 385.814423 182.497101 308.303223
v 387.225922 182.301956 310.843475
v 386.908905 182.097885 311.245239
v 384.985931 183.149826 312.429077
v 384.119720 183.143936 312.330688
v 383.364075 183.763412 311.208008
v 387.063354 182.363251 309.251709
v 385.476562 182.960007 307.984711
v 383.351624 183.765869 309.007324
v 383.067566 183.875153 310.907532
v 384.291809 183.408310 312.560181
v 386.270081 182.663391 312.340668
v 387.278168 182.281387 310.955872
v 350.724304 195.870010 311.875488
v 349.571136 196.549255 311.748840
v 348.928436 196.729965 310.594025
v 348.900604 196.802261 310.868469
v 351.362152 195.855209 312.039825
v 349.425079 196.490387 311.539825
v 352.293762 195.518784 310.349121
v 351.949432 195.276978 310.832703
v 351.580444 195.782471 308.866577
v 351.300446 195.573669 309.012238
v 349.572327 196.547012 308.891693
v 348.927307 196.793060 309.891541
v 349.260498 196.563995 309.234039
v 349.002106 196.764862 309.843628
v 349.703522 196.499435 308.972107
v 350.969666 196.020264 308.932190
v 352.040894 195.615341 310.183655
v 351.015015 196.003372 311.807800
v 349.725983 196.491089 311.712860
v 348.953796 196.782990 310.814148
v 234.279572 195.916214 312.020203
v 233.313522 195.787613 311.885193
v 235.859009 196.757309 309.431763
v 235.916672 196.716583 309.893127
v 234.400726 196.209427 308.631287
v 234.265152 195.886459 308.678436
v 232.653320 195.535065 309.515320
v 232.863220 195.247360 310.417603
v 235.369354 196.575211 311.758606
v 235.941055 196.792664 310.814545
v 235.821732 196.673050 311.018219
v 235.822998 196.747650 309.678101
v 235.890472 196.773453 310.897858
v 235.077423 196.465851 311.741119
v 233.486526 195.863800 311.663696
v 232.956573 195.663834 309.765137
v 234.588364 196.281052 308.771576
v 235.316605 190.070358 311.613342
v 233.392532 189.754456 309.152588
v 233.353271 189.754410 311.536102
v 235.861954 190.339874 309.517090
v 235.759888 192.192032 310.012085
v 234.601273 192.312393 308.843384
v 232.943695 192.306244 310.508057
v 235.042618 192.288147 311.774963
v 350.201050 192.220795 308.939331
v 350.004517 192.231934 311.749176
v 351.980774 192.288788 310.378021
v 348.999237 192.284286 310.185852
v 350.124542 189.756287 308.833221
v 350.830688 189.755325 311.855408
v 351.989990 189.753754 309.984741
v 348.811707 189.758072 310.725586
v 203.129318 180.139069 45.023621
v 203.059433 179.622025 46.783234
v 201.518784 179.524353 47.699402
v 200.103745 178.537521 47.290466
v 199.069443 178.589462 45.891418
v 199.643173 178.313477 44.162537
v 200.740158 179.227158 43.448975
v 202.425003 179.431015 43.845886
v 203.303131 180.202972 44.623993
v 201.841492 179.646942 43.237488
v 199.576981 178.775787 43.595947
v 198.913254 178.527374 46.340637
v 202.067490 179.680664 48.151276
v 201.585052 183.793762 46.115875
v 201.431549 183.431091 46.935333
v 199.927368 183.166565 47.689331
v 198.671036 182.377655 47.312347
v 197.894501 182.397400 46.388519
v 197.905762 182.103592 45.267822
v 198.309967 182.554596 44.065186
v 199.172562 182.569092 43.527924
v 199.992722 183.191284 43.543274
v 201.377228 183.409164 44.291870
v 201.230331 183.659546 44.296814
v 197.981445 182.426117 47.084686
v 199.832748 183.130219 47.861267
v 201.441681 183.737213 47.013245
v 201.816818 183.880432 44.957855
v 200.341629 183.319138 43.260376
v 198.398056 182.587387 43.714935
v 197.595352 182.283707 45.030151
v 381.955170 179.569046 44.120850
v 381.788239 180.120316 46.395050
v 383.397797 179.506195 43.359894
v 385.213348 178.339783 44.194702
v 385.768707 178.601257 45.284790
v 384.997833 178.456284 47.037720
v 384.393677 179.126083 47.549500
v 382.472687 179.400055 47.381683
v 381.559845 180.207245 46.264313
v 381.690948 180.156418 44.433990
v 383.550140 179.443649 43.033661
v 386.072876 178.473373 44.799103
v 385.181122 178.824280 47.481934
v 382.946014 179.674225 47.937958
v 383.199036 183.530655 44.858246
v 384.992340 183.147385 43.377960
v 385.652222 182.537338 43.406403
v 386.902985 182.424683 44.672974
v 386.908905 182.097885 46.445251
v 386.829346 182.452621 46.680237
v 385.308289 183.027863 47.584015
v 384.119720 183.143936 47.530670
v 383.806030 183.596252 47.052338
v 383.261810 183.802185 45.102173
v 387.136536 182.324768 44.239471
v 384.911835 183.177307 43.261505
v 382.812225 183.947998 45.084564
v 384.019470 183.515274 47.491821
v 385.223419 183.059418 47.864594
v 386.859955 182.438431 47.069977
v 234.279495 195.916168 47.220123
v 233.313583 195.787628 47.085205
v 235.858963 196.757294 44.631653
v 235.916672 196.716599 45.093201
v 234.400757 196.209442 43.831299
v 234.264999 195.886414 43.878448
v 232.653305 195.535049 44.715393
v 232.863220 195.247360 45.617645
v 235.369385 196.575226 46.958557
v 235.941071 196.792679 46.014465
v 235.821747 196.673050 46.218201
v 235.822983 196.747650 44.878082
v 235.890472 196.773453 46.097870
v 235.077271 196.465805 46.941162
v 233.486511 195.863800 46.863678
v 232.956558 195.663818 44.965240
v 234.588211 196.281006 43.971588
v 234.882568 189.756485 47.111511
v 234.141632 189.755463 43.918701
v 235.968765 189.757950 45.337708
v 232.975693 189.753922 46.029968
v 233.854477 192.327454 44.168274
v 233.084412 192.250702 45.670685
v 234.007553 192.287704 46.933716
v 235.496078 192.314163 46.507385
v 235.694794 192.217087 44.930145
v 350.724243 195.870056 47.075531
v 349.571106 196.549286 46.948822
v 348.928436 196.729965 45.794006
v 348.900604 196.802261 46.068390
v 351.362152 195.855209 47.239838
v 349.425110 196.490387 46.739868
v 352.293762 195.518784 45.549133
v 351.949402 195.276978 46.032745
v 351.580444 195.782471 44.066559
v 351.300446 195.573685 44.212189
v 349.572357 196.547012 44.091675
v 348.927307 196.793060 45.091583
v 349.260498 196.563995 44.434021
v 349.002075 196.764862 45.043640
v 349.703491 196.499451 44.172119
v 350.969696 196.020264 44.132202
v 352.040894 195.615341 45.383667
v 351.014984 196.003372 47.007782
v 349.726044 196.491074 46.912872
v 348.953796 196.783005 46.014099
v 350.182861 192.203949 44.106628
v 348.987915 192.242233 45.682098
v 350.758331 192.307449 47.050293
v 351.853790 192.260834 45.284851
v 351.240631 189.754791 44.029327
v 350.880157 189.755264 47.239380
v 348.842010 189.758026 45.377502
v 195.017914 109.854706 290.355469
v 197.445740 107.134468 290.355469
v 199.269653 109.946434 290.355469
v 197.306549 111.545319 290.355469
v 195.098770 108.447380 65.555481
v 198.509491 107.699554 65.555481
v 196.217880 111.280594 65.555481
v 198.896240 110.860649 65.555481
v 462.623505 152.149673 -36.566772
v 460.535004 152.891205 -36.673401
v 458.157898 151.183441 -36.757996
v 459.014709 147.857193 -36.692627
v 461.781677 147.739212 -36.663330
v 463.302399 149.683975 -36.681641
v 455.412354 111.364693 -36.770142
v 449.284027 149.657440 -37.976624
v 442.986389 158.349472 -39.869873
v 447.704987 147.341293 -38.503723
v 455.221832 158.348282 -37.026489
v 445.967834 142.509720 -39.047607
v 446.339783 123.725166 -38.916443
v 439.330597 111.358223 -41.537720
v 453.025391 116.013847 -37.296143
v 459.844208 114.443634 -36.474426
v 470.908112 111.358612 -37.819519
v 467.393311 115.657104 -37.224792
v 471.920105 119.287994 -38.110840
v 468.222595 158.346130 -37.191284
v 475.001465 143.824966 -38.947266
v 481.863098 158.348709 -41.510864
v 475.115631 124.936775 -38.992493
v 481.541077 111.358475 -41.405884
v 470.265930 151.403412 -37.717224
v 472.440125 148.988403 -38.083923
v 466.777649 153.280502 -37.047791
v 509.278381 158.275269 -87.096619
v 509.148102 111.358574 -89.422058
v 495.681549 111.358574 -51.166931
v 496.793488 158.348572 -52.345520
v 507.882568 111.358559 -71.894043
v 508.186523 158.345688 -73.408020
v 427.668304 158.348572 -49.390381
v 426.631470 111.358574 -50.368530
v 418.746002 158.348572 -60.601624
v 418.244476 111.358574 -61.470337
v 412.975525 158.348679 -74.495300
v 413.010681 111.358559 -74.702881
v 411.889526 158.218597 -84.527283
v 411.962677 111.358459 -87.252502
v 412.511963 158.342377 -92.257385
v 414.165680 111.358574 -99.788818
v 416.714508 158.348572 -106.611206
v 420.262024 111.358574 -112.755676
v 426.631561 158.348572 -120.346619
v 434.392487 111.358574 -126.712036
v 444.445648 158.349503 -131.738953
v 450.337097 111.358429 -132.928284
v 457.356476 158.311584 -133.867126
v 462.373444 111.358986 -134.122437
v 468.087585 158.346405 -133.407715
v 480.595673 111.358574 -129.861816
v 486.851227 158.348572 -126.712097
v 496.793488 111.358574 -118.369568
v 502.621246 158.348572 -110.541504
v 505.485870 111.358574 -104.163818
v 508.591797 158.348694 -93.638916
v 468.417480 111.358574 -67.098999
v 479.123383 111.358574 -77.763489
v 479.863831 111.358574 -90.870056
v 442.710632 111.358574 -76.794250
v 440.924988 111.358574 -89.948242
v 455.280060 111.358574 -65.858582
v 474.539795 111.327446 -71.434631
v 474.553192 111.330017 -99.287415
v 464.372406 111.358574 -105.231628
v 451.444275 111.355530 -102.950195
v 446.705994 111.326675 -71.438904
v 446.700500 111.327324 -99.272705
v 451.519470 158.348679 -67.231384
v 471.263855 158.348785 -102.826538
v 478.747955 158.348694 -76.254883
v 473.414886 158.348587 -69.797180
v 443.152954 158.348785 -95.999451
v 460.628876 158.348541 -53.434875
v 445.061493 158.348587 -72.564697
v 428.699341 158.348541 -85.350586
v 462.596893 158.348251 -58.309570
v 460.844086 158.346893 -117.333313
v 478.997955 158.348816 -93.893799
v 492.544586 158.348541 -85.364502
v 433.573303 158.348251 -83.382690
v 487.669586 158.348251 -87.332520
v 488.024567 158.347687 -83.462524
v 458.727448 158.347702 -57.953369
v 458.647095 158.348251 -112.406128
v 463.779724 158.348114 -65.201355
v 433.218109 158.347702 -87.252075
v 440.465698 158.348114 -82.199707
v 450.842224 158.347504 -102.998840
v 457.420166 158.349182 -105.382019
v 480.689362 158.352066 -82.159363
v 457.423401 158.352066 -65.290283
v 440.554688 158.352081 -88.556152
v 463.817963 158.352158 -105.427185
v 480.767853 158.350708 -88.514404
v 456.962036 164.440521 -104.827148
v 454.003326 164.441910 -104.148193
v 454.366302 160.642319 -104.173645
v 456.628021 160.642776 -104.787903
v 461.111420 164.214996 -105.450562
v 467.883331 164.439865 -104.002563
v 473.835083 164.439178 -100.333862
v 478.732147 164.440872 -94.011963
v 480.589417 164.404251 -86.285278
v 467.537811 164.439926 -66.619324
v 473.607819 164.439102 -70.225159
v 479.022278 164.440735 -77.404602
v 480.554443 164.423721 -83.876831
v 447.890991 164.439026 -100.770386
v 443.832489 164.439087 -96.236938
v 441.023041 164.443405 -89.671326
v 440.522888 164.208984 -84.853516
v 442.103516 164.440109 -77.836365
v 448.060303 164.440018 -69.634094
v 459.089417 164.418243 -65.413269
v 481.056702 161.676697 -83.273682
v 480.912140 164.037598 -85.805847
v 480.804443 161.725845 -87.561951
v 480.767517 164.136124 -84.837830
v 460.080536 164.182526 -105.465454
v 461.158020 164.203079 -65.260254
v 462.759613 161.842590 -105.560547
v 458.998016 162.358337 -105.834717
v 457.803619 160.191360 -105.430359
v 440.414734 161.819855 -87.501282
v 440.419891 161.783798 -83.187317
v 458.539520 161.679718 -64.923279
v 462.828033 161.722916 -65.175110
v 440.515808 164.188339 -85.876648
v 460.091919 164.143082 -65.223267
v 449.424561 131.410980 -36.423401
v 450.631073 131.527679 -36.489014
v 448.248047 128.479340 -36.480652
v 448.714172 130.041855 -36.469299
v 449.238251 127.197968 -36.470093
v 450.166290 126.299896 -36.514771
v 452.340881 126.346199 -36.445435
v 451.699188 126.483551 -36.507751
v 453.784821 128.852692 -36.435974
v 452.979645 130.891937 -36.474548
v 451.931366 131.719421 -36.507629
v 460.464569 141.107880 -36.469727
v 459.063812 140.702042 -36.540222
v 458.199005 139.509521 -36.452271
v 457.792389 137.894836 -36.495117
v 458.433350 137.122009 -36.484375
v 460.158569 135.576126 -36.409180
v 460.547485 135.916183 -36.475464
v 462.049561 136.244186 -36.533813
v 462.988007 137.050613 -36.491394
v 463.207214 139.624298 -36.565491
v 462.023224 141.013107 -36.492981
v 460.429230 122.271820 -36.494934
v 458.459076 121.228966 -36.525757
v 457.733063 119.093971 -36.426819
v 458.296967 117.941460 -36.561707
v 460.466064 116.876846 -36.499512
v 461.600372 116.735405 -36.498657
v 462.982025 117.988426 -36.509949
v 463.039673 118.568459 -36.472534
v 462.062042 121.982414 -36.484497
v 470.036591 131.637543 -36.476501
v 467.854645 130.629471 -36.542908
v 467.244659 129.232178 -36.421021
v 468.107300 127.050888 -36.555420
v 470.343536 126.256348 -36.507751
v 472.561493 127.670349 -36.556885
v 473.003754 129.313187 -36.496826
v 472.219391 130.503403 -36.490051
v 471.703064 131.344086 -36.412781
v 470.826630 134.242355 -36.467346
v 468.559082 134.010757 -36.423584
v 465.778320 131.904572 -36.449341
v 464.812286 130.286743 -36.890808
v 467.255432 133.744873 -37.214172
v 455.320740 132.174820 -36.470154
v 452.923218 133.970078 -36.439880
v 450.172028 134.299728 -36.460144
v 446.773438 143.025635 -36.380493
v 446.103363 126.523537 -36.589111
v 445.989136 142.292465 -36.802002
v 475.201019 127.549744 -36.545166
v 474.814972 141.730469 -36.405090
v 475.266113 142.436203 -36.929077
v 459.846344 154.315201 -36.674011
v 456.387451 153.219528 -36.391907
v 464.147156 153.460892 -36.404175
v 450.728485 150.471237 -36.627747
v 448.299103 147.557999 -36.476196
v 470.598053 150.114105 -36.424438
v 473.233673 147.316498 -36.747620
v 454.094574 148.254913 -36.470825
v 451.927979 146.285950 -36.456726
v 449.866699 142.214645 -36.454956
v 469.311646 146.282349 -36.463684
v 467.289917 148.192703 -36.471130
v 471.382538 142.189728 -36.455688
v 469.027191 123.828514 -36.488708
v 466.673889 124.994186 -36.427979
v 451.736633 122.616585 -36.460144
v 454.352722 120.156662 -36.485413
v 454.828064 125.155266 -36.449951
v 456.349060 128.043442 -36.419006
v 449.834015 134.804718 -36.604675
v 452.185822 123.808426 -36.493713
v 451.835632 123.063774 -36.665405
v 469.517365 122.865135 -36.497498
v 471.412506 134.836075 -36.627930
v 471.667755 134.719650 -36.382080
v 456.713043 130.105057 -36.859131
v 456.411255 130.059601 -36.478577
v 455.054321 147.947784 -36.452332
v 456.496460 127.817635 -36.879395
v 455.444489 120.487282 -36.423767
v 464.700531 128.010284 -36.468445
v 464.789215 127.743813 -36.822144
v 465.871124 120.580605 -36.490051
v 467.003510 120.123718 -36.464783
v 466.563812 120.247337 -36.656677
v 464.830933 130.014832 -36.457703
v 466.306152 148.072464 -36.458862
v 465.723267 115.618019 -36.392090
v 448.262878 121.000000 -36.514893
v 469.971100 117.847687 -36.466492
v 472.479523 120.122169 -36.852600
v 474.309631 123.823235 -36.488342
v 452.779022 116.782845 -36.464233
v 453.038940 152.723038 -37.310059
v 457.432434 150.749130 -36.372498
v 463.040680 147.901596 -36.373413
v 469.419739 123.109673 -37.568420
v 464.425690 123.477425 -36.924500
v 465.137787 122.214378 -36.445129
v 461.518799 124.902138 -36.400818
v 461.755157 124.949074 -36.722229
v 461.739014 127.608002 -36.650696
v 461.606201 128.096176 -36.377991
v 462.120728 127.908897 -36.802246
v 466.421997 120.231567 -37.123047
v 454.980988 120.343719 -37.075928
v 451.810608 123.154205 -37.589050
v 454.924927 125.043022 -37.128967
v 459.484497 124.692520 -36.432739
v 456.624329 123.102272 -36.467468
v 459.475555 124.945435 -36.725098
v 459.602570 127.435516 -36.560120
v 459.042908 128.010223 -36.518738
v 459.726654 143.688232 -36.461792
v 455.200409 137.765182 -36.973999
v 455.940765 136.064697 -36.426941
v 457.215424 134.312393 -36.574951
v 455.559235 140.338699 -36.471741
v 457.410248 142.816818 -36.520081
v 459.479156 133.090530 -36.793579
v 459.585907 133.134659 -36.469482
v 459.737061 144.292236 -36.441956
v 459.622772 130.472916 -36.491333
v 456.833618 145.387482 -36.516846
v 459.107208 130.051483 -36.576721
v 450.038269 134.595352 -37.951233
v 454.476776 148.170578 -37.174011
v 450.328766 143.756409 -37.879578
v 454.299164 133.670761 -37.192566
v 461.656677 130.321960 -36.476746
v 464.542023 134.827621 -36.478027
v 461.630676 133.238739 -36.430542
v 465.745483 137.092896 -36.472900
v 466.060577 138.925018 -36.872559
v 461.757416 133.050797 -36.704346
v 461.916901 130.184769 -36.782715
v 464.502106 142.396317 -36.674133
v 466.927155 148.233398 -37.177795
v 471.221893 134.636612 -37.955444
v 471.149323 142.377853 -37.937744
v 461.518829 144.282440 -36.453552
v 461.564362 143.755402 -36.489502
v 464.524323 145.359695 -36.830200
v 464.516083 145.791351 -36.378967
v 465.286041 140.969086 -36.402161
v 470.987396 131.364151 -36.459900
v 467.947479 130.301788 -36.413208
v 472.524261 128.165817 -36.387268
v 468.021606 127.528923 -36.408020
v 471.081207 126.595634 -36.430115
v 458.229156 120.386978 -36.442810
v 458.900482 117.621826 -36.404907
v 460.649139 122.122276 -36.408203
v 463.017944 120.610344 -36.474670
v 462.299988 140.353485 -36.423218
v 463.178436 138.079803 -36.407654
v 453.365875 127.685661 -36.472839
v 449.919952 129.156815 -36.929749
v 450.589844 130.521317 -36.688354
v 449.570374 129.045563 -36.617126
v 450.406311 127.570992 -36.565063
v 452.362457 128.395706 -36.716675
v 452.384491 129.870911 -36.735718
v 450.532959 127.673203 -36.924438
v 452.363251 129.281250 -37.155762
v 450.919464 130.272537 -37.029053
v 449.917358 128.669327 -37.401062
v 451.400970 127.738892 -37.292236
v 449.912048 128.584824 -37.966309
v 452.320984 127.867081 -36.983032
v 450.408691 129.996719 -37.498047
v 449.838165 130.078125 -37.750244
v 449.979523 127.874458 -37.598328
v 452.231415 127.713982 -37.491943
v 451.078156 130.640259 -37.289062
v 449.515991 129.260681 -37.193970
v 452.322815 129.919617 -37.485352
v 460.922974 118.056992 -36.742676
v 461.231628 121.018730 -36.664185
v 459.587219 120.648651 -36.665649
v 459.111298 119.399879 -36.614624
v 462.113373 119.307175 -36.688782
v 470.699097 130.494522 -36.704041
v 468.827301 129.926331 -36.641785
v 468.845245 128.069138 -36.592102
v 470.393005 127.574364 -36.762878
v 471.841644 128.852921 -36.533142
v 471.277222 128.047501 -36.879089
v 469.699768 130.273956 -37.020691
v 471.504425 129.186539 -37.048523
v 468.943176 128.607224 -36.890503
v 471.185547 128.411209 -37.201416
v 469.866852 127.755402 -37.313049
v 468.918335 128.838104 -37.419739
v 469.460571 130.074387 -37.512939
v 470.751434 130.032837 -37.578552
v 469.207672 127.729889 -37.094788
v 471.361877 128.940521 -37.667603
v 471.368042 130.068390 -37.873169
v 469.529175 127.576553 -37.558594
v 471.085602 127.696831 -37.496826
v 471.641510 129.411758 -37.377502
v 470.667572 130.495468 -37.321167
v 468.576599 129.748291 -37.196838
v 471.340332 128.267853 -37.888489
v 462.062897 138.266617 -36.714417
v 460.873749 139.986313 -36.670044
v 459.561432 139.659210 -36.698120
v 459.100464 138.313766 -36.651062
v 459.749725 137.215683 -36.605713
v 461.337952 137.271683 -36.786926
v 461.801361 148.840866 -36.562622
v 458.976532 152.506790 -36.362122
v 458.882233 147.765259 -36.365540
v 459.340363 148.943802 -36.559937
v 461.903503 151.312469 -36.559937
v 461.228577 150.688049 -36.602844
v 460.015839 149.568970 -36.608215
v 459.442596 151.414322 -36.560303
v 473.873260 88.244690 -99.980713
v 480.637207 88.244568 -88.261292
v 463.645569 88.244568 -105.143799
v 450.715729 88.243050 -102.752808
v 442.415741 88.244499 -94.231262
v 441.592957 88.244568 -79.149841
v 447.422607 88.245338 -70.742065
v 455.931152 88.244568 -65.898987
v 470.320679 88.244095 -67.642090
v 477.615845 88.244225 -75.026917
v 453.489807 191.876709 -103.801758
v 444.748077 191.876572 -97.550110
v 440.808777 191.876572 -86.616699
v 444.162689 191.876572 -73.604370
v 456.881256 191.876572 -65.694275
v 468.417480 191.876572 -67.098999
v 477.472565 191.876572 -74.555054
v 480.470459 191.876572 -85.783203
v 477.742493 191.876572 -95.408997
v 470.666351 191.876572 -102.482239
v 461.463043 191.876572 -105.152771
v 459.002716 153.719711 402.759247
v 461.478485 154.181931 402.682678
v 463.316040 152.057220 402.738403
v 462.293060 149.403763 402.709778
v 460.703766 148.923157 402.855316
v 458.142975 150.411453 402.809937
v 468.357513 117.509117 403.391144
v 470.648376 111.359177 403.848022
v 473.207489 149.341873 404.425659
v 480.653839 157.841904 406.671631
v 470.698486 152.229462 403.726471
v 466.023102 157.840134 403.097107
v 475.262756 143.968597 405.115448
v 481.906616 111.358154 407.605530
v 475.019958 125.686279 405.028748
v 454.912506 111.361320 402.902039
v 454.399506 116.851318 403.245667
v 450.233765 119.595039 403.839630
v 442.379364 157.841736 406.143280
v 446.232117 145.198944 405.030151
v 446.128082 126.353012 405.062622
v 435.381653 111.357857 409.320862
v 450.108612 151.859894 403.793427
v 447.877533 148.927505 404.473450
v 455.752411 157.840042 403.039368
v 454.464600 154.694122 403.117584
v 509.068420 157.838104 447.285858
v 507.880493 111.358551 464.897583
v 508.770691 157.829376 457.997559
v 470.960663 111.358482 498.987732
v 504.529510 157.840576 472.681854
v 497.528137 111.358574 483.326965
v 494.612488 157.840576 486.417358
v 484.392426 111.358574 494.025940
v 476.731018 157.842056 497.844177
v 458.586792 111.358780 500.157410
v 464.354645 157.800415 499.893036
v 453.910736 157.832504 499.560242
v 412.095551 157.833176 454.559570
v 441.957397 157.840576 496.497467
v 440.648407 111.358574 495.932831
v 429.738647 157.840576 489.013977
v 428.970215 111.358574 488.369202
v 420.262054 157.840576 478.826660
v 419.478668 111.358574 477.635559
v 414.165649 157.840576 465.859741
v 413.011505 111.358559 462.085602
v 411.956543 111.358269 449.482605
v 412.476379 157.829391 444.831177
v 426.631561 157.840576 416.439423
v 420.261993 111.358574 424.030365
v 416.714508 157.840576 430.174774
v 414.165649 111.358574 436.997192
v 509.042084 111.358810 446.577698
v 496.793488 111.358574 418.416443
v 497.528137 157.840576 419.529999
v 505.088562 157.840576 431.701202
v 505.485901 111.358574 432.622284
v 455.911530 111.358574 431.071289
v 447.764832 111.358574 434.802490
v 447.012848 111.358574 467.670349
v 458.400024 111.358574 472.328033
v 441.289062 111.358574 443.184143
v 439.830109 111.358574 455.515717
v 470.618256 111.358574 470.112122
v 480.136841 111.358574 459.685150
v 481.412476 111.358574 449.341888
v 478.746399 111.358574 440.787415
v 464.608398 111.358574 430.792694
v 472.791321 111.358574 434.442963
v 478.746460 157.840576 462.069458
v 481.221375 157.854599 454.634827
v 472.791412 157.840576 468.413940
v 446.240417 157.840576 466.990509
v 476.271484 157.840576 437.142273
v 481.305908 157.847076 448.264618
v 463.834320 157.850311 430.624817
v 496.535156 157.838196 451.679840
v 458.475983 157.839081 481.531708
v 457.531403 157.840271 472.166565
v 439.721375 157.848785 448.213501
v 447.012756 157.840576 435.186707
v 460.876434 157.838181 415.539825
v 491.785858 157.840439 449.619202
v 424.733215 157.838135 451.173981
v 457.460358 157.847305 430.783722
v 463.789948 157.846115 472.150421
v 460.976257 157.837448 487.280792
v 458.812531 157.840439 420.265106
v 439.845703 157.844696 454.601990
v 429.458405 157.840439 453.237854
v 439.987000 161.565063 454.185303
v 439.971527 161.453156 448.643311
v 439.798004 165.301117 451.431824
v 463.348297 161.683884 472.101166
v 481.263031 161.565781 448.673431
v 481.447052 165.295746 451.425690
v 457.866486 161.566055 430.790924
v 457.835419 161.449844 472.080811
v 481.275604 161.449356 454.215057
v 463.376129 161.597717 430.746033
v 460.623932 165.299103 472.256012
v 460.617828 165.299545 430.601715
v 470.891327 133.015259 402.550140
v 471.916931 132.255203 402.559845
v 473.122894 130.566574 402.483154
v 472.621765 131.110153 402.556885
v 472.041840 128.563965 402.557953
v 469.772766 127.672127 402.609680
v 467.987244 128.541748 402.560547
v 467.315582 129.970963 402.551178
v 468.167786 132.262146 402.547821
v 469.300842 132.900360 402.540405
v 460.580994 142.583359 402.572144
v 462.962250 141.360840 402.540314
v 463.170563 140.093399 402.569519
v 462.840149 138.493332 402.522552
v 461.358246 137.092697 402.500366
v 460.756744 137.333374 402.569214
v 458.699127 138.071304 402.548157
v 457.962189 139.711914 402.550720
v 458.314209 141.194489 402.543182
v 459.450623 142.511719 402.555481
v 460.408142 123.486542 402.548523
v 461.483643 123.675110 402.495575
v 463.451477 120.310654 402.573608
v 463.075989 119.839897 402.659485
v 461.846741 118.329536 402.555481
v 460.769714 118.297043 402.569702
v 459.288483 118.607002 402.541840
v 458.276764 119.682976 402.564148
v 457.786499 120.763840 402.548798
v 458.876404 123.047722 402.582214
v 451.764099 132.981766 402.546570
v 453.396240 131.734604 402.546661
v 453.969116 129.868057 402.491974
v 453.281677 128.773926 402.662201
v 452.305420 127.802254 402.559570
v 450.922455 127.883453 402.549377
v 449.847778 128.074951 402.544434
v 448.637482 129.518463 402.536560
v 448.618439 131.635040 402.620789
v 450.197998 132.901596 402.549255
v 450.387909 135.665314 402.539124
v 453.352325 135.278854 402.527893
v 456.127747 132.091049 402.643433
v 456.567993 131.397964 402.522339
v 465.757507 133.274551 402.510010
v 467.877991 135.292099 402.570404
v 475.323334 128.956604 402.890045
v 475.287842 143.811874 403.053040
v 446.098206 143.768555 402.652435
v 461.397980 155.729431 402.744110
v 464.856354 154.635437 402.462860
v 457.096497 154.876724 402.475159
v 467.773621 154.244354 403.254456
v 473.247101 148.767166 402.984039
v 470.003418 151.992447 402.505432
v 474.602722 144.834915 402.462311
v 448.105377 148.672012 402.576324
v 451.078949 151.932343 402.536835
v 467.394897 149.558975 402.543610
v 469.359894 147.653000 402.524017
v 471.374664 143.621506 402.532104
v 450.962097 146.458939 402.529022
v 453.892975 149.578018 402.548004
v 449.727234 142.162750 402.531128
v 454.820221 126.564293 402.520874
v 452.216675 125.244362 402.559631
v 456.437225 129.381302 402.548157
v 454.255127 121.532074 402.531311
v 469.361084 123.827431 402.553650
v 465.487244 127.653313 402.976929
v 466.844421 126.314049 402.484772
v 471.464355 136.381958 402.650421
v 471.023193 135.712677 402.535217
v 469.218872 125.126282 402.554565
v 469.408478 124.511673 402.712982
v 451.727570 124.270309 402.571594
v 449.752228 136.236938 402.531647
v 464.879761 131.369141 402.489807
v 464.715912 131.601318 402.996399
v 466.389648 149.561356 402.530304
v 464.886780 129.454788 402.493591
v 464.748627 129.232941 402.951355
v 465.898407 121.956078 402.555573
v 466.892059 121.581360 402.563721
v 456.442261 129.151459 403.006012
v 455.372742 121.996437 402.561035
v 454.680054 121.663177 402.727661
v 456.497101 131.661484 403.012756
v 454.929932 149.498016 402.527679
v 452.447784 118.457787 402.508972
v 455.535645 117.032059 402.458466
v 474.376923 125.448654 402.527161
v 472.211304 121.411354 402.556976
v 447.954407 122.931976 402.668365
v 446.151306 127.923668 402.566406
v 468.953308 118.158867 402.825195
v 461.520844 115.882103 402.525482
v 461.254272 148.299057 402.446533
v 457.897400 153.221909 402.438141
v 463.811432 152.164963 402.443451
v 451.800507 124.554924 403.652893
v 456.832092 124.910446 402.994751
v 456.642365 124.569626 402.511078
v 459.760345 126.184616 402.460480
v 459.466949 126.348137 402.812714
v 459.414062 129.203018 402.819855
v 459.484955 129.154510 402.541260
v 454.821869 121.647400 403.194061
v 454.927032 126.461044 403.192902
v 466.382782 121.646561 403.197479
v 469.393127 124.589844 403.635254
v 463.447388 125.538780 402.943298
v 464.648224 124.452370 402.516998
v 461.610687 126.074913 402.460663
v 461.773254 126.330826 402.774689
v 461.627014 129.052811 402.534515
v 461.948517 129.232742 402.811768
v 461.508667 145.099197 402.519287
v 463.465973 144.468048 402.627441
v 465.681671 141.538574 402.513611
v 465.850159 138.638351 402.581879
v 464.465302 135.974350 402.981476
v 463.497894 135.598007 402.475372
v 461.761353 134.456543 402.865479
v 461.593933 134.641708 402.492432
v 461.513733 145.698471 402.523132
v 461.679810 132.107025 402.782227
v 464.447418 146.847137 402.578369
v 462.212585 131.508957 402.866974
v 461.821594 131.435883 402.513977
v 471.142548 135.976456 404.008545
v 466.971344 149.678223 403.267700
v 471.223633 143.454559 404.025330
v 468.230560 135.534119 403.454193
v 465.043182 143.127274 402.912506
v 448.944885 135.170486 402.428467
v 459.643036 131.365768 402.447174
v 459.482910 134.733078 402.504395
v 456.134857 136.822357 402.842621
v 457.416473 135.784729 402.483765
v 455.389984 139.066757 402.506561
v 459.475067 134.479782 402.796814
v 458.927368 131.466949 402.757355
v 459.530731 131.983261 402.785767
v 457.587891 144.504074 402.901031
v 455.169128 140.944046 403.162720
v 455.683594 141.993271 402.565796
v 454.316711 149.649216 403.248718
v 450.021881 136.052475 404.026489
v 450.094574 143.793732 404.008728
v 459.732422 145.358673 402.602478
v 456.326111 147.410309 402.536438
v 458.016998 146.031052 402.802094
v 453.739807 135.311676 403.344788
v 457.775299 144.131622 402.431824
v 448.953247 131.581116 402.471497
v 453.360870 129.120361 402.488220
v 463.003906 122.294579 402.572510
v 458.285645 122.090614 402.552307
v 462.199127 118.961212 402.484894
v 463.139648 120.476784 402.462280
v 462.210388 122.938461 402.514771
v 461.573853 142.208038 402.496765
v 467.593353 130.151733 402.520813
v 468.766663 128.373093 402.494781
v 470.720825 127.962837 402.478394
v 471.323914 130.572693 403.000702
v 470.701660 131.930984 402.754974
v 471.698395 130.137787 402.690063
v 468.881409 129.811554 402.787659
v 468.859375 131.286804 402.806641
v 470.594971 128.917557 402.623352
v 470.709778 129.088852 402.994385
v 469.029266 130.957581 403.208984
v 470.324432 131.688446 403.099915
v 469.279236 129.429321 403.327820
v 471.262665 129.763504 403.445068
v 470.129150 128.857986 403.729828
v 471.343353 130.352509 404.025909
v 468.922943 129.282898 403.053955
v 468.705536 131.024445 403.523529
v 470.637451 131.581772 403.581726
v 470.726624 131.858063 403.846863
v 471.627441 130.811615 403.765839
v 471.264404 129.290344 403.669312
v 468.722168 129.692001 403.549011
v 470.165649 132.056091 403.359985
v 471.727875 130.676483 403.264893
v 460.320831 119.472839 402.813660
v 460.035187 122.438034 402.737854
v 461.828094 121.913795 402.716492
v 462.059937 120.606987 402.718231
v 459.115509 120.814674 402.765564
v 450.544800 131.910355 402.774933
v 452.506409 131.245193 402.717285
v 452.074219 129.097336 402.638367
v 449.402252 130.268829 402.604095
v 450.258514 129.087784 402.960022
v 451.544128 131.689804 403.091583
v 449.739441 130.602402 403.119446
v 452.300659 130.022842 402.961456
v 450.058319 129.827042 403.272339
v 451.376984 129.171234 403.384003
v 452.387268 130.671249 403.489319
v 451.137085 131.653488 403.610168
v 452.371399 129.363434 403.188293
v 449.855133 130.646957 403.718994
v 449.875519 131.484100 403.944122
v 451.714783 128.992447 403.629517
v 450.158264 129.112671 403.567749
v 449.589661 130.687592 403.467621
v 450.785553 132.045242 403.382385
v 452.495514 131.184341 403.260712
v 449.925751 129.679413 403.951477
v 459.204468 139.743286 402.833588
v 460.580627 141.484604 402.774292
v 461.756378 140.987778 402.734039
v 462.098663 139.400024 402.690369
v 460.639832 138.299179 402.696625
v 459.442535 150.256683 402.633514
v 457.800812 151.614716 402.429749
v 458.976471 149.165146 402.432861
v 461.903503 150.359634 402.630859
v 461.227997 150.984802 402.679138
v 459.340363 152.728302 402.630859
v 461.801239 152.830139 402.631226
v 460.015259 152.103897 402.673798
v 481.324585 190.857437 449.196411
v 451.555511 190.860565 470.388947
v 481.069916 190.861176 455.840515
v 476.271423 190.860565 465.714752
v 463.626007 190.859268 472.277405
v 441.639526 190.861618 461.210327
v 442.228210 190.860565 441.515198
v 439.822723 190.859772 449.658295
v 447.764832 190.860565 434.802490
v 456.824554 190.861298 430.807648
v 464.592621 190.860046 430.824707
v 478.746399 190.860565 440.787415
v 472.791321 190.860565 434.442963
v 480.136810 89.260582 443.171722
v 473.299347 89.260582 434.818695
v 465.489410 89.260582 430.982544
v 456.529236 89.260582 430.938171
v 447.012756 89.260582 435.186707
v 441.027985 89.260582 444.170410
v 439.656219 89.260582 454.501556
v 444.168335 89.260582 464.307922
v 450.759583 89.260582 469.988190
v 459.419586 89.260582 472.288879
v 469.699432 89.260582 470.575378
v 478.746460 89.260582 462.069458
v 481.412476 89.260582 453.515045
v 122.700653 152.487167 402.737427
v 124.328285 152.822464 402.750885
v 126.758713 150.906128 402.928528
v 126.107658 148.248367 402.725739
v 123.747795 147.298645 402.699310
v 121.735504 149.350159 402.928528
v 123.067696 148.840866 402.633514
v 121.455124 151.171646 402.440491
v 122.976578 147.431870 402.440491
v 127.052834 151.269073 402.447357
v 125.528687 148.943802 402.630859
v 124.853180 149.568970 402.679138
v 122.965523 151.312469 402.630859
v 125.426422 151.414307 402.631226
v 123.640442 150.688065 402.673798
v 114.098091 134.227951 402.531982
v 116.183289 134.048050 402.508759
v 120.120476 130.190414 402.885345
v 119.935127 129.912811 402.469299
v 118.725807 132.502213 402.536072
v 129.779938 132.520874 402.539856
v 132.341919 134.052124 402.505859
v 134.529175 134.259460 402.530334
v 138.097107 133.754654 402.428467
v 138.847244 140.742142 402.594849
v 138.692093 126.384712 402.558960
v 127.053360 153.704041 402.474243
v 120.721657 153.460892 402.475159
v 138.172119 144.826370 402.989227
v 131.827286 151.792801 402.499847
v 115.534225 151.205475 402.540894
v 111.743210 147.277130 402.576447
v 109.722160 142.343887 402.654968
v 130.782364 148.259186 402.531311
v 132.941101 146.285904 402.527710
v 135.002335 142.214630 402.525909
v 117.080147 148.212891 402.464600
v 113.554932 142.556137 402.547485
v 113.387482 134.795792 402.536194
v 118.934807 125.427467 403.034637
v 115.751724 123.778664 402.553772
v 120.157143 127.852036 402.879547
v 117.703178 124.667595 402.525085
v 128.436951 127.681946 402.978516
v 128.399475 127.951462 402.567047
v 130.469666 124.898186 402.484772
v 135.059464 134.810898 402.626770
v 132.706696 123.803207 402.556549
v 133.176147 122.677666 402.530060
v 133.038712 123.110039 402.727448
v 115.373489 122.784157 402.564941
v 128.504929 129.953323 402.489838
v 128.341080 130.185486 402.996399
v 129.855209 147.995193 402.526581
v 129.523575 120.540253 402.555573
v 130.517242 120.165527 402.563690
v 120.003563 128.125885 402.463043
v 118.997902 120.580627 402.561035
v 117.865479 120.123756 402.535736
v 118.305237 120.247345 402.727661
v 117.774986 148.168808 402.772003
v 118.598595 148.036087 402.533081
v 129.123795 114.997124 402.970764
v 117.116585 116.345413 402.482666
v 118.830070 115.172478 403.150574
v 124.378647 114.461891 402.560608
v 133.311172 117.066010 403.649689
v 137.179108 121.858818 402.822571
v 111.873993 120.915092 402.697205
v 109.754021 126.542404 402.599121
v 134.228043 118.235245 402.583466
v 109.857582 143.783676 405.029968
v 112.600136 149.244507 404.085663
v 117.333061 153.173874 403.267334
v 125.068970 154.448044 402.831360
v 138.547409 144.020050 404.995239
v 136.108261 148.278671 402.585999
v 136.399658 148.641083 404.357178
v 133.039795 151.907425 403.488831
v 109.753319 124.937019 405.062653
v 138.645111 124.270424 405.028870
v 114.218468 117.849319 403.838806
v 127.240532 148.612061 402.460846
v 121.050781 150.307175 402.436462
v 125.964859 152.757370 402.432800
v 115.425659 123.139091 403.652893
v 121.145966 123.955811 402.959412
v 120.286964 123.119400 402.501373
v 123.347900 124.757088 402.468079
v 123.085876 124.928345 402.815247
v 123.173927 127.352913 402.801910
v 122.655434 127.931633 402.771149
v 123.098427 127.997169 402.485474
v 118.448364 120.236984 403.195679
v 130.007980 120.230743 403.197479
v 133.042770 123.138130 403.639099
v 125.394073 124.987961 402.821930
v 128.273361 123.036575 402.516998
v 125.361732 124.709564 402.504578
v 125.252197 127.402328 402.618866
v 125.763672 127.991478 402.595306
v 125.142593 143.688385 402.532959
v 127.208557 142.987335 402.622375
v 129.040848 140.927002 402.603333
v 129.527130 139.197189 402.539520
v 127.920944 134.543442 402.585785
v 129.362503 136.878113 402.642914
v 125.150887 133.230209 402.474854
v 125.391968 133.044739 402.813843
v 125.157516 144.270432 402.548492
v 125.304970 130.691193 402.782196
v 127.842545 145.169067 402.914612
v 128.311005 145.784927 402.466370
v 125.837784 130.093124 402.867004
v 125.446808 130.020050 402.513977
v 134.830780 134.595367 404.022217
v 130.609009 148.266525 403.269073
v 134.848785 142.038803 404.025330
v 131.855743 134.118286 403.454193
v 134.826477 131.573853 402.613800
v 136.646606 129.492508 402.526184
v 134.235916 126.080597 402.559570
v 133.089127 126.394310 402.623260
v 131.388489 127.765152 402.557983
v 131.135178 129.711166 402.508575
v 132.798737 131.688736 402.555481
v 136.253830 129.763565 402.580505
v 131.926132 130.903107 402.575012
v 133.622009 131.578415 402.490082
v 135.755508 127.308281 402.552612
v 135.552124 130.761780 402.426819
v 133.967026 126.470558 402.483765
v 124.388863 141.137009 402.549194
v 126.801285 136.931992 402.558075
v 124.293983 135.859467 402.531891
v 122.445023 136.480515 402.565002
v 121.365288 138.813202 402.568604
v 126.654289 139.738815 402.549072
v 126.405067 137.118439 402.528137
v 122.069389 137.152313 402.539093
v 122.623520 140.430237 402.547028
v 121.852692 139.152496 402.481415
v 125.751190 140.639328 402.544952
v 122.024574 140.369583 402.607910
v 125.937256 121.654671 402.572845
v 127.174973 119.709373 402.507843
v 125.856094 117.124107 402.573608
v 122.968750 116.890823 402.546387
v 121.365372 119.435089 402.495850
v 121.971024 121.081718 402.640076
v 126.543579 120.739899 402.513580
v 126.622261 118.468712 402.570099
v 124.288918 116.818062 402.585022
v 122.037277 118.150047 402.552917
v 123.926445 122.102875 402.510162
v 122.055168 120.798767 402.481567
v 125.038574 117.137283 402.496704
v 116.367294 131.399231 402.542328
v 117.458649 129.975952 402.578735
v 115.753639 126.504280 402.554443
v 114.503601 126.378769 402.572479
v 113.049011 126.636024 402.488953
v 111.903984 129.136780 402.562164
v 112.642075 130.549393 402.510193
v 114.648727 131.800705 402.574219
v 117.119576 129.805725 402.538757
v 112.281326 128.173645 402.578186
v 115.791481 131.317551 402.471924
v 113.730034 131.350525 402.554474
v 113.144600 127.000809 402.520416
v 116.997322 127.569656 402.526428
v 122.730705 130.017960 402.595276
v 123.289230 133.208740 402.494263
v 123.242004 130.606995 402.618866
v 119.296928 136.382507 402.609253
v 119.098305 140.038773 402.485138
v 123.102081 133.054398 402.841553
v 118.794296 139.528229 403.162720
v 121.158958 134.073639 402.666748
v 117.941940 148.233398 403.248718
v 113.647095 134.636627 404.026489
v 113.719734 142.377884 404.008728
v 123.364967 144.160965 402.579346
v 123.188057 143.846497 402.833282
v 120.672096 145.124786 402.949829
v 120.259201 145.674728 402.503052
v 117.365005 133.895828 403.344788
v 120.959282 142.712494 402.540894
v 113.500740 130.068253 403.944122
v 115.992775 129.077164 402.989044
v 115.144341 130.151413 403.077881
v 113.812073 129.842560 403.166656
v 113.650742 128.503265 403.268921
v 114.585747 127.790154 403.341003
v 115.709244 128.265305 403.431671
v 115.858643 129.542816 403.529816
v 114.492500 130.266724 403.628662
v 113.517784 129.001617 403.729553
v 113.576675 128.267456 403.923706
v 115.436104 127.556717 403.627625
v 115.883850 127.819435 402.641876
v 114.493950 127.508339 402.985046
v 115.974724 127.912315 403.159821
v 115.847099 130.267624 403.299744
v 113.732925 130.244019 403.417389
v 113.310242 128.126556 403.514099
v 113.254562 128.597198 402.867828
v 113.621735 130.047226 402.798828
v 114.694908 130.526733 402.726898
v 115.976608 130.024918 402.723755
v 122.740570 119.399269 402.765533
v 125.453262 120.498009 402.716461
v 123.660568 121.022186 402.737854
v 123.946030 118.057007 402.813660
v 125.685135 119.191200 402.718231
v 134.937683 128.533844 404.036469
v 135.175507 128.243912 403.704224
v 132.405640 128.123520 403.547974
v 134.774475 130.250610 403.840973
v 132.505768 129.281281 403.226624
v 133.949524 130.272552 403.099945
v 134.949081 129.156799 403.000702
v 133.501846 127.661324 403.446350
v 134.679581 128.050125 403.370575
v 134.849655 129.521774 403.531219
v 133.762680 130.262772 403.687073
v 132.314819 129.630295 403.485229
v 134.468292 127.571419 402.635040
v 133.350220 127.442375 403.110229
v 135.317017 129.350082 403.250549
v 133.790787 130.640244 403.360016
v 135.286118 129.498047 402.703003
v 133.955536 130.539551 402.751953
v 132.498810 129.886642 402.811218
v 132.375519 128.510574 402.833344
v 134.294907 127.776215 402.939178
v 118.746300 111.612572 471.600555
v 132.310089 111.612572 470.313202
v 139.274597 111.612396 498.148438
v 104.075729 111.612572 456.674194
v 75.583565 111.612282 449.460632
v 105.356102 111.612572 443.381592
v 119.395340 111.612572 431.302612
v 124.079796 111.613297 402.780640
v 77.029594 111.612549 464.555084
v 124.400864 111.612381 500.121307
v 111.169205 111.612244 498.568787
v 113.852699 111.612885 403.918091
v 86.424576 111.612572 482.234924
v 143.391953 111.612572 459.255524
v 144.148972 111.612572 445.727051
v 173.167328 111.612869 450.496216
v 168.154602 111.612572 430.174957
v 101.235344 111.612389 408.337158
v 109.848534 111.419807 465.844727
v 97.097992 111.612572 491.793945
v 87.340973 111.612572 419.529907
v 131.493073 111.612572 432.215424
v 157.200562 111.612572 487.395844
v 159.973282 111.612572 418.412018
v 147.749023 111.612114 408.513489
v 138.653976 111.430168 437.003540
v 78.656746 111.612572 434.076263
v 168.886169 111.612572 471.566254
v 134.408646 111.613358 403.879791
v 109.824272 111.424103 437.018188
v 138.663849 111.421738 465.828094
v 172.690262 156.315048 447.254578
v 134.635895 156.316574 469.140564
v 158.237534 156.316574 486.417511
v 141.954773 156.316574 461.824799
v 167.514786 156.316574 428.901001
v 160.298477 156.315796 451.575134
v 106.991882 156.316574 462.559631
v 87.340942 156.316574 483.326996
v 115.222252 156.316803 469.973328
v 142.384171 156.316574 441.800781
v 155.100159 156.316574 413.398682
v 135.385574 156.316574 434.177979
v 172.388733 156.299179 458.057892
v 168.154617 156.316574 472.681976
v 140.354324 156.318253 497.845032
v 108.460411 156.316574 438.035553
v 86.424591 156.316574 420.622040
v 104.079422 156.360825 448.108826
v 108.611145 156.316925 405.383179
v 124.100456 156.315781 487.479828
v 117.797188 156.307922 499.590729
v 102.996010 156.316574 495.548401
v 75.722420 156.312073 454.580597
v 76.664665 156.311356 439.581787
v 139.473450 156.316818 405.260284
v 127.570457 156.360733 431.275330
v 127.476784 156.318863 471.593781
v 128.169113 156.294266 499.872955
v 78.656738 156.316574 468.780670
v 88.195755 156.315811 451.281830
v 124.393723 156.315796 415.377075
v 124.613045 156.312790 402.566345
v 104.029823 156.345947 454.704987
v 144.459503 156.358017 448.150299
v 154.527435 156.314972 449.274200
v 144.392960 156.372543 454.753235
v 120.936913 156.378922 471.616974
v 126.401398 156.314972 481.708771
v 122.092796 156.315063 421.148407
v 121.002426 156.340637 431.099792
v 97.098091 156.316574 411.062927
v 93.970078 156.314957 453.583679
v 142.658951 88.977211 461.135437
v 144.402298 88.977341 446.699951
v 137.933258 88.978470 436.319855
v 127.374596 88.977341 430.963654
v 116.922668 88.977341 432.373169
v 109.926811 88.980598 436.992218
v 105.103752 88.977341 444.337372
v 103.763527 88.977341 454.430725
v 113.881332 88.976448 469.250000
v 108.312187 88.977272 464.236267
v 126.377281 88.977341 472.021027
v 136.613586 88.977150 467.740204
v 125.381470 139.572067 402.734039
v 125.723885 137.984314 402.690369
v 124.205688 140.068756 402.774292
v 122.829643 138.327515 402.833588
v 124.265091 136.883316 402.696625
v 144.473846 191.114319 454.504059
v 144.211288 191.115646 446.931793
v 103.978989 191.114304 455.089600
v 139.536713 191.114563 465.386230
v 129.807724 191.114990 471.136780
v 121.997223 191.113998 471.749817
v 110.950867 191.114563 467.296722
v 105.025208 191.115097 443.995941
v 110.529594 191.114563 436.309570
v 119.741295 191.114059 431.259216
v 129.633286 191.114761 431.713440
v 138.841156 191.114563 436.744995
v 103.851143 163.914108 450.885040
v 103.843643 163.962677 451.919983
v 124.758827 163.952347 431.042419
v 123.737663 163.948044 431.032410
v 144.634918 163.950729 451.940063
v 144.638367 163.954041 450.921143
v 123.705719 163.921005 471.815765
v 124.601448 164.016937 471.812653
v 125.934349 162.336899 471.810425
v 127.293900 159.123703 471.632233
v 121.625656 160.507919 471.681793
v 103.998856 160.431747 454.080566
v 103.985420 160.503494 448.809448
v 121.593582 160.437836 431.188477
v 126.867348 160.501785 431.167603
v 144.493790 160.431366 448.775452
v 144.507629 160.501877 454.048859
v 125.881454 153.873550 -36.580627
v 124.161682 154.248352 -36.668945
v 121.708435 152.427063 -36.733887
v 122.111771 149.878052 -36.612732
v 124.338539 148.850189 -36.679932
v 126.758705 150.765961 -36.857605
v 125.430656 150.252136 -36.549255
v 126.965332 150.437317 -36.364807
v 125.530182 152.730118 -36.553223
v 123.060120 152.838226 -36.536194
v 122.964035 150.357788 -36.553223
v 124.801369 150.940613 -36.631348
v 123.692825 152.147339 -36.631348
v 132.358780 135.488693 -36.456238
v 128.416946 131.665985 -36.892578
v 134.511383 135.666611 -36.464233
v 129.778091 133.918579 -36.452820
v 118.723801 133.929657 -36.468811
v 116.137001 135.473145 -36.438049
v 120.134857 131.590118 -36.803528
v 110.071449 143.069565 -36.401611
v 109.512779 128.969772 -36.908936
v 109.605278 143.850571 -36.915649
v 138.773956 128.763168 -36.495422
v 138.932373 143.718857 -37.018433
v 121.441040 155.119843 -36.403259
v 127.770088 154.875793 -36.402466
v 111.621849 148.766998 -36.913086
v 114.095627 152.169159 -37.675781
v 116.754890 154.035843 -37.169495
v 113.096878 150.119766 -36.377869
v 133.986145 151.695206 -36.415161
v 130.328842 154.532303 -36.850403
v 136.905075 148.719528 -36.881165
v 138.375565 144.159531 -36.415344
v 115.553169 147.701782 -36.456787
v 113.491890 143.630463 -36.454956
v 132.931946 147.706421 -36.463013
v 135.007690 143.605606 -36.455688
v 128.540436 129.194183 -36.492004
v 132.796799 125.151093 -36.491760
v 129.865570 126.578316 -37.098328
v 130.871094 126.086487 -36.403992
v 115.393906 124.071548 -36.490051
v 118.444695 126.558022 -36.451843
v 113.366737 136.248459 -36.455750
v 113.917473 135.689438 -36.466919
v 115.681610 125.130310 -36.502991
v 133.118835 124.187737 -36.487244
v 135.108109 136.187057 -36.449768
v 120.067917 131.339294 -36.420105
v 118.533333 149.520950 -36.453735
v 117.517303 149.578156 -36.474854
v 120.199265 129.374451 -36.537964
v 120.072166 129.159912 -36.891357
v 118.874771 122.084015 -36.954346
v 117.953186 121.590561 -36.498535
v 119.178108 122.035004 -36.408264
v 128.249649 129.287247 -36.834900
v 129.484283 122.030037 -36.497375
v 130.626343 121.529373 -36.460388
v 130.244263 121.664764 -36.657715
v 128.318237 131.456741 -36.503967
v 130.893936 149.632233 -36.458252
v 129.906113 149.445236 -36.465637
v 109.564461 143.864014 -39.054565
v 111.775734 149.485184 -38.304749
v 136.264633 150.138443 -38.139648
v 138.606812 145.237183 -38.958679
v 133.113297 153.293854 -37.455811
v 123.416550 155.861115 -36.759216
v 138.793304 126.487022 -39.008728
v 131.016022 117.071877 -37.224548
v 123.262062 115.873688 -36.470886
v 130.071304 117.172096 -36.412048
v 116.802574 117.358444 -37.193237
v 110.367966 125.770264 -36.470093
v 135.462982 120.868752 -36.544556
v 137.950714 125.104057 -36.565247
v 113.022194 120.940834 -36.495605
v 110.040115 125.003288 -38.891602
v 135.545868 120.704605 -38.111023
v 123.614769 148.299042 -36.375610
v 121.093727 151.627151 -36.363159
v 127.438286 150.922653 -36.370728
v 122.771065 154.271515 -36.360168
v 130.004395 121.666847 -37.111572
v 127.322845 125.382263 -36.893921
v 127.955559 124.723930 -36.417603
v 125.200859 126.206810 -36.417358
v 125.401360 126.354645 -36.796997
v 125.598167 129.364532 -36.509705
v 125.349159 128.875916 -36.729004
v 133.064865 124.552696 -37.589661
v 120.899956 125.235413 -36.891968
v 120.213295 124.446915 -36.428589
v 123.089172 126.339211 -36.739197
v 123.369072 126.180817 -36.390808
v 123.283348 129.352905 -36.384338
v 123.177185 128.809601 -36.692810
v 122.671829 129.339218 -36.701904
v 115.451942 124.620346 -37.577759
v 118.630089 126.565155 -37.116272
v 117.890831 121.723969 -37.198425
v 117.905739 149.659790 -37.185059
v 113.647232 136.052521 -37.954834
v 113.645439 143.454712 -37.953613
v 123.296997 145.173248 -36.505615
v 120.755798 144.002548 -36.513611
v 119.330910 141.842972 -36.439819
v 118.746178 140.160278 -36.878967
v 119.598717 137.345596 -36.421448
v 119.963394 136.276321 -36.976929
v 123.272583 134.554428 -36.431641
v 123.093048 134.485947 -36.796936
v 123.362343 145.708069 -36.441956
v 120.441971 146.812851 -36.518677
v 122.544243 131.468719 -36.695679
v 123.126923 131.580246 -36.446655
v 123.138496 131.952789 -36.744568
v 117.792336 135.143219 -37.213562
v 112.810303 132.155075 -36.430603
v 112.137749 130.798981 -36.483337
v 113.925766 127.681808 -36.523621
v 117.686966 129.698792 -36.363770
v 117.187019 131.997345 -36.540283
v 115.405579 132.940430 -36.480774
v 114.042664 133.023041 -36.493408
v 112.798302 128.639252 -36.468933
v 116.667213 132.041992 -36.444580
v 117.230263 129.667984 -36.482361
v 115.506828 127.872643 -36.491455
v 114.524170 127.952713 -36.410583
v 124.370186 142.537369 -36.468628
v 122.825180 142.144028 -36.489685
v 121.974831 138.616409 -36.453369
v 123.738754 136.995605 -36.422119
v 125.718491 137.752975 -36.478027
v 126.703613 138.895721 -36.488525
v 125.732040 142.363846 -36.508057
v 121.611206 140.762741 -36.543640
v 124.097412 137.343674 -36.485413
v 121.995094 141.011505 -36.399475
v 126.556358 141.248962 -36.481140
v 124.169266 123.579453 -36.450195
v 121.860428 122.776039 -36.428101
v 121.656059 119.896393 -36.596497
v 121.923271 119.102341 -36.357544
v 126.470337 119.073387 -36.519653
v 126.854660 121.903145 -36.492493
v 125.839485 123.276497 -36.501099
v 122.206032 122.537010 -36.518860
v 124.056351 118.241936 -36.492615
v 126.378555 119.470833 -36.496948
v 122.900253 118.837799 -36.425964
v 121.784241 120.357666 -36.394653
v 125.596375 123.074570 -36.391235
v 126.760788 121.197098 -36.408569
v 132.126938 132.815048 -36.471375
v 131.688232 128.787735 -36.489258
v 133.507477 127.637032 -36.540771
v 135.306137 128.270340 -36.441650
v 136.592484 130.784836 -36.502686
v 135.839554 131.984299 -36.466614
v 134.421280 133.098892 -36.470520
v 136.239212 129.625580 -36.492798
v 133.550446 132.950409 -36.466431
v 131.068909 130.385803 -36.431763
v 131.451096 131.709045 -36.512451
v 132.989044 128.013107 -36.396729
v 125.139687 145.080017 -36.452637
v 125.132309 145.712341 -36.437988
v 127.725616 146.592438 -36.545776
v 134.778763 135.976410 -37.940186
v 134.774536 143.793625 -37.937683
v 130.558868 149.667145 -37.192627
v 128.473282 136.419159 -36.859009
v 125.225349 134.601334 -36.417847
v 129.388168 138.545288 -36.414001
v 125.408859 134.500183 -36.752319
v 125.243797 132.032639 -36.544922
v 125.632210 131.476318 -36.522461
v 127.264206 144.534698 -36.842163
v 129.456970 141.319733 -36.555847
v 130.474640 134.985291 -37.178894
v 127.872940 143.733154 -36.382935
v 135.380783 130.234314 -37.933044
v 133.349899 131.567261 -37.006958
v 134.682129 131.258377 -37.095764
v 134.861176 129.684509 -37.318909
v 133.526596 129.136108 -37.295105
v 132.496277 130.591843 -37.439392
v 133.367859 131.574554 -37.554871
v 134.378357 131.578110 -37.717102
v 134.976440 130.417465 -37.658569
v 134.353622 129.388962 -37.789368
v 132.728546 129.168472 -36.573608
v 135.225922 130.126114 -36.731567
v 134.865128 129.315613 -36.972229
v 133.739166 128.979599 -36.914368
v 132.399734 129.568985 -37.107605
v 132.381500 131.198456 -37.203003
v 133.798248 132.015045 -37.297058
v 135.194366 131.060333 -37.370789
v 133.565002 128.820923 -37.583191
v 132.281494 130.957260 -36.630981
v 133.274658 131.873566 -36.651672
v 134.755798 131.570602 -36.722717
v 132.481888 130.403275 -36.912109
v 122.744019 121.427460 -36.600830
v 125.643677 120.216949 -36.708191
v 124.024406 122.446678 -36.654175
v 125.249786 122.098480 -36.696106
v 123.652863 119.583321 -36.720276
v 113.525734 130.352417 -37.954956
v 113.604675 129.290314 -37.598328
v 114.739899 128.857971 -37.658875
v 116.146858 129.691956 -37.478088
v 113.463341 131.493988 -37.750244
v 115.839752 130.957581 -37.138062
v 114.544540 131.688416 -37.028992
v 113.545135 130.572723 -36.929749
v 115.589821 129.429337 -37.256897
v 114.033905 131.412567 -37.498047
v 113.606323 129.763535 -37.374084
v 115.947968 131.335449 -37.485352
v 115.946144 129.282913 -36.983032
v 114.158173 129.089005 -36.924438
v 113.141159 130.676483 -37.193970
v 114.703300 132.056091 -37.289062
v 116.009697 131.286728 -36.735718
v 114.215034 131.937134 -36.688416
v 113.195534 130.461395 -36.617126
v 114.031494 128.986801 -36.565063
v 115.987625 129.811508 -36.716675
v 105.595055 111.358574 -76.374695
v 75.659378 111.358932 -82.266663
v 103.882286 111.358574 -86.780945
v 79.383209 111.358574 -66.551208
v 76.363922 111.358559 -94.061462
v 106.109985 111.358574 -94.985107
v 82.247734 111.358574 -110.541443
v 112.357643 111.358574 -68.762573
v 88.075623 111.358574 -52.345398
v 142.560486 111.358574 -75.702942
v 159.306610 111.358574 -51.166809
v 132.430267 111.358574 -66.341003
v 120.352562 111.358574 -65.196228
v 102.962669 111.358154 -41.534424
v 138.905914 111.356926 -38.730469
v 168.713669 111.358574 -65.630066
v 137.501160 111.358574 -100.884399
v 142.772583 111.358574 -94.214905
v 166.624527 111.358574 -109.244812
v 128.115829 111.358574 -105.695312
v 140.374207 111.358200 -131.751831
v 158.237518 111.358574 -120.346558
v 114.480469 111.358574 -103.611389
v 123.085854 111.358643 -134.110229
v 93.363983 111.358574 -122.943176
v 105.582466 111.358574 -130.426514
v 119.016113 111.363045 -36.779114
v 171.898163 111.358566 -95.893921
v 144.663330 111.358574 -85.624634
v 172.808105 111.358818 -81.382812
v 113.108604 158.348572 -68.107056
v 107.162544 158.348572 -74.183044
v 89.187576 158.348572 -51.166809
v 106.539375 158.348572 -95.753723
v 113.858246 158.348572 -103.069580
v 88.075638 158.348572 -118.369629
v 79.780518 158.348572 -65.630127
v 140.033798 158.348572 -71.964600
v 160.418579 158.348572 -52.345398
v 140.665298 158.348572 -97.968445
v 157.200531 158.348572 -121.324951
v 103.978943 158.422943 -82.050293
v 89.475571 158.348557 -85.348877
v 76.161758 158.346786 -78.087769
v 75.854477 158.339813 -89.814819
v 79.383186 158.348572 -104.163818
v 104.273438 158.348572 -129.861816
v 127.493454 158.365433 -105.718262
v 172.851883 158.351135 -87.674072
v 94.798813 158.346954 -87.444885
v 169.110962 158.348572 -66.551086
v 144.472702 158.438919 -81.993286
v 124.255806 158.348557 -50.585876
v 134.827484 158.348160 -37.904602
v 172.458603 158.334778 -79.316956
v 108.683586 158.349030 -39.120850
v 120.877655 158.439636 -65.146301
v 124.238388 158.348557 -120.129211
v 168.886169 158.348572 -105.495300
v 159.018692 158.348557 -85.366333
v 124.055138 158.348145 -36.726624
v 118.332939 158.345566 -133.575439
v 153.694824 158.347076 -83.270142
v 95.018646 158.347610 -83.220337
v 131.810516 158.343491 -133.402283
v 122.159683 158.347076 -55.909729
v 126.334511 158.347076 -114.805359
v 126.384293 158.347672 -56.129150
v 131.427399 158.348633 -66.230103
v 154.216080 158.348007 -87.281494
v 144.486023 158.432343 -88.707153
v 122.109955 158.347610 -114.586121
v 145.630035 158.348572 -129.052124
v 127.569992 158.487320 -65.061951
v 145.497314 158.349014 -41.515625
v 121.028442 158.348511 -105.510376
v 144.573212 191.875565 -83.893738
v 104.024277 191.876511 -88.445923
v 141.502319 191.876572 -74.226379
v 130.637634 191.879349 -65.365173
v 120.087357 191.876175 -65.322449
v 109.653191 191.876572 -70.673950
v 104.284920 191.877533 -80.824829
v 114.781914 191.876572 -103.445129
v 107.998062 191.876572 -97.911987
v 123.254250 191.875504 -105.747803
v 134.671509 191.876572 -103.243774
v 143.440353 191.877609 -93.066162
v 144.717468 165.533768 -85.344543
v 103.761414 165.530106 -85.342041
v 124.596100 165.434311 -105.734619
v 123.770248 165.385284 -105.741882
v 124.245377 165.528061 -64.859314
v 126.204437 163.367783 -65.028137
v 122.292946 163.377014 -65.029236
v 103.963852 163.108810 -83.219849
v 104.039581 158.468201 -88.723877
v 103.903542 163.448013 -87.270813
v 121.384438 161.349091 -105.612854
v 126.411484 163.083084 -105.672302
v 144.577377 163.493530 -87.255981
v 144.573868 163.453400 -83.437988
v 123.770248 138.488281 -36.621826
v 122.788437 139.360733 -36.638916
v 124.544395 141.358734 -36.688782
v 123.105461 141.009384 -36.666016
v 125.705414 139.708939 -36.747559
v 144.722656 88.244568 -86.637817
v 122.117004 88.244568 -105.950073
v 140.665298 88.244568 -97.968445
v 132.144135 88.244568 -104.182739
v 112.357475 88.244568 -101.952393
v 106.539375 88.244568 -95.753723
v 103.934639 88.244568 -87.396057
v 105.180969 88.244568 -77.290771
v 114.480614 88.244568 -67.103577
v 124.804909 88.244568 -64.950623
v 134.670197 88.244568 -67.470398
v 142.772644 88.244568 -76.500305
v 95.689522 112.666695 162.550476
v 95.689522 146.568253 162.550476
v 104.071510 112.666695 162.550476
v 104.071510 146.568253 162.550476
v 95.689522 112.666695 202.968933
v 104.071510 112.666695 202.968933
v 95.689522 146.568253 202.968933
v 104.071510 146.568253 202.968933
v 97.106842 128.574234 197.408875
v 97.295380 130.212341 196.432068
v 97.165367 132.862900 198.086670
v 97.114044 132.068115 201.229889
v 97.300407 129.747253 201.841278
v 97.216492 127.678932 199.572144
v 97.366470 131.599899 197.871674
v 97.563904 133.244949 199.955170
v 97.553307 127.395699 199.327057
v 97.369125 129.138916 197.974579
v 97.320869 129.814407 198.599792
v 97.368752 129.241196 200.445129
v 97.369125 131.702072 200.343262
v 97.326187 131.027145 199.718842
v 97.470207 140.671783 183.277374
v 97.475365 138.103928 183.006073
v 97.474808 135.717743 181.182678
v 97.097488 134.534424 179.205658
v 97.105988 125.454163 180.965057
v 97.480247 123.130585 182.894897
v 97.550255 116.714279 173.979767
v 97.139084 115.733025 176.529816
v 96.994949 115.772026 191.457153
v 97.519539 144.605408 190.905914
v 97.396759 144.980255 176.432159
v 97.629623 129.906036 202.668488
v 97.451355 133.780258 202.685333
v 97.468117 116.392700 193.327057
v 97.453011 119.034714 197.858032
v 97.299789 138.975113 200.451355
v 97.487488 141.565567 198.033813
v 97.006760 143.046402 196.405792
v 97.022430 145.063019 191.474274
v 97.461685 123.709496 197.208252
v 97.472290 121.726517 195.316711
v 97.474091 119.665253 191.245392
v 97.465355 139.110123 195.313232
v 97.469063 137.161270 197.198578
v 97.473335 141.181091 191.220551
v 96.882362 135.747711 174.453156
v 97.474892 136.964401 173.698425
v 97.451691 138.955536 172.792877
v 97.467575 134.630844 176.980255
v 97.445641 124.055237 169.197357
v 96.860786 125.097260 174.370300
v 97.499908 124.386726 174.036896
v 97.102852 126.234192 176.774780
v 97.396309 126.458977 177.019104
v 97.461395 119.565025 183.819305
v 97.472496 120.273102 183.256348
v 97.437508 121.989166 172.844116
v 97.439293 121.522720 171.876129
v 97.453537 139.175797 171.524292
v 97.288185 139.177078 172.263397
v 97.469398 141.293213 183.860168
v 97.511421 126.172585 178.990845
v 96.995834 126.313240 179.214172
v 97.468246 124.709824 197.123901
v 97.435730 125.101219 169.517365
v 97.105743 134.323380 176.936310
v 97.439743 135.643219 169.660980
v 97.458466 136.965408 169.262482
v 97.307053 136.433990 169.270844
v 97.500099 134.556458 178.958801
v 97.474014 136.123260 197.115448
v 96.378052 139.255829 165.974274
v 97.031792 134.676987 163.782043
v 97.467278 129.057175 163.599640
v 96.710785 123.591270 164.710358
v 96.921471 116.888351 171.751160
v 96.160370 119.802338 167.419434
v 96.918625 141.700943 168.274567
v 97.090309 144.245728 172.742218
v 97.532188 121.544540 166.505035
v 97.532600 138.450974 166.098450
v 97.567101 141.891052 169.679443
v 94.901070 115.820015 174.478210
v 94.981483 144.804535 192.846619
v 95.799812 142.499802 197.577271
v 96.352753 139.294968 201.170532
v 95.425385 117.503296 196.371338
v 94.888023 115.779457 191.582611
v 97.078568 125.098595 202.558044
v 95.912247 119.004662 198.596222
v 96.699646 120.891289 200.105225
v 95.014046 144.690750 172.846588
v 97.553467 129.788177 195.914032
v 97.540237 133.775803 199.067535
v 96.347092 139.241928 172.169861
v 97.008286 134.234329 172.500244
v 97.484406 134.416306 172.191467
v 97.527168 131.322540 173.820709
v 97.157623 131.586411 173.959473
v 97.210838 131.787323 176.867126
v 97.523392 131.431992 177.011353
v 96.805939 136.220581 169.262390
v 96.802513 124.659637 169.261566
v 96.339981 121.609138 172.184998
v 97.042000 126.835434 172.695831
v 97.498840 126.391029 172.100098
v 97.539322 129.431702 173.689850
v 97.225281 129.269165 173.945801
v 97.381126 129.415421 176.433075
v 97.404694 128.903915 177.022278
v 97.467171 129.525146 192.719086
v 97.035652 126.949760 191.765625
v 97.004578 125.089790 188.916504
v 96.997406 125.319466 185.518616
v 97.426613 126.742149 183.587189
v 97.534660 125.222725 187.113129
v 97.546532 126.665070 191.282959
v 97.525200 129.516800 182.261047
v 97.186134 129.275635 182.075531
v 97.487022 129.535645 193.322998
v 97.160965 129.079391 179.231476
v 97.487549 129.509628 179.639740
v 97.147942 126.386063 194.490662
v 97.528641 127.045769 194.349243
v 97.475746 128.847809 178.962555
v 95.991478 119.899963 183.591400
v 96.730949 124.058563 197.297302
v 95.974655 119.818802 191.069550
v 96.545792 122.811836 183.149078
v 97.469925 118.104431 177.552277
v 97.405449 119.733673 175.385956
v 97.464615 121.431206 175.439148
v 97.593987 123.765251 177.230286
v 97.325905 123.571022 178.638611
v 97.440178 122.442665 180.585144
v 97.450310 123.456940 177.449249
v 97.479195 122.473488 180.055817
v 97.462425 120.431915 180.575592
v 97.443108 118.387596 178.431000
v 97.451660 118.991722 176.269226
v 97.486313 118.939003 179.771118
v 97.450516 122.873192 176.262177
v 97.439445 128.799637 189.933624
v 97.430412 127.549973 187.439026
v 97.475494 128.151886 186.157898
v 97.490082 130.087952 184.758850
v 97.470009 131.963211 185.401367
v 97.388855 133.193893 186.576813
v 97.449600 131.979324 189.667114
v 97.468452 132.745773 186.635193
v 97.489433 130.344589 190.153381
v 97.422493 128.148605 188.825073
v 97.444389 129.556168 185.114990
v 97.500519 127.966148 187.486786
v 97.434608 132.792465 188.660828
v 97.480370 130.689545 171.157867
v 97.457970 128.852188 170.744080
v 97.451431 127.968040 169.550262
v 97.391785 127.961426 167.015747
v 97.452667 130.105972 165.914551
v 97.388680 132.527298 166.544037
v 97.498146 133.261597 168.414825
v 97.377754 132.682053 170.161102
v 97.535645 128.566422 166.835358
v 97.441841 127.985001 167.695801
v 97.503838 131.973373 170.451324
v 97.513878 132.958298 168.439758
v 97.468056 132.073257 166.646088
v 97.451881 140.148621 180.729034
v 97.424751 138.688614 180.344666
v 97.436646 137.601181 179.688812
v 97.481209 137.073547 177.793488
v 97.458633 139.151108 175.274811
v 97.420998 142.177872 176.184021
v 97.430222 142.526718 178.302185
v 97.458809 142.007568 179.623383
v 97.464714 141.947189 176.523804
v 97.469330 137.594208 176.728882
v 97.522232 137.872971 179.478821
v 97.434723 140.420349 175.449432
v 97.482964 138.837616 175.696442
v 97.402214 131.967712 179.042480
v 97.495598 131.559479 182.348053
v 97.381096 131.431076 179.613403
v 97.437836 135.623932 186.230286
v 97.504883 133.955231 183.616211
v 97.203156 131.567368 182.094757
v 97.443962 133.759399 191.732086
v 97.423950 135.439133 189.420166
v 96.906494 135.353012 184.902802
v 96.751259 136.725662 197.264191
v 95.973503 141.020477 183.667419
v 95.991280 140.947876 191.408630
v 97.480385 131.314590 193.319397
v 97.397766 131.324615 192.842285
v 97.452705 133.958633 194.312897
v 96.733841 136.746780 182.703613
v 96.055870 141.167038 179.098938
v 97.010979 138.674866 178.108093
v 96.885384 140.074356 179.356140
v 96.747162 141.156158 177.704865
v 96.649277 140.009155 176.825562
v 96.568329 138.958328 177.296112
v 96.470161 138.808945 178.573578
v 96.371292 140.175140 179.297546
v 96.270767 141.156342 177.988037
v 96.075851 141.097809 177.297394
v 96.372383 139.231476 176.587524
v 97.358116 138.783752 176.850281
v 97.014938 140.173813 176.539154
v 96.840179 138.692856 176.943146
v 96.700233 138.820496 179.298462
v 96.582596 140.934662 179.274811
v 96.485901 141.357376 177.157410
v 97.132149 141.413071 177.628082
v 97.201164 141.045868 179.078033
v 97.273094 139.972702 179.557556
v 97.276245 138.691025 179.055756
v 97.234474 131.927048 168.430206
v 97.262161 131.006882 170.053040
v 97.173988 130.916611 167.177826
v 97.326920 128.902222 168.137848
v 97.263412 129.385376 169.678925
v 95.963531 119.729927 177.564636
v 96.295776 119.492065 177.274750
v 96.452026 122.261971 177.154327
v 96.159004 119.893112 179.281433
v 96.773361 122.161873 178.312042
v 96.902306 120.779297 179.298004
v 96.990402 119.718552 178.268005
v 96.553642 121.165695 176.692108
v 96.629410 119.987953 177.080994
v 96.468765 119.817924 178.552551
v 96.312943 120.905090 179.293640
v 97.354950 120.122887 176.634277
v 96.889755 121.317375 176.473175
v 96.749435 119.350578 178.380859
v 96.639946 120.876846 179.671051
v 96.514778 122.352798 178.661102
v 97.300598 119.422485 178.600098
v 97.248039 120.711945 179.570312
v 97.188774 122.168709 178.917572
v 97.166641 122.292091 177.541412
v 97.061005 120.372704 176.807037
v 1.148046 142.279099 160.804871
v -0.111513 129.168457 160.804840
v 91.584579 154.052368 160.804321
v 87.479950 151.854141 160.747681
v 77.719185 163.977707 160.734161
v 75.705032 171.170288 160.804962
v 1.596212 117.017982 160.804688
v 96.788216 137.351181 160.805511
v 59.104954 177.974747 160.804840
v 44.206001 179.044601 160.805176
v 35.825779 173.264938 160.750305
v 22.775864 172.030106 160.804962
v 8.709444 158.525009 160.804962
v 7.567220 148.105515 160.737061
v 4.250580 123.008530 160.723724
v 8.141816 103.371895 160.804962
v 15.775238 100.094810 160.742065
v 17.158850 93.109741 160.804962
v 59.761639 173.730408 160.741760
v 19.206989 163.780121 160.739075
v 35.237537 83.156181 160.804962
v 36.893597 87.103706 160.754181
v 67.052467 85.424469 160.804962
v 78.900993 92.224007 160.804962
v 79.789909 98.683182 160.728851
v 92.610458 108.577965 160.803284
v 89.904152 113.930862 160.752350
v 96.805832 124.371605 160.805969
v 51.974579 81.921135 160.806885
v 61.746212 87.690781 160.737610
v 93.094269 133.540909 160.723755
v 30.080238 139.525803 205.509277
v 7.919658 157.369995 205.508942
v 58.743069 148.534882 205.509125
v 76.670921 170.286163 205.508942
v 51.982201 81.918152 205.496002
v 38.175156 112.712830 205.508942
v 30.859385 120.031738 205.508942
v 16.058311 93.819046 205.508942
v 38.971909 148.792206 205.509338
v 21.438019 171.170319 205.508942
v 91.679047 154.201874 205.511536
v 4.500889 109.524834 205.508942
v 0.641967 139.048660 205.508514
v 48.423817 94.691978 205.508240
v 36.963879 82.840317 205.506226
v 0.390706 124.183044 205.503326
v 48.719238 166.148987 205.508240
v 43.177265 178.734146 205.496704
v 96.351852 139.359695 205.508575
v 68.742111 127.098457 205.550751
v 65.821953 119.281921 205.508942
v 92.997398 109.529732 205.510193
v 79.984222 93.109764 205.508942
v 12.842864 130.568146 205.508240
v 59.746037 113.335930 205.508942
v 62.659286 83.482468 205.509155
v 97.133545 126.408531 205.507599
v 84.300041 130.272827 205.508240
v 51.860783 110.211998 205.546387
v 28.355358 133.725952 205.567871
v 57.486004 178.299576 205.515991
v 45.248051 110.257614 205.562012
v 18.578777 128.257706 205.507416
v 28.378773 127.126404 205.538940
v 51.883999 150.617233 205.567993
v 78.564041 132.583282 205.507507
v 67.218544 139.091660 205.509338
v 46.407913 160.410400 205.507416
v 50.734295 100.427765 205.507416
v 45.298843 150.669495 205.554321
v 68.824318 133.692108 205.557098
v 97.265968 129.285843 188.602539
v 97.309669 128.943832 187.014832
v 97.225708 130.461761 189.099579
v 97.166382 131.837967 187.358276
v 97.303360 130.402466 185.914154
v 48.571510 130.420486 238.824799
v 45.493633 110.194077 238.782806
v 34.613842 115.130814 238.782959
v 28.862631 124.860794 238.783264
v 28.253967 132.598480 238.782318
v 32.703278 143.716721 238.782959
v 42.263332 149.912903 238.783295
v 51.793377 150.694016 238.782104
v 61.154724 146.495773 238.782959
v 67.173790 139.327255 238.783295
v 68.912254 128.145767 238.781036
v 64.273140 117.187790 238.782959
v 54.451405 110.596413 238.784302
v 49.076469 150.818802 212.977905
v 48.064949 150.823135 212.975952
v 68.958603 129.915741 212.985168
v 68.967842 130.924454 212.980865
v 48.066906 110.031700 212.983612
v 49.073460 110.028900 212.986725
v 28.182730 130.924164 212.984558
v 28.178534 129.915054 212.982483
v 28.307024 127.828270 209.599182
v 28.314320 133.012756 209.611847
v 45.978622 150.681854 209.601471
v 51.161991 150.686386 209.605438
v 68.820274 133.015884 209.610168
v 68.836708 127.829346 209.605042
v 51.163860 110.156387 209.599426
v 45.980179 110.155716 209.605133
v 41.213596 149.770065 160.801727
v 29.974911 139.100021 160.804962
v 28.079414 129.109299 160.804962
v 30.483906 120.955254 160.804962
v 68.697403 135.272202 160.804962
v 62.972866 144.826828 160.375305
v 55.479221 150.003723 160.801636
v 29.062578 149.917892 160.805023
v 67.784584 123.174568 160.804962
v 42.147453 110.917236 160.804962
v 54.273014 110.518639 160.804962
v 68.069122 149.929779 160.805023
v 29.073883 110.911186 160.805023
v 34.170185 144.807434 160.359802
v 68.080734 110.922890 160.805023
v 62.989216 116.026306 160.420074
v 34.181351 115.998016 160.396057
v 46.315495 109.841354 138.008118
v 29.358431 123.174561 138.008118
v 56.698097 111.693222 138.008118
v 63.683266 116.742157 138.009277
v 69.036354 127.293037 138.008118
v 66.477051 140.869904 138.005798
v 57.159931 149.412323 138.008087
v 43.824581 150.398285 138.008118
v 30.749743 140.784882 138.007233
v 35.763138 146.355270 138.007996
v 28.190844 131.595245 138.008118
v 35.544216 114.669067 138.008698
v 490.457428 112.718826 204.081177
v 490.492279 112.680931 162.551727
v 490.800964 111.612289 160.811646
v 487.880859 135.013779 205.512512
v 487.425018 130.685654 204.083282
v 488.732452 118.531624 205.510376
v 494.860321 103.253098 205.514557
v 490.164581 144.931076 162.566833
v 494.246887 154.494003 160.794952
v 490.487854 145.168533 204.083282
v 487.642639 126.200432 162.550476
v 487.419678 131.080948 160.804962
v 501.627136 94.349037 160.804962
v 506.257568 90.628082 205.508942
v 519.368774 83.303703 160.804962
v 520.758362 82.812714 205.508942
v 539.353821 80.123299 160.804962
v 536.935181 80.264931 205.508942
v 553.226379 83.303734 205.508942
v 562.870850 87.811134 160.804962
v 567.484009 91.553841 205.508942
v 577.406250 102.827690 160.804962
v 578.178955 104.082603 205.508942
v 583.778564 118.017784 160.804962
v 585.043762 123.822250 205.508942
v 584.726562 134.463074 160.804962
v 582.675781 143.978683 205.508942
v 580.141724 150.284882 160.804962
v 575.038025 158.573792 205.508942
v 570.547852 163.675629 160.804962
v 559.281738 172.303360 205.508942
v 557.041077 173.105316 160.804962
v 537.348572 178.014297 160.804962
v 539.695862 177.621643 205.508942
v 523.305481 175.976639 205.508942
v 513.313293 172.303329 160.804962
v 508.399384 168.965317 205.508942
v 494.198151 154.091431 205.512146
v 556.465881 125.799118 205.509033
v 553.547974 117.866081 205.508942
v 547.472107 111.920120 205.508942
v 533.769653 101.438591 205.508728
v 533.084900 108.862007 205.509064
v 524.291748 112.138985 205.508942
v 536.342285 93.227982 205.507812
v 572.074280 129.049530 205.507812
v 500.520782 128.959763 205.507782
v 539.619324 108.868919 205.534729
v 517.932068 120.090515 205.508942
v 563.863647 126.476738 205.508698
v 508.731506 131.532593 205.508698
v 536.252747 164.781372 205.507782
v 556.424988 132.323471 205.536407
v 516.102295 125.697433 205.551361
v 532.974365 149.117599 205.536377
v 538.825500 156.570663 205.508698
v 552.165771 142.300858 205.508942
v 539.467957 149.410690 205.511627
v 515.787048 132.144943 205.508453
v 523.686829 145.422943 205.508942
v 520.283936 170.923279 160.754944
v 578.170837 113.167305 160.748749
v 580.146973 137.271011 160.725739
v 548.279846 86.090424 160.715759
v 497.849213 152.385559 160.742279
v 491.841583 129.004593 160.737518
v 497.440613 106.533318 160.727600
v 511.592377 92.146202 160.755798
v 568.575989 160.666351 160.762817
v 543.193298 173.090439 160.725739
v 529.287781 84.957771 160.747345
v 564.979004 94.887177 160.752106
v 536.297485 129.004654 238.824799
v 530.430054 109.270973 238.783356
v 522.396484 114.054344 238.782959
v 516.894287 121.913536 238.783417
v 515.954163 129.990997 238.782654
v 517.586365 137.542770 238.783203
v 523.234131 144.692200 238.782959
v 532.547241 149.298080 238.782349
v 543.627197 148.277634 238.783447
v 554.281250 139.513412 238.783417
v 556.590149 126.457291 238.781433
v 550.981079 114.410683 238.782959
v 539.685974 108.789749 238.781860
v 536.292969 108.545280 213.152802
v 536.295654 149.467361 213.150330
v 556.760803 129.000229 213.151489
v 515.909912 128.499359 212.986603
v 516.024963 126.392868 209.542999
v 515.907288 129.682693 212.903351
v 516.109741 132.057465 208.180237
v 534.628235 149.357208 211.429749
v 533.300781 149.212173 208.340759
v 538.260498 149.319092 211.023254
v 539.371338 149.197708 207.828522
v 556.498047 132.002731 208.346252
v 556.677490 130.669388 211.411530
v 556.616943 127.035339 211.003601
v 556.499023 125.890366 207.610352
v 537.962219 108.624481 211.411346
v 539.331299 108.767509 208.167084
v 533.183289 108.804306 207.613434
v 534.329285 108.681686 211.001831
v 480.797516 112.666695 204.083282
v 480.797516 112.666695 162.550476
v 480.797516 145.168533 162.550476
v 480.797516 145.168533 204.083282
v 480.797516 149.712570 402.428467
v 480.797516 109.712570 402.428467
v 480.797516 109.712570 -36.357544
v 480.797516 149.712570 -36.357544
v 440.797516 149.712570 -36.357544
v 440.797516 149.712570 402.428467
v 440.797516 109.712570 -36.357544
v 440.797516 109.712570 402.428467
v 556.423401 133.856506 160.804962
v 515.805420 127.693611 160.804962
v 518.209961 119.539314 160.804962
v 527.450623 147.534149 160.802917
v 535.988892 149.416840 160.804962
v 544.764709 147.762238 160.803528
v 550.715881 143.393829 160.375397
v 531.568909 108.849487 160.804962
v 543.551819 109.794739 160.804962
v 555.803467 148.506256 160.805023
v 516.796570 148.510223 160.805023
v 517.700928 137.684174 160.804962
v 555.510620 121.758781 160.804962
v 521.885620 114.600189 160.425598
v 516.791382 109.502876 160.805023
v 555.799927 109.498161 160.805023
v 550.693726 114.588745 160.419830
v 521.912659 143.406799 160.351868
v 537.551819 108.340263 138.008118
v 549.918579 113.705780 138.009674
v 556.762390 125.877281 138.008118
v 554.212280 139.432571 138.005859
v 546.366821 147.026413 138.008087
v 533.295349 149.488251 138.008118
v 518.447693 139.304153 138.007294
v 523.490234 144.940262 138.007996
v 515.768066 128.573227 138.008118
v 519.342712 117.178642 138.008209
v 527.608459 110.531654 138.008118
vn 0.0131 0.0804 0.9967
vn -0.0007 0.0728 0.9973
vn -0.7039 0.0576 0.7080
vn -0.6720 0.0176 0.7404
vn -0.6690 -0.0276 -0.7428
vn -0.6284 0.0097 -0.7779
vn -0.8286 0.1023 -0.5504
vn -0.6901 -0.0185 -0.7235
vn -0.2045 -0.0065 -0.9788
vn 0.7589 0.0091 0.6511
vn 0.2014 0.0735 -0.9767
vn 0.4758 0.0105 -0.8795
vn 0.9192 0.0102 -0.3937
vn 0.9923 0.0459 -0.1153
vn 0.9904 0.0153 0.1375
vn 0.4669 0.0633 0.8820
vn 0.2607 0.0237 0.9651
vn -0.3906 0.0749 0.9175
vn -0.6903 -0.1857 0.6993
vn -0.8376 0.1596 -0.5224
vn -0.6660 -0.0340 -0.7452
vn 0.8210 0.1257 0.5570
vn 0.7659 0.0078 0.6429
vn 0.4738 -0.0252 0.8803
vn -0.7935 0.0096 -0.6085
vn -0.1824 0.0612 0.9813
vn -0.1987 0.0649 0.9779
vn -0.5319 0.0134 0.8467
vn -0.9107 0.0102 0.4128
vn -0.9917 0.0456 0.1199
vn -0.9932 0.0161 -0.1153
vn -0.4722 0.0596 -0.8795
vn -0.3251 0.0280 -0.9453
vn -0.1521 0.9526 0.2634
vn -0.0574 0.7061 0.7057
vn -0.0066 0.3863 0.9224
vn -0.9999 -0.0136 -0.0041
vn -0.8883 0.4094 0.2080
vn -0.6860 0.7244 0.0677
vn -0.7204 0.6779 0.1465
vn -0.8090 0.5809 -0.0899
vn -0.9155 0.3785 -0.1362
vn -0.9243 -0.0702 0.3753
vn -0.9928 0.0981 -0.0684
vn -0.8818 -0.0399 -0.4700
vn -0.7704 0.1580 -0.6177
vn -0.6027 0.0968 -0.7921
vn -0.4793 -0.1498 -0.8648
vn -0.3637 0.0936 0.9268
vn -0.3844 0.0668 0.9208
vn -0.1299 0.0673 0.9892
vn -0.1412 0.0810 0.9867
vn -0.6477 0.1151 0.7531
vn -0.9702 0.1620 -0.1804
vn -0.9697 0.1831 -0.1618
vn -0.9260 0.1585 -0.3427
vn -0.2771 0.2062 -0.9384
vn -0.3409 0.1745 -0.9238
vn -0.1430 0.2015 0.9690
vn -0.2362 0.2090 0.9490
vn -0.3652 0.2467 0.8977
vn -0.8456 0.1663 0.5072
vn -0.9714 0.1723 0.1631
vn -0.9763 0.1758 0.1262
vn -0.2215 0.2695 -0.9372
vn -0.0935 0.2629 -0.9603
vn -0.0195 0.2780 -0.9604
vn -0.0289 0.2663 0.9635
vn -0.3574 0.2386 0.9030
vn -0.4235 0.2387 0.8739
vn -0.6585 0.1562 0.7362
vn -0.8422 0.3071 -0.4432
vn -0.7768 0.3032 -0.5519
vn -0.5229 0.2708 -0.8083
vn -0.5906 0.2698 0.7605
vn -0.8460 0.2892 0.4481
vn -0.9001 0.3325 0.2817
vn -0.5943 0.3342 0.7315
vn -0.7037 0.4254 0.5691
vn -0.8567 0.4153 -0.3060
vn -0.6530 0.4040 -0.6406
vn -0.5693 0.4124 -0.7112
vn -0.3133 0.4285 0.8475
vn -0.4632 0.4518 0.7625
vn -0.2686 0.5321 -0.8029
vn -0.0844 0.4655 0.8810
vn -0.1825 0.4916 0.8515
vn -0.7709 0.5642 -0.2958
vn -0.4892 0.4899 -0.7216
vn -0.2450 0.5497 -0.7986
vn -0.1482 0.5740 -0.8054
vn -0.4977 0.6078 0.6188
vn -0.6583 0.5559 0.5076
vn -0.7077 0.6199 0.3389
vn -0.6609 0.6264 -0.4133
vn -0.6566 0.6260 -0.4207
vn -0.0655 0.6314 -0.7727
vn -0.1929 0.6464 0.7382
vn -0.7063 0.6246 0.3332
vn -0.7171 0.6349 0.2876
vn -0.7908 0.6107 -0.0412
vn -0.5195 0.6718 -0.5281
vn -0.3975 0.6855 0.6100
vn -0.6105 0.7920 -0.0056
vn -0.4551 0.7175 -0.5273
vn -0.3282 0.7340 -0.5946
vn -0.3854 0.7520 0.5348
vn -0.4819 0.7895 0.3800
vn -0.1731 0.7939 -0.5829
vn -0.0673 0.7773 -0.6255
vn -0.1251 0.8361 0.5341
vn -0.4753 0.8097 0.3442
vn -0.5710 0.8196 0.0458
vn -0.6112 0.7915 -0.0053
vn -0.5469 0.8069 -0.2231
vn -0.4527 0.8357 -0.3108
vn -0.1100 0.8492 0.5165
vn -0.4325 0.8461 -0.3116
vn -0.2301 0.8670 -0.4420
vn -0.3370 0.8989 0.2798
vn -0.4392 0.8957 0.0690
vn -0.2547 0.9125 0.3202
vn -0.3369 0.9274 -0.1623
vn -0.2960 0.9393 -0.1737
vn -0.1125 0.9305 -0.3486
vn 0.2007 0.9327 0.2997
vn 0.9968 0.0453 0.0661
vn 0.9861 0.1345 -0.0979
vn 0.9936 0.1116 -0.0155
vn 0.8385 0.5243 -0.1486
vn 0.6868 0.7263 -0.0291
vn 0.7182 0.6768 0.1617
vn 0.8821 0.4480 0.1455
vn 0.1895 0.1482 -0.9706
vn 0.1291 0.0723 -0.9890
vn 0.0385 0.3112 -0.9496
vn 0.1227 0.0784 0.9893
vn 0.1218 0.0773 0.9895
vn 0.3817 0.0833 0.9205
vn 0.3842 0.0864 0.9192
vn 0.5715 -0.0939 -0.8152
vn 0.9608 0.0016 -0.2773
vn 0.9064 0.0574 0.4186
vn 0.6685 0.0432 0.7425
vn 0.6111 0.1043 0.7846
vn 0.9743 0.1599 0.1586
vn 0.9708 0.1639 0.1752
vn 0.8224 0.2071 0.5299
vn 0.4907 0.1996 0.8482
vn 0.3782 0.2205 0.8991
vn 0.2141 0.1879 0.9586
vn 0.1261 0.1644 0.9783
vn 0.0449 0.2080 0.9771
vn 0.2170 0.1711 -0.9611
vn 0.3931 0.1967 -0.8982
vn 0.6782 0.1856 -0.7110
vn 0.8351 0.1742 -0.5217
vn 0.8921 0.1840 -0.4128
vn 0.9794 0.1823 -0.0870
vn 0.7977 0.2062 0.5668
vn 0.5726 0.2046 0.7939
vn 0.3390 0.2587 0.9045
vn 0.3703 0.2049 -0.9060
vn 0.5909 0.2567 -0.7648
vn 0.7740 0.2112 -0.5969
vn 0.6311 0.3114 0.7104
vn 0.9021 0.3167 -0.2931
vn 0.9265 0.3092 -0.2143
vn 0.8962 0.3553 0.2657
vn 0.8432 0.3414 0.4154
vn 0.3200 0.3596 0.8765
vn 0.5733 0.4280 0.6987
vn 0.2565 0.4134 0.8737
vn 0.0787 0.4206 -0.9038
vn 0.3397 0.4340 -0.8344
vn 0.8519 0.4143 -0.3204
vn 0.1902 0.4842 -0.8540
vn 0.5037 0.4849 -0.7149
vn 0.5299 0.4699 -0.7060
vn 0.7182 0.4653 -0.5175
vn 0.7310 0.4805 -0.4845
vn 0.7835 0.5492 0.2906
vn 0.7156 0.5327 0.4519
vn 0.7061 0.5376 0.4610
vn 0.5751 0.4906 0.6547
vn 0.4535 0.5963 0.6624
vn 0.2494 0.5924 0.7661
vn 0.1689 0.5965 -0.7846
vn 0.1282 0.6594 0.7408
vn 0.1483 0.6590 0.7374
vn 0.2524 0.6548 -0.7124
vn 0.4265 0.6166 -0.6617
vn 0.6661 0.6379 -0.3866
vn 0.7084 0.6618 -0.2454
vn 0.7281 0.6730 0.1302
vn 0.5940 0.6834 0.4245
vn 0.4613 0.7182 0.5209
vn 0.4857 0.7105 -0.5091
vn 0.7064 0.6721 -0.2221
vn 0.6395 0.7613 -0.1073
vn 0.6308 0.7387 0.2376
vn 0.3968 0.7641 0.5086
vn 0.1499 0.8012 -0.5793
vn 0.1818 0.7917 -0.5832
vn 0.4063 0.7804 -0.4752
vn 0.6457 0.7559 -0.1081
vn 0.2510 0.7763 0.5783
vn 0.5257 0.8462 0.0878
vn 0.5216 0.8322 0.1881
vn 0.4372 0.8569 -0.2730
vn 0.4084 0.8538 0.3229
vn 0.0792 0.8698 0.4870
vn 0.3625 0.9111 -0.1961
vn 0.3813 0.9185 -0.1049
vn 0.2132 0.9203 0.3280
vn 0.1098 0.9232 -0.3682
vn -0.0000 -1.0000 -0.0000
vn -0.0001 -1.0000 -0.0001
vn 0.0013 -1.0000 0.0007
vn 0.0233 -0.9995 0.0203
vn 0.0092 -0.9999 -0.0058
vn -0.0001 -1.0000 -0.0000
vn 0.0001 -1.0000 0.0004
vn 0.0004 -1.0000 -0.0005
vn 0.0001 -1.0000 -0.0000
vn 0.0001 -1.0000 0.0002
vn -0.0082 -1.0000 -0.0055
vn -0.0004 -1.0000 -0.0054
vn 0.0197 -0.9997 0.0119
vn -0.0008 -1.0000 -0.0021
vn 0.0001 -1.0000 -0.0003
vn -0.0000 -1.0000 -0.0002
vn -0.0000 -1.0000 -0.0001
vn -0.0033 -1.0000 0.0027
vn -0.0100 -0.9999 -0.0053
vn -0.0194 -0.9997 0.0145
vn -0.0056 -1.0000 -0.0007
vn 0.0006 -1.0000 0.0005
vn 0.0008 -1.0000 0.0008
vn 0.0001 -1.0000 -0.0029
vn -0.0034 -1.0000 -0.0028
vn -0.0026 -1.0000 -0.0019
vn -0.0004 -1.0000 0.0006
vn -0.0004 -1.0000 0.0004
vn -0.0001 -1.0000 0.0002
vn -0.0086 -1.0000 0.0023
vn 0.0445 -0.9987 0.0246
vn 0.0652 -0.9970 0.0407
vn -0.0010 -1.0000 -0.0092
vn 0.0001 -1.0000 -0.0002
vn 0.4002 0.4554 -0.7952
vn -0.7651 -0.6379 -0.0881
vn 0.5630 0.4100 0.7176
vn 0.4150 0.4678 0.7803
vn 0.5996 0.3567 0.7164
vn 0.0765 0.3512 0.9332
vn -0.2674 -0.2553 0.9292
vn -0.0772 0.3039 0.9496
vn 0.5325 0.4002 -0.7459
vn 0.8402 0.3868 -0.3802
vn 0.1816 0.1788 -0.9670
vn 0.1870 0.1817 -0.9654
vn -0.6423 0.2555 0.7226
vn 0.5531 0.4955 0.6698
vn 0.5922 0.8049 0.0370
vn 0.3122 0.9493 -0.0364
vn -0.4078 0.9127 -0.0259
vn -0.1665 0.9850 0.0455
vn -0.3028 0.4415 0.8446
vn -0.1453 -0.2618 0.9541
vn -0.4333 0.4596 -0.7753
vn -0.8377 0.4197 -0.3494
vn -0.8242 0.4242 -0.3752
vn 0.5731 0.1514 -0.8054
vn 0.4039 0.3852 0.8298
vn -0.0892 0.2098 0.9737
vn -0.2883 0.3774 0.8800
vn -0.7765 0.4046 0.4830
vn -0.6803 0.4457 0.5818
vn -0.5648 0.4374 -0.6997
vn -0.4686 0.3555 -0.8087
vn -0.2567 0.9604 -0.1085
vn 0.3498 0.9368 -0.0000
vn -0.0097 0.9999 0.0133
vn 0.3521 -0.0210 -0.9357
vn 0.7129 0.0862 -0.6960
vn 0.0005 1.0000 -0.0001
vn 0.0003 1.0000 -0.0001
vn 0.0001 1.0000 -0.0015
vn 0.0689 0.9968 0.0416
vn 0.0398 0.9982 -0.0446
vn 0.0740 0.9966 0.0350
vn 0.0007 1.0000 0.0009
vn -0.0000 1.0000 0.0004
vn 0.0623 0.9978 -0.0216
vn -0.0002 1.0000 0.0005
vn 0.4595 -0.0690 -0.8855
vn 0.7150 0.1266 -0.6875
vn 0.8956 -0.1443 0.4207
vn 0.7916 0.0013 0.6111
vn -0.3232 -0.0262 0.9460
vn -0.7151 0.0808 0.6944
vn -0.0006 1.0000 0.0001
vn -0.0001 1.0000 0.0003
vn -0.0002 1.0000 -0.0007
vn -0.0001 1.0000 -0.0002
vn -0.0000 1.0000 0.0009
vn 0.0003 1.0000 0.0005
vn -0.0754 0.9958 -0.0516
vn -0.0974 0.9952 -0.0054
vn -0.0270 0.9996 0.0087
vn 0.0005 1.0000 -0.0005
vn 0.7199 0.4922 -0.4894
vn -0.2648 0.3317 -0.9055
vn 0.6282 -0.0240 -0.7777
vn 0.5929 -0.0542 -0.8034
vn 0.8798 0.0805 0.4684
vn 0.7388 -0.0986 0.6667
vn 0.9832 -0.1817 0.0150
vn 0.6378 -0.6730 -0.3746
vn -0.9004 -0.3745 -0.2215
vn -0.4759 -0.8795 0.0061
vn -0.3280 -0.9305 0.1629
vn 0.3952 -0.8414 -0.3686
vn 0.8187 -0.5742 0.0069
vn -0.8787 -0.3836 -0.2842
vn -0.2318 -0.7215 0.6524
vn 0.0715 -0.8958 -0.4387
vn 0.7507 -0.6250 0.2141
vn 0.9325 -0.3581 -0.0468
vn -0.6062 -0.7950 0.0221
vn -0.9489 -0.3094 -0.0614
vn 0.9400 -0.3410 -0.0017
vn 0.6132 -0.7050 -0.3563
vn -0.9915 -0.1045 0.0769
vn 0.9944 -0.1053 0.0004
vn 0.9928 -0.1182 -0.0208
vn -0.9942 -0.1080 0.0002
vn -0.9899 -0.1318 0.0522
vn 0.1684 -0.9829 0.0740
vn -0.0696 -0.9936 -0.0894
vn 0.0597 -0.9703 0.2344
vn -0.2342 -0.9264 -0.2950
vn -0.8581 -0.1360 -0.4952
vn -0.9003 -0.0883 -0.4262
vn 0.8476 -0.1034 0.5204
vn 0.8922 -0.1755 0.4161
vn 0.9572 -0.1283 0.2596
vn 0.9704 -0.1084 0.2158
vn -0.9610 -0.1032 -0.2567
vn -0.9715 -0.1310 -0.1976
vn 0.1352 -0.9798 0.1476
vn -0.1188 -0.9816 -0.1494
vn 0.1995 -0.9799 0.0081
vn -0.1849 -0.9825 -0.0217
vn -0.8514 -0.1111 0.5127
vn -0.8266 -0.1310 0.5473
vn 0.8594 -0.1269 -0.4954
vn 0.8391 -0.1083 -0.5331
vn 0.9773 -0.0878 -0.1930
vn 0.9584 -0.1264 -0.2558
vn -0.9808 -0.1173 0.1560
vn -0.9531 -0.1610 0.2563
vn 0.3365 -0.9089 -0.2465
vn -0.0697 -0.9776 0.1985
vn 0.4233 -0.8012 0.4229
vn -0.2451 -0.7824 -0.5726
vn -0.4767 -0.8788 -0.0184
vn 0.3218 -0.6676 0.6714
vn -0.2557 -0.8063 -0.5334
vn -0.4894 -0.8648 0.1126
vn 0.0953 -0.4392 0.8933
vn -0.3197 -0.9191 0.2302
vn 0.1088 -0.4151 0.9032
vn -0.3217 -0.9198 0.2248
vn -0.3387 -0.3182 -0.8855
vn -0.0798 -0.8758 -0.4761
vn 0.1330 -0.3907 -0.9108
vn -0.4870 0.0804 0.8697
vn -0.4993 0.0728 0.8634
vn -0.2453 0.0804 0.9661
vn -0.2588 0.0728 0.9632
vn 0.5097 0.0804 0.8566
vn 0.4981 0.0728 0.8641
vn 0.2615 0.0772 0.9621
vn 0.2574 0.0750 0.9634
vn -0.0000 -0.0002 -1.0000
vn -0.0001 -0.0002 -1.0000
vn -0.2560 -0.3798 -0.8889
vn 0.4828 0.8684 0.1125
vn 0.4365 0.8640 0.2510
vn 0.5493 0.6277 0.5516
vn 0.8188 0.3153 0.4798
vn 0.7651 0.6431 -0.0323
vn 0.8028 0.5138 -0.3025
vn -0.4023 0.5498 0.7320
vn -0.5352 0.6795 0.5018
vn 0.1376 0.5579 0.8184
vn 0.0325 0.6235 0.7811
vn -0.1158 -0.9473 -0.2987
vn -0.2491 -0.3050 0.9192
vn 0.0086 -0.9991 0.0406
vn -0.0966 -0.9940 -0.0520
vn 0.0302 -0.9990 -0.0317
vn 0.5667 -0.8234 -0.0289
vn 0.3308 -0.7999 0.5007
vn 0.3430 -0.6105 0.7139
vn -0.4159 -0.7155 0.5613
vn -0.1688 -0.8926 0.4181
vn -0.9280 -0.3725 0.0100
vn -0.3629 -0.9209 -0.1424
vn -0.3944 -0.6274 -0.6714
vn 0.0006 -0.8882 -0.4594
vn 0.2129 -0.7044 -0.6772
vn 0.4592 -0.8667 -0.1948
vn 0.6728 -0.7207 -0.1672
vn 0.4282 -0.7545 0.4974
vn 0.2138 -0.9202 0.3280
vn -0.3655 -0.1800 0.9132
vn -0.3071 -0.9329 0.1880
vn -0.8853 -0.4650 0.0059
vn -0.3041 -0.8772 -0.3716
vn -0.3210 -0.7171 -0.6187
vn 0.2372 -0.8674 -0.4375
vn 0.3876 -0.7565 -0.5268
vn 0.6302 -0.7764 -0.0069
vn 0.4685 -0.8827 0.0367
vn 0.4554 -0.4377 0.7753
vn 0.0575 -0.9407 0.3342
vn -0.5873 -0.2659 0.7644
vn -0.4210 -0.9059 0.0460
vn -0.5072 -0.8618 0.0005
vn -0.4195 -0.5357 -0.7328
vn -0.0964 -0.9168 -0.3876
vn 0.4070 -0.4999 -0.7645
vn 0.4021 -0.8948 -0.1940
vn 0.8771 -0.4796 -0.0276
vn 0.2924 -0.9275 0.2328
vn 0.2407 -0.1475 0.9593
vn -0.1415 -0.9124 0.3841
vn -0.8436 -0.2149 0.4920
vn -0.3688 -0.9283 0.0474
vn -0.5825 -0.0664 -0.8101
vn -0.1936 -0.8668 -0.4596
vn 0.4288 -0.6612 -0.6156
vn 0.3265 -0.8693 -0.3711
vn 0.8613 -0.4422 0.2501
vn 0.3464 -0.9209 0.1788
vn -0.0571 -0.2170 0.9745
vn -0.1565 -0.9321 0.3268
vn -0.7774 -0.5037 0.3766
vn -0.4181 -0.8732 -0.2503
vn -0.6759 -0.6490 -0.3493
vn 0.0664 -0.8859 -0.4590
vn 0.1130 -0.8421 -0.5273
vn 0.8900 -0.3571 -0.2835
vn 0.3871 -0.9219 0.0175
vn 0.6570 -0.3404 0.6727
vn 0.0757 -0.9187 0.3876
vn -0.4577 -0.2831 0.8428
vn -0.3449 -0.8785 0.3306
vn -0.7807 -0.6175 -0.0960
vn -0.4207 -0.8951 -0.1476
vn -0.3869 -0.5087 -0.7691
vn 0.0280 -0.9241 -0.3810
vn 0.5224 -0.4019 -0.7520
vn 0.4037 -0.9146 0.0206
vn 0.7390 -0.6099 0.2861
vn 0.0895 -0.8637 0.4960
vn 0.0671 -0.8218 0.5658
vn -0.6633 -0.5801 0.4728
vn -0.3518 -0.9255 0.1402
vn -0.7982 -0.4857 -0.3562
vn -0.1957 -0.9150 -0.3530
vn -0.1275 -0.6917 -0.7108
vn 0.5588 -0.7118 -0.4255
vn 0.4088 -0.8753 -0.2582
vn 0.7097 -0.5916 0.3825
vn 0.4728 -0.8263 0.3061
vn -0.1135 -0.8239 0.5553
vn -0.2017 -0.7040 0.6810
vn -0.7406 -0.6711 0.0338
vn -0.3243 -0.9450 -0.0421
vn -0.2686 0.0961 -0.9585
vn 0.1048 -0.9263 -0.3618
vn 0.6988 -0.4170 -0.5813
vn 0.3970 -0.9177 -0.0172
vn 0.7133 -0.0266 0.7004
vn 0.2640 -0.8740 0.4079
vn -0.5182 -0.5846 0.6242
vn -0.3564 -0.8567 0.3728
vn -0.7033 -0.6000 -0.3814
vn -0.4928 -0.8563 -0.1548
vn -0.2592 -0.6572 -0.7077
vn -0.0719 -0.8757 -0.4774
vn 0.4483 -0.5833 -0.6773
vn 0.3276 -0.9176 -0.2252
vn 0.8284 -0.5576 -0.0537
vn 0.3077 -0.8894 0.3379
vn 0.3615 -0.6864 0.6310
vn -0.2461 -0.8915 0.3803
vn -0.3964 -0.7955 0.4583
vn -0.4599 -0.4124 -0.7864
vn -0.3612 -0.9105 -0.2013
vn -0.8503 -0.5263 -0.0048
vn 0.0923 -0.9212 -0.3781
vn 0.5181 -0.5783 -0.6302
vn 0.4727 -0.8769 -0.0877
vn 0.7161 -0.6964 0.0470
vn 0.2802 -0.8490 0.4481
vn 0.2851 -0.8053 0.5199
vn -0.4386 -0.6805 0.5870
vn -0.3064 -0.9085 0.2843
vn -0.8444 -0.5344 -0.0368
vn -0.3286 -0.9232 -0.1991
vn -0.3735 -0.2149 -0.9024
vn 0.1173 -0.9279 -0.3540
vn 0.8165 -0.2159 -0.5354
vn 0.4506 -0.8917 -0.0436
vn 0.7221 -0.5493 0.4206
vn 0.1925 -0.9262 0.3242
vn -0.0718 -0.1965 0.9779
vn -0.3588 -0.9123 0.1973
vn -0.9034 -0.4128 0.1158
vn -0.2481 -0.9152 -0.3176
vn -0.2338 -0.4508 -0.8614
vn 0.3144 -0.8694 -0.3812
vn 0.7869 -0.3974 -0.4720
vn 0.3738 -0.9268 0.0351
vn 0.5820 -0.1318 0.8024
vn 0.2219 -0.8408 0.4938
vn -0.3815 -0.7348 0.5609
vn -0.3097 -0.8683 0.3875
vn -0.9120 -0.3057 -0.2735
vn -0.3179 -0.9298 -0.1857
vn 0.0584 -0.2063 -0.9767
vn 0.1796 -0.8997 -0.3978
vn 0.8799 -0.3535 -0.3176
vn 0.4401 -0.8975 -0.0300
vn 0.4815 -0.6080 0.6312
vn 0.3098 -0.8170 0.4863
vn -0.2858 -0.7538 0.5917
vn -0.1335 -0.8806 0.4546
vn -0.8049 -0.5307 0.2655
vn -0.3882 -0.9215 -0.0148
vn -0.6850 -0.4538 -0.5699
vn -0.0206 -0.8551 -0.5180
vn -0.0149 -0.8689 -0.4947
vn 0.7326 -0.5817 -0.3535
vn 0.4765 -0.8628 -0.1691
vn 0.4751 -0.7327 0.4873
vn 0.5023 -0.6522 0.5677
vn -0.0945 -0.8535 0.5125
vn -0.4415 -0.3777 0.8139
vn -0.3585 -0.9264 0.1156
vn -0.8692 0.2067 -0.4491
vn -0.4333 -0.8150 -0.3846
vn 0.3876 -0.4057 -0.8277
vn 0.2035 0.7062 -0.6782
vn 0.4654 -0.8677 -0.1747
vn 0.9359 -0.0026 0.3523
vn 0.4146 -0.8344 0.3631
vn -0.2608 0.9431 0.2061
vn -0.3020 0.3159 0.8994
vn -0.2875 0.3903 0.8746
vn -0.8557 0.4780 0.1982
vn -0.6524 0.7571 0.0341
vn -0.5711 0.3291 -0.7520
vn -0.9598 0.2803 -0.0149
vn -0.2178 0.9145 -0.3409
vn -0.2636 0.7265 -0.6346
vn 0.3053 0.5772 -0.7574
vn 0.1964 0.8460 0.4957
vn 0.3922 0.6879 0.6106
vn 0.4255 0.8885 0.1719
vn 0.9488 0.2620 -0.1766
vn 0.3398 0.8095 -0.4788
vn -0.3335 0.5766 0.7459
vn -0.2926 0.9244 0.2447
vn -0.9602 0.2776 -0.0320
vn 0.1264 0.8922 -0.4337
vn -0.3241 0.4536 -0.8302
vn -0.2818 0.9298 -0.2366
vn 0.5494 0.5231 -0.6516
vn 0.4029 0.9136 -0.0546
vn 0.7810 0.6185 0.0869
vn 0.2591 0.7952 0.5482
vn 0.0934 0.9145 0.3937
vn -0.5886 0.3647 0.7215
vn -0.3276 0.9424 0.0679
vn -0.7831 0.6087 -0.1277
vn -0.2742 0.7953 -0.5406
vn -0.2223 0.8387 -0.4972
vn 0.3590 0.7690 -0.5289
vn 0.3374 0.8661 -0.3688
vn 0.8134 0.5811 0.0257
vn 0.4343 0.8892 0.1440
vn 0.1707 0.5388 0.8249
vn -0.0784 0.9197 0.3847
vn -0.8706 0.0308 0.4910
vn -0.3252 0.9429 -0.0717
vn -0.5824 -0.0910 -0.8078
vn 0.0458 0.9282 -0.3693
vn 0.5915 0.3149 -0.7422
vn 0.3891 0.9188 -0.0661
vn 0.9181 0.2508 0.3070
vn 0.2068 0.9249 0.3189
vn -0.0814 0.2616 0.9617
vn -0.2636 0.9048 0.3344
vn -0.7524 0.5858 0.3012
vn -0.4057 0.9098 -0.0881
vn -0.7650 0.2412 -0.5972
vn -0.0611 0.9129 -0.4036
vn 0.2578 0.5016 -0.8258
vn 0.3556 0.9032 -0.2402
vn 0.8506 0.4718 -0.2320
vn 0.3027 0.9020 0.3080
vn 0.4339 0.7259 0.5337
vn -0.3792 0.6983 0.6071
vn -0.3072 0.9005 0.3076
vn -0.8385 0.5205 -0.1610
vn -0.3079 0.9191 -0.2458
vn -0.3147 0.5704 -0.7587
vn 0.1691 0.9111 -0.3759
vn 0.5757 0.3400 -0.7436
vn 0.4419 0.8689 0.2229
vn 0.7427 0.6318 0.2216
vn -0.0295 0.8119 0.5830
vn -0.0213 0.7981 0.6021
vn -0.5510 0.7753 0.3087
vn -0.5852 0.7252 0.3627
vn -0.5106 0.8115 -0.2842
vn -0.4456 0.8502 -0.2805
vn -0.0681 0.5866 -0.8070
vn 0.1632 0.9316 -0.3248
vn 0.8109 0.2168 -0.5435
vn 0.3763 0.9173 0.1304
vn 0.7307 0.4901 0.4754
vn -0.0295 0.9061 0.4221
vn -0.3237 0.1500 0.9342
vn -0.4523 0.8917 0.0187
vn -0.7480 0.6618 -0.0498
vn -0.1287 0.8547 -0.5028
vn -0.1345 0.7843 -0.6056
vn 0.6883 0.5167 -0.5091
vn 0.3904 0.9139 -0.1115
vn 0.5582 0.6592 0.5038
vn 0.6829 0.2402 0.6899
vn -0.1699 0.9259 0.3375
vn -0.6740 0.0404 0.7376
vn -0.3824 0.9039 -0.1916
vn -0.3648 0.9141 -0.1772
vn -0.2720 0.2588 -0.9268
vn 0.2728 0.9177 -0.2887
vn 0.3082 0.8166 -0.4880
vn 0.7381 0.6747 0.0080
vn 0.4807 0.8692 0.1158
vn 0.2693 0.7208 0.6387
vn 0.2600 0.7587 0.5973
vn -0.4878 0.6991 0.5228
vn -0.3778 0.8990 0.2214
vn -0.8062 0.5901 -0.0428
vn -0.3110 0.9123 -0.2666
vn -0.4098 0.4234 -0.8080
vn 0.0343 0.9012 -0.4321
vn 0.5924 0.4972 -0.6339
vn 0.3955 0.9127 -0.1033
vn 0.8357 0.5368 0.1157
vn 0.2540 0.6646 0.7027
vn 0.1992 0.9088 0.3666
vn -0.4456 0.7357 0.5101
vn -0.3503 0.9079 0.2304
vn -0.8727 0.4772 -0.1033
vn -0.2688 0.9199 -0.2857
vn -0.3479 0.2927 -0.8907
vn 0.1815 0.9386 -0.2936
vn 0.8360 0.1793 -0.5186
vn 0.4440 0.8950 0.0434
vn 0.7075 0.5219 0.4766
vn 0.1132 0.9154 0.3863
vn -0.0917 0.1721 0.9808
vn -0.3455 0.9246 0.1605
vn -0.9946 -0.0080 0.1039
vn -0.2314 0.9315 -0.2808
vn -0.2331 0.0512 -0.9711
vn 0.2375 0.9192 -0.3143
vn 0.8645 0.1482 -0.4803
vn 0.3969 0.9140 0.0837
vn 0.5101 0.4244 0.7481
vn 0.0987 0.9006 0.4233
vn -0.6029 0.2205 0.7667
vn -0.3402 0.9385 0.0591
vn -0.9406 0.1430 -0.3080
vn -0.1170 0.9306 -0.3467
vn 0.0791 0.1895 -0.9787
vn 0.3623 0.8965 -0.2550
vn 0.8723 0.4062 -0.2722
vn 0.3701 0.9149 0.1609
vn 0.4909 0.4447 0.7492
vn 0.0989 0.8646 0.4926
vn -0.2939 0.6804 0.6713
vn -0.3288 0.9141 0.2373
vn -0.8788 0.4107 0.2430
vn -0.2882 0.8950 -0.3406
vn -0.2844 0.8987 -0.3339
vn 0.0687 0.4700 -0.8800
vn 0.2661 0.9080 -0.3237
vn 0.8847 0.2802 -0.3725
vn 0.4060 0.9096 0.0881
vn 0.5263 0.5010 0.6870
vn 0.1808 0.8568 0.4828
vn -0.4052 0.6507 0.6422
vn -0.3909 0.7251 0.5669
vn -0.4628 0.8737 -0.1496
vn -0.8937 -0.0372 -0.4472
vn 0.1074 0.9042 -0.4133
vn 0.4514 0.0685 -0.8897
vn 0.3988 0.9167 -0.0243
vn 0.9343 0.0451 0.3536
vn 0.2103 0.9166 0.3401
vn 0.5414 0.6447 -0.5397
vn -0.7135 0.6304 0.3058
vn 0.2342 0.8888 -0.3940
vn -0.8107 0.5161 0.2763
vn 0.4427 0.4502 -0.7755
vn -0.5482 0.8349 -0.0498
vn -0.1160 0.7566 -0.6435
vn -0.2731 0.8080 -0.5221
vn -0.0264 0.5368 -0.8433
vn -0.5850 0.6886 -0.4285
vn -0.8608 0.3680 -0.3516
vn -0.5969 0.6754 -0.4330
vn 0.0202 0.9895 0.1432
vn 0.1310 0.9888 -0.0709
vn 0.0163 0.9903 0.1378
vn 0.1010 -0.9931 0.0589
vn -0.0371 -0.9934 -0.1085
vn 0.1473 -0.9868 -0.0669
vn -0.0651 -0.9978 -0.0139
vn -0.0633 -0.9979 0.0146
vn 0.0886 -0.9899 -0.1110
vn 0.0030 -0.9956 -0.0933
vn -0.0595 -0.9924 0.1073
vn 0.1099 -0.9907 0.0797
vn -0.0774 -0.9970 0.0078
vn 0.0593 -0.9945 0.0859
vn -0.0742 -0.9972 -0.0096
vn 0.0336 -0.9909 0.1301
vn -0.6139 0.7413 -0.2712
vn 0.5917 0.7626 0.2613
vn -0.8113 -0.2447 0.5310
vn 0.4385 0.3816 0.8137
vn 0.7800 0.6194 0.0893
vn -0.0749 -0.3520 -0.9330
vn -0.4384 -0.0404 -0.8979
vn 0.0684 0.5723 -0.8172
vn 0.0465 0.8275 -0.5595
vn 0.0732 0.8097 -0.5822
vn -0.3698 0.7387 -0.5635
vn -0.5136 0.5934 -0.6198
vn -0.4226 0.8894 -0.1743
vn -0.8438 0.4578 -0.2802
vn 0.7500 0.5799 -0.3182
vn 0.7401 0.6683 -0.0749
vn 0.6035 0.6165 -0.5057
vn -0.5523 -0.8196 -0.1522
vn -0.7116 0.4092 0.5711
vn -0.0596 -0.7874 0.6136
vn 0.7536 -0.3043 -0.5827
vn -0.0605 -0.9937 -0.0946
vn 0.1131 -0.9927 0.0431
vn 0.1013 -0.9948 0.0052
vn 0.8011 -0.3080 -0.5132
vn -0.2944 -0.9544 0.0488
vn -0.6681 -0.3357 -0.6640
vn -0.0574 -0.9166 -0.3957
vn 0.2186 -0.5904 -0.7769
vn 0.6814 -0.6708 -0.2926
vn 0.4097 -0.9063 -0.1041
vn 0.7247 -0.4935 0.4809
vn 0.2496 -0.8985 0.3612
vn -0.1443 -0.3645 0.9199
vn -0.2035 -0.8781 0.4330
vn -0.6604 -0.7402 0.1262
vn -0.8902 -0.4517 0.0590
vn -0.2099 -0.7952 -0.5688
vn -0.2071 -0.8936 -0.3981
vn 0.7034 0.0869 -0.7055
vn 0.2836 -0.9548 -0.0894
vn 0.8197 0.0119 0.5727
vn 0.1033 -0.9207 0.3764
vn -0.1454 -0.6174 0.7731
vn -0.4106 -0.8849 0.2198
vn -0.6561 -0.7295 0.1933
vn -0.4680 -0.8311 -0.3005
vn -0.5314 -0.7263 -0.4360
vn 0.0409 -0.8376 -0.5447
vn 0.2727 -0.4838 -0.8316
vn 0.3489 -0.9255 -0.1473
vn 0.9360 -0.3401 0.0905
vn 0.2583 -0.7822 0.5669
vn 0.2594 -0.8721 0.4148
vn -0.4430 -0.7081 0.5498
vn -0.3399 -0.8670 0.3645
vn -0.8202 -0.3835 -0.4245
vn -0.4142 -0.8603 -0.2973
vn 0.0353 -0.7113 -0.7020
vn 0.1064 -0.9073 -0.4069
vn 0.3392 -0.9368 0.0857
vn 0.5109 -0.8090 0.2907
vn -0.1852 -0.4033 0.8961
vn -0.1369 -0.9422 0.3058
vn -0.9885 -0.1496 0.0235
vn -0.3497 -0.9128 -0.2107
vn -0.4421 -0.5925 -0.6735
vn 0.0539 -0.9094 -0.4123
vn 0.5847 -0.4097 -0.7002
vn 0.3805 -0.9071 -0.1800
vn 0.9404 -0.1483 0.3060
vn 0.2521 -0.9286 0.2723
vn -0.0133 -0.4089 0.9125
vn -0.1646 -0.8904 0.4244
vn -0.7285 -0.5658 0.3863
vn -0.4063 -0.9097 0.0863
vn -0.6698 -0.4391 -0.5988
vn -0.2318 -0.9015 -0.3656
vn 0.3073 -0.3012 -0.9027
vn 0.2246 -0.9412 -0.2524
vn 0.9782 -0.1905 0.0829
vn 0.4260 -0.8828 0.1978
vn 0.2618 -0.3999 0.8784
vn 0.0150 -0.9118 0.4103
vn -0.8442 -0.3131 0.4352
vn -0.4148 -0.9017 0.1222
vn -0.5994 -0.6041 -0.5252
vn -0.1985 -0.9167 -0.3467
vn 0.0897 -0.4484 -0.8893
vn 0.4413 -0.8583 -0.2618
vn 0.4867 -0.8189 -0.3042
vn 0.6202 -0.6634 0.4185
vn 0.4770 -0.8038 0.3555
vn -0.1212 -0.8242 0.5532
vn -0.3033 -0.5778 0.7577
vn -0.4473 -0.8834 0.1397
vn -0.8114 -0.5844 -0.0058
vn -0.2418 -0.8455 -0.4761
vn -0.2643 -0.8202 -0.5074
vn 0.3373 -0.9211 -0.1943
vn 0.5749 -0.6937 -0.4340
vn 0.8611 -0.1959 0.4692
vn 0.1795 -0.9164 0.3578
vn 0.0501 -0.6914 0.7207
vn -0.3568 -0.8505 0.3864
vn -0.6053 -0.6662 0.4356
vn -0.7142 0.2973 -0.6336
vn -0.8205 -0.1640 -0.5476
vn -0.1144 -0.9410 -0.3184
vn 0.3521 -0.0916 -0.9315
vn 0.3731 -0.9197 -0.1223
vn 0.4553 -0.8847 -0.1003
vn 0.5048 -0.4401 0.7426
vn 0.1138 -0.8993 0.4222
vn -0.2452 -0.5830 0.7746
vn -0.3516 -0.8788 0.3227
vn -0.9745 -0.1121 0.1946
vn -0.6528 0.1679 -0.7387
vn -0.7793 -0.4494 -0.4366
vn -0.0800 -0.9099 -0.4070
vn 0.1097 -0.6006 -0.7920
vn 0.4268 -0.8911 -0.1540
vn 0.5639 -0.8153 -0.1312
vn -0.1083 -0.4149 0.9034
vn 0.1662 -0.9112 0.3769
vn 0.6748 -0.5261 0.5176
vn -0.3001 -0.9178 0.2599
vn -0.9433 -0.3052 0.1309
vn -0.6405 -0.7096 -0.2936
vn -0.7006 -0.5103 -0.4987
vn 0.0117 -0.8827 -0.4698
vn 0.0868 -0.8047 -0.5873
vn 0.7034 -0.6811 -0.2031
vn 0.4159 -0.9084 -0.0420
vn 0.6510 -0.5349 0.5385
vn 0.1421 -0.9233 0.3568
vn -0.2464 -0.2149 0.9450
vn -0.3073 -0.9278 0.2116
vn -0.9743 -0.2155 -0.0655
vn -0.3856 -0.8917 -0.2371
vn -0.3221 -0.5496 -0.7708
vn 0.0421 -0.9262 -0.3747
vn 0.6472 -0.1962 -0.7366
vn 0.4053 -0.9123 0.0591
vn 0.7903 -0.4130 0.4526
vn 0.0062 -0.9152 0.4030
vn -0.3332 -0.4511 0.8280
vn -0.4808 -0.8693 0.1143
vn -0.9123 -0.3976 -0.0981
vn -0.2768 -0.9269 -0.2536
vn 0.0199 -0.1306 -0.9912
vn 0.1211 -0.8408 -0.5277
vn 0.6423 -0.7350 -0.2172
vn 0.4808 -0.8683 -0.1223
vn 0.5624 -0.3059 0.7682
vn 0.1415 -0.9298 0.3399
vn -0.6357 -0.2065 0.7438
vn -0.3832 -0.8997 0.2090
vn -0.8935 -0.3532 -0.2774
vn -0.3693 -0.8974 -0.2415
vn -0.0032 -0.6081 -0.7938
vn 0.0463 -0.8170 -0.5747
vn 0.5846 -0.7540 -0.2997
vn 0.3812 -0.8804 -0.2822
vn 0.8014 -0.5319 0.2735
vn 0.2987 -0.9223 0.2454
vn 0.0935 -0.0459 0.9946
vn -0.2114 -0.9308 0.2982
vn -0.8661 -0.3496 0.3573
vn -0.4057 -0.9062 -0.1192
vn -0.5979 -0.5409 -0.5915
vn -0.0833 -0.8687 -0.4883
vn 0.1039 -0.6666 -0.7381
vn 0.3486 -0.8783 -0.3272
vn 0.7129 -0.6079 -0.3497
vn 0.4346 -0.8841 0.1720
vn 0.5857 -0.6901 0.4252
vn 0.0042 -0.8412 0.5407
vn 0.1366 -0.2719 0.9526
vn -0.4203 -0.8077 0.4136
vn -0.9231 -0.1390 0.3584
vn -0.4604 -0.8808 -0.1106
vn -0.5339 -0.0017 -0.8456
vn -0.1146 -0.8338 -0.5400
vn 0.7848 0.3120 -0.5355
vn 0.7574 0.3895 -0.5241
vn 0.8064 0.4755 0.3517
vn 0.5248 0.7719 0.3588
vn 0.0471 0.3859 0.9213
vn 0.3125 0.9499 0.0087
vn 0.7344 0.4080 0.5424
vn -0.1350 0.8495 0.5101
vn -0.1192 0.7975 0.5914
vn -0.8599 0.5052 0.0733
vn -0.4289 0.8962 -0.1135
vn -0.3270 0.4531 -0.8293
vn 0.0676 0.9269 -0.3691
vn 0.7026 0.0009 -0.7116
vn 0.8128 0.1041 0.5731
vn 0.3491 0.9364 0.0362
vn 0.1159 0.9089 0.4007
vn -0.2363 0.5367 0.8100
vn -0.2959 0.8651 0.4050
vn -0.7690 0.6166 0.1690
vn -0.4677 0.8823 -0.0533
vn -0.6120 0.5119 -0.6028
vn -0.0166 0.9411 -0.3378
vn 0.3343 -0.0851 -0.9386
vn 0.3642 0.9312 0.0160
vn 0.6673 0.7356 0.1167
vn 0.2327 0.6609 0.7135
vn -0.0335 0.9202 0.3899
vn -0.6533 0.2739 0.7058
vn -0.3878 0.9176 0.0871
vn -0.7977 0.3969 -0.4541
vn -0.3802 0.8428 -0.3809
vn 0.1656 0.7647 -0.6228
vn 0.1087 0.8565 -0.5046
vn 0.6620 0.6523 -0.3691
vn 0.3928 0.9190 -0.0351
vn 0.8021 0.2043 0.5611
vn 0.1075 0.9100 0.4003
vn -0.2257 0.1635 0.9604
vn -0.2871 0.9459 0.1510
vn -0.9743 0.2252 0.0013
vn -0.2900 0.8984 -0.3299
vn -0.3863 0.6011 -0.6996
vn 0.2256 0.9032 -0.3651
vn 0.6171 0.4081 -0.6728
vn 0.5261 0.8210 0.2216
vn 0.3384 0.9160 0.2157
vn -0.0510 0.2037 0.9777
vn -0.2577 0.9398 0.2245
vn -0.7495 0.5698 0.3370
vn -0.3545 0.8507 -0.3880
vn -0.4190 0.8072 -0.4157
vn 0.2703 0.7498 -0.6039
vn 0.2610 0.5532 -0.7911
vn 0.4411 0.8950 -0.0663
vn 0.9634 0.2493 0.0984
vn 0.1784 0.9045 0.3873
vn 0.1929 0.5086 0.8391
vn -0.2469 0.9146 0.3203
vn -0.8778 0.2414 0.4138
vn -0.4608 0.8869 -0.0330
vn -0.5995 0.5559 -0.5758
vn 0.1423 0.5295 -0.8363
vn -0.0964 0.9201 -0.3797
vn 0.3677 0.9038 -0.2188
vn 0.6445 0.7178 -0.2636
vn 0.5241 0.7311 0.4368
vn 0.6404 0.6085 0.4686
vn -0.1175 0.8909 0.4387
vn -0.3963 0.3577 0.8456
vn -0.4605 0.8876 0.0036
vn -0.6940 0.7167 -0.0679
vn -0.1627 0.7988 -0.5792
vn -0.1568 0.8314 -0.5331
vn 0.6801 0.5970 -0.4255
vn 0.4875 0.8538 -0.1826
vn 0.6568 0.6430 0.3940
vn 0.2840 0.8990 0.3333
vn -0.0319 0.5804 0.8137
vn -0.1993 0.8921 0.4055
vn -0.7149 0.5461 0.4367
vn -0.4132 0.9106 -0.0018
vn -0.8147 0.1401 -0.5627
vn -0.0697 0.9449 -0.3198
vn 0.3619 0.0870 -0.9281
vn 0.3877 0.9189 -0.0724
vn 0.6349 0.7716 -0.0396
vn 0.3974 0.6279 0.6692
vn 0.0550 0.9199 0.3882
vn -0.3063 0.6007 0.7385
vn -0.3831 0.9175 0.1073
vn -0.6431 0.5654 -0.5164
vn -0.0232 0.9151 -0.4025
vn 0.1832 0.3386 -0.9229
vn 0.5513 0.8306 -0.0785
vn 0.3708 0.9279 0.0391
vn 0.6556 0.5169 0.5505
vn 0.0068 0.9128 0.4084
vn -0.1590 0.5354 0.8295
vn -0.4249 0.9009 0.0881
vn -0.5869 0.5514 -0.5929
vn 0.2294 0.6050 -0.7625
vn 0.0428 0.9178 -0.3947
vn 0.6295 0.7664 -0.1282
vn 0.4122 0.9109 0.0167
vn 0.6337 0.4772 0.6089
vn 0.0420 0.9199 0.3899
vn -0.2598 0.2928 0.9202
vn -0.3226 0.9375 0.1307
vn -0.9622 0.2554 -0.0943
vn -0.3902 0.8801 -0.2705
vn -0.2847 0.4904 -0.8237
vn 0.1322 0.9208 -0.3670
vn 0.6648 0.1717 -0.7270
vn 0.3725 0.9246 0.0803
vn 0.8559 -0.0081 0.5172
vn 0.0152 0.9315 0.3633
vn -0.3999 0.0514 0.9151
vn -0.3791 0.9191 0.1074
vn -0.9792 0.1481 -0.1383
vn -0.2661 0.9140 -0.3062
vn 0.0444 0.4241 -0.9045
vn 0.1766 0.9006 -0.3971
vn 0.9433 0.2210 -0.2478
vn 0.3068 0.9386 0.1580
vn 0.5643 0.1434 0.8130
vn -0.1159 0.9306 0.3472
vn -0.6534 0.1896 0.7328
vn -0.4429 0.8964 -0.0153
vn -0.8600 0.4060 -0.3090
vn -0.1980 0.9149 -0.3517
vn 0.0603 0.4439 -0.8940
vn 0.2185 0.8646 -0.4525
vn 0.6393 0.6805 -0.3581
vn 0.4053 0.9141 0.0091
vn 0.8475 0.4106 0.3364
vn 0.0244 0.8949 0.4455
vn 0.0010 0.7952 0.6063
vn -0.6915 0.6801 0.2437
vn -0.6361 0.7459 0.1974
vn -0.3758 0.8360 -0.3997
vn -0.4401 0.7285 -0.5250
vn 0.1553 0.8156 -0.5574
vn 0.1617 0.8074 -0.5674
vn 0.6213 0.7477 -0.2345
vn 0.5580 0.8122 -0.1702
vn 0.4937 0.7497 0.4406
vn 0.2179 0.9128 0.3454
vn -0.1039 0.2761 0.9555
vn -0.3335 0.9108 0.2434
vn -0.8684 0.3897 0.3065
vn -0.3383 0.9120 -0.2320
vn -0.5318 0.0450 -0.8457
vn 0.0376 0.9166 -0.3981
vn -0.7186 0.6937 0.0490
vn 0.8023 0.5612 0.2034
vn -0.6961 0.6612 0.2798
vn -0.6334 0.6921 0.3460
vn 0.3317 0.7917 0.5130
vn 0.0865 0.8232 0.5611
vn 0.5724 0.6311 0.5236
vn -0.4374 0.5903 0.6784
vn -0.0838 0.6775 0.7307
vn 0.2075 0.9777 0.0310
vn -0.1310 0.9550 -0.2659
vn -0.0902 -0.9954 -0.0309
vn -0.0791 -0.9889 0.1261
vn -0.0617 -0.9933 -0.0982
vn 0.0124 -0.9975 0.0701
vn -0.0708 -0.9967 -0.0403
vn 0.0415 -0.9991 -0.0060
vn 0.1027 -0.9944 -0.0229
vn -0.0686 -0.9971 0.0319
vn 0.0712 -0.9964 0.0452
vn 0.0032 -0.9966 -0.0821
vn -0.1921 -0.9813 -0.0076
vn 0.0576 -0.9928 0.1053
vn 0.0464 -0.9931 -0.1078
vn 0.4278 -0.1160 -0.8964
vn 0.3488 -0.3404 0.8732
vn 0.4600 0.8355 -0.3006
vn 0.5042 0.8161 -0.2824
vn -0.0917 -0.1371 0.9863
vn 0.7918 0.5365 0.2920
vn -0.0154 0.3587 -0.9333
vn -0.4224 0.2526 -0.8705
vn -0.8005 0.3979 0.4482
vn -0.6531 0.7509 0.0979
vn -0.4934 -0.0484 0.8684
vn -0.2819 0.3990 -0.8725
vn 0.3138 0.4834 -0.8172
vn -0.4091 0.6541 -0.6363
vn -0.0796 0.9283 -0.3631
vn -0.7678 0.5552 -0.3196
vn -0.6713 0.7412 -0.0045
vn -0.6881 0.6597 0.3020
vn -0.6773 0.6762 0.2897
vn 0.3208 0.4992 -0.8049
vn -0.6210 -0.7697 0.1483
vn -0.1841 0.4631 0.8670
vn 0.2621 -0.8298 0.4926
vn 0.7772 -0.0498 0.6272
vn 0.9771 -0.2052 -0.0570
vn 0.3835 -0.8890 -0.2503
vn 0.2708 -0.0111 -0.9626
vn -0.0176 -0.9992 -0.0370
vn -0.0670 -0.9962 -0.0559
vn -0.0611 0.9739 0.2187
vn -0.1659 -0.9141 -0.3700
vn -0.4056 -0.9131 0.0417
vn -0.6345 -0.5184 -0.5733
vn -0.1856 -0.8628 -0.4702
vn 0.2097 -0.3629 -0.9079
vn 0.3591 -0.7997 -0.4812
vn 0.6616 -0.5998 -0.4499
vn 0.4521 -0.8840 0.1194
vn 0.5751 -0.7769 0.2563
vn 0.0911 -0.8050 0.5862
vn 0.1046 -0.8342 0.5414
vn -0.6125 -0.5285 0.5878
vn -0.3876 -0.8886 0.2454
vn -0.7683 -0.4259 -0.4778
vn -0.5442 -0.8139 -0.2035
vn 0.0092 -0.6514 -0.7587
vn 0.0019 -0.5932 -0.8050
vn 0.3016 -0.9280 -0.2190
vn 0.9968 -0.0541 -0.0595
vn 0.3131 -0.9136 0.2595
vn 0.3492 -0.5905 0.7276
vn -0.2288 -0.8972 0.3778
vn -0.6813 -0.4301 0.5924
vn -0.6588 -0.2945 -0.6923
vn -0.3918 -0.9049 -0.1664
vn 0.0488 -0.8959 -0.4415
vn 0.1727 -0.8071 -0.5646
vn 0.6667 -0.6764 -0.3130
vn 0.3869 -0.9195 -0.0698
vn 0.7761 -0.4292 0.4621
vn 0.1092 -0.9164 0.3851
vn 0.0377 -0.8049 0.5922
vn -0.6912 -0.5622 0.4541
vn -0.3531 -0.9263 0.1316
vn -0.7438 -0.5643 -0.3582
vn -0.2158 -0.9073 -0.3608
vn -0.1407 -0.6289 -0.7646
vn 0.5395 -0.7618 -0.3587
vn 0.6085 -0.6743 -0.4184
vn 0.3504 -0.9174 0.1885
vn 0.5643 0.0222 0.8253
vn -0.2228 -0.9103 0.3488
vn -0.3098 -0.7656 0.5638
vn -0.6517 -0.7379 -0.1754
vn -0.5147 -0.8421 -0.1609
vn 0.0232 -0.6286 -0.7773
vn 0.0560 -0.8208 -0.5685
vn 0.5787 -0.7656 -0.2808
vn 0.7117 -0.6458 -0.2765
vn 0.3798 -0.8943 0.2367
vn 0.5108 -0.2814 0.8123
vn -0.0228 -0.9188 0.3940
vn -0.5956 -0.3430 0.7263
vn -0.3992 -0.9095 0.1158
vn -0.7513 -0.6517 -0.1045
vn -0.2803 -0.8879 -0.3649
vn -0.2913 -0.7664 -0.5725
vn 0.3115 -0.6552 -0.6882
vn 0.2483 -0.9094 -0.3335
vn 0.7763 -0.6037 -0.1814
vn 0.4517 -0.8845 0.1166
vn 0.6444 -0.5143 0.5659
vn 0.1813 -0.9013 0.3934
vn -0.4142 -0.3526 0.8391
vn -0.2803 -0.8839 0.3744
vn -0.7841 -0.5673 -0.2518
vn -0.4086 -0.9127 -0.0092
vn -0.4802 -0.3451 -0.8064
vn 0.0548 -0.9184 -0.3919
vn 0.2531 -0.7751 -0.5790
vn 0.7516 -0.6584 -0.0397
vn 0.4597 -0.8878 0.0209
vn 0.2221 -0.5149 0.8280
vn 0.0682 -0.8679 0.4921
vn -0.6555 -0.5792 0.4847
vn -0.4062 -0.8939 0.1898
vn -0.8002 -0.3958 -0.4506
vn -0.2400 -0.9374 -0.2522
vn 0.3900 0.3386 -0.8563
vn 0.2444 -0.9408 -0.2349
vn 0.9515 -0.0264 0.3066
vn 0.2326 -0.9225 0.3080
vn 0.1734 -0.7123 0.6801
vn -0.3452 -0.8225 0.4521
vn -0.3366 -0.8385 0.4285
vn -0.7711 -0.6366 -0.0142
vn -0.4310 -0.8991 -0.0771
vn -0.1830 -0.1644 -0.9693
vn 0.0190 -0.9167 -0.3992
vn 0.8739 -0.3199 -0.3660
vn 0.4257 -0.9017 -0.0757
vn 0.5361 -0.6831 0.4960
vn 0.2326 -0.9071 0.3508
vn -0.0962 -0.4326 0.8965
vn -0.3780 -0.8808 0.2850
vn -0.3709 -0.8864 0.2770
vn -0.7592 -0.5130 -0.4006
vn -0.3596 -0.8796 -0.3113
vn 0.0729 -0.5161 -0.8534
vn 0.0992 -0.8946 -0.4356
vn 0.1187 -0.9077 0.4026
vn 0.4654 -0.3756 0.8014
vn 0.4680 -0.8802 -0.0792
vn 0.9328 -0.3502 0.0850
vn -0.4918 -0.6270 0.6042
vn -0.3848 -0.8528 0.3531
vn -0.7566 -0.6517 -0.0533
vn -0.3831 -0.9136 -0.1359
vn -0.3964 -0.3271 -0.8578
vn 0.0072 -0.9202 -0.3914
vn 0.4787 -0.6086 -0.6328
vn 0.3741 -0.9065 -0.1957
vn 0.8721 -0.4874 0.0422
vn 0.2824 -0.8923 0.3522
vn 0.3063 -0.6544 0.6913
vn -0.1931 -0.8795 0.4349
vn -0.8433 0.0921 0.5295
vn -0.6635 -0.7056 -0.2489
vn -0.7288 -0.5365 -0.4255
vn -0.1979 -0.9344 -0.2962
vn 0.0718 -0.1971 -0.9778
vn 0.3590 -0.9122 -0.1974
vn 0.9034 -0.4128 -0.1158
vn 0.2481 -0.9152 0.3175
vn 0.2337 -0.4515 0.8611
vn -0.3146 -0.8693 0.3813
vn -0.7828 -0.4052 0.4724
vn -0.8989 -0.4275 0.0964
vn -0.4765 -0.8767 -0.0658
vn -0.4092 -0.6028 -0.6850
vn -0.1624 -0.8898 -0.4265
vn 0.5625 -0.3225 -0.7613
vn 0.3397 -0.9111 -0.2335
vn 0.9292 -0.2378 0.2828
vn 0.3116 -0.9249 0.2179
vn -0.0585 -0.2066 0.9767
vn -0.1795 -0.8998 0.3977
vn -0.7544 -0.5431 0.3687
vn -0.4419 -0.8966 0.0299
vn -0.7524 -0.3763 -0.5407
vn -0.2382 -0.9128 -0.3318
vn 0.4769 -0.2360 -0.8467
vn 0.0920 -0.8845 -0.4574
vn 0.8045 -0.5313 -0.2655
vn 0.3863 -0.9223 0.0156
vn 0.6899 -0.4393 0.5753
vn 0.0158 -0.8242 0.5661
vn -0.0228 -0.9198 0.3916
vn -0.8949 -0.1925 0.4026
vn -0.3608 -0.9324 0.0218
vn -0.6057 -0.3408 -0.7190
vn -0.1369 -0.9069 -0.3985
vn 0.4635 -0.2762 -0.8420
vn 0.3020 -0.9044 -0.3015
vn 0.8540 0.2698 0.4449
vn 0.6509 -0.5970 0.4689
vn -0.0779 -0.7656 0.6385
vn -0.4519 0.1082 0.8855
vn -0.4064 -0.9053 0.1238
vn -0.8946 0.2392 -0.3775
vn 0.2689 0.2423 -0.9322
vn 0.3198 0.9438 -0.0835
vn 0.2975 0.9547 0.0068
vn 0.7040 0.5915 0.3930
vn 0.0356 0.8061 0.5907
vn -0.0207 0.8692 0.4941
vn -0.5999 0.6344 0.4875
vn -0.5470 -0.2967 0.7828
vn -0.4906 0.8504 -0.1903
vn -0.6971 0.6201 -0.3599
vn -0.0730 0.8593 -0.5063
vn 0.0789 0.3168 -0.9452
vn 0.3017 0.9233 -0.2376
vn 0.9962 0.0685 -0.0542
vn 0.3514 0.9133 0.2057
vn 0.2973 0.5297 0.7944
vn -0.0414 0.8967 0.4408
vn -0.7647 0.1468 0.6275
vn -0.4455 0.8840 0.1420
vn -0.4333 0.8274 -0.3573
vn -0.6627 0.1694 -0.7295
vn 0.0851 0.9082 -0.4098
vn 0.3178 0.7075 -0.6312
vn 0.4937 0.8488 -0.1892
vn 0.5538 0.8101 -0.1922
vn 0.6386 0.6304 0.4413
vn 0.2067 0.9167 0.3421
vn -0.0280 0.4624 0.8862
vn -0.2818 0.9240 0.2584
vn -0.7281 0.5640 0.3896
vn -0.5527 0.7736 -0.3101
vn -0.3300 0.8998 -0.2853
vn -0.0727 0.5969 -0.7990
vn 0.1536 0.9182 -0.3651
vn 0.8655 0.1328 -0.4830
vn 0.3610 0.9309 0.0564
vn 0.5660 -0.0330 0.8237
vn -0.0200 0.9393 0.3426
vn -0.6453 0.2203 0.7314
vn -0.3976 0.9175 -0.0034
vn -0.8960 0.3158 -0.3121
vn -0.0928 0.9297 -0.3564
vn 0.0784 0.1717 -0.9820
vn 0.4642 0.8793 -0.1068
vn 0.8353 0.2810 -0.4726
vn 0.2928 0.9080 0.2996
vn 0.5120 0.0871 0.8545
vn -0.3276 0.8894 0.3188
vn -0.3769 0.7971 0.4717
vn -0.6701 0.7259 -0.1549
vn -0.3288 0.9204 -0.2117
vn -0.3307 0.4408 -0.8345
vn 0.1471 0.8963 -0.4183
vn 0.3462 0.7314 -0.5875
vn 0.4769 0.8702 -0.1238
vn 0.6835 0.7242 -0.0910
vn 0.4287 0.7815 0.4533
vn 0.4570 0.7582 0.4651
vn -0.1420 0.8833 0.4468
vn -0.4627 0.2643 0.8462
vn -0.4847 0.8747 -0.0033
vn -0.6835 0.7244 -0.0898
vn -0.2258 0.8434 -0.4876
vn -0.2286 0.8346 -0.5011
vn 0.4102 0.5604 -0.7195
vn 0.3439 0.9098 -0.2324
vn 0.9382 0.3459 0.0112
vn 0.3613 0.9091 0.2075
vn 0.1468 0.6173 0.7729
vn 0.2098 0.4805 0.8515
vn -0.3757 0.8708 0.3171
vn -0.6527 0.6371 0.4099
vn -0.4342 0.8698 -0.2343
vn -0.6557 0.6144 -0.4389
vn 0.2665 0.8050 -0.5301
vn 0.2836 0.3693 -0.8850
vn 0.4510 0.8802 0.1478
vn 0.6482 0.7162 0.2586
vn 0.0940 0.7344 0.6722
vn -0.0577 0.9015 0.4289
vn -0.5381 0.5960 0.5961
vn -0.8294 0.5503 -0.0965
vn -0.3997 0.9147 0.0606
vn -0.1746 0.9103 -0.3753
vn -0.1766 0.0193 -0.9841
vn 0.3709 0.9171 -0.1463
vn 0.6122 0.7680 -0.1880
vn 0.5244 0.6503 0.5497
vn 0.1292 0.9270 0.3522
vn -0.1459 0.5810 0.8007
vn -0.3750 0.8789 0.2948
vn -0.6539 0.6722 0.3472
vn -0.4468 0.8673 -0.2194
vn -0.5993 0.7140 -0.3620
vn 0.1378 0.7813 -0.6088
vn 0.1547 0.8499 -0.5037
vn 0.7798 0.6226 -0.0659
vn 0.5401 0.8405 0.0443
vn 0.2373 0.7451 0.6232
vn 0.2058 0.8462 0.4916
vn -0.5640 0.5712 0.5963
vn -0.3544 0.9275 0.1187
vn -0.8353 0.5375 -0.1155
vn 0.2106 0.8902 -0.4039
vn -0.2952 0.5556 -0.7773
vn -0.2489 0.9006 -0.3565
vn 0.5326 0.5662 -0.6291
vn 0.5569 0.8247 0.0989
vn 0.4777 0.8700 0.1222
vn 0.3131 0.4740 0.8230
vn -0.0083 0.9179 0.3966
vn -0.5638 0.7464 0.3535
vn -0.7104 0.5725 0.4093
vn -0.4282 0.8574 -0.2855
vn -0.4902 0.7953 -0.3567
vn 0.0990 0.5702 -0.8156
vn 0.1664 0.8353 -0.5241
vn 0.5260 0.8410 -0.1266
vn 0.9855 0.1407 -0.0951
vn 0.1544 0.9044 0.3978
vn 0.1767 0.5105 0.8415
vn -0.3645 0.8873 0.2824
vn -0.6437 0.7523 -0.1404
vn -0.2658 0.7842 -0.5607
vn -0.1065 0.9031 -0.4161
vn 0.6028 0.2204 -0.7668
vn 0.3401 0.9385 -0.0591
vn 0.9406 0.1431 0.3080
vn 0.1170 0.9307 0.3467
vn -0.0793 0.1897 0.9786
vn -0.3624 0.8965 0.2549
vn -0.7178 0.6362 0.2829
vn -0.4433 0.8786 -0.1778
vn -0.7214 0.3850 -0.5756
vn -0.0194 0.9151 -0.4028
vn 0.2679 0.3943 -0.8791
vn 0.4415 0.8816 -0.1668
vn 0.6717 0.7219 -0.1665
vn 0.3473 0.8243 0.4472
vn 0.2844 0.8987 0.3338
vn -0.0696 0.4684 0.8808
vn -0.2659 0.9081 0.3236
vn -0.8843 0.2830 0.3715
vn -0.4060 0.9096 -0.0880
vn -0.5266 0.5004 -0.6872
vn -0.1806 0.8569 -0.4828
vn 0.4053 0.6501 -0.6427
vn 0.3911 0.7245 -0.5675
vn 0.4617 0.8728 0.1580
vn 0.8935 0.0005 0.4491
vn -0.1532 0.9005 0.4071
vn -0.4365 0.3746 0.8180
vn -0.4828 0.8678 -0.1172
vn -0.8896 0.2586 -0.3765
vn -0.0115 0.9122 -0.4096
vn 0.6592 0.7258 -0.1967
vn 0.6981 0.6322 -0.3361
vn -0.2730 0.8303 0.4858
vn -0.0959 0.6785 0.7283
vn 0.3980 0.8356 0.3786
vn 0.7061 0.7016 0.0961
vn 0.1911 0.6398 0.7444
vn 0.3045 0.6796 0.6674
vn -0.0178 0.9942 -0.1063
vn 0.1512 0.9850 -0.0833
vn -0.0127 0.9954 -0.0952
vn -0.0040 1.0000 -0.0079
vn -0.1687 -0.9848 -0.0419
vn 0.1146 -0.9930 0.0280
vn -0.0053 -0.9965 0.0833
vn -0.1586 -0.9872 -0.0174
vn 0.1188 -0.9923 0.0363
vn 0.1349 -0.9907 -0.0152
vn -0.1775 -0.9830 -0.0463
vn -0.0983 -0.9945 -0.0358
vn 0.0512 -0.9933 -0.1032
vn 0.0049 -0.9968 -0.0802
vn -0.0635 -0.9919 -0.1097
vn -0.0608 -0.9884 0.1394
vn 0.0294 -0.9945 0.1001
vn 0.8659 -0.1889 0.4633
vn 0.6271 0.7281 0.2769
vn -0.6371 0.7176 -0.2814
vn 0.5837 0.3514 0.7320
vn 0.7984 0.5937 0.1004
vn 0.4664 0.0350 -0.8839
vn -0.6378 0.5133 -0.5742
vn -0.6846 -0.2490 0.6850
vn 0.3905 -0.1784 -0.9032
vn 0.8535 -0.1174 0.5077
vn -0.7122 0.4842 0.5083
vn -0.8179 0.5749 -0.0224
vn -0.2333 0.6634 0.7109
vn 0.0194 0.8264 0.5628
vn 0.1806 0.4084 0.8948
vn 0.3503 0.7620 0.5446
vn 0.4440 0.8434 0.3025
vn -0.3441 0.6697 0.6581
vn -0.2677 0.6539 0.7076
vn 0.4019 0.5926 0.6981
vn 0.7651 0.6338 0.1138
vn 0.5524 -0.8196 0.1522
vn 0.7117 0.4089 -0.5712
vn 0.0594 -0.7876 -0.6134
vn -0.7536 -0.3041 0.5828
vn 0.0605 -0.9937 0.0946
vn -0.1130 -0.9927 -0.0431
vn -0.1013 -0.9948 -0.0052
vn 0.5307 -0.2541 -0.8086
vn 0.4540 -0.8687 0.1982
vn 0.4365 -0.8816 0.1798
vn 0.1526 -0.3577 0.9213
vn -0.0794 -0.9075 0.4124
vn -0.8346 -0.3889 0.3901
vn -0.6578 -0.7401 0.1399
vn -0.8680 -0.1960 -0.4562
vn -0.2383 -0.9235 -0.3007
vn 0.1654 -0.1616 -0.9729
vn 0.2309 -0.9196 -0.3178
vn 0.9628 -0.2216 -0.1545
vn 0.4212 -0.9011 0.1030
vn 0.4213 -0.5369 0.7309
vn 0.1249 -0.8914 0.4356
vn -0.3162 -0.6318 0.7077
vn -0.3945 -0.9161 0.0719
vn -0.6611 -0.4958 -0.5632
vn -0.1984 -0.8955 -0.3984
vn 0.1747 -0.5369 -0.8253
vn 0.2034 -0.8966 -0.3933
vn 0.7741 -0.6034 -0.1913
vn 0.3948 -0.9185 0.0230
vn 0.6738 -0.4221 0.6064
vn 0.0158 -0.8999 0.4358
vn -0.2613 -0.5286 0.8077
vn -0.3765 -0.9161 0.1380
vn -0.9180 -0.3872 -0.0855
vn -0.2435 -0.8172 -0.5224
vn -0.2451 -0.8653 -0.4372
vn 0.5522 -0.5147 -0.6559
vn 0.3795 -0.8582 -0.3456
vn 0.6174 -0.7516 0.2321
vn 0.8091 -0.3564 0.4673
vn 0.1076 -0.9145 0.3901
vn -0.3353 -0.3551 0.8726
vn -0.2955 -0.8969 0.3291
vn -0.8322 -0.5489 0.0790
vn -0.4540 -0.8862 -0.0929
vn -0.4827 -0.5871 -0.6499
vn -0.1525 -0.9001 -0.4081
vn 0.3293 -0.5908 -0.7366
vn 0.2901 -0.8890 -0.3544
vn 0.8101 -0.5639 -0.1603
vn 0.4047 -0.9104 0.0857
vn 0.5543 -0.2978 0.7772
vn 0.0633 -0.9403 0.3343
vn -0.6585 0.0095 0.7525
vn -0.3766 -0.9188 0.1185
vn -0.8864 -0.3731 -0.2741
vn -0.2638 -0.9106 -0.3181
vn 0.2681 0.9126 -0.3086
vn -0.0327 -0.8884 -0.4579
vn 0.8073 -0.4180 -0.4167
vn 0.3842 -0.9213 -0.0599
vn 0.6540 -0.4844 0.5810
vn 0.2538 -0.8866 0.3867
vn -0.3095 -0.2897 0.9057
vn -0.2322 -0.9194 0.3176
vn -0.9511 -0.0626 -0.3025
vn -0.6207 -0.7818 -0.0595
vn 0.0248 -0.6719 -0.7402
vn -0.0253 -0.7935 -0.6081
vn 0.8232 -0.3140 -0.4730
vn 0.4256 -0.8953 -0.1312
vn 0.5905 -0.6463 0.4833
vn 0.2884 -0.8907 0.3514
vn -0.0970 -0.4093 0.9072
vn -0.2420 -0.9088 0.3399
vn -0.6920 -0.6209 0.3683
vn -0.4254 -0.8959 -0.1277
vn -0.5652 -0.7703 -0.2952
vn 0.0049 -0.5306 -0.8476
vn 0.0702 -0.9081 -0.4128
vn 0.6930 -0.6427 -0.3267
vn 0.4962 -0.8575 -0.1360
vn 0.7141 -0.5486 0.4349
vn 0.2116 -0.9393 0.2700
vn -0.1931 0.1317 0.9723
vn -0.2443 -0.9534 0.1770
vn -0.8578 -0.5133 0.0270
vn -0.1421 -0.9290 -0.3417
vn -0.3467 -0.7524 -0.5601
vn 0.3806 -0.4487 -0.8086
vn 0.7121 -0.7002 -0.0521
vn 0.4069 -0.9041 -0.1308
vn 0.1908 -0.8195 0.5403
vn 0.1840 -0.7614 0.6217
vn -0.5039 -0.7652 0.4007
vn -0.4317 -0.8480 0.3074
vn -0.7501 -0.6124 -0.2497
vn 0.0237 -0.8993 -0.4367
vn -0.1272 -0.6786 -0.7234
vn -0.3663 -0.9065 -0.2101
vn 0.7367 -0.2188 -0.6398
vn 0.3715 -0.9271 -0.0494
vn 0.8209 -0.3496 0.4516
vn 0.2037 -0.9151 0.3480
vn -0.2506 0.0165 0.9679
vn -0.2348 -0.9408 0.2446
vn 0.5103 -0.6273 -0.5882
vn 0.2195 -0.8848 -0.4111
vn -0.3568 -0.5803 -0.7321
vn -0.3294 -0.9177 -0.2222
vn -0.9855 -0.1449 -0.0886
vn 0.4812 -0.8532 0.2012
vn 0.6623 -0.6151 0.4278
vn -0.0466 -0.8495 0.5256
vn -0.0878 -0.8038 0.5883
vn -0.7027 -0.6820 0.2028
vn -0.4159 -0.9084 0.0419
vn -0.6513 -0.5345 -0.5387
vn -0.1419 -0.9233 -0.3569
vn 0.2462 -0.2156 -0.9449
vn 0.3073 -0.9278 -0.2116
vn 0.9743 -0.2156 0.0656
vn 0.3855 -0.8917 0.2372
vn 0.3222 -0.5494 0.7709
vn -0.0421 -0.9262 0.3747
vn -0.6473 -0.1961 0.7366
vn -0.3907 -0.9169 -0.0816
vn -0.6871 -0.6209 -0.3773
vn 0.1664 -0.8153 -0.5546
vn 0.2286 -0.7455 -0.6261
vn 0.5733 -0.8154 -0.0806
vn 0.9124 -0.3973 0.0982
vn 0.2769 -0.9268 0.2535
vn -0.0199 -0.1310 0.9912
vn -0.1210 -0.8408 0.5276
vn -0.6427 -0.7347 0.2172
vn -0.6102 -0.7672 0.1975
vn -0.4039 -0.8116 -0.4221
vn -0.4529 -0.6788 -0.5781
vn 0.3178 -0.8156 -0.4834
vn 0.4302 -0.7172 -0.5482
vn 0.5470 -0.8370 -0.0183
vn 0.7661 -0.6267 0.1429
vn 0.3048 -0.8624 0.4041
vn 0.2707 -0.4295 0.8615
vn -0.9275 -0.0662 0.3680
vn -0.6196 -0.6066 0.4981
vn -0.4243 -0.8791 0.2170
vn -0.7985 -0.5370 -0.2720
vn -0.3006 -0.9208 -0.2486
vn -0.0953 -0.0746 -0.9926
vn 0.1873 -0.9343 -0.3033
vn 0.8288 -0.4137 -0.3768
vn 0.4235 -0.8975 0.1233
vn 0.5930 -0.6875 0.4192
vn -0.0554 -0.8167 0.5745
vn 0.0812 -0.5307 0.8436
vn -0.5714 -0.5636 0.5966
vn -0.4251 -0.8221 0.3788
vn -0.4957 -0.8428 -0.2099
vn -0.6458 -0.6514 -0.3982
vn -0.0042 -0.8410 -0.5410
vn -0.1366 -0.2721 -0.9525
vn 0.4203 -0.8076 -0.4136
vn 0.9232 -0.1384 -0.3585
vn 0.4604 -0.8808 0.1106
vn 0.5338 -0.0018 0.8456
vn 0.1146 -0.8338 0.5401
vn -0.7848 0.3119 0.5355
vn -0.7572 0.3899 0.5240
vn -0.8068 0.4750 -0.3514
vn -0.5244 0.7723 -0.3586
vn -0.0472 0.3849 -0.9217
vn -0.3245 0.8987 -0.2952
vn 0.1833 0.3345 -0.9244
vn 0.2788 0.9261 -0.2542
vn 0.9853 0.0969 -0.1407
vn 0.2642 0.9394 0.2185
vn 0.4229 0.3528 0.8347
vn -0.2026 0.8971 0.3926
vn -0.4852 0.6208 0.6158
vn -0.7932 0.5587 0.2425
vn -0.5015 0.8651 0.0069
vn -0.5391 0.6523 -0.5327
vn -0.1478 0.9179 -0.3683
vn 0.2550 0.2899 -0.9225
vn 0.3459 0.9084 -0.2349
vn 0.8623 0.4803 -0.1607
vn 0.3968 0.8890 0.2284
vn 0.5489 0.6184 0.5624
vn 0.0025 0.9076 0.4198
vn -0.3433 0.1183 0.9317
vn -0.2959 -0.0399 0.9544
vn -0.8022 0.5677 -0.1847
vn -0.6251 0.7722 -0.1137
vn -0.2013 0.7391 -0.6428
vn -0.1213 0.8218 -0.5567
vn 0.3971 0.7836 -0.4778
vn 0.5727 0.5663 -0.5927
vn 0.4257 0.8906 0.1601
vn 0.8506 0.0822 0.5194
vn -0.1031 0.9083 0.4054
vn -0.3513 0.5342 0.7689
vn -0.5200 0.8538 0.0245
vn -0.5826 0.8108 0.0566
vn -0.3082 0.7528 -0.5817
vn -0.0782 0.9133 -0.3997
vn 0.4020 0.4678 -0.7871
vn 0.3533 0.9106 -0.2146
vn 0.8200 0.5652 -0.0906
vn 0.3764 0.8915 0.2522
vn 0.5356 0.2708 0.7999
vn -0.0233 0.9142 0.4047
vn -0.7277 0.3114 0.6112
vn -0.4297 0.7945 0.4291
vn -0.6798 0.6840 -0.2647
vn -0.5812 0.7690 -0.2660
vn -0.0463 0.8692 -0.4923
vn 0.0632 0.5051 -0.8607
vn 0.3896 0.8768 -0.2819
vn 0.7449 0.5771 -0.3346
vn 0.3747 0.9037 0.2072
vn 0.6299 0.4663 0.6211
vn -0.0454 0.9175 0.3952
vn -0.3415 0.3366 0.8775
vn -0.4875 0.8648 -0.1205
vn -0.9025 -0.4076 0.1389
vn -0.0191 0.9204 -0.3905
vn 0.8693 0.2456 -0.4289
vn 0.3793 0.9231 0.0634
vn 0.5981 0.5719 0.5615
vn 0.1147 0.9101 0.3982
vn -0.1437 0.4842 0.8631
vn -0.3399 0.9049 0.2560
vn -0.7074 0.6411 0.2976
vn -0.4268 0.8820 -0.1997
vn -0.6356 0.6449 -0.4244
vn 0.0742 0.7831 -0.6175
vn 0.1085 0.8591 -0.5002
vn 0.7187 0.6334 -0.2868
vn 0.4245 0.9054 -0.0065
vn 0.6652 0.5662 0.4866
vn 0.1573 0.9140 0.3740
vn -0.1891 0.0022 0.9820
vn -0.2803 0.9397 0.1962
vn -0.8960 0.4432 -0.0286
vn -0.3291 0.9188 -0.2178
vn -0.4255 0.3442 -0.8369
vn 0.2390 0.8922 -0.3831
vn 0.2485 0.7757 -0.5801
vn 0.6088 0.7919 -0.0476
vn 0.1483 0.9048 0.3992
vn 0.8584 0.5129 0.0108
vn 0.1756 0.4685 0.8659
vn -0.5286 0.7893 0.3124
vn -0.3423 0.9376 0.0612
vn -0.8900 0.2724 -0.3657
vn -0.0353 0.8901 -0.4545
vn -0.0201 0.9030 -0.4291
vn 0.6845 0.4901 -0.5396
vn 0.3470 0.9376 -0.0220
vn 0.8675 -0.0215 0.4970
vn -0.2547 0.1479 0.9556
vn 0.0125 0.9134 0.4069
vn -0.3391 0.9326 0.1235
vn -0.9676 0.2288 -0.1065
vn -0.3022 0.8993 -0.3163
vn -0.2932 0.5847 -0.7564
vn 0.1484 0.9104 -0.3862
vn 0.6784 -0.1064 -0.7269
vn 0.3582 0.9314 0.0643
vn 0.7987 0.1969 0.5686
vn -0.3582 0.9135 0.1929
vn -0.2450 0.4073 0.8798
vn 0.0706 0.9199 0.3857
vn -0.8035 0.5677 0.1792
vn -0.3846 0.8246 -0.4149
vn -0.3071 0.8700 -0.3856
vn 0.2466 0.4739 -0.8453
vn 0.2369 0.9442 -0.2287
vn 0.9916 0.0960 0.0866
vn 0.3265 0.9101 0.2552
vn 0.2766 0.5223 0.8066
vn -0.1426 0.9154 0.3765
vn -0.6649 0.1718 0.7269
vn -0.3724 0.9246 -0.0804
vn -0.8559 -0.0080 -0.5171
vn -0.0151 0.9315 -0.3634
vn 0.3999 0.0516 -0.9151
vn 0.3791 0.9191 -0.1073
vn 0.9792 0.1485 0.1385
vn 0.2660 0.9141 0.3062
vn -0.0445 0.4240 0.9046
vn -0.1766 0.9006 0.3971
vn -0.9434 0.2206 0.2478
vn -0.2678 0.9478 -0.1734
vn -0.5674 0.1167 -0.8152
vn 0.2067 0.9128 -0.3524
vn 0.5886 0.5020 -0.6337
vn 0.4952 0.8676 0.0452
vn 0.7431 0.6362 0.2074
vn 0.2463 0.8786 0.4091
vn 0.2282 0.3846 0.8945
vn -0.1985 0.9004 0.3871
vn -0.6946 0.5213 0.4957
vn -0.4475 0.8930 0.0468
vn -0.7898 0.5231 -0.3203
vn -0.1737 0.9257 -0.3361
vn -0.0759 0.1910 -0.9786
vn 0.3014 0.9109 -0.2819
vn 0.8492 0.3961 -0.3492
vn 0.4483 0.8884 0.0985
vn 0.6053 0.6015 0.5213
vn 0.0239 0.9345 0.3552
vn -0.6221 0.6576 0.4250
vn -0.4084 0.9084 0.0893
vn -0.6844 0.5422 -0.4875
vn -0.2328 0.9043 -0.3580
vn 0.1052 0.3190 -0.9419
vn 0.3235 0.9121 -0.2517
vn 0.8869 0.3363 -0.3166
vn 0.3327 0.9168 0.2211
vn 0.5317 0.0455 0.8457
vn -0.0374 0.9166 0.3981
vn -0.1135 0.9133 -0.3912
vn -0.7881 0.6133 -0.0527
vn 0.7717 0.6088 -0.1840
vn 0.5919 0.7094 -0.3825
vn 0.0485 0.7916 -0.6092
vn -0.5411 0.6527 -0.5304
vn 0.5009 0.6635 -0.5557
vn -0.5004 0.4091 -0.7630
vn -0.0465 0.6017 -0.7974
vn -0.2496 0.9679 -0.0289
vn -0.0581 0.9947 0.0843
vn -0.0936 0.9832 0.1567
vn -0.0360 0.9967 0.0724
vn -0.0842 0.9869 -0.1374
vn 0.0437 -0.9990 0.0076
vn 0.0449 -0.9953 -0.0861
vn -0.0672 -0.9893 -0.1297
vn -0.0732 -0.9952 -0.0647
vn -0.1637 -0.9853 -0.0481
vn 0.0492 -0.9980 -0.0385
vn 0.0577 -0.9978 0.0315
vn 0.0526 -0.9980 -0.0363
vn -0.0947 -0.9905 0.1001
vn -0.0009 -0.9986 0.0531
vn -0.0849 -0.9945 0.0614
vn 0.0547 -0.9940 0.0944
vn -0.0667 -0.9894 0.1289
vn -0.6900 0.7237 -0.0117
vn 0.6665 0.7454 0.0113
vn -0.0061 0.0816 -0.9966
vn -0.8259 0.4242 -0.3713
vn -0.7848 0.5667 0.2510
vn 0.4686 -0.3194 0.8237
vn 0.8137 0.4390 -0.3810
vn -0.9401 -0.2998 -0.1623
vn -0.4997 -0.8413 0.2061
vn -0.1189 -0.9885 -0.0932
vn 0.5135 -0.8567 0.0486
vn 0.7549 -0.6429 -0.1300
vn 0.9633 -0.2327 0.1339
vn 0.8746 -0.4834 -0.0368
vn 0.3784 -0.9242 0.0516
vn -0.1142 -0.9927 -0.0380
vn -0.9901 -0.1400 0.0043
vn -0.9993 -0.0058 0.0361
vn -0.1146 0.9920 -0.0526
vn 0.5363 0.8416 0.0639
vn 0.7758 0.6309 0.0094
vn 0.8243 0.5461 -0.1494
vn 0.6554 0.7502 0.0874
vn -0.1989 0.9794 -0.0343
vn -0.0908 0.9925 0.0822
vn -0.7456 0.6542 -0.1267
vn -0.9619 0.2217 0.1602
vn 0.0439 0.0001 0.9990
vn 0.0422 0.0252 0.9988
vn 0.0079 0.0132 0.9999
vn -0.0383 0.0365 0.9986
vn -0.0307 0.0582 0.9978
vn -0.0707 0.0395 0.9967
vn -0.0130 -0.0028 0.9999
vn -0.0031 -0.0351 0.9994
vn -0.0400 -0.0618 0.9973
vn 0.0095 -0.0526 0.9986
vn 0.0120 -0.0232 0.9997
vn 0.0402 0.0034 0.9992
vn 0.0113 -0.0276 -0.9996
vn 0.0265 0.0647 -0.9976
vn 0.0335 0.0526 -0.9981
vn -0.0475 -0.1120 -0.9926
vn -0.0654 0.0479 -0.9967
vn -0.1107 -0.0579 -0.9922
vn -0.0429 -0.0002 -0.9991
vn 0.0570 0.0586 -0.9967
vn 0.0632 -0.0485 -0.9968
vn -0.0000 -0.0000 1.0000
vn -0.4813 0.8682 -0.1204
vn -0.9659 0.2580 0.0208
vn -0.9580 0.0160 0.2864
vn -0.3048 -0.9355 0.1788
vn -0.5146 -0.8574 0.0073
vn 0.4800 -0.8707 -0.1072
vn 0.9576 -0.2866 0.0310
vn 0.9508 -0.0337 0.3080
vn 0.2892 0.9382 0.1903
vn 0.5207 0.8537 0.0018
vn -0.0771 0.0350 -0.9964
vn -0.0181 -0.0145 -0.9997
vn 0.3877 0.0020 -0.9218
vn -0.8202 0.5620 0.1067
vn -0.6945 0.7170 -0.0600
vn 0.0196 0.9997 0.0122
vn 0.2481 0.9619 -0.1147
vn 0.6846 0.7188 0.1210
vn 0.9673 0.2212 -0.1244
vn 0.9947 0.0995 -0.0259
vn 0.9639 0.2664 -0.0018
vn 0.0598 0.9982 0.0075
vn -0.0673 0.9977 -0.0119
vn -0.8238 0.5652 0.0432
vn -0.9965 0.0800 -0.0234
vn -0.6800 -0.7312 0.0548
vn -0.0728 -0.9963 -0.0467
vn 0.7437 -0.6655 0.0634
vn 0.9643 -0.2206 0.1466
vn 0.6714 -0.7254 -0.1517
vn 0.1700 -0.9720 0.1625
vn -0.4063 -0.9012 -0.1508
vn -0.8075 -0.5686 0.1567
vn -0.9866 -0.1117 -0.1192
vn 0.0550 -0.0102 -0.9984
vn 0.0670 0.0003 -0.9978
vn 0.0638 -0.0384 -0.9972
vn 0.0114 -0.0190 -0.9998
vn -0.0240 -0.0324 -0.9992
vn -0.0244 -0.0097 -0.9997
vn -0.0148 -0.0234 -0.9996
vn -0.0331 -0.0152 -0.9993
vn -0.0214 0.0414 -0.9989
vn 0.0010 0.0550 -0.9985
vn 0.0095 0.0187 -0.9998
vn 0.0656 0.0489 0.9967
vn -0.0026 0.0389 0.9992
vn -0.0024 -0.0333 0.9994
vn 0.0252 -0.0784 0.9966
vn -0.0972 -0.0502 0.9940
vn 0.0966 -0.0223 0.9951
vn 0.0548 0.0055 0.9985
vn -0.0622 0.0050 0.9981
vn -0.0347 0.0820 0.9960
vn -0.1178 0.0874 0.9892
vn -0.0000 -0.0000 -1.0000
vn -0.4813 -0.8682 0.1204
vn -0.9659 -0.2580 -0.0208
vn -0.9580 -0.0160 -0.2864
vn -0.3048 0.9355 -0.1788
vn -0.5146 0.8574 -0.0073
vn 0.4887 0.8654 0.1107
vn 0.9331 0.2792 -0.2267
vn 0.9944 0.0824 -0.0664
vn 0.2892 -0.9382 -0.1903
vn 0.5345 -0.8451 0.0110
vn 0.0038 -0.0980 0.9952
vn 0.0026 0.0196 0.9998
vn 0.1933 0.2827 0.9395
vn 0.7549 -0.6428 -0.1300
vn 0.9578 -0.2796 -0.0663
vn 0.3784 -0.9243 0.0492
vn -0.1089 -0.9933 -0.0381
vn 0.0430 0.9974 -0.0586
vn 0.5360 0.8412 0.0705
vn 0.8243 0.5461 -0.1493
vn 0.0440 0.0001 0.9990
vn 0.0423 0.0252 0.9988
vn -0.0387 0.0351 0.9986
vn -0.0563 0.0269 0.9980
vn -0.0339 0.0312 0.9989
vn -0.0066 -0.0410 0.9991
vn -0.0335 -0.0605 0.9976
vn 0.0095 -0.0527 0.9986
vn 0.0120 -0.0233 0.9997
vn 0.0402 0.0035 0.9992
vn 0.0265 0.0646 -0.9976
vn -0.0654 0.0478 -0.9967
vn 0.0632 -0.0484 -0.9968
vn 0.4887 -0.8654 -0.1107
vn 0.9331 -0.2792 0.2267
vn 0.9944 -0.0824 0.0664
vn 0.5345 0.8451 -0.0109
vn -0.0101 0.0641 -0.9979
vn -0.0326 0.0414 -0.9986
vn -0.6944 0.7170 -0.0600
vn 0.9638 0.2664 -0.0018
vn 0.0385 0.9992 0.0076
vn -0.0673 0.9977 -0.0084
vn -0.8102 0.5846 0.0441
vn -0.9964 0.0799 -0.0275
vn -0.6678 -0.7425 0.0524
vn -0.0727 -0.9963 -0.0467
vn 0.6713 -0.7255 -0.1517
vn 0.0114 -0.0191 -0.9998
vn -0.0240 -0.0361 -0.9991
vn -0.0382 -0.0157 -0.9991
vn -0.0380 -0.0155 -0.9992
vn -0.0313 0.0516 -0.9982
vn -0.0129 0.0465 -0.9988
vn 0.0095 0.0186 -0.9998
vn 0.0656 0.0488 0.9967
vn -0.0024 -0.0334 0.9994
vn 0.0252 -0.0785 0.9966
vn -0.0972 -0.0501 0.9940
vn -0.1178 0.0875 0.9892
vn 0.4832 0.8687 0.1085
vn 0.9325 0.2791 -0.2292
vn 0.9997 0.0153 -0.0165
vn 0.4999 -0.8659 -0.0205
vn -0.0311 -0.0672 0.9973
vn -0.0121 -0.0633 0.9979
vn 0.2184 0.2879 0.9324
vn -0.8519 0.0229 -0.5233
vn -0.7497 -0.0905 -0.6555
vn -0.2474 0.1104 -0.9626
vn 0.2149 -0.1553 -0.9642
vn 0.6837 0.1288 -0.7183
vn 0.9867 -0.1518 0.0579
vn 0.9970 0.0252 -0.0734
vn 0.9671 0.0442 -0.2506
vn 0.7355 -0.0366 -0.6766
vn 0.0736 0.0497 -0.9961
vn -0.7722 -0.0332 -0.6346
vn -0.9977 0.0659 -0.0135
vn -0.7611 -0.0277 0.6481
vn 0.5003 0.0548 0.8641
vn 0.2304 -0.0280 0.9727
vn 0.2043 -0.0226 0.9786
vn 0.3608 0.2035 0.9102
vn -0.4814 -0.1363 0.8658
vn -0.8945 0.1185 0.4310
vn -0.9674 -0.0206 0.2524
vn 0.0870 -0.9961 -0.0146
vn 0.0541 -0.9985 -0.0001
vn 0.0288 -0.9992 0.0272
vn 0.0060 -0.9999 0.0099
vn -0.0031 -1.0000 0.0081
vn -0.0232 -0.9996 0.0188
vn -0.0395 -0.9992 0.0012
vn -0.0368 -0.9993 -0.0020
vn -0.0388 -0.9991 -0.0171
vn -0.0084 -0.9999 -0.0099
vn 0.0318 -0.9988 -0.0378
vn 0.0281 -0.9982 -0.0521
vn 0.0167 0.9997 -0.0154
vn 0.0323 0.9951 -0.0930
vn 0.0225 0.9929 0.1169
vn 0.0284 0.9984 0.0491
vn 0.0912 0.9956 0.0230
vn -0.0509 0.9978 0.0433
vn -0.0076 0.9918 -0.1274
vn -0.0369 0.9989 -0.0303
vn -0.0783 0.9965 -0.0292
vn -0.1076 0.9930 0.0487
vn -0.4521 -0.2683 0.8507
vn -0.4648 -0.2860 0.8379
vn -0.9926 0.1203 0.0163
vn -0.5283 -0.2497 -0.8115
vn -0.4932 -0.2861 -0.8215
vn 0.4800 0.1073 -0.8707
vn 0.9575 -0.2825 -0.0589
vn 0.9508 -0.3080 -0.0337
vn 0.5169 0.1236 0.8471
vn -0.0029 0.9992 0.0390
vn -0.0787 0.9967 -0.0200
vn -0.9742 0.0426 -0.2215
vn -0.5001 0.0105 -0.8659
vn -0.5019 0.0126 -0.8648
vn 0.5369 -0.0496 -0.8422
vn 0.5835 0.0105 -0.8121
vn 0.9943 0.0689 -0.0819
vn 0.9977 0.0175 -0.0649
vn 0.4562 0.0207 -0.8897
vn 0.4032 0.0320 -0.9145
vn -0.7900 -0.0199 -0.6128
vn -0.9429 0.0424 -0.3302
vn -0.5050 -0.0125 0.8630
vn -0.5282 -0.0184 0.8489
vn 0.4265 0.0393 0.9036
vn 0.9197 -0.0483 0.3895
vn 0.9611 -0.1612 0.2241
vn 0.6064 0.1919 0.7717
vn -0.0639 -0.2614 0.9631
vn -0.6193 0.2145 0.7553
vn -0.9776 -0.1887 0.0935
vn 0.0748 -0.9972 -0.0077
vn 0.0296 -0.9996 0.0003
vn 0.0050 -1.0000 0.0084
vn -0.0103 -0.9990 0.0432
vn -0.0205 -0.9998 0.0027
vn 0.0083 -0.9997 0.0215
vn -0.0277 -0.9995 0.0120
vn -0.0053 -0.9999 -0.0160
vn -0.0055 -0.9996 -0.0279
vn 0.0144 -0.9995 -0.0276
vn 0.0605 -0.9966 -0.0560
vn 0.0185 0.9978 -0.0633
vn 0.0386 0.9964 -0.0754
vn 0.0785 0.9930 0.0878
vn 0.0584 0.9980 0.0247
vn 0.0736 0.9972 0.0142
vn -0.0738 0.9944 0.0761
vn -0.0269 0.9986 0.0459
vn -0.1034 0.9946 0.0006
vn -0.0330 0.9944 -0.1001
vn -0.0301 0.9993 -0.0233
vn -0.4522 -0.2682 0.8506
vn -0.4648 -0.2861 0.8379
vn -0.4932 -0.2861 -0.8216
vn 0.4887 0.1107 -0.8654
vn 0.9511 -0.3032 -0.0585
vn 0.9454 -0.3176 -0.0727
vn 0.5296 0.1298 0.8382
vn -0.0169 0.9986 0.0510
vn -0.0495 0.9983 -0.0323
vn 0.2670 0.9311 0.2487
vn -0.9391 0.0301 -0.3423
vn -0.9336 0.0131 -0.3582
vn 0.0847 -0.0137 -0.9963
vn -0.0121 0.1124 -0.9936
vn 0.9096 -0.1308 -0.3943
vn 0.9805 0.0911 -0.1742
vn 0.1800 0.0165 -0.9835
vn 0.1440 0.0078 -0.9896
vn -0.9893 -0.0059 -0.1458
vn -0.9988 0.0381 0.0319
vn 0.0167 -0.0097 0.9998
vn 0.1385 0.0155 0.9902
vn 0.9930 0.0108 0.1178
vn 0.9927 0.0103 0.1201
vn 0.6163 -0.0259 0.7871
vn 0.6325 -0.0006 0.7746
vn -0.2745 -0.0773 0.9585
vn -0.6171 0.2308 0.7523
vn -0.8998 -0.0408 0.4343
vn 0.0118 -0.9999 0.0006
vn 0.0124 -0.9998 0.0170
vn 0.0092 -0.9998 0.0154
vn -0.0317 -0.9992 0.0225
vn 0.0016 -1.0000 -0.0026
vn -0.0046 -0.9997 0.0226
vn -0.0234 -0.9997 -0.0025
vn 0.0002 -1.0000 -0.0073
vn 0.0179 -0.9989 -0.0441
vn 0.0207 -0.9990 -0.0390
vn 0.0446 -0.9984 -0.0350
vn 0.0007 0.9991 0.0431
vn 0.0151 0.9977 -0.0668
vn 0.0071 0.9988 -0.0488
vn -0.1232 0.9829 0.1368
vn 0.0813 0.9925 0.0913
vn 0.0699 0.9975 0.0083
vn 0.0979 0.9952 -0.0097
vn -0.0497 0.9987 -0.0073
vn -0.0735 0.9973 -0.0049
vn -0.5283 -0.2497 -0.8116
vn 0.9454 -0.3176 -0.0726
vn 0.5296 0.1298 0.8383
vn -0.1477 -0.9713 0.1864
vn -0.0747 0.9971 0.0110
vn -0.0067 0.9987 -0.0502
vn -0.9775 -0.0167 -0.2103
vn -0.9816 0.0013 -0.1910
vn -0.3398 0.0078 -0.9405
vn -0.4156 0.0971 -0.9043
vn 0.2915 -0.1066 -0.9506
vn 0.7101 0.1700 -0.6832
vn 0.9790 -0.1986 -0.0463
vn 0.9249 -0.0433 -0.3776
vn 0.5629 0.0283 -0.8260
vn -0.6105 -0.0161 -0.7918
vn -0.5993 -0.0129 -0.8004
vn -0.9524 0.0256 0.3039
vn -0.8600 -0.0054 0.5103
vn -0.0503 0.0414 0.9979
vn 0.2811 -0.0142 0.9596
vn 0.9901 0.0420 0.1336
vn 0.9109 0.1706 0.3756
vn 0.2574 -0.1532 0.9541
vn -0.0432 0.0914 0.9949
vn -0.7097 -0.0538 0.7025
vn -0.7872 0.0317 0.6158
vn 0.0748 -0.9968 -0.0271
vn -0.0000 -1.0000 0.0008
vn 0.0003 -1.0000 0.0005
vn -0.0108 -0.9976 0.0691
vn -0.0295 -0.9980 0.0560
vn -0.0412 -0.9974 0.0587
vn -0.0423 -0.9991 -0.0032
vn -0.0467 -0.9989 -0.0016
vn -0.0364 -0.9993 -0.0101
vn 0.0068 -0.9999 0.0151
vn -0.0101 -0.9998 0.0167
vn 0.0616 -0.9975 -0.0354
vn 0.0150 0.9965 0.0818
vn 0.0207 0.9973 0.0708
vn -0.0318 0.9952 -0.0928
vn -0.0327 0.9985 -0.0437
vn 0.0489 0.9962 -0.0720
vn -0.0675 0.9969 0.0401
vn -0.0620 0.9977 0.0264
vn 0.1164 0.9906 0.0723
vn 0.0202 0.9998 -0.0082
vn -0.1095 0.9939 -0.0156
vn -0.4521 -0.2682 0.8507
vn -0.9926 0.1203 0.0162
vn -0.5282 -0.2497 -0.8116
vn 0.4800 0.1072 -0.8707
vn 0.9508 -0.3079 -0.0337
vn 0.5169 0.1235 0.8471
vn -0.0185 0.9983 -0.0544
vn 0.0340 0.9994 0.0094
vn -0.0429 0.9625 -0.2678
vn -0.7910 -0.1212 -0.5997
vn -0.5762 0.1189 -0.8086
vn 0.2816 -0.1326 -0.9503
vn 0.4442 0.0189 -0.8957
vn 0.9528 0.0466 -0.3001
vn 0.9871 -0.1543 -0.0425
vn 0.9822 -0.0457 -0.1821
vn 0.7077 0.0222 -0.7062
vn -0.5193 -0.0221 -0.8543
vn -0.4181 -0.0525 -0.9069
vn -0.9968 0.0731 0.0326
vn -0.4306 -0.0796 0.8990
vn 0.1157 0.0448 0.9923
vn 0.9857 0.0233 0.1667
vn 0.8255 0.1225 0.5509
vn 0.2775 -0.2252 0.9340
vn -0.2660 0.2195 0.9387
vn -0.8456 -0.1740 0.5047
vn -0.9870 0.1240 0.1024
vn 0.0291 -0.9995 -0.0090
vn 0.0071 -1.0000 0.0007
vn 0.0030 -1.0000 0.0051
vn -0.0006 -0.9986 0.0525
vn -0.0185 -0.9992 0.0360
vn -0.0741 -0.9964 0.0412
vn -0.0548 -0.9981 -0.0275
vn -0.0144 -0.9997 -0.0197
vn 0.0105 -0.9992 -0.0381
vn 0.0124 -0.9996 -0.0240
vn 0.0121 0.9970 -0.0765
vn 0.0909 0.9924 0.0832
vn 0.0364 0.9993 -0.0018
vn 0.0252 0.9997 -0.0047
vn -0.0191 0.9990 0.0399
vn -0.0152 0.9963 0.0844
vn -0.0310 0.9982 -0.0509
vn -0.0590 0.9960 -0.0675
vn -0.1549 0.9879 0.0021
vn -0.0368 0.9991 0.0208
vn 0.0064 0.9996 -0.0276
vn 0.0499 0.9479 -0.3146
vn -0.9417 0.1005 -0.3212
vn -0.6255 -0.1602 -0.7636
vn -0.3373 0.1117 -0.9347
vn 0.6435 -0.0505 -0.7638
vn 0.6668 -0.0912 -0.7396
vn 0.9424 0.0478 -0.3310
vn 0.7295 -0.0078 -0.6839
vn 0.0651 0.0395 -0.9971
vn -0.6005 -0.0343 -0.7989
vn -0.8224 0.0160 -0.5687
vn -0.7816 0.0072 0.6238
vn -0.6192 -0.0344 0.7845
vn 0.3042 0.0530 0.9511
vn 0.7848 -0.0306 0.6190
vn 0.9539 0.0390 0.2975
vn 0.9778 -0.0725 0.1964
vn 0.4622 0.1036 0.8807
vn 0.1184 -0.1877 0.9751
vn -0.6639 0.2022 0.7199
vn -0.9205 -0.1675 0.3530
vn 0.0095 -1.0000 0.0006
vn 0.0404 -0.9984 0.0383
vn 0.0271 -0.9986 0.0452
vn 0.0248 -0.9983 0.0531
vn -0.0136 -0.9999 -0.0095
vn 0.1144 -0.9934 0.0124
vn -0.0563 -0.9984 0.0030
vn -0.0552 -0.9970 -0.0535
vn -0.0125 -0.9995 -0.0273
vn 0.0136 -0.9996 -0.0261
vn 0.0148 -0.9995 -0.0268
vn 0.0502 0.9976 -0.0471
vn 0.0325 0.9978 0.0577
vn 0.0316 0.9992 0.0250
vn 0.1214 0.9925 -0.0111
vn 0.0875 0.9942 -0.0632
vn -0.0773 0.9952 0.0608
vn -0.0264 0.9991 0.0334
vn -0.1139 0.9934 -0.0140
vn -0.0168 0.9980 -0.0608
vn -0.0207 0.9994 -0.0275
vn -0.9926 0.1204 0.0163
vn -0.4931 -0.2861 -0.8216
vn 0.0091 0.9994 0.0324
vn -0.0310 0.9995 0.0105
vn -0.2743 0.9613 0.0260
vn -0.8662 0.1346 -0.4812
vn -0.2372 -0.1191 -0.9641
vn -0.3175 -0.0232 -0.9480
vn 0.7779 0.0152 -0.6281
vn 0.8154 -0.0565 -0.5762
vn 0.9652 -0.0473 -0.2573
vn 0.9571 -0.0551 -0.2846
vn -0.0573 0.0487 -0.9972
vn -0.7450 -0.0368 -0.6661
vn -0.7830 -0.0261 -0.6215
vn -0.8218 0.0353 0.5687
vn -0.3324 -0.0619 0.9411
vn 0.5259 0.0827 0.8465
vn 0.8564 0.0503 0.5138
vn 0.8186 -0.0179 0.5741
vn 0.1695 0.0454 0.9845
vn -0.0215 -0.0869 0.9960
vn -0.7369 0.0119 0.6759
vn -0.7905 0.0947 0.6051
vn -0.9878 -0.1105 -0.1099
vn 0.0234 -0.9997 0.0004
vn 0.0448 -0.9975 0.0542
vn 0.0318 -0.9981 0.0530
vn 0.0266 -0.9979 0.0582
vn -0.0104 -0.9998 0.0192
vn -0.0125 -0.9997 0.0194
vn -0.0129 -0.9999 -0.0010
vn -0.0331 -0.9993 -0.0184
vn -0.0211 -0.9993 -0.0314
vn -0.0190 -0.9979 -0.0616
vn 0.0184 -0.9992 -0.0348
vn 0.0456 -0.9981 -0.0404
vn -0.0251 0.9984 0.0513
vn -0.0268 0.9994 -0.0239
vn 0.0782 0.9926 -0.0933
vn -0.0021 0.9910 -0.1336
vn -0.1017 0.9910 0.0866
vn -0.0205 0.9981 0.0580
vn 0.0742 0.9963 0.0429
vn 0.0259 0.9996 -0.0077
vn -0.0733 0.9970 -0.0246
vn -0.4649 -0.2861 0.8379
vn 0.4778 0.1063 -0.8720
vn 0.9564 -0.2861 -0.0588
vn 0.9560 -0.2876 -0.0573
vn 0.5179 0.1240 0.8464
vn -0.0099 0.9999 0.0012
vn -0.3268 0.9446 0.0295
vn 0.1648 0.9557 -0.2440
vn -0.2296 0.9732 -0.0150
vn -0.8685 -0.0080 -0.4956
vn -0.8688 -0.0086 -0.4951
vn -0.1275 0.0554 -0.9903
vn 0.0687 -0.1210 -0.9903
vn 0.7859 0.1566 -0.5982
vn 0.9492 -0.1447 -0.2793
vn 0.9390 -0.0453 -0.3408
vn 0.5358 0.0390 -0.8434
vn -0.1631 -0.0214 -0.9864
vn -0.6379 0.0438 -0.7689
vn -0.9954 -0.0313 0.0904
vn -0.8778 0.0377 0.4775
vn 0.2169 -0.0094 0.9762
vn 0.3311 0.0171 0.9434
vn 0.9723 0.0249 0.2326
vn 0.7360 0.0887 0.6712
vn 0.7409 0.0807 0.6668
vn -0.3667 -0.0641 0.9281
vn -0.3131 -0.0032 0.9497
vn -0.9387 -0.0108 0.3445
vn -0.9555 -0.0563 0.2896
vn 0.0393 -0.9992 0.0085
vn 0.0477 -0.9989 -0.0000
vn 0.0499 -0.9981 0.0371
vn 0.0171 -0.9994 0.0285
vn -0.0069 -0.9991 0.0425
vn -0.0147 -0.9999 -0.0078
vn 0.0213 -0.9996 0.0204
vn -0.0226 -0.9997 0.0077
vn -0.0375 -0.9974 -0.0613
vn -0.0342 -0.9975 -0.0616
vn -0.0240 -0.9967 -0.0777
vn 0.0027 -1.0000 -0.0064
vn 0.0060 0.9996 0.0271
vn 0.0173 0.9967 -0.0795
vn -0.0034 0.9998 -0.0206
vn -0.0346 0.9972 0.0664
vn 0.1069 0.9908 0.0829
vn 0.0519 0.9985 -0.0188
vn 0.0834 0.9942 -0.0680
vn -0.0709 0.9975 0.0029
vn -0.0618 0.9981 0.0056
vn -0.0439 0.9990 -0.0047
vn -0.0277 0.9983 -0.0522
vn 0.2679 0.9331 -0.2400
vn -0.0724 -0.2762 0.9584
vn -0.2971 -0.8063 0.5115
vn 0.0561 -0.0089 0.9984
vn 0.0681 -0.0013 0.9977
vn -0.0542 -0.0107 0.9985
vn -0.0662 0.0359 0.9972
vn -0.0107 0.0546 0.9984
vn -0.0040 0.0614 0.9981
vn 0.0577 0.0367 0.9977
vn 0.0325 0.0367 0.9988
vn -0.0000 -0.0021 -1.0000
vn -0.0717 -0.0091 -0.9974
vn 0.0573 -0.0311 -0.9979
vn -0.2777 0.1634 -0.9467
vn 0.0049 0.0062 -1.0000
vn 0.0367 -0.0698 -0.9969
vn 0.0028 0.0015 -1.0000
vn -0.0058 -0.0011 -1.0000
vn -0.0066 0.0060 -1.0000
vn 0.0004 0.0094 -1.0000
vn -0.0255 0.0439 -0.9987
vn 0.0492 0.0267 -0.9984
vn 1.0000 -0.0000 0.0050
vn 1.0000 0.0071 -0.0005
vn 1.0000 0.0026 -0.0000
vn 0.9589 0.1217 0.2563
vn 0.9901 -0.1100 -0.0872
vn -0.9699 0.1138 -0.2153
vn -0.9947 -0.0824 0.0621
vn -1.0000 -0.0000 -0.0039
vn -1.0000 0.0038 -0.0010
vn -1.0000 -0.0061 0.0002
vn -0.1168 -0.9901 -0.0778
vn 0.0119 -0.9996 0.0250
vn -0.0045 -1.0000 -0.0085
vn -0.0106 -0.9999 0.0012
vn -0.0736 -0.9972 -0.0114
vn -0.6591 -0.7521 -0.0000
vn 0.0148 -0.9998 0.0148
vn 0.6241 -0.7811 0.0184
vn -0.3432 -0.9393 -0.0018
vn -0.0369 -0.9993 0.0104
vn -0.0119 -0.9999 0.0036
vn 0.0013 -1.0000 0.0026
vn 0.0089 -1.0000 -0.0000
vn 0.3419 -0.9397 0.0031
vn -0.3190 -0.9477 -0.0098
vn 0.0166 -0.9996 -0.0233
vn 0.0312 -0.9995 -0.0066
vn 0.0232 -0.9997 -0.0053
vn -0.0098 -0.9999 -0.0111
vn -0.0011 -0.9995 -0.0325
vn -0.0000 -0.9996 -0.0275
vn 0.0033 -0.9995 -0.0310
vn -0.0532 -0.9940 -0.0953
vn 0.0100 -0.9999 0.0008
vn 0.0111 -0.9999 0.0059
vn 0.0444 -0.9990 -0.0015
vn 0.0247 -0.9986 0.0478
vn -0.0000 -0.9996 0.0266
vn -0.0005 -0.9996 0.0272
vn -0.0031 -1.0000 -0.0039
vn 0.0119 -0.9999 0.0030
vn -0.0094 -0.9999 0.0082
vn -0.0173 -0.9998 -0.0041
vn -0.0072 -1.0000 -0.0067
vn 0.0050 -1.0000 -0.0014
vn 0.0173 -0.9995 0.0247
vn -0.8595 -0.5112 0.0003
vn -0.8575 -0.5145 -0.0000
vn 0.8551 -0.5185 -0.0000
vn 0.8601 -0.5101 -0.0007
vn -0.0600 -0.9982 0.0038
vn -0.9255 0.3787 0.0005
vn -0.0000 -1.0000 -0.0062
vn -0.0221 0.9998 0.0017
vn -0.0207 0.9998 0.0009
vn -0.0183 0.9998 0.0097
vn 0.0016 0.9999 -0.0115
vn 0.0191 0.9998 -0.0000
vn 0.0092 0.9998 0.0183
vn 0.0156 0.9996 0.0252
vn 0.0039 0.9998 -0.0192
vn -0.0000 0.9999 -0.0128
vn -0.0000 0.9999 0.0147
vn -0.0053 1.0000 0.0057
vn -0.0245 0.9997 -0.0014
vn 0.0011 0.9991 -0.0418
vn 0.3281 0.6945 -0.6403
vn -0.0104 0.9998 0.0155
vn 0.0018 0.9997 -0.0231
vn -0.0016 0.9999 0.0170
vn -0.0021 0.9999 0.0104
vn 0.0109 0.9997 -0.0214
vn 0.0288 0.9996 -0.0059
vn -0.0043 0.9999 0.0134
vn 0.0237 0.9997 -0.0018
vn -0.0033 1.0000 -0.0087
vn 0.0105 0.9998 0.0168
vn 0.0657 0.9976 -0.0239
vn -0.0109 0.9999 -0.0100
vn -0.0004 0.9987 0.0508
vn -0.2266 0.9611 0.1582
vn -0.0043 0.9999 0.0120
vn 0.0178 0.9998 -0.0005
vn -0.0111 0.9999 0.0029
vn -0.0043 0.9999 0.0133
vn -0.0119 0.9999 -0.0029
vn 0.0186 0.9998 -0.0117
vn 0.0206 0.9998 -0.0063
vn -0.0175 0.9998 -0.0002
vn -0.0478 0.9987 0.0190
vn -0.0198 0.9998 0.0030
vn 0.0099 0.9999 -0.0073
vn 0.0036 0.9999 -0.0160
vn -0.0042 1.0000 -0.0011
vn -0.9116 0.4052 0.0690
vn -0.8270 -0.5543 -0.0944
vn -0.9993 -0.0331 0.0199
vn -0.9996 -0.0253 0.0108
vn -0.8263 -0.5619 0.0394
vn -0.9285 -0.3714 -0.0000
vn 0.8233 -0.5596 -0.0953
vn 0.9473 0.3158 0.0538
vn 0.9995 -0.0311 0.0062
vn 0.9993 -0.0378 -0.0014
vn -0.0000 -1.0000 -0.0068
vn 0.0533 -0.9986 0.0033
vn 0.9004 0.4350 -0.0006
vn -0.2052 -0.9787 -0.0004
vn -0.1942 -0.9810 -0.0000
vn 0.2052 -0.9787 0.0047
vn 0.9962 0.0443 -0.0754
vn 0.8299 -0.5566 0.0383
vn 0.9673 -0.2536 -0.0005
vn 0.9334 -0.3586 -0.0106
vn -0.9985 0.0540 -0.0001
vn -0.9927 0.1203 -0.0056
vn 0.4549 -0.8905 0.0101
vn 0.0074 -1.0000 -0.0051
vn -0.0075 1.0000 -0.0047
vn -0.9670 -0.2547 0.0007
vn -0.9260 -0.3773 0.0124
vn 0.9927 0.1203 0.0039
vn 0.9952 0.0975 0.0021
vn 0.0619 -0.9981 0.0073
vn -0.4549 -0.8905 -0.0101
vn -0.0619 0.9981 0.0038
vn 0.4754 -0.8797 -0.0060
vn 0.9945 -0.1043 -0.0016
vn 0.9922 -0.1234 -0.0192
vn -0.9932 -0.1161 -0.0015
vn -0.9936 -0.1130 0.0014
vn 0.9532 0.1515 -0.2618
vn 0.9887 0.0439 -0.1434
vn 0.9472 0.3206 0.0013
vn 0.9174 -0.3939 -0.0575
vn 0.9440 0.1083 -0.3115
vn 0.8582 -0.2861 0.4263
vn -0.4444 -0.1778 -0.8780
vn -0.9532 0.1514 0.2617
vn -0.9650 -0.2144 -0.1513
vn -0.8793 -0.4762 0.0021
vn -0.9738 0.2192 -0.0610
vn -0.9630 0.2674 -0.0347
vn 0.1603 -0.0122 -0.9870
vn 0.2354 -0.0674 -0.9695
vn 0.2399 -0.0605 0.9689
vn 0.1715 -0.0119 0.9851
vn 0.1770 0.9842 -0.0014
vn 0.1810 0.9835 -0.0006
vn -0.2399 -0.0604 -0.9689
vn -0.1711 -0.0116 -0.9852
vn -0.4957 -0.1908 0.8473
vn -0.2210 -0.0074 0.9752
vn -0.1803 0.9835 -0.0117
vn 0.0004 -0.0813 -0.9967
vn -0.0000 -0.0781 -0.9969
vn -0.0553 -0.9268 0.3713
vn 0.0002 -0.9983 0.0576
vn -0.0114 -0.9996 0.0273
vn -0.0792 -0.9959 -0.0431
vn 0.0211 -0.9837 -0.1787
vn -0.0008 -0.9985 -0.0542
vn 0.0095 -0.9996 -0.0275
vn 0.0792 -0.9959 0.0448
vn 0.0007 -0.0777 0.9970
vn -0.0000 -0.0712 0.9975
vn 0.8441 0.5354 0.0286
vn 0.9792 0.0338 -0.2002
vn 0.9800 0.1882 0.0651
vn 0.7359 -0.6686 -0.1073
vn 0.5910 -0.7978 0.1191
vn -0.0371 -0.9947 -0.0959
vn -0.1534 -0.9874 0.0378
vn -0.8820 -0.4712 -0.0106
vn -0.8789 -0.4770 -0.0001
vn -0.7773 0.6282 0.0344
vn -0.8292 0.5574 -0.0406
vn 0.4636 0.8833 0.0695
vn 0.7723 0.5970 -0.2171
vn 0.9429 -0.3237 0.0785
vn 0.4106 -0.9066 -0.0972
vn 0.2523 -0.9675 0.0139
vn -0.8267 -0.5626 -0.0106
vn -0.7028 -0.7007 -0.1232
vn -0.8805 0.4734 0.0234
vn -0.9854 0.0936 0.1425
vn -0.9868 0.1561 0.0438
vn -0.6992 -0.7141 -0.0352
vn -0.6624 -0.7486 0.0279
vn 0.0153 -0.9995 -0.0279
vn 0.0657 -0.9972 0.0352
vn 0.8640 -0.5014 -0.0458
vn 0.8789 -0.4770 0.0001
vn 0.8849 0.4241 0.1925
vn 0.7008 0.7131 0.0199
vn -0.3494 0.9343 0.0704
vn -0.4506 0.8813 0.1423
vn -0.9945 -0.0813 -0.0666
vn -0.8649 -0.4735 0.1665
vn -0.1882 -0.9817 -0.0298
vn 0.4004 -0.8964 0.1902
vn 0.8827 -0.4601 -0.0957
vn -0.5779 0.2580 -0.7743
vn 0.4964 0.7844 -0.3719
vn 0.8918 -0.3565 0.2786
vn 0.1234 -0.4631 -0.8777
vn -0.5724 -0.7255 0.3820
vn 0.8718 -0.4881 0.0410
vn 0.8829 -0.4696 -0.0000
vn -0.8718 -0.4881 -0.0410
vn -0.8829 -0.4696 -0.0000
vn -0.3730 0.0195 0.9276
vn -0.3219 0.0002 0.9468
vn -0.9998 -0.0033 0.0205
vn -0.9976 0.0149 0.0669
vn -0.6064 -0.0399 -0.7942
vn -0.2872 0.0421 -0.9569
vn 0.2861 -0.0451 -0.9571
vn 0.6981 0.0357 -0.7151
vn 0.9868 -0.0483 -0.1547
vn 0.9932 0.0085 0.1161
vn 0.6319 -0.0155 0.7749
vn 0.5905 -0.0302 0.8065
vn 0.0587 -0.9976 -0.0379
vn 0.0573 -0.9846 -0.1650
vn -0.0179 -0.9965 -0.0817
vn -0.1787 -0.9767 -0.1191
vn -0.0726 -0.9973 0.0141
vn -0.1073 -0.9885 0.1065
vn -0.0414 -0.9960 0.0788
vn 0.0480 -0.9885 0.1432
vn 0.0674 -0.9962 0.0553
vn 0.1283 -0.9916 0.0171
vn 0.0973 -0.9953 0.0007
vn -0.1069 0.0492 -0.9930
vn 0.3204 -0.2120 -0.9233
vn 0.7091 0.1236 -0.6942
vn 0.9782 -0.1615 0.1307
vn 0.9570 -0.0106 0.2898
vn 0.2868 -0.0254 0.9577
vn 0.3181 0.0114 0.9480
vn -0.7046 -0.1212 0.6992
vn -0.8366 0.1245 0.5335
vn -0.8225 -0.1507 -0.5485
vn -0.7803 -0.0594 -0.6226
vn 0.1543 -0.0153 0.9879
vn -0.6397 0.0046 0.7686
vn -0.7763 -0.0292 0.6297
vn -0.8652 -0.0030 0.5014
vn -0.9424 -0.0282 -0.3333
vn -0.8689 0.0226 -0.4945
vn -0.0890 -0.0490 -0.9948
vn 0.1389 0.0225 -0.9901
vn 0.9768 -0.0288 -0.2124
vn 0.9242 0.0475 -0.3790
vn 0.7844 -0.0487 0.6183
vn 0.3902 0.0433 0.9197
vn 0.0784 -0.9968 -0.0157
vn 0.0540 -0.9900 -0.1300
vn 0.0080 -0.9962 -0.0867
vn -0.0720 -0.9920 -0.1034
vn -0.0658 -0.9977 -0.0189
vn -0.1119 -0.9937 0.0100
vn -0.0456 -0.9984 0.0332
vn -0.0233 -0.9881 0.1519
vn 0.0149 -0.9975 0.0687
vn 0.2149 -0.9754 0.0496
vn -0.2002 0.0893 -0.9757
vn 0.3783 -0.1688 -0.9102
vn 0.6796 0.0948 -0.7275
vn 0.9654 -0.1348 0.2230
vn 0.9548 -0.0464 0.2935
vn 0.0496 0.0321 0.9983
vn -0.1492 -0.1815 0.9720
vn -0.8241 0.1074 0.5562
vn -0.9811 -0.1725 0.0879
vn -0.9465 0.0764 -0.3136
vn -0.5650 -0.1481 -0.8117
vn -0.6901 0.4283 0.5834
vn 0.1259 -0.9620 0.2423
vn -0.0633 -0.0664 0.9958
vn -0.0304 -0.0781 0.9965
vn -0.8767 0.0532 0.4780
vn -0.9941 -0.0624 0.0887
vn -0.5359 0.0424 -0.8432
vn -0.6952 -0.0405 -0.7177
vn 0.1231 0.0183 -0.9922
vn 0.4918 -0.0483 -0.8693
vn 0.8752 0.0330 -0.4827
vn 0.9916 -0.0766 0.1043
vn 0.8079 0.0518 0.5870
vn 0.0921 -0.9929 -0.0754
vn 0.0817 -0.9949 -0.0586
vn 0.0368 -0.9972 -0.0648
vn -0.0365 -0.9882 -0.1488
vn -0.0583 -0.9965 -0.0598
vn -0.2003 -0.9796 -0.0157
vn -0.0433 -0.9980 0.0459
vn -0.0314 -0.9918 0.1236
vn -0.0455 -0.9884 0.1452
vn 0.1070 -0.9919 0.0681
vn 0.1096 -0.9914 0.0720
vn 0.0551 0.0117 -0.9984
vn 0.6982 -0.0228 -0.7156
vn 0.8024 -0.1585 -0.5753
vn 0.9849 0.1237 0.1212
vn 0.8318 -0.1653 0.5299
vn 0.5973 0.0435 0.8008
vn -0.2453 -0.0863 0.9656
vn -0.2762 -0.0499 0.9598
vn -0.9975 0.0194 0.0678
vn -0.9875 -0.1372 -0.0776
vn -0.6227 0.0639 -0.7799
vn -0.2350 -0.1698 -0.9571
vn 0.4385 -0.8987 -0.0070
vn 0.5860 0.3093 0.7490
vn 0.1072 0.0134 0.9942
vn -0.7710 -0.0472 0.6351
vn -0.9672 0.0599 0.2470
vn -0.9487 -0.0413 -0.3134
vn -0.5603 0.0286 -0.8278
vn -0.3716 -0.0228 -0.9281
vn 0.4898 -0.0112 -0.8718
vn 0.4687 -0.0035 -0.8834
vn 0.9969 -0.0285 0.0738
vn 0.9840 0.0128 0.1777
vn 0.0462 -0.0124 0.9989
vn 0.1245 -0.9870 -0.1012
vn 0.0323 -0.9962 -0.0803
vn -0.0356 -0.9888 -0.1452
vn -0.0486 -0.9969 -0.0617
vn -0.1538 -0.9881 -0.0069
vn -0.0974 -0.9952 0.0112
vn 0.0118 -0.9714 0.2374
vn -0.0109 -0.9907 0.1353
vn 0.1451 -0.9890 0.0278
vn 0.1003 -0.9944 0.0333
vn -0.0955 0.0188 -0.9952
vn 0.7239 -0.0244 -0.6895
vn 0.7728 -0.0935 -0.6278
vn 0.9481 0.0452 0.3147
vn 0.9744 -0.0908 0.2055
vn 0.5630 0.0853 0.8220
vn -0.0784 -0.2283 0.9704
vn -0.2638 -0.0427 0.9636
vn -0.8664 0.0815 0.4927
vn -0.9804 -0.1920 -0.0441
vn -0.9537 0.0444 -0.2976
vn -0.2364 -0.1284 -0.9631
vn 0.3799 -0.9242 0.0401
vn 0.5316 0.4629 0.7093
vn -0.2777 0.1633 -0.9467
vn 0.0367 -0.0699 -0.9969
vn -0.0724 -0.2761 0.9584
vn -0.0107 0.0547 0.9984
vn -1.0000 -0.0000 -0.0050
vn -1.0000 0.0071 0.0005
vn -1.0000 0.0026 -0.0000
vn -0.9700 0.1231 -0.2098
vn -0.9951 -0.0769 0.0615
vn 0.9899 -0.1108 -0.0884
vn 1.0000 -0.0000 0.0039
vn 1.0000 0.0051 -0.0000
vn 1.0000 0.0031 -0.0002
vn 0.0130 -0.9999 0.0092
vn 0.0136 -0.9997 0.0199
vn 0.4870 -0.8734 0.0004
vn 0.5295 -0.8483 -0.0000
vn 0.0704 -0.9974 -0.0129
vn 0.0024 -1.0000 0.0081
vn -0.0015 -0.9999 -0.0107
vn 0.0077 -1.0000 0.0053
vn 0.0185 -0.9997 0.0165
vn -0.0742 -0.9971 0.0148
vn -0.0005 -1.0000 0.0007
vn -0.0322 -0.9994 -0.0152
vn -0.6921 -0.7218 -0.0000
vn -0.0436 -0.9990 0.0122
vn -0.0058 -0.9997 0.0238
vn -0.0066 -0.9995 -0.0316
vn -0.0009 -1.0000 -0.0092
vn -0.0022 -0.9996 -0.0277
vn -0.0000 -0.9996 0.0292
vn -0.2614 -0.9652 0.0032
vn -0.0054 -1.0000 0.0014
vn -0.0000 -0.9998 -0.0224
vn 0.0135 -0.9992 -0.0380
vn -0.0082 -0.9994 0.0329
vn -0.0157 -0.9990 0.0417
vn -0.0255 -0.9997 0.0063
vn -0.0297 -0.9996 -0.0018
vn 0.0716 -0.9973 0.0137
vn 0.0088 -1.0000 -0.0009
vn 0.0176 -0.9998 0.0009
vn -0.0349 -0.9991 -0.0227
vn 0.0121 -0.9999 0.0051
vn 0.0140 -0.9999 -0.0077
vn -0.0027 -0.9998 -0.0187
vn 0.0091 -1.0000 -0.0028
vn 0.8595 -0.5112 -0.0003
vn 0.8575 -0.5145 -0.0000
vn -0.8551 -0.5185 -0.0000
vn -0.8601 -0.5101 0.0007
vn 0.0600 -0.9982 -0.0038
vn 0.9257 0.3784 -0.0005
vn -0.0000 -1.0000 0.0062
vn -0.0122 0.9996 -0.0241
vn -0.0063 0.9999 -0.0083
vn -0.0060 0.9998 0.0182
vn 0.0072 0.9999 -0.0145
vn -0.0022 0.9972 0.0745
vn -0.0256 0.9997 -0.0033
vn -0.0227 0.9997 0.0017
vn 0.0228 0.9997 -0.0017
vn -0.0000 0.9999 0.0133
vn 0.0001 0.9999 0.0135
vn 0.0261 0.9991 0.0340
vn -0.0253 0.9997 -0.0000
vn -0.0039 0.9999 0.0143
vn -0.0415 0.9982 0.0429
vn -0.0161 0.9999 -0.0021
vn -0.0000 0.9999 -0.0120
vn -0.0162 0.9995 -0.0263
vn 0.0200 0.9998 0.0011
vn -0.0009 0.9993 -0.0368
vn -0.0688 0.9973 0.0249
vn -0.0048 1.0000 -0.0063
vn 0.0314 0.9994 -0.0166
vn 0.0024 0.9999 -0.0155
vn 0.0018 0.9999 -0.0147
vn -0.0244 0.9992 0.0323
vn -0.0009 1.0000 -0.0089
vn 0.0032 0.9999 -0.0131
vn 0.0054 0.9996 -0.0274
vn 0.0055 1.0000 0.0057
vn 0.0021 1.0000 -0.0009
vn 0.0194 0.9998 -0.0035
vn 0.0213 0.9998 0.0005
vn 0.0119 0.9999 -0.0049
vn 0.0141 0.9998 -0.0102
vn 0.0175 0.9998 0.0119
vn 0.0067 0.9997 0.0255
vn -0.0155 0.9998 0.0092
vn 0.0014 1.0000 0.0007
vn -0.0062 1.0000 0.0036
vn 0.0046 0.9995 0.0296
vn -0.0173 0.9962 0.0850
vn 0.9116 0.4052 -0.0690
vn 0.8270 -0.5543 0.0944
vn 0.9981 -0.0588 -0.0200
vn 0.9995 -0.0255 0.0171
vn 0.8263 -0.5619 -0.0394
vn 0.9285 -0.3714 -0.0000
vn -0.8233 -0.5596 0.0953
vn -0.9473 0.3158 -0.0538
vn -0.9995 -0.0311 -0.0062
vn -0.9993 -0.0378 0.0014
vn -0.0000 -1.0000 0.0068
vn -0.0533 -0.9986 -0.0033
vn -0.9003 0.4352 0.0006
vn 0.2052 -0.9787 0.0005
vn 0.1916 -0.9815 -0.0000
vn -0.9962 0.0443 0.0754
vn -0.8299 -0.5566 -0.0383
vn -0.9673 -0.2536 0.0005
vn -0.9258 -0.3779 0.0124
vn 0.9975 0.0713 -0.0001
vn 0.9670 -0.2547 -0.0007
vn 0.9337 -0.3580 -0.0106
vn -0.9945 -0.1043 0.0016
vn -0.9922 -0.1234 0.0192
vn 0.0130 -0.0097 -0.9999
vn 0.9932 -0.1162 0.0015
vn 0.9936 -0.1130 -0.0014
vn -0.9532 0.1513 0.2617
vn -0.9887 0.0439 0.1435
vn -0.9472 0.3207 -0.0013
vn -0.9174 -0.3938 0.0575
vn -0.9440 0.1084 0.3117
vn -0.8583 -0.2861 -0.4260
vn 0.4444 -0.1778 0.8780
vn 0.9650 -0.2144 0.1513
vn 0.8793 -0.4763 -0.0021
vn 0.9738 0.2192 0.0610
vn 0.9630 0.2674 0.0348
vn -0.1604 -0.0122 0.9870
vn -0.2356 -0.0675 0.9695
vn -0.2398 -0.0604 -0.9689
vn -0.1715 -0.0119 -0.9851
vn -0.1775 0.9841 0.0013
vn -0.1797 0.9837 0.0009
vn 0.1711 -0.0116 0.9852
vn 0.6790 -0.0969 -0.7277
vn 0.3020 0.0018 -0.9533
vn 0.4648 0.8853 -0.0159
vn 0.1806 0.9835 0.0133
vn -0.0004 -0.0812 0.9967
vn -0.0000 -0.0781 0.9969
vn 0.0211 -0.9837 -0.1786
vn -0.0002 -0.9983 -0.0576
vn 0.0114 -0.9996 -0.0273
vn 0.0792 -0.9959 0.0431
vn -0.0553 -0.9268 0.3715
vn 0.0008 -0.9985 0.0542
vn -0.0095 -0.9996 0.0275
vn -0.0792 -0.9959 -0.0448
vn -0.0007 -0.0777 -0.9970
vn -0.0000 -0.0712 -0.9975
vn -0.8293 0.5574 -0.0406
vn 0.2524 -0.9675 0.0139
vn 0.4963 0.7844 -0.3719
vn 0.8918 -0.3565 0.2785
vn 0.1234 -0.4632 -0.8776
vn -0.5725 -0.7255 0.3820
vn 0.4498 0.0166 -0.8930
vn 0.8567 -0.0205 -0.5155
vn 0.8400 -0.0304 -0.5418
vn 0.9415 0.0106 0.3368
vn 0.8341 -0.0372 0.5503
vn 0.4407 0.0176 0.8975
vn -0.0272 -0.0505 0.9984
vn -0.4044 0.0266 0.9142
vn -0.9298 -0.0249 0.3673
vn -0.9593 -0.0016 0.2824
vn -0.8233 -0.0276 -0.5670
vn -0.6525 0.0376 -0.7569
vn -0.0643 -0.0578 -0.9963
vn -0.0703 -0.9975 0.0057
vn -0.1548 -0.9783 0.1377
vn -0.0175 -0.9970 0.0754
vn 0.0485 -0.9945 0.0925
vn 0.0489 -0.9928 0.1089
vn 0.0831 -0.9962 0.0245
vn 0.1214 -0.9926 0.0062
vn 0.0432 -0.9979 -0.0476
vn 0.0473 -0.9932 -0.1067
vn -0.0678 -0.9955 -0.0668
vn -0.0838 -0.9916 -0.0988
vn -0.4544 0.0638 0.8885
vn -0.7226 -0.2555 0.6424
vn -0.9880 0.1409 0.0631
vn -0.7000 -0.1830 -0.6903
vn -0.5375 0.0298 -0.8427
vn 0.3626 -0.0755 -0.9289
vn 0.4026 -0.1161 -0.9080
vn 0.9515 0.1075 -0.2881
vn 0.9825 -0.1795 0.0499
vn 0.4617 0.1096 0.8802
vn 0.5841 -0.0814 0.8076
vn 0.5137 0.6661 -0.5407
vn 0.1572 0.0253 -0.9872
vn 0.8261 -0.0404 -0.5620
vn 0.9370 0.0187 -0.3488
vn 0.9143 -0.0305 0.4038
vn 0.8072 0.0239 0.5898
vn 0.6219 0.0228 0.7828
vn 0.0110 -0.0733 0.9972
vn -0.4294 0.0279 0.9027
vn -0.9094 -0.0385 0.4142
vn -0.9738 0.0083 0.2274
vn -0.8269 -0.0312 -0.5615
vn -0.7138 0.0125 -0.7002
vn -0.0655 -0.0250 -0.9975
vn -0.1387 -0.9903 0.0067
vn -0.0836 -0.9962 0.0225
vn -0.0226 -0.9957 0.0899
vn -0.0206 -0.9931 0.1155
vn 0.0211 -0.9986 0.0486
vn 0.1271 -0.9909 0.0440
vn 0.0807 -0.9963 -0.0292
vn 0.0980 -0.9927 -0.0708
vn 0.0166 -0.9963 -0.0839
vn -0.0368 -0.9855 -0.1656
vn -0.0583 -0.9974 -0.0417
vn -0.1727 -0.1729 0.9697
vn -0.3473 -0.0015 0.9377
vn -0.9960 -0.0748 0.0482
vn -0.9583 -0.2297 0.1703
vn -0.7436 0.1548 -0.6504
vn -0.2103 -0.2459 -0.9462
vn 0.3005 0.1295 -0.9449
vn 0.8036 -0.1304 -0.5806
vn 0.9662 0.0579 -0.2512
vn 0.9216 -0.2212 0.3190
vn 0.6050 0.1889 0.7735
vn 0.7053 0.3465 0.6185
vn 0.2541 0.0558 -0.9656
vn 0.7022 -0.0943 -0.7057
vn 0.9977 0.0672 -0.0021
vn 0.7787 -0.0743 0.6230
vn 0.3843 0.0127 0.9231
vn -0.1830 -0.0025 0.9831
vn -0.0799 -0.0349 0.9962
vn -0.8440 0.0241 0.5358
vn -0.9658 -0.0466 0.2550
vn -0.8692 0.0297 -0.4935
vn -0.6507 -0.0650 -0.7566
vn -0.0879 -0.9948 0.0515
vn -0.0866 -0.9949 0.0515
vn -0.0199 -0.9939 0.1085
vn 0.0167 -0.9979 0.0626
vn 0.1078 -0.9908 0.0823
vn 0.0666 -0.9977 0.0076
vn 0.1145 -0.9917 -0.0589
vn 0.0107 -0.9963 -0.0850
vn 0.0399 -0.9910 -0.1276
vn -0.1058 -0.9921 -0.0674
vn -0.0848 -0.9957 -0.0379
vn -0.1778 -0.1650 0.9701
vn -0.7409 0.1161 0.6615
vn -0.8616 -0.0558 0.5046
vn -0.8434 0.0004 -0.5373
vn -0.8563 -0.0299 -0.5156
vn 0.1246 -0.0163 -0.9921
vn 0.0936 -0.0476 -0.9945
vn 0.8007 -0.0149 -0.5989
vn 0.8816 -0.1310 -0.4535
vn 0.9766 0.0759 0.2012
vn 0.7813 -0.1826 0.5969
vn 0.3763 0.1276 0.9177
vn 0.1126 0.6002 0.7919
vn 0.2423 0.0343 -0.9696
vn 0.9960 -0.0324 -0.0830
vn 0.9920 -0.0164 -0.1248
vn 0.5748 0.0083 0.8182
vn 0.4053 -0.0409 0.9133
vn 0.2734 -0.0187 0.9617
vn -0.6166 -0.0129 0.7872
vn -0.7716 0.0380 0.6350
vn -0.9974 -0.0648 -0.0322
vn -0.8976 0.0484 -0.4382
vn -0.0467 -0.0725 -0.9963
vn -0.0933 -0.9934 0.0669
vn -0.0334 -0.9980 0.0533
vn 0.0282 -0.9956 0.0895
vn 0.0281 -0.9961 0.0838
vn 0.1015 -0.9948 -0.0040
vn 0.1096 -0.9939 -0.0079
vn 0.0455 -0.9932 -0.1076
vn 0.0307 -0.9953 -0.0922
vn -0.1294 -0.9871 -0.0945
vn -0.0833 -0.9960 -0.0309
vn -0.2992 0.0671 0.9518
vn -0.8053 -0.1346 0.5774
vn -0.8460 -0.0803 0.5271
vn -0.9703 0.0491 -0.2370
vn -0.7902 -0.2057 -0.5773
vn -0.4391 0.1128 -0.8913
vn 0.3852 -0.1491 -0.9107
vn 0.6052 0.0721 -0.7928
vn 0.9877 -0.1391 -0.0710
vn 0.9983 -0.0277 0.0507
vn 0.5155 0.0273 0.8564
vn 0.2948 -0.1877 0.9369
vn 0.4384 0.4061 0.8018
vn 0.3996 0.1686 -0.9011
vn 0.0372 -0.4347 -0.8998
vn -0.2702 0.5175 -0.8119
vn -0.4862 -0.3837 -0.7851
vn -0.8318 0.3858 -0.3991
vn -0.8416 0.3300 0.4276
vn 0.5067 -0.2899 0.8119
vn -0.6698 -0.4855 0.5618
vn -0.4391 -0.3647 0.8211
vn -0.6544 -0.6051 0.4534
vn -0.3052 -0.4567 0.8356
vn -0.0287 -0.3988 0.9166
vn -0.8680 -0.4875 0.0944
vn -0.7657 -0.6175 0.1800
vn 0.0098 -0.7458 0.6661
vn 0.0969 -0.6899 0.7174
vn -0.5661 -0.8204 -0.0809
vn -0.6586 -0.6503 -0.3786
vn -0.6883 -0.6067 -0.3977
vn -0.8898 -0.3531 -0.2890
vn -0.3950 -0.7911 0.4671
vn -0.1920 -0.7069 0.6808
vn 0.1129 -0.5690 0.8145
vn -0.8388 0.0308 -0.5435
vn -0.9425 -0.0075 0.3342
vn -0.9173 0.0037 0.3981
vn -0.0935 -0.0027 0.9956
vn -0.0604 0.0022 0.9982
vn 0.6936 -0.0022 0.7204
vn 0.7166 0.0027 0.6975
vn 0.9802 0.0250 0.1965
vn 0.9792 -0.0178 -0.2021
vn 0.7126 0.0116 -0.7014
vn 0.4856 -0.0141 -0.8740
vn -0.0762 0.0240 -0.9968
vn -0.5724 -0.0179 -0.8198
vn 0.8571 -0.4112 -0.3104
vn 0.5293 -0.7076 0.4681
vn 0.6496 -0.5579 0.5166
vn 0.4715 -0.8201 0.3243
vn -0.4868 -0.3812 -0.7859
vn -0.2316 -0.7850 -0.5746
vn -0.2434 -0.8079 -0.5367
vn 0.7960 -0.4444 0.4110
vn -0.2963 -0.5463 -0.7834
vn 0.5337 -0.8247 -0.1870
vn 0.6733 -0.7343 -0.0859
vn 0.8797 -0.4680 0.0840
vn 0.5303 -0.7441 -0.4063
vn 0.2830 -0.7572 -0.5886
vn 0.0336 -0.4622 -0.8862
vn 0.1755 -0.6313 -0.7554
vn 0.2418 -0.6485 -0.7218
vn 0.8156 -0.5732 -0.0788
vn 0.5266 -0.4533 -0.7192
vn 0.6790 -0.4640 -0.5690
vn 0.7192 -0.4316 -0.5445
vn 0.0035 -0.9997 0.0227
vn -0.0624 -0.9965 0.0561
vn -0.0683 -0.9968 0.0403
vn -0.0681 -0.9970 -0.0356
vn -0.0785 -0.9957 -0.0502
vn -0.1062 -0.9935 0.0401
vn 0.0379 -0.9989 0.0270
vn 0.0511 -0.9984 0.0250
vn 0.0473 -0.9968 0.0648
vn -0.0000 -0.9978 -0.0661
vn 0.0066 -0.9985 -0.0539
vn 0.0096 -0.9985 -0.0539
vn -0.0025 -0.9999 -0.0109
vn 0.0724 0.9972 0.0168
vn 0.0318 0.9979 -0.0572
vn 0.0756 0.9971 -0.0079
vn 0.0647 0.9978 -0.0134
vn 0.0551 0.9975 -0.0444
vn -0.0107 0.9999 0.0014
vn 0.0462 0.9989 0.0079
vn -0.0586 0.9972 0.0461
vn -0.0032 0.9994 0.0336
vn 0.0263 0.9979 0.0599
vn 0.0323 0.9989 0.0335
vn -0.0097 0.9999 0.0034
vn -0.0476 0.9970 0.0609
vn 0.0001 1.0000 -0.0000
vn 0.0001 1.0000 0.0001
vn 0.1970 0.7902 0.5803
vn 0.8683 0.4793 -0.1274
vn 0.7043 -0.0723 -0.7062
vn 0.7945 0.0300 -0.6066
vn 0.9646 -0.0587 0.2571
vn 0.8924 0.1133 0.4367
vn 0.2596 -0.0610 0.9638
vn 0.0391 0.1099 0.9932
vn -0.7049 -0.0598 0.7068
vn -0.8389 0.1087 0.5334
vn -0.9645 -0.0609 -0.2570
vn -0.8807 0.1084 -0.4611
vn -0.2596 -0.0609 -0.9638
vn -0.0500 0.1017 -0.9936
vn 0.0802 0.9953 0.0536
vn -0.0580 0.9975 -0.0394
vn -0.0618 0.9967 -0.0521
vn 0.0754 0.8531 -0.5162
vn 0.6882 0.2575 -0.6783
vn 0.5646 0.8252 -0.0170
vn 0.1948 0.8740 0.4452
vn -0.0528 0.4184 0.9067
vn -0.4526 0.8391 0.3019
vn 0.2724 0.7947 -0.5425
vn -0.3605 0.2735 -0.8918
vn -0.7562 0.4181 0.5033
vn -0.1381 -0.8287 0.5424
vn -0.4823 -0.8682 0.1168
vn -0.5757 -0.4871 0.6568
vn -0.3194 -0.3564 0.8781
vn -0.8374 -0.4787 0.2640
vn -0.6316 -0.6220 0.4628
vn -0.5863 -0.5959 0.5488
vn -0.9074 -0.4197 -0.0214
vn -0.8660 -0.4961 0.0631
vn 0.0031 -0.5445 0.8388
vn 0.2590 -0.3625 0.8953
vn 0.0089 -0.7507 0.6606
vn -0.6636 -0.7481 -0.0089
vn 0.2006 -0.8239 0.5301
vn 0.4595 -0.4990 0.7347
vn 0.4398 -0.6947 0.5692
vn -0.6006 -0.6804 -0.4199
vn -0.7916 -0.4132 -0.4501
vn -0.6764 -0.5284 -0.5131
vn -0.8890 -0.0154 -0.4576
vn -0.9997 0.0225 -0.0053
vn -0.8762 -0.0101 0.4818
vn -0.8439 -0.0020 0.5365
vn -0.0897 0.0190 0.9958
vn 0.2380 -0.0190 0.9711
vn 0.6279 0.0217 0.7780
vn 0.9699 0.0022 0.2435
vn 0.9710 0.0027 0.2391
vn 0.7688 -0.0026 -0.6394
vn 0.7849 -0.0067 -0.6196
vn -0.0764 0.0149 -0.9970
vn -0.1897 0.0007 -0.9818
vn -0.5608 0.0154 -0.8278
vn 0.2088 -0.8131 -0.5434
vn 0.4739 -0.8790 0.0525
vn 0.8127 -0.2057 0.5451
vn 0.8438 -0.3895 -0.3691
vn 0.6172 -0.3702 -0.6942
vn 0.2257 -0.3980 -0.8892
vn -0.3551 -0.8339 -0.4225
vn -0.5493 -0.4953 -0.6730
vn 0.6460 -0.6898 0.3270
vn -0.2647 -0.6238 -0.7354
vn 0.7987 -0.5219 0.2996
vn 0.6685 -0.7324 -0.1290
vn -0.0868 -0.5703 -0.8169
vn 0.8706 -0.4834 0.0911
vn 0.5887 -0.6753 -0.4442
vn -0.1214 -0.5622 -0.8180
vn 0.3038 -0.7612 -0.5730
vn 0.8098 -0.5762 -0.1106
vn 0.4066 -0.5118 -0.7568
vn 0.7210 -0.4606 -0.5177
vn 0.0030 -1.0000 0.0086
vn -0.0717 -0.9926 0.0985
vn -0.0691 -0.9968 0.0408
vn -0.0478 -0.9985 -0.0250
vn -0.0063 -0.9780 -0.2086
vn -0.1908 -0.9816 -0.0054
vn 0.0480 -0.9987 0.0175
vn 0.0498 -0.9985 0.0231
vn -0.0699 -0.9975 -0.0125
vn 0.1011 -0.9948 -0.0103
vn 0.0657 0.9974 0.0302
vn 0.0616 0.9980 0.0155
vn 0.0261 0.9994 -0.0217
vn 0.0716 0.9974 0.0034
vn -0.0469 0.9986 -0.0241
vn -0.0489 0.9983 -0.0306
vn 0.0228 0.9965 -0.0801
vn -0.0128 0.9977 -0.0664
vn -0.0230 0.9972 0.0718
vn 0.0137 0.9984 0.0558
vn 0.0063 0.9987 0.0500
vn -0.0657 0.9978 0.0091
vn -0.0544 0.9981 0.0299
vn -0.0563 0.9978 0.0338
vn -0.0192 0.9973 -0.0706
vn 0.8811 0.4420 -0.1684
vn 0.7061 -0.0146 -0.7080
vn 0.7229 0.0156 -0.6908
vn 0.9645 -0.0597 0.2571
vn 0.8938 0.1139 0.4338
vn 0.2596 -0.0609 0.9638
vn -0.5882 -0.3417 -0.7330
vn -0.0430 0.9962 0.0752
vn 0.0056 0.9995 0.0307
vn 0.0066 0.9995 0.0303
vn 0.1376 0.8584 -0.4943
vn 0.7418 0.3269 -0.5856
vn 0.5865 0.8100 -0.0025
vn -0.1716 0.9156 0.3637
vn -0.4393 0.8847 -0.1560
vn -0.6534 0.4943 0.5734
vn 0.5072 -0.0699 0.8590
vn 0.9623 0.1669 0.2148
vn 0.4521 0.7770 0.4382
vn 0.8566 -0.3843 -0.3442
vn 0.8469 -0.5305 -0.0372
vn 0.5753 -0.6541 -0.4912
vn 0.4285 -0.5824 -0.6907
vn 0.4386 -0.6414 -0.6295
vn 0.3804 -0.8769 0.2938
vn -0.0048 -0.3699 -0.9290
vn -0.0136 -0.8860 -0.4635
vn 0.3964 -0.6739 0.6234
vn 0.7443 -0.4666 0.4779
vn 0.5865 -0.4835 0.6498
vn 0.6961 -0.6935 0.1857
vn 0.7457 -0.6653 0.0364
vn 0.5186 -0.8220 -0.2354
vn 0.8223 -0.0002 0.5690
vn 0.9059 0.0215 0.4229
vn 0.8948 -0.0228 -0.4459
vn 0.6609 0.0300 -0.7499
vn -0.0356 -0.0098 -0.9993
vn 0.0825 -0.0275 -0.9962
vn -0.7212 0.0313 -0.6921
vn -0.9745 -0.0122 -0.2242
vn -0.9985 0.0069 -0.0539
vn -0.7119 -0.0097 0.7022
vn -0.5824 0.0135 0.8128
vn 0.1374 0.0090 0.9905
vn 0.1829 0.0149 0.9830
vn -0.9285 -0.3670 0.0571
vn -0.2630 -0.6447 -0.7178
vn 0.1044 -0.6527 0.7504
vn -0.5140 -0.5654 -0.6450
vn 0.0195 -0.4623 0.8865
vn -0.6221 -0.7235 -0.2991
vn -0.1620 -0.8457 0.5085
vn -0.6120 -0.7395 -0.2802
vn -0.1189 -0.3563 0.9268
vn -0.6026 -0.4302 -0.6722
vn -0.6732 -0.7345 0.0853
vn -0.6098 -0.7783 0.1497
vn -0.8581 -0.3212 -0.4005
vn -0.4789 -0.5081 0.7159
vn -0.4932 -0.5758 0.6521
vn -0.8573 -0.4492 -0.2515
vn -0.6541 -0.5799 0.4856
vn -0.8115 -0.4447 0.3791
vn -0.8833 -0.4459 0.1450
vn -0.0570 -0.9968 -0.0566
vn -0.0229 -0.9968 -0.0765
vn -0.0202 -0.9987 0.0470
vn -0.0092 -0.9980 0.0624
vn 0.0652 -0.9978 -0.0087
vn -0.0910 -0.9932 -0.0728
vn 0.0702 -0.9975 0.0037
vn 0.0062 -1.0000 0.0075
vn -0.0145 -0.9971 0.0740
vn -0.0687 -0.9973 0.0271
vn -0.0298 -0.9995 0.0130
vn -0.0127 -0.9997 0.0208
vn 0.0302 0.9990 0.0319
vn 0.0329 0.9992 0.0228
vn 0.0216 0.9994 0.0267
vn -0.0448 0.9980 0.0442
vn -0.0401 0.9988 0.0287
vn -0.0000 1.0000 -0.0000
vn -0.0186 0.9989 0.0430
vn 0.0036 0.9997 0.0257
vn -0.0262 0.9996 -0.0050
vn -0.0347 0.9992 0.0212
vn -0.0489 0.9987 -0.0113
vn -0.0594 0.9982 0.0006
vn 0.0002 1.0000 -0.0001
vn 0.8184 -0.4805 -0.3153
vn 0.7306 0.3253 -0.6003
vn 0.5803 -0.2618 -0.7712
vn 0.0719 0.1641 -0.9838
vn -0.0068 -0.2511 -0.9679
vn -0.5709 0.0640 -0.8185
vn -0.9237 -0.0234 0.3824
vn -0.9388 0.0143 0.3442
vn -0.7918 -0.0597 -0.6078
vn -0.6586 0.1139 -0.7438
vn 0.1304 -0.0609 -0.9896
vn 0.3453 0.1099 -0.9320
vn 0.9223 -0.0598 -0.3819
vn 0.9794 0.1087 -0.1703
vn 0.7918 -0.0610 0.6078
vn 0.6360 0.1084 0.7640
vn -0.1304 -0.0610 0.9896
vn -0.2263 0.0136 0.9740
vn 0.0514 0.9933 0.1035
vn -0.0309 0.9993 0.0213
vn -0.0228 0.9982 -0.0558
vn -0.3063 0.9391 0.1556
vn -0.2055 0.8870 -0.4134
vn 0.5474 0.6711 -0.5001
vn 0.6673 0.7064 0.2359
vn -0.9978 0.0585 0.0312
vn -0.9961 -0.0161 0.0873
vn -0.9995 0.0046 0.0297
vn -0.9955 -0.0910 0.0247
vn -0.9988 -0.0396 0.0276
vn -0.9980 -0.0142 -0.0622
vn -0.9987 0.0492 -0.0133
vn -0.9971 0.0698 -0.0305
vn -0.9972 -0.0055 -0.0752
vn -0.9948 -0.0721 -0.0723
vn -0.9981 -0.0550 -0.0291
vn -0.9484 -0.0307 0.3155
vn -0.0637 0.3053 0.9501
vn 0.1523 -0.0425 0.9874
vn -0.0371 -0.4359 0.8992
vn 0.0424 -0.8424 0.5372
vn -0.0920 -0.9376 0.3355
vn 0.1121 -0.9681 -0.2242
vn -0.0030 -0.8652 -0.5015
vn -0.0011 -0.8604 -0.5095
vn 0.0081 -0.7832 0.6217
vn -0.0331 -0.6687 0.7428
vn 0.0474 0.3042 0.9514
vn -0.0738 0.7527 0.6542
vn 0.0132 0.9707 -0.2398
vn -0.0265 0.9066 -0.4212
vn -0.0271 0.0193 -0.9994
vn -0.0206 -0.0083 -0.9998
vn -0.1038 -0.7190 -0.6873
vn 0.1001 -0.3998 -0.9111
vn -0.1000 0.0940 -0.9905
vn 0.1168 0.6434 -0.7566
vn 0.0298 0.5761 -0.8169
vn 0.0371 0.9969 -0.0695
vn 0.0225 0.9985 -0.0505
vn -0.0279 0.8089 0.5873
vn -0.0354 0.8027 0.5953
vn 0.9992 0.0211 -0.0350
vn 0.9999 0.0148 -0.0072
vn 0.9993 -0.0278 -0.0265
vn 0.9999 -0.0144 0.0065
vn 0.9996 -0.0190 0.0203
vn 0.9995 -0.0326 -0.0032
vn 0.9992 0.0079 -0.0392
vn 0.9999 0.0133 -0.0025
vn 0.9999 0.0133 -0.0024
vn 0.9994 -0.0061 0.0340
vn 0.9990 -0.0039 0.0456
vn 0.9995 0.0232 0.0231
vn 0.9994 0.0235 0.0236
vn 0.4605 0.0911 0.8830
vn 1.0000 0.0049 -0.0000
vn 0.5324 -0.4914 -0.6892
vn -0.0206 0.9483 -0.3168
vn 0.0133 0.9612 -0.2754
vn 0.0015 0.7191 0.6949
vn 0.2058 -0.2047 0.9570
vn -0.0969 -0.9373 0.3349
vn 0.3350 -0.7196 -0.6082
vn 0.0349 0.1699 -0.9848
vn -0.9596 0.2572 -0.1138
vn -0.9940 0.0397 -0.1018
vn -0.9984 0.0118 -0.0546
vn -0.8626 0.2699 0.4279
vn -0.1860 -0.6588 0.7290
vn -0.9280 -0.3722 0.0168
vn 0.9897 -0.0612 0.1294
vn 0.9971 0.0057 0.0763
vn 0.9966 0.0128 0.0816
vn 0.9967 0.0808 -0.0065
vn 0.9986 0.0517 -0.0110
vn 0.9985 -0.0006 -0.0540
vn 0.9980 0.0062 -0.0636
vn 0.9935 -0.0784 -0.0824
vn 0.9974 -0.0653 0.0297
vn 0.9993 -0.0381 0.0057
vn 0.9599 0.2782 -0.0354
vn -0.1645 0.9741 -0.1554
vn 0.0495 0.8910 -0.4514
vn -0.0148 0.2047 -0.9787
vn -0.0233 0.1963 -0.9803
vn 0.0216 -0.7410 -0.6711
vn -0.0451 -0.7885 -0.6134
vn 0.0452 -0.9410 -0.3353
vn 0.0145 -0.0299 -0.9994
vn 0.0088 -0.0111 -0.9999
vn 0.0281 0.8820 -0.4704
vn -0.0511 0.9955 -0.0799
vn 0.0476 0.7482 0.6617
vn -0.0142 0.1544 0.9879
vn 0.0072 0.0563 0.9984
vn 0.0384 -0.7213 0.6916
vn -0.0579 -0.9872 0.1487
vn 0.0712 -0.9783 0.1946
vn -0.1216 -0.8527 0.5080
vn 0.0923 -0.5213 0.8484
vn -0.1137 -0.1117 0.9872
vn 0.0717 0.5133 0.8552
vn -0.0410 0.6631 0.7474
vn 0.0499 0.9449 0.3234
vn -0.9998 0.0080 0.0163
vn -0.9998 0.0077 0.0164
vn -0.9999 0.0067 0.0086
vn -0.9998 0.0196 -0.0013
vn -0.9998 0.0185 -0.0019
vn -0.9989 -0.0123 0.0450
vn -0.9998 0.0160 -0.0108
vn -0.9998 -0.0119 -0.0141
vn -0.9990 0.0068 -0.0435
vn -0.9995 -0.0165 -0.0255
vn -0.9991 -0.0324 -0.0275
vn -0.4628 0.6766 -0.5727
vn -1.0000 -0.0000 -0.0000
vn -0.0251 0.4998 0.8658
vn 0.0211 0.5504 0.8346
vn -0.0313 0.9974 -0.0653
vn -0.0863 0.4080 -0.9089
vn -0.0579 -0.9410 -0.3334
vn 0.1065 -0.8834 -0.4564
vn 0.0032 -0.5000 0.8660
vn -0.0022 -0.5054 0.8629
vn 0.9989 -0.0148 0.0443
vn 0.9995 0.0271 0.0135
vn 0.9069 -0.4083 0.1042
vn 0.9317 0.3593 0.0537
vn -0.9977 -0.0682 -0.0010
vn -0.9947 -0.1010 0.0168
vn -0.9945 0.0250 -0.1019
vn -0.9968 0.0743 -0.0280
vn -0.9908 0.1163 -0.0687
vn -0.9991 0.0249 0.0339
vn -0.9965 0.0712 0.0437
vn -0.9992 -0.0184 0.0360
vn -0.9977 -0.0083 0.0667
vn -0.9993 -0.0099 -0.0371
vn -0.9966 -0.0673 -0.0469
vn -0.9579 -0.2801 0.0629
vn 0.0405 0.7703 0.6364
vn -0.0688 -0.0889 0.9937
vn 0.0574 -0.2372 0.9698
vn -0.0399 -0.8047 0.5924
vn 0.1273 -0.9440 0.3044
vn -0.0321 -0.9906 -0.1333
vn 0.0716 -0.8790 -0.4715
vn -0.0558 -0.8458 -0.5306
vn 0.0383 -0.9992 -0.0151
vn -0.0483 -0.7002 0.7123
vn 0.0054 -0.3511 0.9363
vn -0.0509 0.2875 0.9564
vn 0.0026 0.6606 0.7507
vn -0.0468 0.9555 0.2912
vn 0.0408 0.9420 -0.3330
vn -0.0587 0.4826 -0.8739
vn 0.0601 -0.1338 -0.9892
vn -0.0636 -0.6889 -0.7221
vn 0.0568 -0.2333 -0.9707
vn -0.0668 -0.0250 -0.9975
vn 0.1012 0.6533 -0.7503
vn -0.1472 0.8931 -0.4252
vn 0.0724 0.9957 -0.0571
vn -0.0463 0.7105 0.7022
vn 0.9991 0.0378 -0.0189
vn 0.9997 0.0237 0.0026
vn 0.9991 -0.0261 -0.0347
vn 0.9985 -0.0525 0.0181
vn 0.9995 -0.0305 -0.0123
vn 0.9995 -0.0303 -0.0061
vn 0.9983 0.0392 -0.0435
vn 0.9991 0.0420 -0.0083
vn 0.9995 0.0203 -0.0237
vn 0.9997 -0.0002 0.0234
vn 0.9981 -0.0613 0.0095
vn 0.9996 0.0162 -0.0226
vn 0.9911 0.0582 0.1199
vn 0.4606 0.0911 0.8829
vn 0.5173 -0.4969 -0.6968
vn 0.0255 0.9652 -0.2603
vn 0.2058 -0.2046 0.9570
vn -0.1041 -0.9443 0.3122
vn 0.4274 -0.6042 -0.6725
vn -0.0116 0.2723 -0.9621
vn -0.9966 -0.0627 0.0528
vn -0.9987 -0.0375 -0.0360
vn -0.8804 -0.3348 -0.3359
vn -0.1430 0.4784 -0.8664
vn -0.9114 0.3957 -0.1132
vn 0.9993 -0.0020 0.0379
vn 0.9946 -0.0533 0.0886
vn 0.9870 0.1191 0.1076
vn 0.9996 0.0288 -0.0022
vn 0.9931 0.1124 0.0345
vn 0.9963 -0.0181 -0.0834
vn 0.9942 0.0389 -0.1006
vn 0.9959 -0.0223 -0.0880
vn 0.9982 -0.0591 0.0088
vn 0.9930 -0.1163 -0.0196
vn 0.0977 0.9911 -0.0909
vn -0.0738 0.8971 -0.4356
vn 0.0690 0.6387 -0.7664
vn -0.1241 0.2472 -0.9610
vn 0.1642 -0.3400 -0.9260
vn -0.0585 -0.6863 -0.7249
vn 0.0748 -0.9869 -0.1427
vn 0.0459 -0.9930 -0.1086
vn 0.0413 -0.9849 -0.1681
vn 0.0210 -0.4847 -0.8744
vn -0.0525 -0.2117 -0.9759
vn 0.0459 0.6641 -0.7462
vn -0.0110 0.9969 -0.0783
vn -0.0421 0.9806 -0.1913
vn 0.0432 0.4751 0.8789
vn -0.0277 -0.0526 0.9982
vn 0.0538 -0.4844 0.8732
vn -0.0193 -0.9888 0.1477
vn -0.1092 -0.7740 0.6237
vn 0.1687 -0.4407 0.8817
vn -0.0960 0.0799 0.9922
vn 0.0870 0.5804 0.8096
vn -0.1385 0.8385 0.5270
vn -0.9998 -0.0132 -0.0117
vn -0.9997 0.0044 0.0245
vn -0.9997 0.0201 -0.0099
vn -0.9997 0.0233 -0.0090
vn -0.9985 0.0279 0.0478
vn -0.9997 0.0263 0.0008
vn -0.9999 -0.0112 0.0026
vn -0.9998 -0.0185 -0.0049
vn -0.9965 -0.0073 -0.0835
vn -0.9968 -0.0172 -0.0777
vn -0.9999 -0.0124 0.0012
vn -0.9999 -0.0138 0.0044
vn -0.4530 0.6805 -0.5759
vn -0.0193 0.5012 0.8651
vn -0.0181 0.4999 0.8659
vn -0.0050 1.0000 -0.0002
vn -0.1742 0.5095 -0.8426
vn -0.0725 -0.9401 -0.3331
vn 0.1559 -0.8493 -0.5043
vn 0.0156 -0.5263 0.8502
vn -0.0090 -0.5000 0.8660
vn 0.9982 -0.0591 0.0094
vn 0.9983 -0.0554 0.0161
vn 0.9188 0.3549 0.1725
vn 0.9071 -0.0398 -0.4191
vn -0.8536 -0.0341 -0.5198
vn -0.6154 0.0490 -0.7867
vn -0.1257 -0.0572 -0.9904
vn 0.4956 0.0556 -0.8668
vn 0.6969 -0.0237 -0.7168
vn 0.9942 0.0210 0.1054
vn 0.9837 -0.0113 0.1792
vn 0.2266 0.0118 0.9739
vn 0.1249 -0.0360 0.9915
vn -0.7316 0.0413 0.6805
vn -0.9071 -0.0504 0.4178
vn -0.9981 0.0320 -0.0521
vn 1.0000 -0.0080 -0.0024
vn 0.5915 0.0011 0.8063
vn 0.5730 0.0077 0.8195
vn -0.4360 -0.0090 0.8999
vn -0.4586 0.0002 0.8886
vn -0.9843 0.0074 -0.1762
vn -0.9866 0.0126 -0.1625
vn -0.4948 -0.0245 -0.8687
vn -0.2440 0.0343 -0.9692
vn 0.4534 -0.0321 -0.8907
vn 0.6151 0.0141 -0.7883
vn 0.9996 -0.0002 -0.0286
vn -0.1266 -0.8273 -0.5473
vn 0.1104 0.8787 -0.4645
vn 0.0383 0.9992 0.0063
vn 0.0439 0.9990 0.0022
vn 0.0066 0.9991 0.0421
vn 0.0186 0.9991 0.0393
vn 0.0208 0.9991 0.0365
vn 0.0268 0.9991 0.0340
vn 0.0154 0.9994 -0.0319
vn 0.0420 0.9991 0.0062
vn -0.0131 0.9996 0.0258
vn -0.0321 0.9985 -0.0438
vn -0.1035 0.9941 0.0309
vn 0.0306 0.9995 -0.0091
vn 0.0313 0.9991 -0.0276
vn -0.0377 0.9990 0.0248
vn -0.0234 0.9987 -0.0460
vn -0.0561 0.9984 0.0043
vn -0.0389 0.9992 0.0001
vn -0.0591 0.9981 0.0190
vn -0.0291 -0.9996 -0.0015
vn -0.0169 -0.9996 -0.0216
vn -0.0499 -0.9981 -0.0359
vn -0.0562 -0.9982 -0.0187
vn -0.0172 -0.9977 0.0650
vn 0.0158 -0.9988 0.0469
vn 0.0104 -0.9989 0.0447
vn 0.0417 -0.9991 0.0044
vn 0.0522 -0.9983 0.0263
vn -0.0276 -0.9978 0.0598
vn 0.0576 -0.9982 -0.0189
vn 0.0532 -0.9979 -0.0363
vn 0.0233 -0.9989 -0.0408
vn 0.0509 -0.9985 0.0210
vn -0.0243 -0.9997 -0.0100
vn -0.0325 -0.9990 0.0302
vn 0.0498 -0.9981 0.0364
vn -0.0340 -0.9990 0.0292
vn -0.8675 -0.0101 -0.4974
vn -0.8420 0.0087 -0.5395
vn -0.1459 -0.0011 -0.9893
vn -0.1259 -0.0080 -0.9920
vn 0.6628 0.0080 -0.7487
vn 0.6971 -0.0080 -0.7169
vn 0.9996 0.0076 0.0256
vn 0.9974 -0.0069 0.0716
vn 0.6582 0.0073 0.7528
vn 0.6225 -0.0087 0.7826
vn -0.2213 0.0087 0.9752
vn -0.2664 -0.0073 0.9638
vn -0.8928 0.0078 0.4503
vn -0.9015 0.0005 0.4328
vn 0.6151 0.0008 0.7884
vn 0.5977 0.0066 0.8017
vn -0.2442 -0.0070 0.9697
vn -0.2951 0.0083 0.9554
vn -0.9666 -0.0083 0.2561
vn -0.9717 -0.0024 0.2364
vn -0.8298 0.0073 -0.5579
vn -0.7357 -0.0300 -0.6766
vn 0.0793 0.0485 -0.9957
vn 0.3964 -0.0518 -0.9166
vn 0.9877 0.0364 -0.1518
vn -0.0059 0.9986 0.0534
vn 0.0006 0.9984 0.0558
vn 0.0253 0.9994 0.0232
vn 0.0290 0.9993 0.0226
vn 0.0275 0.9991 -0.0334
vn 0.0447 0.9989 -0.0170
vn 0.0478 0.9988 -0.0127
vn -0.0140 0.9994 0.0324
vn -0.0243 0.9992 -0.0312
vn -0.0153 0.9990 -0.0428
vn 0.0084 0.9994 -0.0334
vn -0.0062 0.9990 -0.0438
vn 0.0477 0.9987 -0.0181
vn -0.0442 0.9988 0.0226
vn -0.0408 0.9987 0.0296
vn -0.0290 0.9991 -0.0293
vn -0.0352 0.9994 -0.0034
vn -0.0633 -0.9979 -0.0113
vn -0.0462 -0.9985 -0.0296
vn -0.0460 -0.9985 -0.0281
vn -0.0073 -0.9995 0.0322
vn 0.0290 -0.9983 0.0515
vn 0.0370 -0.9993 0.0010
vn 0.0549 -0.9983 0.0173
vn -0.0383 -0.9983 0.0432
vn 0.0322 -0.9988 -0.0364
vn 0.0291 -0.9989 -0.0372
vn 0.0229 -0.9982 -0.0556
vn 0.0129 -0.9982 -0.0591
vn -0.0235 -0.9985 -0.0497
vn -0.0068 -0.9989 -0.0461
vn -0.0336 -0.9984 0.0460
vn -0.0357 -0.9992 0.0180
vn 0.0502 -0.9979 0.0412
vn 0.0368 -0.9984 0.0421
vn -0.0592 -0.9982 0.0021
vn -0.2700 -0.9473 0.1721
vn -0.2158 -0.9762 0.0203
vn 0.9756 -0.1988 -0.0927
vn 0.9576 -0.2768 0.0798
vn 0.7979 -0.6024 -0.0199
vn 0.7950 -0.6059 -0.0299
vn 0.5590 -0.8288 0.0257
vn 0.5344 -0.8448 -0.0257
vn 0.2596 -0.9654 0.0257
vn 0.1952 -0.9768 -0.0884
vn -0.0454 -0.9932 0.1072
vn -0.1921 -0.9814 0.0011
vn -0.2210 -0.9651 -0.1403
vn -0.3987 -0.9099 0.1149
vn -0.4314 -0.9007 -0.0517
vn -0.6520 -0.7574 -0.0338
vn -0.6418 -0.7618 -0.0880
vn -0.7171 -0.6969 0.0075
vn -0.6890 -0.7126 0.1320
vn -0.7252 -0.6885 -0.0079
vn -0.8068 -0.5813 -0.1063
vn -0.9270 -0.3632 0.0933
vn -0.9470 -0.3211 0.0053
vn -0.9951 -0.0914 -0.0367
vn -0.9843 -0.1766 -0.0001
vn -0.9798 -0.2000 0.0023
vn -0.8018 -0.5976 -0.0024
vn -0.7953 -0.6062 -0.0012
vn -0.5346 -0.8451 0.0031
vn -0.4435 -0.8963 -0.0045
vn -0.2005 -0.9797 0.0045
vn -0.0972 -0.9953 -0.0031
vn 0.2312 -0.9729 0.0009
vn 0.2357 -0.9718 0.0013
vn 0.5554 -0.8316 -0.0013
vn 0.5850 -0.8111 0.0022
vn 0.8667 -0.4988 -0.0024
vn 0.8746 -0.4848 -0.0006
vn 0.9883 -0.1524 0.0024
vn 0.9933 -0.1154 -0.0003
vn -0.9890 -0.1475 -0.0131
vn -0.9742 -0.2013 0.1018
vn -0.8509 -0.4992 -0.1640
vn -0.8142 -0.5805 0.0104
vn -0.7728 -0.5945 0.2220
vn -0.3817 -0.8745 -0.2993
vn -0.5210 -0.8159 0.2507
vn -0.6511 -0.7394 -0.1713
vn -0.2724 -0.9427 0.1927
vn 0.9962 -0.0837 0.0241
vn 0.9717 -0.2073 -0.1133
vn 0.9443 -0.3202 0.0758
vn 0.7979 -0.6024 -0.0222
vn 0.7949 -0.6058 -0.0334
vn 0.5590 -0.8287 0.0288
vn 0.5343 -0.8448 -0.0288
vn 0.2596 -0.9653 0.0288
vn 0.2311 -0.9725 -0.0288
vn -0.0456 -0.9987 0.0245
vn -0.0823 -0.9961 -0.0312
vn -0.0753 -0.9966 -0.0337
vn 0.2700 0.9345 0.2321
vn 0.3727 0.8636 -0.3396
vn 0.5166 0.8063 0.2881
vn 0.6346 0.7376 -0.2308
vn 0.7756 0.6139 0.1470
vn -0.5572 0.8296 -0.0360
vn -0.2596 0.9652 0.0305
vn -0.2311 0.9725 -0.0305
vn 0.0456 0.9986 0.0260
vn 0.0822 0.9961 -0.0329
vn 0.0807 0.9962 -0.0335
vn -0.5488 0.8338 -0.0604
vn -0.9834 0.1811 0.0130
vn -0.9839 0.1771 0.0228
vn -0.8521 0.5158 -0.0889
vn -0.8089 0.5798 0.0981
vn -0.9837 0.1797 -0.0000
vn -0.9794 0.2019 -0.0022
vn -0.8166 0.5772 0.0022
vn -0.7953 0.6062 -0.0013
vn -0.5592 0.8290 0.0011
vn -0.5346 0.8451 -0.0011
vn -0.2357 0.9718 0.0013
vn -0.2312 0.9729 0.0009
vn 0.1284 0.9917 -0.0035
vn 0.2005 0.9797 0.0035
vn 0.5554 0.8316 -0.0012
vn 0.5384 0.8427 0.0012
vn 0.8166 0.5772 -0.0035
vn 0.8566 0.5160 0.0035
vn 0.9854 0.1705 -0.0010
vn 0.9844 0.1760 -0.0004
vn 0.9961 0.0884 0.0044
vn 0.9861 0.1471 -0.0777
vn 0.9357 0.3438 0.0790
vn 0.8529 0.5002 -0.1494
vn 0.8026 0.5965 0.0125
vn -0.8623 0.4980 -0.0919
vn -0.6215 0.7663 0.1630
vn -0.4913 0.8687 -0.0623
vn -0.2830 0.9563 0.0729
vn -0.1953 0.9764 -0.0926
vn 0.0821 0.9863 0.1433
vn 0.3543 0.9309 0.0887
vn 0.2677 0.9632 0.0237
vn 0.1899 0.9817 0.0109
vn 0.2176 0.9635 -0.1561
vn 0.3824 0.8809 0.2788
vn 0.7107 0.7032 0.0218
vn 0.6589 0.7329 0.1696
vn 0.7117 0.7009 -0.0469
vn 0.6276 0.7731 0.0919
vn 0.4866 0.7881 -0.3771
vn 0.9821 0.1801 0.0545
vn 0.9884 0.1495 -0.0281
vn 0.8697 0.4884 0.0709
vn 0.8278 0.5573 -0.0652
vn 0.7396 0.6729 -0.0135
vn -0.9980 0.0163 0.0607
vn -0.9733 0.1993 -0.1139
vn -0.9469 0.3138 0.0696
vn -0.8113 0.5845 -0.0137
vn -0.8024 0.5955 -0.0391
vn 0.3698 0.8723 0.3198
vn 0.5980 0.7828 -0.1723
vn -0.3973 -0.8446 -0.3588
vn -0.6470 -0.7619 -0.0296
vn -0.5264 -0.8346 0.1624
vn 0.2045 0.0882 -0.9749
vn 0.1535 0.2161 0.9642
vn 0.0167 0.2022 0.9792
vn -0.9562 0.2926 0.0006
vn -0.9464 0.3230 -0.0085
vn -0.5438 0.8390 -0.0182
vn -0.6586 0.7523 0.0182
vn -0.0020 0.9999 0.0111
vn 0.0084 0.9999 -0.0054
vn 0.6607 0.7506 -0.0053
vn 0.6298 0.7767 0.0063
vn 0.9525 0.3045 0.0033
vn 0.9573 0.2891 -0.0012
vn -0.3527 0.1959 0.9150
vn -0.1084 -0.3431 0.9330
vn -0.1133 -0.0189 -0.9934
vn 0.0009 -0.0003 -1.0000
vn 0.0710 -0.0194 -0.9973
vn -0.0010 -0.0003 -1.0000
vn -0.0528 -0.0137 -0.9985
vn 0.1286 -0.0246 -0.9914
vn -0.1174 0.0186 -0.9929
vn -0.0303 -0.0092 -0.9995
vn 0.0247 -0.0063 -0.9997
vn -0.0003 -0.0002 -1.0000
vn 0.0782 0.0120 -0.9969
vn -0.0105 -0.0344 -0.9994
vn 0.1449 -0.1091 -0.9834
vn 0.0001 0.0099 -1.0000
vn 0.0042 -0.0175 -0.9998
vn -0.3510 -0.1148 -0.9293
vn 0.0479 -0.1068 -0.9931
vn 0.0412 -0.0988 -0.9943
vn 0.0003 -0.0018 -1.0000
vn -0.0002 -0.0052 -1.0000
vn -0.0001 -0.0116 -0.9999
vn 0.0006 0.0002 -1.0000
vn -0.1290 -0.1727 -0.9765
vn -0.0765 0.0055 -0.9971
vn 0.0099 -0.0623 -0.9980
vn -0.0589 -0.1553 -0.9861
vn -0.0029 -0.0020 -1.0000
vn 0.0360 -0.0742 -0.9966
vn 0.0012 -0.0009 -1.0000
vn 0.0099 -0.0113 -0.9999
vn -0.0016 0.0004 -1.0000
vn -0.0001 -0.0095 -1.0000
vn 0.8387 0.4641 0.2850
vn 0.6303 0.7492 -0.2034
vn -0.5634 0.8102 0.1617
vn -0.7753 0.6177 -0.1320
vn -0.9485 -0.2850 0.1384
vn -0.8191 -0.5627 -0.1111
vn 0.0951 -0.9897 -0.1066
vn 0.3987 -0.9028 0.1610
vn 0.8672 -0.4808 -0.1296
vn 0.9982 -0.0220 -0.0555
vn 0.8900 0.3317 0.3127
vn 0.0746 0.9255 -0.3712
vn -0.4888 0.8366 0.2471
vn -0.9805 0.1349 -0.1431
vn -0.9047 -0.3753 0.2017
vn -0.6151 -0.7836 -0.0869
vn 0.2746 -0.9346 0.2260
vn 0.3355 -0.9283 0.1603
vn 0.9769 0.0064 0.2135
vn 0.4763 0.8754 -0.0820
vn 0.2346 0.9536 0.1885
vn -0.8761 0.4634 -0.1329
vn -0.9500 0.2421 0.1974
vn -0.3188 -0.9245 -0.2087
vn -0.0008 -0.9651 0.2617
vn 0.9434 -0.3091 -0.1205
vn -0.2542 0.3843 -0.8875
vn 0.1942 0.9600 0.2018
vn 0.4718 0.1561 -0.8678
vn 0.9212 -0.2356 -0.3097
vn 0.1603 -0.5455 -0.8227
vn -0.0640 -0.8959 -0.4397
vn -0.5839 -0.2354 -0.7769
vn -0.9720 -0.0275 -0.2333
vn -0.3624 0.5030 -0.7847
vn -0.3109 0.9286 -0.2025
vn 0.5200 0.3024 -0.7988
vn 0.7902 0.2700 -0.5501
vn 0.2002 -0.8156 -0.5428
vn -0.7216 -0.3777 -0.5801
vn -0.4488 0.1314 -0.8839
vn 0.0079 0.9987 -0.0497
vn 0.1844 0.7274 -0.6610
vn 0.7238 0.0103 -0.6899
vn 0.8415 -0.0686 -0.5358
vn 0.0138 -0.7452 -0.6666
vn 0.0787 -0.6026 -0.7941
vn -0.9621 -0.2667 -0.0563
vn -0.9990 0.0440 -0.0071
vn -0.9995 0.0318 0.0002
vn -0.9750 0.0067 -0.2219
vn 0.8992 0.1271 -0.4188
vn 0.9957 0.0062 -0.0928
vn 0.9998 0.0190 -0.0087
vn 0.9992 0.0389 0.0010
vn 0.5240 -0.8507 0.0411
vn 0.6267 -0.7462 -0.2244
vn 0.8885 -0.4329 0.1524
vn 0.0416 0.9065 0.4202
vn 0.0012 1.0000 0.0018
vn 0.0343 0.8998 -0.4349
vn 0.0005 1.0000 0.0082
vn -0.0000 0.9999 -0.0139
vn 0.0014 1.0000 0.0035
vn 0.0014 1.0000 -0.0000
vn 0.0013 1.0000 -0.0000
vn 0.0013 1.0000 -0.0098
vn 0.0119 0.9646 -0.2635
vn -0.8182 -0.5747 0.0140
vn -0.8065 -0.5902 -0.0350
vn -0.0270 -0.9943 0.1028
vn -0.0099 -0.9874 0.1581
vn -0.0250 -0.9996 -0.0126
vn 0.0065 -0.9994 0.0325
vn 0.0069 -0.9993 -0.0378
vn 0.0020 -0.9999 0.0142
vn 0.0020 -1.0000 0.0004
vn -0.0030 -1.0000 -0.0001
vn -0.0030 -0.9908 -0.1357
vn -0.0083 -0.9699 -0.2433
vn 0.0011 0.0010 1.0000
vn 0.0003 -0.0009 1.0000
vn -0.0000 -0.0005 1.0000
vn -0.0001 -0.0006 1.0000
vn -0.0000 -0.0007 1.0000
vn -0.0003 0.0001 1.0000
vn -0.0002 0.0001 1.0000
vn 0.0010 0.0015 1.0000
vn 0.0018 0.0001 1.0000
vn 0.0006 -0.0006 1.0000
vn 0.0003 -0.0001 1.0000
vn -0.0022 -0.0029 1.0000
vn -0.0008 0.0027 1.0000
vn -0.0001 -0.0003 1.0000
vn -0.0005 -0.0004 1.0000
vn 0.0008 0.0027 1.0000
vn 0.0022 -0.0005 1.0000
vn 0.0004 0.0029 1.0000
vn 0.0032 -0.0008 1.0000
vn -0.0002 -0.0008 1.0000
vn 0.0001 -0.0001 1.0000
vn -0.0150 -0.0016 0.9999
vn -0.0074 0.0091 0.9999
vn 0.0124 -0.0001 0.9999
vn -0.0001 0.0022 1.0000
vn -0.0003 -0.0004 1.0000
vn 0.0073 0.0197 0.9998
vn 0.0265 0.0038 0.9996
vn -0.0243 -0.0282 0.9993
vn 0.0002 -0.0002 1.0000
vn 0.0119 -0.0012 0.9999
vn -0.0012 -0.0087 1.0000
vn -0.0010 0.0015 1.0000
vn -0.0018 -0.0015 1.0000
vn -0.0001 0.0048 1.0000
vn 0.0022 -0.0008 1.0000
vn -0.0008 -0.0005 1.0000
vn -0.0007 -0.0023 1.0000
vn 0.0001 -0.0002 1.0000
vn 0.0121 0.0011 0.9999
vn 0.0005 -0.0078 1.0000
vn 0.0084 -0.0057 -0.9999
vn -0.0047 0.0051 -1.0000
vn -0.0014 -0.0005 -1.0000
vn 0.0014 -0.0001 -1.0000
vn -0.0075 0.0051 -1.0000
vn 0.0014 0.0044 -1.0000
vn 0.0012 0.0009 -1.0000
vn 0.0047 -0.0051 -1.0000
vn 0.0009 -0.0005 -1.0000
vn -0.0002 0.0001 -1.0000
vn -0.0007 0.0002 -1.0000
vn -0.0066 -0.0176 -0.9998
vn -0.0046 -0.0088 -1.0000
vn 0.0133 0.0259 -0.9996
vn 0.0049 0.0115 -0.9999
vn -0.0035 -0.0072 -1.0000
vn -0.8213 -0.5703 0.0165
vn -0.7996 -0.5912 -0.1056
vn 0.6191 -0.7850 0.0211
vn 0.6425 -0.7483 -0.1654
vn 0.9901 0.1403 0.0015
vn 0.8872 0.4604 -0.0305
vn -0.8902 0.4550 -0.0211
vn -0.7874 0.6139 -0.0548
vn -0.9428 0.3333 0.0076
vn -0.9550 0.2958 -0.0208
vn -0.9438 0.3305 0.0073
vn -0.7879 0.6143 -0.0430
vn -0.8143 0.5342 -0.2269
vn -0.8562 0.5167 0.0033
vn -0.9381 0.3464 0.0005
vn -0.8754 0.4831 -0.0180
vn -0.8476 0.5306 0.0046
vn -0.9403 0.3402 0.0106
vn -0.8369 0.5473 -0.0045
vn -0.8704 0.4924 0.0005
vn -0.9972 0.0750 -0.0012
vn -0.9981 0.0624 -0.0000
vn -0.0238 -0.9997 -0.0039
vn -0.0053 -0.9999 -0.0087
vn -0.0171 -0.9998 0.0077
vn -0.0013 -1.0000 -0.0000
vn -0.0014 -1.0000 -0.0000
vn -0.0850 -0.9964 0.0005
vn -0.0259 -0.9996 0.0061
vn -0.8742 0.4855 0.0079
vn -0.8954 0.4452 -0.0085
vn 0.7863 -0.1684 -0.5944
vn 0.4500 0.0845 -0.8891
vn -0.5116 -0.0514 -0.8577
vn -0.7511 0.0175 -0.6600
vn 0.9599 0.0916 0.2651
vn 0.9419 0.1467 0.3021
vn -0.0670 0.0170 0.9976
vn 0.2874 -0.1028 0.9523
vn -0.9088 0.0077 0.4171
vn -0.9374 -0.0151 0.3479
vn -0.0451 -0.0356 -0.9983
vn -0.4118 0.1573 -0.8976
vn -0.9546 -0.0644 -0.2910
vn -0.8908 0.1281 0.4359
vn -0.9448 0.2219 0.2411
vn -0.0114 -0.0665 0.9977
vn 0.4582 0.1399 0.8778
vn 0.8537 0.0119 0.5207
vn 0.9511 0.0975 -0.2931
vn 0.9198 0.0388 -0.3906
vn -0.0660 0.9978 0.0036
vn -0.1478 0.9803 -0.1310
vn -0.0061 0.9961 -0.0883
vn 0.1213 0.9638 -0.2372
vn 0.0820 0.9966 -0.0096
vn -0.1394 0.9881 0.0646
vn -0.0172 0.9948 0.1002
vn -0.0076 0.9913 0.1317
vn 0.1403 0.9890 0.0460
vn 0.1733 0.9837 0.0475
vn -0.6524 -0.7523 -0.0919
vn -0.4234 0.9059 0.0036
vn -0.4077 0.9131 -0.0062
vn -0.1854 0.9826 0.0034
vn -0.1814 0.9834 0.0018
vn 0.9539 -0.3000 -0.0014
vn 0.9629 -0.2696 0.0108
vn -0.9916 0.1293 -0.0000
vn -0.9893 0.1457 -0.0018
vn -0.0269 -0.9995 -0.0176
vn 0.0057 -1.0000 0.0011
vn -0.5526 -0.8331 0.0241
vn -0.7982 -0.6020 -0.0222
vn -0.9037 -0.4281 0.0032
vn 0.5520 -0.8338 0.0028
vn 0.5694 -0.8221 -0.0036
vn 0.9464 0.3226 -0.0154
vn 0.8451 0.5342 0.0189
vn 0.5499 0.8351 -0.0158
vn 0.3505 0.9365 0.0086
vn 0.1840 0.9829 -0.0018
vn 0.2058 0.9785 -0.0105
vn 0.4089 0.9122 0.0251
vn 0.4547 0.8906 0.0020
vn -0.9563 -0.2925 -0.0006
vn -0.9595 -0.2816 -0.0050
vn -0.5792 0.8152 -0.0060
vn -0.6272 0.7789 0.0054
vn -0.9548 0.2973 -0.0010
vn -0.9561 0.2930 -0.0018
vn 0.9920 0.1266 -0.0000
vn 0.9897 0.1431 0.0018
vn -0.0147 -0.9999 0.0050
vn 0.0132 -0.9997 0.0213
vn -0.6533 -0.7569 0.0169
vn -0.5542 -0.8322 -0.0169
vn 0.8537 -0.5207 -0.0012
vn 0.7967 -0.6042 0.0167
vn 0.4364 -0.8995 -0.0226
vn -0.0335 0.0192 -0.9993
vn -0.0072 -0.0642 -0.9979
vn 0.0001 -0.0000 -1.0000
vn -0.0520 0.0221 -0.9984
vn -0.0070 -0.0041 -1.0000
vn 0.0007 -0.0006 -1.0000
vn -0.0002 -0.0000 -1.0000
vn 0.0001 0.0001 -1.0000
vn 0.0276 -0.0007 -0.9996
vn 0.0257 -0.0374 -0.9990
vn 0.0703 0.0429 -0.9966
vn -0.0021 -0.0158 -0.9999
vn -0.0008 -0.0003 -1.0000
vn 0.0002 -0.0002 -1.0000
vn 0.0116 -0.9999 -0.0040
vn 0.0127 -0.9999 -0.0038
vn 0.0455 -0.9990 -0.0002
vn 0.0011 -1.0000 0.0052
vn 0.0119 -0.9999 0.0023
vn 0.9975 0.0706 0.0012
vn 0.9983 0.0584 -0.0000
vn 0.8377 0.5461 -0.0060
vn 0.8734 0.4871 -0.0004
vn 0.9406 0.3394 0.0094
vn 0.8569 0.5155 0.0024
vn 0.8744 0.4850 -0.0125
vn 0.9443 0.3290 0.0057
vn 0.9408 0.3387 -0.0108
vn 0.9629 0.2697 0.0092
vn 0.8226 0.5477 -0.1528
vn 0.9362 0.3515 -0.0043
vn 0.8447 0.5352 0.0064
vn 0.8770 0.4803 0.0126
vn 0.9134 0.4068 -0.0162
vn 0.9937 -0.0218 0.1096
vn 0.4233 0.1115 0.8991
vn 0.4296 0.1074 0.8966
vn -0.6346 -0.0730 0.7694
vn -0.9790 0.1272 0.1594
vn -0.9794 0.1314 0.1533
vn -0.4577 -0.0408 -0.8882
vn -0.0887 0.1287 -0.9877
vn 0.6399 -0.0364 -0.7676
vn 0.9490 0.1088 -0.2958
vn 0.9951 0.0456 -0.0881
vn 0.9666 -0.0297 0.2547
vn 0.1737 -0.0010 0.9848
vn 0.1190 0.0660 0.9907
vn -0.9495 -0.2207 0.2231
vn -0.8717 0.0139 0.4899
vn -0.8802 0.3037 -0.3646
vn 0.0030 0.0972 -0.9953
vn -0.7202 -0.1502 -0.6773
vn 0.4285 -0.0620 -0.9014
vn -0.3577 -0.9126 0.1978
vn -0.1898 0.9786 -0.0791
vn -0.0325 0.9952 -0.0923
vn 0.0020 0.9740 -0.2267
vn 0.0476 0.9961 -0.0739
vn 0.2542 0.9669 -0.0224
vn 0.0985 0.9948 0.0243
vn 0.0470 0.9959 0.0779
vn 0.0341 0.9613 0.2735
vn -0.0747 0.9963 0.0426
vn -0.0806 0.9954 0.0523
vn -0.0001 -0.0000 1.0000
vn 0.0002 -0.0001 1.0000
vn -0.0001 -0.0001 1.0000
vn -0.0000 0.0001 1.0000
vn 0.0001 -0.0000 1.0000
vn 0.0001 0.0001 1.0000
vn -0.0000 -0.0001 1.0000
vn -0.5901 0.8073 -0.0097
vn -0.3984 0.9171 0.0166
vn 0.7631 0.6457 -0.0276
vn 0.9727 0.2293 0.0350
vn 0.3704 -0.9285 -0.0264
vn 0.2636 -0.9646 -0.0122
vn -0.9167 -0.3995 -0.0027
vn -0.9411 -0.3379 -0.0110
vn -0.3567 0.4421 -0.8230
vn 0.4637 0.8530 0.2394
vn 0.5475 0.1176 -0.8285
vn 0.9502 -0.3116 0.0078
vn 0.0341 -0.6968 -0.7165
vn -0.3043 -0.1407 -0.9421
vn -0.4451 0.8950 -0.0283
vn -0.3020 0.9532 -0.0135
vn 0.4552 0.8904 -0.0069
vn 0.8606 0.5070 -0.0485
vn 0.9569 -0.2886 0.0319
vn 0.2081 -0.9775 -0.0332
vn -0.2201 -0.9754 0.0155
vn -0.9843 -0.1739 -0.0307
vn -0.9910 0.1340 -0.0027
vn 0.6834 -0.0328 -0.7293
vn 0.3305 -0.9239 -0.1928
vn -0.2832 -0.4429 -0.8507
vn -0.7830 0.6218 0.0181
vn -0.1625 0.9852 -0.0547
vn 0.3281 0.9446 -0.0113
vn 0.9884 -0.1520 -0.0057
vn 0.9989 -0.0388 -0.0257
vn 0.0967 -0.9953 0.0085
vn -0.8221 -0.5647 -0.0725
vn -0.7025 -0.7105 -0.0412
vn 0.1937 -0.0396 -0.9803
vn 0.9562 0.2926 -0.0006
vn 0.9464 0.3230 0.0085
vn 0.5438 0.8390 0.0182
vn 0.6586 0.7523 -0.0182
vn 0.0020 0.9999 -0.0111
vn 0.0022 0.9999 -0.0113
vn -0.6947 0.7193 0.0046
vn -0.6298 0.7766 -0.0148
vn -0.2969 0.9548 0.0157
vn -0.9525 0.3045 -0.0033
vn -0.9573 0.2891 0.0012
vn 0.4932 -0.5765 -0.6515
vn -0.3271 -0.1486 -0.9332
vn 0.1653 -0.0153 0.9861
vn -0.1488 -0.0198 0.9887
vn -0.0000 0.0029 1.0000
vn -0.0023 0.0170 0.9999
vn 0.0837 0.0014 0.9965
vn -0.0131 0.0372 0.9992
vn 0.0091 0.1810 0.9834
vn -0.0000 -0.0141 0.9999
vn -0.0003 0.0010 1.0000
vn -0.0004 -0.0002 1.0000
vn -0.0453 -0.1964 0.9795
vn -0.0249 -0.1708 0.9850
vn -0.0964 -0.1366 0.9859
vn 0.0026 0.1016 0.9948
vn -0.0006 -0.0010 1.0000
vn -0.0003 0.0012 1.0000
vn -0.1424 -0.0526 0.9884
vn 0.1047 0.0182 0.9943
vn 0.0001 -0.0004 1.0000
vn -0.2711 -0.1129 0.9559
vn 0.0588 -0.0898 0.9942
vn 0.0268 -0.1336 0.9907
vn 0.0003 0.0003 1.0000
vn -0.0000 -0.0010 1.0000
vn 0.0014 -0.0055 1.0000
vn -0.0414 -0.1016 0.9940
vn 0.0272 0.1230 0.9920
vn -0.0003 -0.0002 1.0000
vn -0.0020 -0.0021 1.0000
vn 0.0010 0.0005 1.0000
vn 0.0007 -0.0023 1.0000
vn -0.0001 -0.0067 1.0000
vn -0.2569 -0.0329 0.9659
vn -0.0074 -0.0191 0.9998
vn -0.9480 0.3083 0.0784
vn -0.7268 0.6376 -0.2553
vn -0.1529 0.9879 0.0259
vn 0.3764 0.9177 -0.1273
vn 0.5855 0.8077 0.0687
vn 0.9621 0.2454 -0.1188
vn 0.8700 -0.4243 0.2511
vn 0.3479 -0.9018 -0.2564
vn -0.4726 -0.8574 0.2038
vn -0.7790 -0.5799 -0.2387
vn -0.8850 0.4515 0.1136
vn -0.6702 0.7245 -0.1611
vn -0.2160 0.9761 0.0218
vn 0.5058 0.8352 -0.2159
vn 0.8192 0.4938 0.2918
vn 0.7545 -0.5873 -0.2930
vn 0.5757 -0.8158 0.0548
vn -0.3382 -0.9399 0.0474
vn -0.7322 -0.5924 -0.3360
vn -0.9543 -0.2984 -0.0157
vn -0.6094 0.7797 -0.1440
vn -0.5571 0.8043 -0.2067
vn 0.5456 0.8215 0.1658
vn 0.8574 0.3963 -0.3285
vn 0.9997 -0.0200 0.0168
vn 0.3203 -0.9442 -0.0772
vn 0.3004 -0.9481 -0.1044
vn -0.8884 -0.4159 0.1943
vn -0.9692 -0.2464 -0.0056
vn 0.2800 0.4975 0.8210
vn 0.0866 0.9848 0.1503
vn -0.3621 0.4035 0.8403
vn -0.9930 0.0215 0.1165
vn -0.3870 -0.2989 0.8723
vn -0.0282 -0.9850 0.1702
vn 0.4096 -0.3179 0.8551
vn 0.9251 -0.1739 0.3375
vn 0.9595 0.1301 0.2498
vn 0.2143 0.5220 0.8256
vn 0.0096 0.8385 0.5449
vn -0.3683 0.3268 0.8704
vn -0.9032 0.0523 0.4261
vn -0.4467 -0.3282 0.8323
vn -0.3806 -0.8116 0.4431
vn 0.3984 -0.4515 0.7984
vn 0.9010 0.1354 0.4121
vn 0.5425 0.2352 0.8065
vn -0.1872 0.9706 0.1517
vn -0.3362 0.4388 0.8334
vn -0.8971 -0.2998 0.3246
vn 0.0537 -0.6368 0.7691
vn -0.6396 -0.3039 -0.7061
vn 0.9990 0.0440 0.0071
vn 0.9995 0.0318 -0.0002
vn 0.9731 0.0058 0.2301
vn -0.8927 0.1262 0.4325
vn -0.9944 0.0042 0.1054
vn -0.9998 0.0190 0.0087
vn -0.9992 0.0389 -0.0010
vn -0.7976 -0.5987 -0.0742
vn -0.8198 -0.5726 0.0105
vn -0.0027 0.9998 -0.0202
vn -0.0015 1.0000 -0.0065
vn -0.0022 1.0000 0.0020
vn -0.0005 1.0000 -0.0082
vn -0.0000 0.9999 0.0139
vn -0.0014 1.0000 -0.0035
vn -0.0013 1.0000 -0.0000
vn -0.0013 1.0000 0.0098
vn -0.0013 1.0000 0.0096
vn 0.8182 -0.5747 -0.0140
vn 0.8065 -0.5902 0.0350
vn 0.0270 -0.9943 -0.1028
vn 0.0035 -0.9736 -0.2281
vn 0.0250 -0.9996 0.0126
vn -0.0223 -0.9973 -0.0698
vn -0.0346 -0.9956 0.0872
vn 0.0528 -0.6029 -0.7961
vn 0.0872 -0.9962 0.0089
vn 0.0030 -1.0000 0.0001
vn 0.0028 -0.9233 0.3841
vn 0.0014 -0.9334 0.3589
vn 0.8213 -0.5703 -0.0165
vn 0.7996 -0.5911 0.1056
vn -0.8047 -0.5922 -0.0408
vn -0.8139 -0.5806 0.0227
vn -0.9901 0.1403 -0.0015
vn -0.8872 0.4604 0.0305
vn 0.8903 0.4550 0.0211
vn 0.7874 0.6139 0.0548
vn 0.9428 0.3333 -0.0076
vn 0.9550 0.2958 0.0208
vn 0.9438 0.3305 -0.0073
vn 0.7880 0.6143 0.0413
vn 0.8154 0.5342 0.2230
vn 0.8562 0.5167 -0.0033
vn 0.9381 0.3464 -0.0005
vn 0.8754 0.4831 0.0180
vn 0.8476 0.5306 -0.0046
vn 0.9403 0.3402 -0.0106
vn 0.8369 0.5473 0.0045
vn 0.8704 0.4924 -0.0005
vn 0.9972 0.0750 0.0012
vn 0.9981 0.0624 -0.0000
vn 0.0250 -0.9997 0.0055
vn 0.0118 -0.9999 0.0082
vn 0.0013 -1.0000 -0.0000
vn 0.0938 -0.9956 -0.0004
vn 0.0103 -0.9999 -0.0092
vn 0.0014 -1.0000 -0.0000
vn 0.0269 -0.9996 -0.0059
vn 0.8742 0.4855 -0.0079
vn 0.8954 0.4452 0.0085
vn -0.7863 -0.1684 0.5944
vn -0.4499 0.0844 0.8891
vn 0.5116 -0.0514 0.8577
vn 0.7511 0.0175 0.6600
vn -0.9599 0.0916 -0.2651
vn -0.9419 0.1468 -0.3022
vn 0.0670 0.0170 -0.9976
vn -0.2875 -0.1028 -0.9522
vn 0.9088 0.0077 -0.4171
vn 0.9374 -0.0151 -0.3480
vn 0.2866 -0.0564 0.9564
vn 0.7775 0.1561 0.6092
vn 0.9940 -0.0382 0.1030
vn 0.6928 0.0880 -0.7157
vn 0.6236 0.0449 -0.7804
vn -0.3400 0.0025 -0.9404
vn -0.5944 0.1495 -0.7902
vn -0.9969 -0.0736 0.0294
vn -0.6566 0.1481 0.7396
vn -0.7551 0.2333 0.6127
vn -0.0490 0.9983 0.0310
vn -0.1018 0.9748 0.1987
vn -0.0046 0.9976 0.0690
vn 0.1631 0.9760 0.1444
vn -0.2339 0.9702 -0.0642
vn -0.0354 0.9963 -0.0783
vn 0.0117 0.9811 -0.1933
vn 0.0670 0.9952 -0.0717
vn 0.1462 0.9869 -0.0677
vn 0.0873 0.9962 0.0065
vn -0.5865 -0.7978 0.1397
vn 0.4234 0.9059 -0.0036
vn 0.4077 0.9131 0.0062
vn 0.1854 0.9827 -0.0034
vn 0.1814 0.9834 -0.0018
vn -0.9508 -0.3099 0.0014
vn -0.9629 -0.2696 -0.0138
vn 0.9916 0.1293 -0.0000
vn 0.9893 0.1457 0.0018
vn 0.0269 -0.9995 0.0136
vn 0.0024 -1.0000 -0.0010
vn 0.7109 -0.7029 -0.0235
vn 0.7983 -0.6021 0.0106
vn -0.5520 -0.8338 -0.0028
vn -0.5694 -0.8221 0.0036
vn -0.9752 0.2203 0.0191
vn -0.8451 0.5342 -0.0229
vn -0.5734 0.8191 0.0189
vn -0.3505 0.9365 -0.0086
vn -0.1840 0.9829 0.0018
vn -0.2058 0.9785 0.0105
vn -0.4089 0.9122 -0.0251
vn -0.4547 0.8906 -0.0020
vn 0.9609 -0.2767 0.0007
vn 0.9595 -0.2816 -0.0011
vn 0.5792 0.8152 0.0060
vn 0.6272 0.7789 -0.0054
vn 0.9548 0.2973 0.0010
vn 0.9561 0.2930 0.0018
vn -0.9920 0.1266 -0.0000
vn -0.9897 0.1431 -0.0018
vn 0.0256 -0.9997 0.0013
vn -0.0132 -0.9997 -0.0213
vn 0.6534 -0.7570 -0.0028
vn 0.6374 -0.7706 0.0036
vn -0.8537 -0.5207 0.0012
vn -0.7967 -0.6042 -0.0167
vn -0.4364 -0.8995 0.0226
vn 0.0655 -0.0288 0.9974
vn 0.0222 0.0384 0.9990
vn 0.0123 0.0004 0.9999
vn -0.1237 -0.0833 0.9888
vn 0.0072 -0.0042 1.0000
vn -0.0007 -0.0006 1.0000
vn 0.0002 -0.0000 1.0000
vn -0.0001 0.0001 1.0000
vn -0.0180 -0.0773 0.9968
vn -0.0744 0.0471 0.9961
vn -0.0098 -0.0072 0.9999
vn 0.0023 -0.0138 0.9999
vn 0.0006 -0.0004 1.0000
vn -0.0132 -0.9999 0.0026
vn -0.0111 -0.9999 -0.0017
vn 0.0015 -1.0000 -0.0053
vn -0.0010 -1.0000 0.0057
vn -0.0131 -0.9999 -0.0031
vn -0.0454 -0.9990 0.0004
vn -0.9975 0.0706 -0.0012
vn -0.9983 0.0584 -0.0000
vn -0.8390 0.5442 -0.0045
vn -0.8762 0.4820 0.0003
vn -0.9014 0.4329 -0.0054
vn -0.9555 0.2951 0.0055
vn -0.8745 0.4849 0.0124
vn -0.9443 0.3290 -0.0065
vn -0.9408 0.3387 0.0120
vn -0.9635 0.2677 -0.0095
vn -0.8219 0.5478 0.1560
vn -0.9352 0.3541 0.0042
vn -0.8447 0.5352 -0.0064
vn -0.8535 0.5212 0.0040
vn -0.8770 0.4803 -0.0141
vn -0.9257 0.3781 0.0108
vn -0.9690 0.0637 -0.2386
vn -0.9763 0.0481 -0.2112
vn -0.2798 0.0391 -0.9593
vn 0.0254 0.1291 -0.9913
vn 0.2549 0.0216 -0.9667
vn 0.9355 -0.0211 -0.3526
vn 0.9486 0.1975 0.2473
vn 0.7292 -0.0390 0.6832
vn -0.3774 0.0911 0.9216
vn -0.5330 -0.0090 0.8461
vn -0.9966 0.0178 0.0809
vn -0.9533 -0.0283 -0.3007
vn -0.5765 0.0383 -0.8162
vn -0.2068 -0.0441 -0.9774
vn 0.6305 0.0223 -0.7759
vn 0.6653 0.2820 -0.6913
vn -0.7577 -0.0201 0.6523
vn -0.5027 0.0386 0.8636
vn 0.0999 -0.0689 0.9926
vn 0.7181 0.1824 0.6716
vn 0.9344 -0.2584 0.2451
vn 0.0249 -0.7905 -0.6119
vn 0.0995 0.9906 0.0942
vn 0.1607 0.9785 0.1291
vn -0.0684 0.9910 0.1153
vn -0.0644 0.9940 0.0879
vn -0.1511 0.9884 0.0122
vn -0.0863 0.9959 -0.0266
vn -0.1123 0.9811 -0.1573
vn -0.0134 0.9969 -0.0779
vn 0.2575 0.9282 -0.2686
vn 0.0806 0.9967 0.0008
vn 0.0001 -0.0001 -1.0000
vn -0.0001 -0.0001 -1.0000
vn -0.0000 -0.0001 -1.0000
vn -0.0000 0.0001 -1.0000
vn -0.0001 -0.0000 -1.0000
vn -0.0001 0.0001 -1.0000
vn 0.6473 0.7619 0.0220
vn 0.3455 0.9383 -0.0180
vn -0.8043 0.5935 0.0271
vn -0.9466 0.3220 -0.0156
vn -0.1957 -0.9803 0.0265
vn -0.3358 -0.9419 0.0042
vn 0.9304 -0.3666 -0.0021
vn 0.9178 -0.3970 0.0018
vn 0.4035 0.6399 0.6539
vn -0.6133 0.7853 0.0845
vn -0.4903 -0.0022 0.8716
vn -0.2613 -0.4644 0.8462
vn 0.3194 -0.9393 -0.1253
vn 0.5747 -0.0382 0.8175
vn 0.9866 0.1596 0.0349
vn 0.9825 0.1834 0.0321
vn 0.2248 0.9743 -0.0114
vn -0.0916 0.9955 0.0227
vn -0.9795 0.2013 0.0020
vn -0.8898 0.4545 0.0413
vn -0.7251 -0.6883 -0.0193
vn -0.0690 -0.9964 0.0485
vn 0.5751 -0.8180 -0.0109
vn 0.0484 0.2393 0.9697
vn -0.1216 -0.1088 0.9866
vn 0.8266 0.5624 0.0188
vn 0.7363 0.6767 0.0005
vn -0.6325 0.7745 0.0086
vn -0.6660 0.7458 0.0146
vn -0.8495 -0.5274 -0.0124
vn -0.7294 -0.6840 0.0124
vn 0.6609 -0.7503 -0.0176
vn 0.7085 -0.7056 -0.0078
vn 0.4989 0.6565 0.5658
vn -0.1325 0.4841 0.8649
vn -0.9492 0.3085 0.0615
vn -0.5219 -0.3197 0.7908
vn -0.4673 -0.8468 -0.2542
vn 0.3616 -0.4271 0.8287
vn 0.8984 -0.4381 0.0304
vn -0.8960 0.4413 0.0498
vn -0.8506 -0.5256 -0.0152
vn 0.4215 0.9033 0.0801
vn -0.5422 -0.8289 0.1376
vn -0.5193 -0.8169 0.2512
vn -0.5323 -0.8008 0.2745
vn -0.4840 -0.7187 0.4992
vn -0.4826 -0.7257 0.4903
vn -0.4211 -0.6937 0.5844
vn -0.4388 -0.5722 0.6929
vn -0.3348 -0.5265 0.7815
vn -0.3392 -0.3997 0.8516
vn -0.2255 -0.3372 0.9140
vn -0.2212 -0.1602 0.9620
vn -0.1678 -0.1286 0.9774
vn 0.0384 0.1473 0.9883
vn 0.1034 0.2593 0.9602
vn 0.2394 0.4749 0.8469
vn 0.2636 0.4909 0.8304
vn 0.2518 0.6424 0.7238
vn 0.2741 0.6559 0.7033
vn 0.3813 0.7817 0.4935
vn 0.4195 0.8466 0.3274
vn 0.4055 0.8595 0.3112
vn 0.4342 0.8987 0.0617
vn -0.6527 -0.7545 0.0690
vn 0.0147 0.4108 0.9116
vn 0.0665 0.4711 0.8796
vn 0.2722 0.7947 0.5426
vn -0.7206 -0.6791 0.1397
vn -0.7252 -0.6371 0.2609
vn -0.7294 -0.6296 0.2678
vn -0.6862 -0.5584 0.4661
vn -0.6866 -0.5571 0.4671
vn -0.6136 -0.4326 0.6605
vn -0.6078 -0.4615 0.6462
vn -0.5403 -0.3142 0.7806
vn -0.4820 -0.2979 0.8240
vn -0.4370 -0.1288 0.8902
vn -0.3935 -0.1008 0.9138
vn -0.1709 0.1844 0.9679
vn -0.2283 0.2366 0.9444
vn -0.1340 0.4016 0.9060
vn -0.0036 0.6292 0.7772
vn 0.1018 0.6772 0.7287
vn 0.1318 0.8623 0.4890
vn 0.1765 0.9363 0.3037
vn 0.1849 0.9300 0.3176
vn 0.2072 0.9710 0.1195
vn 0.1230 0.9921 0.0235
vn -0.4037 0.1243 0.9064
vn -0.3042 0.2256 0.9255
vn -0.1912 0.5107 0.8383
vn -0.0987 0.6447 0.7580
vn -0.1263 0.6825 0.7198
vn 0.0172 0.8062 0.5913
vn 0.0265 0.8390 0.5436
vn -0.8881 -0.3067 0.3425
vn -0.8635 -0.3114 0.3967
vn -0.8230 -0.2242 0.5219
vn -0.6035 0.1474 0.7836
vn -0.5786 0.1605 0.7997
vn -0.4550 0.3728 0.8087
vn -0.4612 0.4593 0.7592
vn -0.4053 0.5218 0.7506
vn -0.3804 0.6286 0.6783
vn -0.2790 0.7084 0.6483
vn -0.2838 0.7909 0.5422
vn -0.1587 0.8797 0.4484
vn -0.1834 0.9267 0.3280
vn -0.1602 0.9418 0.2955
vn -0.8803 -0.4601 0.1154
vn -0.8652 -0.4680 0.1801
vn -0.7511 -0.2472 0.6122
vn -0.6864 -0.1538 0.7108
vn -0.6851 -0.1066 0.7206
vn -0.6195 -0.0366 0.7841
vn -0.0446 0.9708 0.2357
vn -0.0260 0.9931 0.1142
vn -0.1493 0.9887 0.0140
vn -0.9677 -0.2425 0.0682
vn -0.9690 -0.2332 0.0815
vn -0.9371 -0.2232 0.2683
vn -0.8536 0.0047 0.5209
vn -0.7777 0.0110 0.6285
vn -0.6769 0.1799 0.7138
vn -0.7126 0.2781 0.6441
vn -0.5558 0.4516 0.6980
vn -0.2334 0.9685 0.0866
vn -0.3890 0.9194 0.0587
vn -0.9542 -0.0654 0.2920
vn -0.9122 0.0370 0.4081
vn -0.8460 -0.0073 0.5331
vn -0.8055 0.2532 0.5359
vn -0.7308 0.2884 0.6187
vn -0.5294 0.6778 0.5103
vn -0.4406 0.7868 0.4323
vn -0.4473 0.8323 0.3274
vn -0.3711 0.8824 0.2894
vn -0.3748 0.9264 0.0377
vn -0.9940 0.0094 0.1090
vn -0.9168 0.1859 0.3533
vn -0.8347 0.2722 0.4787
vn -0.7186 0.4680 0.5144
vn -0.6606 0.5330 0.5286
vn -0.6260 0.6133 0.4817
vn -0.5338 0.8048 0.2595
vn -0.5203 0.8472 0.1079
vn -0.9933 0.1042 0.0497
vn -0.9959 0.0845 0.0316
vn -0.9210 0.1957 0.3369
vn -0.8011 0.4274 0.4191
vn -0.6793 0.6483 0.3440
vn -0.6392 0.7241 0.2590
vn -0.6323 0.7746 0.0105
vn -0.9593 0.2608 0.1085
vn -0.9149 0.3015 0.2684
vn -0.8731 0.4142 0.2573
vn -0.8338 0.4603 0.3049
vn -0.7865 0.5501 0.2808
vn -0.7046 0.6995 0.1196
vn -0.9004 0.4295 0.0691
vn -0.7693 0.6309 0.1005
vn -0.7817 0.6187 0.0786
vn 0.8796 -0.4737 0.0428
vn -0.1390 -0.9898 0.0301
vn -0.4513 -0.8924 0.0043
vn 0.9439 -0.3151 0.0986
vn 0.8969 -0.4309 0.0999
vn 0.8321 -0.4947 0.2509
vn 0.7748 -0.6255 0.0918
vn 0.7765 -0.6240 0.0880
vn 0.6406 -0.7670 0.0365
vn 0.7031 -0.6998 0.1264
vn 0.8288 -0.4906 0.2691
vn 0.8478 -0.4273 0.3140
vn 0.9282 -0.2715 0.2544
vn 0.9469 -0.3029 0.1082
vn 0.6461 -0.7153 0.2662
vn 0.6789 -0.6349 0.3689
vn 0.7028 -0.6065 0.3718
vn 0.9340 -0.1909 0.3020
vn 0.9795 -0.0927 0.1791
vn 0.9895 -0.1217 0.0781
vn 0.9961 -0.0879 0.0104
vn 0.4991 -0.8575 0.1248
vn 0.5187 -0.8106 0.2720
vn 0.7223 -0.4351 0.5376
vn 0.8097 -0.3708 0.4548
vn 0.8541 -0.2043 0.4784
vn 0.9096 -0.1611 0.3831
vn 0.3972 -0.9165 0.0477
vn 0.4520 -0.8220 0.3464
vn 0.4457 -0.7715 0.4540
vn 0.5471 -0.6668 0.5060
vn 0.5394 -0.6123 0.5780
vn 0.6234 -0.4753 0.6208
vn 0.6917 -0.4286 0.5813
vn 0.7097 -0.2277 0.6667
vn 0.8178 -0.1679 0.5504
vn 0.9151 0.0660 0.3977
vn 0.9682 0.0868 0.2345
vn 0.9746 0.1571 0.1595
vn 0.9850 0.1328 0.1101
vn 0.2764 -0.9510 0.1387
vn 0.2893 -0.9064 0.3078
vn 0.3441 -0.7796 0.5233
vn 0.7120 -0.2292 0.6637
vn 0.8273 0.0281 0.5611
vn 0.8841 0.1032 0.4558
vn 0.8832 0.1069 0.4566
vn 0.1514 -0.9845 0.0886
vn 0.1759 -0.8952 0.4094
vn 0.2570 -0.8162 0.5174
vn 0.3375 -0.6439 0.6867
vn 0.3876 -0.6032 0.6971
vn 0.4049 -0.4980 0.7668
vn 0.4974 -0.4132 0.7628
vn 0.5077 -0.3370 0.7929
vn 0.5915 -0.2394 0.7700
vn 0.9310 0.3283 0.1593
vn 0.9195 0.3870 0.0696
vn 0.0274 -0.9878 0.1531
vn 0.0120 -0.9491 0.3147
vn 0.1169 -0.9058 0.4072
vn 0.1394 -0.7182 0.6817
vn 0.1866 -0.6705 0.7180
vn 0.5465 -0.1041 0.8310
vn 0.6455 0.0881 0.7587
vn 0.6454 0.0873 0.7588
vn 0.6798 0.1162 0.7241
vn 0.7089 0.2522 0.6587
vn 0.7864 0.2859 0.5476
vn 0.7929 0.3974 0.4620
vn 0.8440 0.4116 0.3438
vn 0.8463 0.4158 0.3330
vn 0.8130 0.5773 0.0753
vn -0.0253 -0.8225 0.5682
vn 0.0407 -0.7470 0.6636
vn 0.1534 -0.5483 0.8221
vn 0.2623 -0.4462 0.8556
vn 0.2487 -0.3110 0.9173
vn 0.3431 -0.2307 0.9105
vn 0.3703 -0.1199 0.9212
vn 0.7804 0.5759 0.2434
vn 0.7975 0.5940 0.1060
vn -0.2585 -0.9576 0.1274
vn -0.1988 -0.9014 0.3846
vn -0.1428 -0.8303 0.5387
vn 0.3221 -0.0177 0.9465
vn 0.3859 0.1684 0.9070
vn 0.4479 0.1982 0.8719
vn 0.5905 0.4295 0.6833
vn 0.6567 0.5196 0.5465
vn 0.6491 0.7598 0.0385
vn -0.0007 -0.1283 0.9917
vn 0.0837 0.0042 0.9965
vn 0.2110 0.2819 0.9360
vn 0.4345 0.6378 0.6360
vn 0.4747 0.6749 0.5649
vn 0.6051 0.7902 0.0971
vn 0.5966 0.7411 0.3080
vn 0.6324 0.6945 0.3431
vn 0.5965 0.6330 0.4935
vn 0.5122 0.4481 0.7327
vn 0.4559 0.4145 0.7876
vn 0.0697 -0.2748 0.9590
vn -0.0595 -0.4270 0.9023
vn -0.0459 -0.4878 0.8717
vn -0.1596 -0.6174 0.7703
vn -0.1555 -0.6324 0.7588
vn -0.2337 -0.7446 0.6252
vn -0.2552 -0.9014 0.3499
vn -0.2889 -0.9102 0.2968
vn -0.5258 -0.8461 0.0875
vn -0.6457 -0.7530 0.1271
vn -0.6336 -0.7685 0.0893
vn -0.5278 -0.8441 0.0947
vn -0.3533 -0.9312 0.0901
vn -0.3568 -0.9286 0.1018
vn -0.9638 -0.2600 0.0591
vn -0.9891 -0.0942 0.1132
vn 0.4390 -0.8929 0.1002
vn 0.4098 -0.9048 0.1159
vn -0.9787 -0.1584 0.1304
vn -0.0051 -0.0032 -1.0000
vn -0.0017 -0.0061 -1.0000
vn -0.0028 -0.0079 -1.0000
vn -0.0164 -0.0202 -0.9997
vn -0.0012 -0.0013 -1.0000
vn -0.0048 -0.0047 -1.0000
vn -0.1840 -0.4117 0.8925
vn -0.1967 -0.4873 0.8508
vn -0.3492 -0.5518 0.7573
vn -0.3896 -0.4837 0.7838
vn -0.3406 -0.3684 0.8650
vn 0.3657 0.5943 0.7163
vn 0.3045 0.3662 0.8793
vn 0.3226 0.4009 0.8574
vn 0.1658 0.4851 0.8586
vn 0.2286 0.5785 0.7830
vn 0.0031 0.0050 -1.0000
vn 0.0018 0.0057 -1.0000
vn 0.0041 0.0095 -0.9999
vn 0.0186 0.0219 -0.9996
vn 0.0105 0.0152 -0.9998
vn 0.6438 0.7590 0.0976
vn 0.6451 0.7572 0.1023
vn 0.5231 0.8459 0.1038
vn 0.5221 0.8470 0.1001
vn 0.3551 0.9293 0.1017
vn 0.3519 0.9316 0.0909
vn 0.9898 0.0939 0.1072
vn 0.9897 0.1007 0.1020
vn -0.4235 0.9003 0.1006
vn -0.4086 0.9062 0.1092
vn 0.3831 -0.9234 -0.0232
vn 0.3837 -0.9232 -0.0236
vn -0.6246 -0.7802 -0.0346
vn -0.6129 -0.7901 0.0032
vn -0.3751 -0.9254 -0.0550
vn -0.3617 -0.9321 -0.0189
vn -0.9864 -0.1612 -0.0326
vn -0.9893 -0.1445 -0.0205
vn 0.0002 0.0010 1.0000
vn -0.0002 -0.0007 1.0000
vn -0.0004 -0.0008 1.0000
vn 0.3714 0.9268 -0.0549
vn 0.3578 0.9336 -0.0181
vn -0.0002 -0.0014 1.0000
vn 0.0004 0.0012 1.0000
vn 0.0007 0.0013 1.0000
vn 0.9861 0.1624 -0.0339
vn 0.9893 0.1442 -0.0207
vn 0.6283 0.7772 -0.0341
vn 0.6164 0.7874 0.0047
vn -0.3816 0.9241 -0.0217
vn -0.3847 0.9227 -0.0240
vn 0.8787 -0.4771 -0.0127
vn 0.8605 -0.5094 -0.0003
vn 0.8598 -0.5106 -0.0000
vn 0.8940 -0.4478 0.0159
vn 0.9202 -0.3884 0.0484
vn 0.9403 -0.3403 0.0050
vn 0.9458 -0.3247 -0.0063
vn 0.9171 -0.3987 0.0022
vn -0.9944 -0.1052 0.0026
vn -0.4031 -0.9151 -0.0000
vn -0.4132 -0.9106 -0.0040
vn -0.6126 -0.7904 0.0049
vn -0.6321 -0.7749 -0.0049
vn -0.8174 -0.5760 0.0055
vn -0.8216 -0.5701 0.0023
vn -0.9385 -0.3453 -0.0022
vn 0.1519 -0.9830 0.1030
vn 0.3566 -0.3098 0.8814
vn 0.0289 -0.9996 -0.0008
vn -0.1050 -0.9939 -0.0350
vn 0.0331 -0.9994 0.0133
vn -0.0648 -0.9979 0.0021
vn -0.0674 -0.9822 -0.1754
vn -0.1239 -0.9847 0.1221
vn 0.0004 -1.0000 0.0006
vn 0.0010 -0.9995 0.0301
vn 0.0031 -0.9999 0.0146
vn 0.0016 -0.9997 -0.0228
vn 0.0553 -0.9896 0.1325
vn -0.0004 -1.0000 -0.0084
vn 0.0202 -0.9995 -0.0226
vn 0.0249 -0.9996 0.0128
vn 0.0041 -1.0000 0.0019
vn -0.0073 -0.9994 -0.0334
vn -0.0355 -0.9956 -0.0868
vn 0.0001 -1.0000 0.0032
vn 0.0058 -1.0000 -0.0004
vn -0.0021 -1.0000 -0.0058
vn 0.0469 -0.9979 -0.0445
vn -0.0278 -0.9996 0.0095
vn -0.0146 -0.9999 0.0092
vn -0.0276 -0.9991 -0.0328
vn -0.0312 -0.9988 -0.0388
vn 0.9384 -0.3456 0.0026
vn 0.8216 -0.5701 -0.0014
vn 0.8163 -0.5776 -0.0054
vn 0.6321 -0.7749 0.0049
vn 0.6126 -0.7904 -0.0049
vn 0.4132 -0.9106 0.0040
vn 0.4031 -0.9151 -0.0000
vn 0.9945 -0.1045 -0.0046
vn 0.9984 -0.0561 -0.0000
vn 0.0145 0.9998 0.0158
vn 0.0214 0.9996 0.0176
vn 0.0261 0.9995 -0.0203
vn 0.0138 0.9998 -0.0171
vn -0.0959 0.9954 -0.0000
vn -0.5217 0.8512 0.0578
vn 0.0013 0.9998 -0.0194
vn -0.0286 0.9993 0.0234
vn 0.1656 0.9862 -0.0000
vn 0.0119 0.9999 -0.0124
vn -0.0254 0.9994 -0.0226
vn -0.1339 0.9910 -0.0003
vn -0.2203 0.9754 0.0072
vn -0.0241 0.9997 0.0049
vn -0.0013 0.9999 0.0119
vn 0.0168 0.9999 -0.0002
vn 0.2014 0.9793 0.0188
vn 0.0003 0.0002 -1.0000
vn 0.0004 0.0003 -1.0000
vn 0.0004 0.0002 -1.0000
vn -0.0000 0.0002 -1.0000
vn 0.0003 0.0004 -1.0000
vn 0.0002 -0.0000 -1.0000
vn 0.0001 0.0002 -1.0000
vn -0.0006 0.0005 -1.0000
vn 0.0002 -0.0001 -1.0000
vn -0.0000 -0.0004 -1.0000
vn 0.0007 0.0005 1.0000
vn -0.0003 -0.0000 1.0000
vn 0.0003 -0.0000 1.0000
vn -0.8780 -0.4785 0.0109
vn -0.8695 -0.4939 0.0054
vn -0.8583 -0.5132 0.0017
vn -0.8906 -0.4547 -0.0117
vn -0.9202 -0.3886 -0.0478
vn -0.9398 -0.3416 -0.0052
vn -0.9455 -0.3257 0.0062
vn -0.9172 -0.3984 -0.0019
vn -0.9869 -0.1615 -0.0033
vn -0.9614 0.0669 -0.2670
vn -0.9968 -0.0190 0.0779
vn -0.3039 0.0531 0.9512
vn -0.1170 0.0207 0.9929
vn 0.8624 0.0006 0.5062
vn 0.9492 0.0253 0.3136
vn 0.3380 0.0575 -0.9394
vn 0.8696 -0.0095 -0.4936
vn -0.2664 -0.0319 -0.9633
vn -0.9841 0.0025 -0.1776
vn -0.9621 0.0170 -0.2722
vn -0.6064 -0.0120 0.7951
vn -0.3365 0.0257 0.9413
vn 0.5891 -0.0234 0.8077
vn 0.8776 0.0476 0.4770
vn 0.9695 -0.0508 -0.2397
vn -0.0704 -0.0028 -0.9975
vn 0.4661 0.0784 -0.8812
vn -0.6885 0.6833 -0.2432
vn -0.3592 0.8093 0.4647
vn -0.1234 -0.4918 0.8619
vn 0.2865 0.8753 0.3896
vn 0.9612 0.0853 -0.2622
vn -0.9192 -0.3939 0.0017
vn -0.9115 -0.4113 -0.0017
vn 0.9113 -0.4118 0.0017
vn 0.9195 -0.3931 -0.0020
vn -0.8763 -0.0550 0.4786
vn -0.9702 0.0635 0.2337
vn -0.3653 -0.0751 -0.9279
vn -0.0953 0.0669 -0.9932
vn 0.9651 -0.1030 -0.2408
vn 0.9974 -0.0345 -0.0638
vn 0.4145 -0.0576 0.9082
vn 0.1649 0.0547 0.9848
vn -0.8917 -0.0575 0.4490
vn -0.5452 -0.2697 0.7937
vn -0.8632 0.1120 -0.4923
vn -0.2687 -0.1251 -0.9551
vn 0.3463 0.0682 -0.9356
vn 0.9714 -0.1169 -0.2068
vn 0.9615 0.0275 0.2733
vn 0.4124 -0.1156 0.9037
vn -0.0880 0.0336 0.9956
vn -0.4078 0.0438 0.9120
vn -0.9619 -0.1153 0.2480
vn -0.9673 -0.1083 0.2294
vn -0.4080 0.0199 -0.9127
vn -0.3433 0.0532 -0.9377
vn 0.7667 -0.0678 -0.6384
vn 0.8597 -0.0049 -0.5108
vn 0.5286 -0.0484 0.8475
vn 0.5102 -0.0355 0.8593
vn -0.9183 -0.0535 0.3923
vn -0.7827 -0.1713 0.5983
vn -0.7930 0.0519 -0.6070
vn -0.3581 -0.1117 -0.9270
vn 0.4971 0.0317 -0.8671
vn 0.7848 -0.0911 -0.6131
vn 0.9217 0.0488 0.3848
vn 0.5801 -0.1573 0.7992
vn -0.2533 0.0321 0.9668
vn -0.3617 0.1941 0.9118
vn -0.2827 -0.8900 -0.3579
vn 0.7261 0.4505 -0.5194
vn 0.2955 -0.9152 0.2740
vn -0.7291 -0.6591 0.1843
vn -0.9918 0.1184 0.0478
vn 0.0909 -0.8382 -0.5377
vn 0.2315 -0.7145 0.6602
vn -0.1869 0.5266 0.8293
vn -0.5228 -0.8433 -0.1249
vn 0.3653 -0.0461 -0.9297
vn -0.3563 0.7499 0.5574
vn 0.8788 -0.4771 -0.0110
vn 0.8719 -0.4896 -0.0052
vn 0.8597 -0.5108 -0.0000
vn 0.8921 -0.4517 0.0137
vn 0.9406 -0.3395 0.0043
vn 0.9456 -0.3254 -0.0061
vn 0.9258 -0.3780 0.0001
vn 0.0006 -0.9997 -0.0229
vn 0.0119 -0.9993 -0.0366
vn -0.0159 -0.9994 -0.0301
vn -0.0695 -0.9941 -0.0834
vn -0.0466 -0.9986 0.0244
vn 0.0671 -0.9934 0.0935
vn 0.0260 -0.9993 0.0268
vn -0.0145 -0.9999 0.0005
vn 0.1335 -0.9452 0.2978
vn 0.0233 -0.9997 0.0001
vn 0.0346 -0.9977 -0.0575
vn -0.0652 -0.9978 0.0077
vn 0.0048 -0.9999 0.0097
vn -0.0395 -0.9991 0.0179
vn 0.0249 -0.9997 0.0007
vn -0.1076 -0.9926 -0.0567
vn -0.0098 -0.9999 0.0105
vn 0.0189 -0.9998 -0.0002
vn -0.0072 -0.9996 0.0285
vn 0.0344 -0.9994 -0.0059
vn -0.0763 -0.9971 0.0010
vn 0.0365 -0.9991 0.0198
vn -0.0111 -0.9999 0.0014
vn -0.1194 -0.9897 -0.0789
vn 0.0010 -0.9997 0.0224
vn -0.0000 -1.0000 -0.0017
vn -0.0560 -0.9942 0.0914
vn 0.0109 -0.9999 0.0095
vn -0.0118 -0.9949 -0.1005
vn 0.0023 0.9999 0.0114
vn 0.0243 0.9997 0.0048
vn 0.0224 0.9996 -0.0181
vn 0.1182 0.9930 0.0003
vn -0.0129 0.9999 -0.0000
vn -0.4305 0.9014 0.0462
vn 0.0045 0.9997 -0.0231
vn 0.1767 0.9842 0.0055
vn -0.0156 0.9997 -0.0164
vn -0.1608 0.9870 -0.0003
vn 0.0014 0.9998 -0.0199
vn 0.1239 0.9923 -0.0032
vn -0.0856 0.9963 0.0082
vn -0.0143 0.9998 0.0165
vn 0.0227 0.9994 0.0268
vn -0.0335 0.9992 -0.0205
vn 0.1033 0.9946 -0.0004
vn -0.0002 0.0003 -1.0000
vn -0.0005 0.0003 -1.0000
vn -0.0000 -0.0005 -1.0000
vn 0.0001 -0.0005 1.0000
vn 0.0009 0.0006 1.0000
vn 0.0009 0.0003 1.0000
vn -0.0001 0.0002 1.0000
vn -0.0002 -0.0000 1.0000
vn -0.0002 -0.0001 1.0000
vn 0.0002 0.0001 1.0000
vn -0.0000 0.0004 1.0000
vn -0.8780 -0.4786 0.0109
vn -0.9784 -0.0682 0.1953
vn -0.3768 0.0570 0.9245
vn 0.2297 -0.0371 0.9725
vn 0.9304 0.0273 0.3656
vn 0.6111 0.0423 -0.7904
vn 0.9614 -0.0197 -0.2746
vn -0.8750 0.0919 -0.4752
vn -0.1659 -0.0299 -0.9857
vn -0.6506 -0.0093 -0.7593
vn -0.9571 0.0392 -0.2870
vn -0.9272 -0.0230 0.3739
vn -0.2897 0.0487 0.9559
vn 0.2405 -0.0171 0.9705
vn 0.8878 0.0746 0.4542
vn 0.9967 -0.0400 -0.0709
vn 0.3375 0.0491 -0.9400
vn 0.4519 0.0698 -0.8893
vn -0.6441 0.7648 0.0157
vn 0.2127 0.3469 0.9135
vn 0.1575 0.5162 0.8419
vn 0.7392 0.5956 -0.3143
vn -0.9196 -0.3928 0.0020
vn -0.9113 -0.4118 -0.0017
vn 0.9191 -0.3940 -0.0018
vn -0.7105 -0.0971 0.6970
vn -0.7188 -0.0916 0.6891
vn -0.9405 0.0289 -0.3385
vn -0.6468 -0.1208 -0.7530
vn 0.1792 0.0262 -0.9835
vn 0.5086 -0.0582 -0.8591
vn 0.9473 0.0781 -0.3106
vn 0.8705 -0.1214 0.4769
vn 0.5569 0.0553 0.8288
vn -0.4995 0.0346 0.8656
vn -0.9867 -0.1094 0.1205
vn -0.9445 0.0453 -0.3254
vn -0.0786 -0.1357 -0.9876
vn 0.2815 0.0295 -0.9591
vn 0.9987 -0.0319 -0.0395
vn 0.9804 -0.1162 0.1588
vn 0.0376 0.0495 0.9981
vn 0.5198 -0.2209 0.8252
vn -0.2589 0.0391 0.9651
vn -0.8346 -0.1606 0.5270
vn -0.9692 0.1124 -0.2192
vn -0.2398 -0.0996 -0.9657
vn -0.0534 -0.0223 -0.9983
vn 0.9501 -0.0490 -0.3080
vn 0.9546 -0.0434 -0.2946
vn 0.5625 -0.0122 0.8267
vn 0.7821 -0.1507 0.6046
vn -0.5606 -0.0380 0.8272
vn -0.3489 -0.1658 0.9224
vn -0.9359 0.1064 -0.3359
vn -0.6555 -0.1131 -0.7467
vn 0.0028 0.0020 -1.0000
vn 0.6746 -0.1266 -0.7273
vn 0.9580 0.0122 -0.2867
vn 0.8760 -0.0984 0.4721
vn 0.7482 -0.0228 0.6631
vn -0.5059 -0.8620 0.0336
vn -0.0726 0.0756 -0.9945
vn 0.2629 0.5465 -0.7951
vn 0.4388 -0.8855 -0.1524
vn 0.5669 0.3021 0.7664
vn -0.4302 -0.9024 0.0245
vn -0.0954 0.3478 -0.9327
vn 0.0003 0.0005 1.0000
vn -0.0077 0.0059 1.0000
vn 0.0045 -0.0015 1.0000
vn 0.0001 0.0006 1.0000
vn 0.0008 -0.0005 1.0000
vn -0.0035 0.0022 1.0000
vn 0.0091 -0.0037 1.0000
vn -0.0108 0.0044 0.9999
vn 0.0075 -0.0004 1.0000
vn -0.0294 0.0321 0.9991
vn 0.0726 -0.0582 0.9957
vn 0.0034 -0.0009 1.0000
vn -0.0004 0.0001 1.0000
vn -0.0031 -0.0002 1.0000
vn 0.0018 -0.0008 1.0000
vn -0.8184 0.5732 -0.0408
vn -0.8734 0.4761 -0.1024
vn -0.9063 0.4220 -0.0233
vn -0.7502 0.6534 -0.1011
vn -0.8696 0.4555 -0.1907
vn -0.6619 0.7495 -0.0160
vn -0.7250 0.6311 -0.2757
vn -0.8366 0.4787 -0.2665
vn -0.9570 0.2271 -0.1802
vn -0.9711 0.2220 -0.0881
vn -0.9805 0.1925 -0.0389
vn -0.5581 0.8205 -0.1236
vn -0.5496 0.8210 -0.1545
vn -0.6117 0.7236 -0.3197
vn -0.6770 0.6600 -0.3256
vn -0.6776 0.5274 -0.5127
vn -0.8196 0.3936 -0.4163
vn -0.8312 0.3535 -0.4292
vn -0.9486 0.1820 -0.2590
vn -0.4454 0.8947 0.0333
vn -0.6722 0.5265 -0.5206
vn -0.8066 0.2492 -0.5360
vn -0.8891 0.0316 -0.4566
vn -0.9491 0.0723 -0.3065
vn -0.9782 -0.0575 -0.1993
vn -0.9957 -0.0514 -0.0773
vn -0.9966 -0.0690 -0.0451
vn -0.3098 0.9398 -0.1440
vn -0.3180 0.9159 -0.2450
vn -0.3520 0.9216 -0.1632
vn -0.3623 0.8548 -0.3715
vn -0.4396 0.7789 -0.4474
vn -0.4261 0.7439 -0.5148
vn -0.5330 0.5976 -0.5990
vn -0.6453 0.3604 -0.6736
vn -0.6483 0.3444 -0.6791
vn -0.7409 0.2384 -0.6278
vn -0.8717 -0.0142 -0.4898
vn -0.1987 0.9801 -0.0008
vn -0.3324 0.7406 -0.5839
vn -0.4779 0.5324 -0.6987
vn -0.7206 0.0966 -0.6866
vn -0.7651 -0.0094 -0.6438
vn -0.8731 -0.1945 -0.4471
vn -0.9066 -0.2742 -0.3208
vn -0.9268 -0.2598 -0.2711
vn -0.9368 -0.3385 -0.0886
vn -0.9404 -0.3324 -0.0717
vn -0.0793 0.9448 -0.3179
vn -0.1273 0.8774 -0.4626
vn -0.1280 0.8786 -0.4602
vn -0.1669 0.8077 -0.5654
vn -0.2956 0.5768 -0.7615
vn -0.3608 0.5146 -0.7778
vn -0.3607 0.4387 -0.8231
vn -0.5064 0.2416 -0.8278
vn -0.5104 0.2799 -0.8131
vn -0.5805 0.0865 -0.8097
vn -0.7138 -0.1229 -0.6895
vn 0.0465 0.9928 -0.1108
vn 0.0665 0.9860 -0.1527
vn 0.0128 0.9665 -0.2564
vn -0.0656 0.7198 -0.6911
vn -0.1631 0.6079 -0.7771
vn -0.5426 -0.0004 -0.8400
vn -0.5635 -0.0952 -0.8206
vn -0.7159 -0.3029 -0.6291
vn -0.7320 -0.3161 -0.6035
vn -0.7390 -0.4653 -0.4872
vn -0.8059 -0.4524 -0.3818
vn -0.7971 -0.5559 -0.2357
vn -0.8170 -0.5572 -0.1488
vn 0.1345 0.8134 -0.5659
vn 0.0171 0.7236 -0.6901
vn -0.2179 0.3184 -0.9226
vn -0.2339 0.1376 -0.9625
vn -0.2660 0.2247 -0.9374
vn -0.3550 0.0121 -0.9348
vn -0.5025 -0.2281 -0.8339
vn -0.5772 -0.3564 -0.7347
vn -0.6637 -0.5489 -0.5082
vn -0.7663 -0.6423 -0.0173
vn 0.3070 0.9384 -0.1586
vn 0.3161 0.9339 -0.1670
vn 0.2667 0.8502 -0.4539
vn 0.2625 0.8624 -0.4328
vn 0.1897 0.8167 -0.5450
vn 0.1245 0.5912 -0.7968
vn 0.0021 0.4671 -0.8842
vn 0.0017 0.4366 -0.8997
vn -0.1512 0.1599 -0.9755
vn -0.2977 -0.0829 -0.9510
vn -0.3934 -0.2479 -0.8853
vn -0.5171 -0.4634 -0.7196
vn -0.5857 -0.5808 -0.5653
vn -0.6283 -0.7015 -0.3363
vn 0.3365 0.6572 -0.6744
vn 0.2654 0.5810 -0.7694
vn 0.0716 0.3509 -0.9337
vn 0.0520 0.2170 -0.9748
vn -0.0908 -0.0721 -0.9933
vn -0.1829 -0.1097 -0.9770
vn -0.2546 -0.3907 -0.8846
vn -0.2745 -0.3459 -0.8972
vn -0.3794 -0.5259 -0.7612
vn -0.3668 -0.5490 -0.7510
vn -0.4552 -0.7010 -0.5489
vn -0.4592 -0.6938 -0.5547
vn -0.5346 -0.7883 -0.3045
vn -0.5426 -0.7766 -0.3202
vn -0.5692 -0.8140 -0.1157
vn -0.5324 -0.8447 -0.0544
vn 0.8337 -0.5508 -0.0400
vn 0.5589 0.8245 -0.0891
vn 0.5083 0.8454 -0.1642
vn 0.5584 0.7604 -0.3316
vn 0.4640 0.7677 -0.4421
vn 0.4620 0.6362 -0.6179
vn 0.3671 0.4023 -0.8387
vn 0.2628 0.3411 -0.9025
vn 0.1341 0.1009 -0.9858
vn 0.0195 -0.0957 -0.9952
vn 0.0086 -0.0810 -0.9967
vn 0.5425 0.5479 -0.6369
vn 0.5570 0.5058 -0.6587
vn 0.4003 0.3917 -0.8284
vn 0.2611 0.1008 -0.9600
vn 0.0060 -0.3985 -0.9172
vn -0.0759 -0.4410 -0.8943
vn -0.0757 -0.5821 -0.8096
vn -0.1831 -0.6455 -0.7415
vn -0.1689 -0.7633 -0.6235
vn -0.2715 -0.7910 -0.5482
vn -0.2722 -0.9098 -0.3135
vn -0.2928 -0.8954 -0.3354
vn -0.3163 -0.9388 -0.1364
vn 0.7383 0.6697 -0.0801
vn 0.7710 0.6169 -0.1580
vn 0.6976 0.6384 -0.3253
vn 0.7176 0.5750 -0.3930
vn 0.5236 0.1667 -0.8355
vn 0.3418 0.0481 -0.9385
vn 0.3503 -0.1338 -0.9270
vn 0.2199 -0.1998 -0.9549
vn 0.1583 -0.3956 -0.9047
vn -0.2121 -0.9770 -0.0213
vn 0.7756 0.4626 -0.4294
vn 0.7714 0.4043 -0.4914
vn 0.6908 0.3774 -0.6168
vn 0.6975 0.2679 -0.6647
vn 0.5749 0.1472 -0.8049
vn 0.2331 -0.4793 -0.8461
vn 0.1317 -0.6527 -0.7461
vn 0.1398 -0.6722 -0.7270
vn 0.0060 -0.8105 -0.5857
vn 0.0487 -0.8620 -0.5045
vn -0.0576 -0.9495 -0.3084
vn -0.0432 -0.9570 -0.2869
vn -0.0602 -0.9904 -0.1248
vn 0.8979 0.4372 -0.0509
vn 0.8576 0.4938 -0.1436
vn 0.8780 0.4017 -0.2603
vn 0.6383 0.0097 -0.7697
vn 0.5187 -0.2388 -0.8209
vn 0.5080 -0.1997 -0.8379
vn 0.3681 -0.4699 -0.8023
vn 0.0691 -0.9974 -0.0187
vn 0.9558 0.2741 -0.1065
vn 0.9141 0.3094 -0.2621
vn 0.8952 0.1630 -0.4148
vn 0.8926 0.2070 -0.4006
vn 0.8089 0.1147 -0.5766
vn 0.7887 -0.0125 -0.6146
vn 0.4489 -0.5567 -0.6990
vn 0.4502 -0.5730 -0.6848
vn 0.3204 -0.7013 -0.6368
vn 0.3345 -0.8079 -0.4852
vn 0.2394 -0.8661 -0.4388
vn 0.2254 -0.9447 -0.2380
vn 0.2142 -0.9426 -0.2560
vn 0.2015 -0.9720 -0.1210
vn 0.9851 0.1700 -0.0276
vn 0.8096 -0.0823 -0.5812
vn 0.7493 -0.2618 -0.6083
vn 0.6522 -0.3234 -0.6856
vn 0.6413 -0.3653 -0.6748
vn 0.3541 -0.9342 0.0438
vn 0.9896 0.0411 -0.1375
vn 0.9635 0.0095 -0.2674
vn 0.9454 0.0354 -0.3241
vn 0.8862 -0.1139 -0.4490
vn 0.6430 -0.5901 -0.4883
vn 0.6154 -0.5653 -0.5493
vn 0.5265 -0.7683 -0.3641
vn 0.5242 -0.7667 -0.3706
vn 0.4058 -0.8908 -0.2042
vn 0.4369 -0.8927 -0.1101
vn 0.9423 -0.2341 -0.2394
vn 0.8969 -0.2077 -0.3905
vn 0.8160 -0.3378 -0.4691
vn 0.7809 -0.4867 -0.3916
vn 0.6013 -0.7458 -0.2868
vn 0.6095 -0.7861 -0.1028
vn 0.9799 -0.1925 -0.0519
vn 0.9773 -0.2109 -0.0185
vn 0.9384 -0.1969 -0.2839
vn 0.8824 -0.4121 -0.2270
vn 0.7912 -0.4969 -0.3566
vn 0.7402 -0.6239 -0.2507
vn 0.6590 -0.7517 -0.0268
vn 0.9327 -0.3531 -0.0733
vn 0.8929 -0.4289 -0.1370
vn 0.7691 -0.6293 -0.1112
vn 1.0000 -0.0000 -0.0000
vn 0.0060 1.0000 -0.0002
vn 0.0007 0.9999 0.0152
vn 0.0056 1.0000 -0.0007
vn -0.0014 1.0000 -0.0000
vn 0.3801 -0.9249 0.0039
vn 0.3800 -0.9250 0.0011
vn 0.3539 -0.9353 -0.0000
vn 0.3658 -0.9307 0.0043
vn -0.0001 0.0006 1.0000
vn -0.0004 0.0002 1.0000
vn -0.0001 0.0003 -1.0000
vn -0.0000 0.0003 -1.0000
vn -0.9433 0.3318 -0.0000
vn -0.9431 0.3324 -0.0008
vn -0.9434 0.3316 0.0001
vn -0.9387 0.3448 -0.0081
vn -0.9379 0.3470 -0.0004
vn -0.9401 0.3409 0.0055
vn -0.9354 0.3537 -0.0000
vn -0.9427 0.3337 -0.0000
vn -0.9813 -0.1923 0.0004
vn -0.9831 -0.1831 0.0011
vn -0.8280 0.5607 0.0026
vn -0.9149 0.4037 -0.0023
vn -0.2884 0.9575 -0.0014
vn -0.2580 0.9661 -0.0000
vn -0.9615 0.2747 -0.0000
vn 0.9753 0.2210 0.0031
vn 0.9751 0.2219 -0.0036
vn 0.9746 0.2241 0.0019
vn 0.9751 0.2219 0.0009
vn 0.9746 0.2238 -0.0028
vn 0.9752 0.2214 -0.0001
vn 0.9750 0.2222 -0.0000
vn 0.9745 0.2244 0.0024
vn 0.2498 0.9682 -0.0118
vn 0.2771 0.9608 -0.0005
vn 0.2684 0.9633 0.0032
vn 0.2535 0.9639 0.0811
vn 0.3516 0.9362 -0.0000
vn 0.3501 0.9367 0.0020
vn -0.3540 -0.9352 0.0091
vn -0.3569 -0.9341 0.0085
vn -0.3388 -0.9409 -0.0002
vn -0.3447 -0.9387 0.0010
vn -0.3695 -0.9291 -0.0144
vn -0.2621 0.9649 -0.0193
vn -0.2674 0.9636 -0.0029
vn -0.2669 0.9637 -0.0032
vn -0.2525 0.9675 0.0140
vn -0.2753 0.9614 0.0006
vn -0.3516 0.9362 -0.0000
vn -0.3505 0.9366 -0.0015
vn 0.8384 0.3844 0.3864
vn 0.5751 -0.0924 0.8129
vn 0.2872 -0.1175 0.9506
vn 0.1529 -0.4673 0.8708
vn -0.5966 -0.2299 0.7689
vn 0.9206 0.0143 -0.3903
vn 0.8700 0.1265 -0.4765
vn 0.6151 -0.1406 -0.7758
vn -0.1405 0.0750 -0.9872
vn -0.4841 -0.5673 -0.6662
vn -0.9093 -0.3074 -0.2806
vn -0.6703 -0.7277 0.1451
vn -0.4741 -0.1792 -0.8620
vn -0.2917 -0.2649 -0.9191
vn -0.9616 -0.2068 0.1803
vn -0.8150 -0.5472 -0.1906
vn -0.5585 -0.3671 0.7439
vn -0.4062 -0.0713 0.9110
vn 0.4641 0.2106 0.8604
vn 0.3647 -0.0329 0.9305
vn 0.9293 0.3692 0.0129
vn 0.9605 0.2392 0.1421
vn 0.4354 0.2056 -0.8765
vn 0.6640 0.0496 -0.7461
vn 0.4488 -0.8858 -0.1177
vn 0.4268 -0.9036 -0.0367
vn 0.5283 -0.8436 0.0966
vn 0.4302 -0.9026 0.0159
vn 0.3180 -0.9408 -0.1172
vn 0.3385 -0.9362 -0.0940
vn 0.2340 -0.9712 -0.0452
vn 0.2842 -0.9587 -0.0079
vn 0.3915 -0.9158 0.0896
vn 0.3892 -0.9170 0.0872
vn 0.2947 -0.9519 0.0841
vn 0.2740 -0.9570 0.0954
vn 0.3290 -0.9443 -0.0034
vn 0.3879 -0.9217 0.0058
vn 0.4159 -0.9094 0.0009
vn 0.4113 -0.9115 -0.0013
vn 0.3571 -0.9340 0.0071
vn 0.3538 -0.9353 0.0083
vn 0.1052 0.0237 0.9942
vn 0.0050 -0.0090 0.9999
vn -0.0012 0.0340 0.9994
vn -0.0063 -0.0115 0.9999
vn -0.0002 0.0003 1.0000
vn -0.0201 0.0288 0.9994
vn -0.0163 0.0056 0.9999
vn -0.0218 0.0293 0.9993
vn -0.0148 -0.0077 0.9999
vn 0.0006 -0.0002 1.0000
vn 0.0020 -0.0088 1.0000
vn 0.0198 0.0140 0.9997
vn 0.0058 -0.0163 0.9999
vn 0.0053 -0.0062 1.0000
vn -0.0021 -0.0003 1.0000
vn 0.0333 0.0395 0.9987
vn 0.0041 0.0104 0.9999
vn -0.0013 0.0019 1.0000
vn 0.0101 -0.0065 0.9999
vn 0.0088 -0.0296 0.9995
vn 0.0069 -0.0000 1.0000
vn 0.0135 0.0013 0.9999
vn 0.0179 -0.0093 0.9998
vn -0.0011 -0.0631 0.9980
vn 0.0012 0.0226 0.9997
vn -0.0007 -0.0125 0.9999
vn 0.0022 0.0164 0.9999
vn 0.0582 -0.1656 0.9845
vn 0.0248 -0.0634 0.9977
vn -0.0068 0.0130 0.9999
vn -0.0000 -0.0506 0.9987
vn -0.0156 0.0097 0.9998
vn -0.0100 -0.0082 0.9999
vn 0.0104 -0.0036 0.9999
vn 0.0534 0.0133 0.9985
vn 0.0087 0.0555 0.9984
vn 0.0689 0.5355 0.8417
vn -0.0000 -0.0027 1.0000
vn -0.0017 0.0025 1.0000
vn -0.0017 -0.0018 1.0000
vn -0.0161 0.0553 0.9983
vn 0.0225 -0.0112 0.9997
vn -0.0002 -0.0002 1.0000
vn -0.0071 -0.0034 1.0000
vn 0.0218 -0.0098 0.9997
vn -0.0517 -0.1423 0.9885
vn 0.0011 0.0151 0.9999
vn -0.0037 -0.0045 1.0000
vn -0.0027 -0.0034 1.0000
vn 0.0080 0.0123 0.9999
vn 0.0041 0.0042 1.0000
vn -0.0285 -0.0749 0.9968
vn -0.0106 0.0072 0.9999
vn 0.0017 -0.0004 1.0000
vn -0.0039 -0.0074 1.0000
vn -0.0034 0.0034 1.0000
vn 0.0199 -0.0272 0.9994
vn 0.0166 -0.0073 0.9998
vn 0.0222 -0.0299 0.9993
vn 0.0151 0.0052 0.9999
vn -0.0134 -0.0033 0.9999
vn -0.0127 -0.0060 0.9999
vn -0.0409 0.0476 0.9980
vn 0.0414 -0.0346 0.9985
vn -0.0008 0.0022 1.0000
vn -0.0152 -0.0009 0.9999
vn -0.0067 0.0030 1.0000
vn -0.0038 -0.0091 1.0000
vn -0.0052 -0.0000 1.0000
vn -0.0132 -0.0018 0.9999
vn 0.0404 0.9992 0.0006
vn 0.0231 0.9997 0.0002
vn 0.0001 0.9978 -0.0665
vn -0.0073 0.9878 -0.1558
vn 0.9932 -0.1161 -0.0008
vn 0.9824 -0.1870 0.0001
vn 0.0001 1.0000 -0.0036
vn -0.0013 1.0000 -0.0045
vn 0.5155 0.8569 0.0040
vn 0.8520 0.5234 -0.0067
vn 0.9401 0.3410 0.0002
vn -1.0000 0.0028 -0.0000
vn -0.9987 0.0508 -0.0075
vn -0.9989 0.0458 0.0056
vn -0.9986 0.0532 -0.0040
vn -1.0000 0.0082 -0.0027
vn -0.8866 0.4353 -0.1563
vn -0.2532 0.8251 -0.5050
vn -0.5142 0.8001 -0.3090
vn -0.6419 0.6959 -0.3221
vn -0.6228 0.6713 -0.4018
vn -0.8846 0.4319 -0.1761
vn -0.5201 0.8366 -0.1719
vn -0.6129 0.7880 -0.0579
vn -0.6952 0.7179 -0.0347
vn -0.9079 0.4094 -0.0906
vn -0.9755 0.2199 -0.0079
vn -0.9415 0.3254 0.0880
vn -0.9326 0.3569 0.0527
vn -0.6671 0.7386 0.0969
vn -0.7034 0.7009 0.1184
vn -0.5157 0.8439 0.1479
vn -0.2769 0.8708 0.4064
vn 0.0001 0.0034 -1.0000
vn 0.0019 0.0055 -1.0000
vn -0.0003 0.0011 -1.0000
vn -0.0000 0.0007 -1.0000
vn 0.0062 -0.0024 -1.0000
vn 0.0034 0.0032 -1.0000
vn 0.0058 0.0027 -1.0000
vn 0.0067 0.0007 -1.0000
vn -0.0002 0.0004 -1.0000
vn 0.0057 -0.0032 -1.0000
vn -0.0395 0.1656 -0.9854
vn -0.0005 -0.0004 -1.0000
vn -0.0003 0.0006 -1.0000
vn -0.0005 0.0006 -1.0000
vn -0.0002 0.0009 -1.0000
vn -0.0004 -0.0022 -1.0000
vn 0.0001 -0.0034 -1.0000
vn 0.0111 0.0272 -0.9996
vn 0.0017 0.0038 -1.0000
vn 0.0030 0.0047 -1.0000
vn -0.0102 0.0071 -0.9999
vn -0.0111 -0.0220 -0.9997
vn -0.0088 -0.0184 -0.9998
vn -0.0089 -0.0170 -0.9998
vn -0.0066 0.0001 -1.0000
vn -0.0070 -0.0000 -1.0000
vn -0.0975 -0.0258 -0.9949
vn -0.0309 -0.0045 -0.9995
vn 0.0107 0.0022 -0.9999
vn -0.0070 0.0080 -0.9999
vn 0.0142 0.0145 -0.9998
vn 0.0062 0.0081 -0.9999
vn 0.0117 -0.0065 -0.9999
vn -0.0224 -0.0287 -0.9993
vn -0.0152 0.0064 -0.9999
vn 0.0053 -0.0000 -1.0000
vn 0.0127 -0.0016 -0.9999
vn -0.0199 -0.0284 -0.9994
vn -0.0166 -0.0086 -0.9998
vn 0.0144 -0.0292 -0.9995
vn 0.0157 0.0205 -0.9997
vn 0.0942 -0.0054 -0.9955
vn -0.0004 0.0001 -1.0000
vn 0.0010 0.0013 -1.0000
vn -0.0023 -0.0039 -1.0000
vn -0.0114 -0.0068 -0.9999
vn 0.0164 0.0074 -0.9998
vn 0.0245 -0.0345 -0.9991
vn 0.0183 -0.0104 -0.9998
vn 0.0187 -0.0131 -0.9997
vn 0.0001 0.0055 -1.0000
vn 0.0019 0.0017 -1.0000
vn 0.0311 0.0661 -0.9973
vn 0.0002 -0.0013 -1.0000
vn -0.0023 -0.0008 -1.0000
vn -0.0236 -0.0172 -0.9996
vn -0.0000 -0.0521 -0.9986
vn 0.0388 -0.2022 -0.9786
vn 0.0019 0.0571 -0.9984
vn -0.0418 -0.0622 -0.9972
vn 0.0057 -0.0027 -1.0000
vn -0.0314 -0.0108 -0.9994
vn -0.0226 0.0043 -0.9997
vn -0.0222 0.0177 -0.9996
vn 0.0222 -0.0421 -0.9989
vn -0.0066 0.0011 -1.0000
vn 0.0014 0.0052 -1.0000
vn 0.0017 0.0034 -1.0000
vn 0.0022 -0.0047 -1.0000
vn 0.0127 -0.0184 -0.9997
vn -0.0007 0.0015 -1.0000
vn -0.0051 -0.0048 -1.0000
vn -0.0071 -0.0026 -1.0000
vn -0.0054 -0.0051 -1.0000
vn -0.9191 0.3940 0.0008
vn -0.9490 0.3143 -0.0262
vn -0.9667 0.2560 0.0069
vn -0.9983 0.0575 -0.0069
vn -0.9996 -0.0036 0.0263
vn -0.9959 -0.0902 -0.0013
vn 0.3759 -0.9267 0.0020
vn 0.3801 -0.9249 -0.0008
vn 1.0000 -0.0026 -0.0026
vn 1.0000 -0.0029 -0.0024
vn 0.9983 0.0177 -0.0550
vn 0.9997 0.0234 -0.0065
vn 0.9999 0.0046 -0.0120
vn 0.9998 0.0156 0.0116
vn 0.9994 -0.0067 0.0331
vn 0.9991 0.0431 0.0037
vn 0.9996 -0.0265 -0.0000
vn 0.9960 -0.0863 0.0210
vn 0.9999 -0.0049 -0.0117
vn 0.9999 0.0007 -0.0149
vn 1.0000 -0.0047 0.0087
vn 0.9996 -0.0252 0.0119
vn -0.2702 -0.9627 -0.0142
vn -0.2763 -0.9605 0.0340
vn -0.2825 -0.9592 0.0071
vn -0.2884 -0.9575 0.0015
vn -0.5108 -0.8597 0.0025
vn -0.4933 -0.8698 -0.0077
vn -0.6256 -0.7801 -0.0026
vn -0.6258 -0.7800 -0.0020
vn -0.0002 -1.0000 -0.0005
vn 0.0006 -1.0000 -0.0000
vn -0.0039 -1.0000 -0.0001
vn -0.0041 -1.0000 -0.0002
vn -0.0010 -1.0000 0.0047
vn 0.0048 -1.0000 -0.0025
vn -0.0012 -1.0000 -0.0018
vn 0.0017 -1.0000 -0.0061
vn -0.0048 -1.0000 0.0002
vn -0.9996 0.0290 -0.0063
vn -0.9996 -0.0290 0.0063
vn 0.0284 0.9966 0.0769
vn -0.0009 1.0000 0.0004
vn -0.0443 0.9982 -0.0395
vn -0.0005 1.0000 -0.0000
vn 0.0012 1.0000 0.0008
vn -0.0000 1.0000 0.0043
vn 0.0004 1.0000 -0.0000
vn 0.0050 1.0000 -0.0027
vn -0.0000 1.0000 -0.0014
vn -0.0012 -1.0000 -0.0010
vn -0.0000 -1.0000 0.0042
vn -0.0033 -1.0000 -0.0042
vn 0.0051 -1.0000 -0.0024
vn 0.0008 -1.0000 -0.0000
vn -0.0001 -1.0000 -0.0006
vn -0.0019 -1.0000 0.0017
vn -0.0000 -1.0000 -0.0004
vn 0.0017 -1.0000 -0.0046
vn -0.9995 -0.0300 0.0065
vn -0.9996 0.0289 -0.0063
vn -0.0036 1.0000 -0.0019
vn 0.0012 1.0000 0.0009
vn -0.0522 0.9980 -0.0358
vn -0.0060 1.0000 0.0002
vn -0.0022 1.0000 0.0065
vn 0.0298 0.9969 0.0723
vn 0.0003 1.0000 -0.0000
vn 0.0048 1.0000 -0.0028
vn -0.0020 1.0000 -0.0046
vn 0.6539 0.7566 -0.0012
vn 0.6583 0.7528 0.0011
vn 0.8736 0.4867 -0.0040
vn 0.9086 0.4177 0.0028
vn 0.8365 -0.5480 -0.0014
vn 0.8125 -0.5830 0.0043
vn -0.2706 -0.9627 -0.0007
vn -0.2842 -0.9587 0.0029
vn -0.1633 -0.8296 -0.5339
vn -0.0920 -0.9922 -0.0841
vn -0.1152 -0.9821 -0.1487
vn -0.1250 -0.9908 0.0512
vn -0.0891 -0.9618 0.2590
vn -0.1160 -0.8794 0.4618
vn -0.0939 -0.9589 0.2678
vn -0.1639 -0.9234 0.3470
vn -0.0424 -0.8081 0.5876
vn -0.0931 -0.9247 -0.3691
vn -0.0522 -0.8969 -0.4392
vn -0.0699 -0.8644 -0.4980
vn -0.4212 0.8759 -0.2354
vn -0.3301 0.9309 0.1565
vn -0.9622 0.2628 0.0717
vn -0.9616 0.2746 0.0029
vn -0.9714 0.2369 0.0143
vn -0.3533 0.9355 -0.0001
vn -0.2604 0.9650 -0.0315
vn -0.7419 0.5852 0.3275
vn -0.7632 0.5861 0.2722
vn -0.4202 0.7700 0.4802
vn -0.5099 0.8347 -0.2082
vn -0.2946 -0.8276 0.4778
vn -0.1572 -0.8360 -0.5257
vn -0.8460 -0.5318 0.0378
vn -0.7070 -0.7063 0.0370
vn -0.4836 -0.8743 0.0419
vn -0.7329 -0.6785 0.0507
vn -0.5243 -0.8379 0.1518
vn -0.5917 -0.6959 0.4070
vn -0.1480 -0.9220 0.3578
vn -0.8451 -0.4536 -0.2831
vn -0.9161 -0.3865 -0.1072
vn -0.9471 -0.3138 -0.0681
vn -0.9479 -0.3122 0.0637
vn -0.9532 -0.3004 0.0330
vn -0.9426 -0.3340 0.0066
vn -0.8685 -0.4556 0.1955
vn -0.9242 -0.3127 -0.2191
vn -0.7821 -0.6045 -0.1513
vn -0.3862 -0.9168 0.1019
vn -0.7216 -0.6907 -0.0476
vn -0.3990 -0.8966 -0.1924
vn -0.5964 -0.6413 -0.4827
vn -0.7232 -0.6689 -0.1718
vn -0.8774 -0.4067 0.2544
vn 0.0214 -0.9729 0.2302
vn -0.0172 -0.4038 0.9147
vn 0.1009 -0.1794 0.9786
vn -0.0488 0.5027 0.8631
vn 0.1644 0.9234 0.3470
vn 0.0031 0.9993 0.0381
vn -0.0444 0.6283 -0.7767
vn 0.0579 0.4726 -0.8794
vn -0.0493 -0.5170 -0.8546
vn 0.0542 -0.6854 -0.7262
vn -0.0764 -0.9970 -0.0102
vn -0.9899 -0.0282 -0.1390
vn -0.9954 -0.0752 -0.0595
vn -0.9934 -0.0974 -0.0599
vn -0.9959 -0.0777 0.0464
vn -0.9946 -0.0855 0.0595
vn -0.9985 0.0369 0.0403
vn -1.0000 0.0007 0.0038
vn -1.0000 0.0012 0.0016
vn -1.0000 0.0039 0.0015
vn -0.9926 0.0935 0.0769
vn -0.9908 0.0887 -0.1023
vn -0.9947 0.0544 -0.0876
vn 0.0408 -0.5515 0.8332
vn -0.0219 0.9377 0.3468
vn 0.0128 0.6453 0.7639
vn -0.0235 0.1904 0.9814
vn -0.0119 0.2408 0.9705
vn -0.0614 -0.8194 0.5700
vn 0.0488 -0.9943 -0.0952
vn -0.0332 -0.8512 -0.5238
vn 0.0186 -0.6236 -0.7815
vn -0.0244 -0.1985 -0.9798
vn 0.0156 0.0682 -0.9976
vn -0.0202 0.6548 -0.7555
vn -0.0113 0.6831 -0.7302
vn 0.0159 0.9632 -0.2685
vn -0.0078 0.9678 0.2516
vn -0.9124 -0.1862 0.3645
vn 0.0692 0.5488 0.8331
vn -0.9408 0.3375 0.0307
vn -0.0144 -0.9965 -0.0818
vn 0.0122 -0.8809 -0.4731
vn 0.0052 -0.0949 -0.9955
vn -0.0073 -0.2145 -0.9767
vn 0.0147 0.8454 -0.5340
vn 0.0117 0.8305 -0.5569
vn 0.0108 0.9155 0.4022
vn 0.0017 0.8803 0.4745
vn 0.0095 -0.0413 0.9991
vn 0.0053 0.0016 1.0000
vn -0.0008 -0.4254 0.9050
vn 0.0199 -0.8458 0.5332
vn -0.4876 -0.6069 0.6276
vn -0.3711 -0.4702 0.8007
vn -0.4298 -0.5328 -0.7290
vn -0.5146 -0.6566 -0.5514
vn -0.3191 -0.4120 -0.8535
vn -0.1551 -0.5529 0.8187
vn -0.1546 -0.5556 -0.8170
vn -0.0015 -0.7396 0.6731
vn -0.0142 -0.8845 0.4663
vn -0.0155 -0.8643 -0.5028
vn -0.0022 -0.6736 -0.7391
vn -0.6672 -0.7448 0.0045
vn -0.7421 -0.6703 -0.0000
vn -0.2744 0.7177 0.6400
vn -0.2631 0.6937 0.6705
vn -0.2509 0.6585 0.7096
vn -0.2359 0.6320 0.7382
vn -0.2403 0.6559 0.7156
vn -0.2484 0.6581 -0.7108
vn -0.2621 0.7005 -0.6638
vn -0.2522 0.6606 -0.7071
vn -0.2559 0.6685 -0.6983
vn -0.2623 0.7181 -0.6447
vn -0.0059 0.7392 0.6735
vn -0.0021 0.6716 0.7409
vn -0.0027 0.7377 -0.6751
vn -0.0025 0.7346 -0.6785
vn -0.7475 0.6642 -0.0050
vn -0.6738 0.7390 -0.0000
vn -0.7071 -0.0000 -0.7071
vn -0.0018 -0.7062 -0.7080
vn -0.0000 -0.6940 -0.7200
vn -0.0000 0.7195 -0.6944
vn 0.0018 0.7080 -0.7062
vn -0.6944 -0.7195 -0.0000
vn -0.7198 -0.6942 0.0047
vn -0.6935 0.7204 -0.0047
vn -0.7200 0.6940 -0.0000
vn -0.0000 -0.7071 0.7071
vn 0.0026 -0.7204 0.6936
vn -0.0000 0.6948 0.7192
vn -0.0017 0.7063 0.7080
vn -0.7071 -0.0000 0.7071
vn -0.6393 -0.1336 0.7572
vn -0.3228 0.0142 -0.9463
vn -0.4665 -0.0519 -0.8830
vn -0.9449 0.0547 -0.3227
vn -0.9971 -0.0476 -0.0591
vn -0.7413 0.0303 0.6705
vn -0.8672 0.1215 0.4830
vn -0.0926 -0.0326 0.9952
vn 0.0464 0.0163 0.9988
vn 0.7057 -0.0088 0.7085
vn 0.6764 0.0080 0.7365
vn 0.9982 -0.0165 0.0580
vn 0.9978 0.0299 -0.0590
vn 0.5941 -0.0341 -0.8037
vn 0.5244 0.0066 -0.8514
vn -0.3229 0.0144 -0.9463
vn -0.4665 -0.0524 -0.8830
vn -0.9449 0.0552 -0.3227
vn -0.9971 -0.0480 -0.0591
vn -0.7413 0.0306 0.6705
vn -0.8669 0.1226 0.4831
vn -0.0926 -0.0329 0.9952
vn 0.0464 0.0165 0.9988
vn 0.7057 -0.0089 0.7085
vn 0.6764 0.0081 0.7365
vn 0.9982 -0.0167 0.0580
vn 0.9978 0.0302 -0.0590
vn 0.5941 -0.0345 -0.8037
vn 0.5244 0.0067 -0.8514
vn -0.5389 0.8420 -0.0255
vn -0.8914 -0.1669 0.4213
vn -0.1490 0.7495 0.6451
vn 0.3981 0.8091 0.4322
vn 0.8339 0.1430 0.5330
vn 0.5553 0.8309 0.0346
vn 0.8594 0.3516 -0.3713
vn 0.3010 0.8622 -0.4074
vn 0.2409 0.2155 -0.9463
vn -0.2256 0.8720 -0.4344
vn -0.7341 0.1886 -0.6524
vn 0.3982 0.8091 0.4322
vn 0.5553 0.8309 0.0345
vn 0.2409 0.2156 -0.9463
vn 0.5389 -0.8420 -0.0255
vn 0.9091 0.0916 0.4064
vn 0.3821 -0.8411 0.3829
vn 0.0303 -0.7729 0.6338
vn -0.1827 0.0023 0.9832
vn -0.3710 -0.8641 0.3400
vn -0.8928 -0.3289 0.3079
vn -0.5642 -0.8021 -0.1959
vn -0.7416 -0.5353 -0.4042
vn -0.1803 -0.8321 -0.5244
vn -0.0338 -0.3050 -0.9518
vn 0.2838 -0.8369 -0.4680
vn 0.7473 -0.3132 -0.5860
vn 0.9091 0.0916 0.4063
vn 0.2838 -0.8370 -0.4680
vn 0.5214 0.6616 0.5390
vn 0.6310 0.3087 0.7117
vn 0.6582 0.3069 0.6875
vn 0.6270 -0.0043 0.7790
vn 0.7586 0.0012 0.6515
vn 0.2049 -0.5637 0.8002
vn 0.6103 -0.4491 0.6526
vn 0.6025 -0.4380 0.6672
vn 0.5283 0.6641 -0.5291
vn 0.3116 -0.8198 -0.4805
vn 0.6101 0.1883 -0.7697
vn 0.6155 -0.3654 -0.6984
vn 0.5615 -0.3535 -0.7482
vn 0.9785 0.0233 -0.2049
vn 0.5850 -0.0008 -0.8111
vn -0.0704 0.9974 -0.0150
vn -0.5073 0.8613 0.0279
vn -0.9326 0.3591 0.0362
vn -0.0000 1.0000 -0.0088
vn -0.8897 0.3279 0.3175
vn -0.2477 0.8799 0.4055
vn -0.6191 0.7048 0.3463
vn -0.9780 0.2084 0.0110
vn -0.4999 0.8497 0.1676
vn -0.3200 0.9338 0.1599
vn -0.4477 0.8361 0.3170
vn -0.7077 0.7065 -0.0079
vn -0.9526 0.3038 -0.0135
vn -0.4380 0.7402 -0.5102
vn -0.7911 0.5736 -0.2126
vn -0.3055 0.8592 -0.4104
vn -0.9847 0.1683 -0.0453
vn -0.5287 0.8337 -0.1596
vn -0.1834 0.9615 -0.2048
vn -0.9941 0.0465 0.0981
vn -0.9827 0.1846 -0.0134
vn 0.0761 0.0095 -0.9971
vn 0.8400 0.5425 -0.0013
vn 0.9594 0.2800 -0.0344
vn 0.9540 0.2997 -0.0000
vn 0.9990 -0.0443 -0.0011
vn 0.0831 0.9960 0.0331
vn -0.0001 0.9957 0.0925
vn 0.0003 0.9952 0.0983
vn 0.7542 -0.6566 0.0008
vn 0.7389 -0.6738 -0.0000
vn -0.0062 0.1142 -0.9934
vn -0.0059 0.1175 -0.9931
vn -0.0091 -0.1899 -0.9818
vn 0.0057 0.7462 -0.6657
vn 0.1560 0.9871 -0.0350
vn 0.5924 0.5264 -0.6099
vn 0.5152 0.8031 0.2993
vn 0.7270 0.3053 -0.6151
vn 0.4055 0.3129 -0.8589
vn -0.0112 0.6737 0.7389
vn 0.0009 0.4473 0.8944
vn 0.7865 0.4694 0.4014
vn 0.4582 0.8344 -0.3062
vn 0.5774 0.7054 0.4110
vn 0.0006 0.2747 0.9615
vn -0.0023 0.2306 0.9730
vn 0.8028 0.2098 0.5581
vn 0.4903 0.4993 0.7144
vn 0.6957 0.7182 -0.0153
vn 0.0428 0.9981 0.0450
vn -0.3823 0.9237 -0.0246
vn -0.9974 -0.0696 0.0165
vn -0.9995 -0.0204 0.0235
vn -0.2065 -0.9784 0.0119
vn -0.1891 -0.9819 0.0088
vn 0.8782 -0.4781 0.0126
vn 0.9496 -0.3106 0.0425
vn 0.5091 0.7076 -0.4901
vn -0.1691 0.4064 0.8979
vn -0.8631 0.1006 -0.4949
vn 0.9388 0.3416 0.0445
vn 0.9816 0.1745 0.0774
vn -0.9353 -0.3537 0.0066
vn -0.9903 -0.1281 0.0532
vn -0.3465 0.9380 0.0079
vn -0.3566 0.9343 0.0032
vn -0.3566 0.9343 -0.0000
vn -0.4069 -0.2752 0.8710
vn -0.4090 -0.2826 0.8677
vn 0.5013 0.1033 0.8591
vn 0.4802 0.0489 0.8758
vn 0.4528 -0.2437 0.8577
vn 0.5214 -0.5585 0.6452
vn 0.3026 -0.1075 0.9470
vn -0.0011 1.0000 -0.0007
vn 0.0227 0.9997 -0.0003
vn -0.9892 0.1462 0.0045
vn -0.9777 -0.2100 -0.0000
vn -0.6285 0.7778 -0.0002
vn -0.6137 0.7895 0.0005
vn -0.9318 0.3629 -0.0016
vn 0.2885 0.8441 -0.4519
vn 0.8219 0.5665 -0.0590
vn 0.7415 0.6708 -0.0149
vn 0.6979 0.6802 -0.2244
vn 0.8364 0.0957 -0.5397
vn 0.4642 0.8786 -0.1118
vn 0.5671 0.8230 -0.0337
vn 0.9284 -0.3268 -0.1770
vn 0.8823 0.4327 -0.1854
vn 0.9667 0.2496 -0.0562
vn 0.9610 0.2751 0.0267
vn 0.3435 0.9339 0.0994
vn 0.7745 0.6312 0.0420
vn 0.6195 0.7826 0.0622
vn 0.4937 0.8005 0.3398
vn 0.6370 0.7659 0.0876
vn 0.8675 0.4563 0.1983
vn 0.9424 0.3346 -0.0008
vn 0.8422 0.5372 0.0460
vn 0.9961 -0.0885 0.0004
vn 0.9996 -0.0042 -0.0267
vn 0.9983 0.0575 0.0069
vn 0.9667 0.2560 -0.0069
vn 0.9487 0.3151 0.0267
vn 0.9185 0.3955 -0.0008
vn -0.3832 -0.9237 0.0010
vn -0.3785 -0.9256 -0.0021
vn -1.0000 0.0022 0.0025
vn -1.0000 -0.0010 -0.0011
vn -1.0000 -0.0048 -0.0001
vn -1.0000 -0.0046 -0.0000
vn -1.0000 -0.0048 0.0001
vn -1.0000 -0.0057 0.0006
vn -1.0000 -0.0067 0.0011
vn -1.0000 -0.0064 0.0006
vn -1.0000 -0.0047 -0.0000
vn -1.0000 -0.0071 0.0006
vn -1.0000 -0.0062 -0.0015
vn -1.0000 -0.0057 -0.0018
vn -1.0000 -0.0076 0.0002
vn 0.2791 -0.9593 0.0424
vn 0.2867 -0.9580 0.0107
vn 0.2770 -0.9609 0.0024
vn 0.3102 -0.9507 -0.0010
vn 0.2748 -0.9614 -0.0119
vn 0.2887 -0.9574 -0.0023
vn 0.2576 -0.9652 -0.0458
vn 0.3073 -0.9516 -0.0010
vn 0.3823 -0.9238 -0.0198
vn 0.5115 -0.8593 0.0039
vn 0.5074 -0.8617 0.0015
vn 0.6258 -0.7800 0.0009
vn 0.6257 -0.7801 0.0014
vn -0.0242 -0.9991 -0.0358
vn 0.0010 -1.0000 -0.0040
vn 0.0364 -0.9993 0.0002
vn 0.0004 -1.0000 -0.0029
vn 0.0074 -0.9999 -0.0080
vn 0.0117 -0.9999 -0.0055
vn 0.0042 -1.0000 0.0001
vn 0.0095 -0.9999 -0.0082
vn -0.0659 -0.9964 0.0528
vn 0.9995 0.0304 0.0047
vn 0.9990 -0.0428 -0.0109
vn -0.0000 1.0000 0.0027
vn -0.0020 1.0000 -0.0010
vn 0.0010 1.0000 0.0007
vn -0.0008 1.0000 -0.0025
vn 0.0025 1.0000 -0.0055
vn -0.0000 1.0000 -0.0008
vn 0.0017 1.0000 -0.0000
vn 0.0033 1.0000 0.0038
vn -0.0040 1.0000 -0.0000
vn -0.0174 -0.9990 -0.0413
vn -0.0000 -1.0000 -0.0028
vn 0.0202 -0.9998 -0.0000
vn 0.0002 -1.0000 -0.0031
vn -0.0044 -1.0000 -0.0000
vn -0.0023 -1.0000 0.0011
vn 0.0031 -1.0000 -0.0036
vn -0.0000 -1.0000 0.0043
vn -0.0391 -0.9977 0.0558
vn 0.9999 -0.0130 -0.0043
vn 0.9996 0.0276 0.0044
vn 0.0019 1.0000 0.0056
vn -0.0020 1.0000 -0.0011
vn 0.0037 1.0000 0.0026
vn 0.0019 1.0000 -0.0047
vn 0.0026 1.0000 -0.0052
vn 0.0022 1.0000 -0.0044
vn 0.0073 1.0000 -0.0002
vn 0.0034 1.0000 0.0037
vn -0.0033 1.0000 -0.0000
vn -0.6520 0.7582 -0.0007
vn -0.6564 0.7544 -0.0030
vn -0.8774 0.4798 -0.0007
vn -0.8769 0.4807 -0.0006
vn -0.8080 -0.5892 -0.0038
vn -0.8308 -0.5566 0.0016
vn 0.2817 -0.9595 -0.0016
vn 0.2732 -0.9619 0.0007
vn 0.0850 -0.8491 0.5214
vn 0.0769 -0.9131 0.4005
vn 0.0564 -0.8978 0.4367
vn 0.1165 -0.9747 0.1910
vn 0.0963 -0.9266 0.3635
vn 0.1136 -0.9923 0.0499
vn 0.0974 -0.9906 0.0965
vn 0.1122 -0.9826 -0.1482
vn 0.1139 -0.9818 -0.1522
vn 0.1044 -0.8998 -0.4236
vn 0.0513 -0.8696 -0.4911
vn 0.0434 -0.9135 -0.4045
vn 0.6334 0.6440 -0.4291
vn 0.2150 0.9761 -0.0328
vn 0.8729 0.4646 -0.1491
vn 0.8716 0.4665 -0.1510
vn 0.8320 0.5087 0.2214
vn 0.7281 0.5791 0.3667
vn 0.5516 0.8032 0.2248
vn 0.6659 0.7399 0.0953
vn 0.2589 0.8398 0.4772
vn 0.4892 0.8390 0.2382
vn 0.4500 0.8474 -0.2818
vn 0.9469 -0.3211 0.0138
vn 0.7733 -0.5505 0.3146
vn 0.4272 -0.7954 -0.4300
vn 0.9715 -0.2347 0.0330
vn 0.9576 -0.2804 -0.0666
vn 0.7648 -0.6361 -0.1023
vn 0.7965 -0.4735 0.3759
vn 0.5586 -0.7389 0.3767
vn 0.7070 -0.7059 0.0441
vn 0.9813 -0.1483 0.1226
vn 0.9068 -0.4136 0.0818
vn 0.9099 -0.4048 0.0907
vn 0.5237 -0.8000 0.2927
vn 0.6137 -0.7865 0.0691
vn 0.9505 -0.2966 -0.0926
vn 0.9315 -0.3590 -0.0593
vn 0.8077 -0.5126 -0.2914
vn 0.6991 -0.7132 -0.0500
vn 0.6014 -0.7636 -0.2351
vn 0.4927 -0.8347 -0.2460
vn 0.3371 -0.8839 -0.3241
vn 0.2110 -0.8485 -0.4853
vn -0.0414 -0.9933 0.1075
vn 0.1272 -0.5974 -0.7917
vn 0.1824 -0.6555 -0.7329
vn -0.0956 0.2705 -0.9580
vn -0.0458 0.5044 -0.8622
vn 0.2209 0.9036 -0.3670
vn -0.0620 0.9738 0.2186
vn 0.0988 0.3774 0.9208
vn -0.0101 0.1648 0.9863
vn 0.0148 -0.8019 0.5973
vn 0.3571 -0.3034 0.8834
vn 0.9979 0.0642 0.0030
vn 0.9971 0.0759 -0.0030
vn 0.9950 0.0692 0.0715
vn 0.9979 -0.0077 0.0641
vn 0.9933 -0.1052 -0.0478
vn 0.9980 -0.0237 -0.0587
vn 0.9967 -0.0079 -0.0804
vn 0.9985 0.0320 -0.0449
vn 0.9978 0.0431 -0.0495
vn 0.9987 0.0010 0.0516
vn 0.9968 -0.0618 0.0509
vn 0.9983 -0.0510 0.0291
vn -0.0206 0.0888 0.9958
vn 0.0101 -0.0761 0.9971
vn 0.0219 0.6687 0.7432
vn -0.0274 0.8294 0.5580
vn 0.0228 0.9985 0.0497
vn -0.0301 0.9824 -0.1846
vn -0.0159 0.5048 -0.8631
vn 0.0161 0.6108 -0.7916
vn 0.0164 -0.1570 -0.9875
vn 0.0058 -0.2036 -0.9790
vn -0.0160 -0.6582 -0.7527
vn 0.0300 -0.9167 -0.3984
vn -0.0119 -0.9991 0.0415
vn 0.0215 -0.7946 0.6067
vn -0.0070 -0.6310 0.7757
vn 0.2396 0.6437 -0.7268
vn 0.1069 0.7222 0.6834
vn 0.2581 0.6732 -0.6929
vn 0.2521 0.6606 -0.7072
vn 0.2562 0.6788 -0.6882
vn -0.0872 -0.7210 0.6875
vn 0.2377 0.6357 0.7345
vn 0.2592 0.6807 0.6851
vn 0.2652 0.6989 0.6643
vn 0.2797 0.8079 0.5187
vn 0.2503 0.5923 0.7659
vn 0.0030 0.7086 -0.7056
vn 0.0025 0.7137 -0.7004
vn 0.0027 0.7401 0.6725
vn 0.0030 0.7453 0.6668
vn 0.7421 0.6703 -0.0000
vn 0.7081 0.7061 0.0021
vn 0.4865 -0.6049 -0.6304
vn 0.4467 -0.5584 -0.6990
vn 0.5014 -0.6231 0.6002
vn 0.3610 -0.4580 0.8124
vn 0.1422 -0.5164 -0.8444
vn 0.1541 -0.5493 0.8213
vn -0.0067 -0.8275 -0.5614
vn 0.0167 -0.8784 0.4777
vn 0.0022 -0.6736 0.7391
vn 0.6609 -0.7504 0.0094
vn -0.0000 -0.7071 -0.7071
vn 0.7071 -0.0000 -0.7071
vn 0.7060 -0.7082 -0.0021
vn 0.6944 -0.7195 -0.0000
vn -0.0000 0.7071 -0.7071
vn 0.0018 -0.7062 0.7080
vn -0.0000 -0.6940 0.7200
vn 0.7071 0.7071 -0.0000
vn 0.7217 0.6922 0.0027
vn 0.7071 -0.0000 0.7071
vn -0.0000 0.7187 0.6953
vn -0.0017 0.7080 0.7062
vn 0.0566 0.0610 -0.9965
vn -0.4954 -0.0588 -0.8666
vn -0.7843 0.0609 -0.6174
vn -0.9962 -0.0640 -0.0592
vn -0.8946 0.0761 0.4404
vn -0.7053 -0.0341 0.7081
vn -0.0766 0.0032 0.9971
vn 0.0752 0.0631 0.9952
vn 0.5662 -0.0465 0.8230
vn 0.9258 0.0351 0.3764
vn 0.9585 -0.0046 0.2849
vn 0.8028 -0.0738 -0.5917
vn 0.9240 0.0398 -0.3802
vn 0.4217 -0.0556 -0.9050
vn 0.0566 0.0615 -0.9965
vn -0.4954 -0.0594 -0.8666
vn -0.7842 0.0615 -0.6174
vn -0.9962 -0.0646 -0.0592
vn -0.8945 0.0768 0.4404
vn -0.7053 -0.0345 0.7081
vn 0.0752 0.0637 0.9951
vn 0.5662 -0.0469 0.8230
vn 0.9257 0.0354 0.3765
vn 0.8028 -0.0745 -0.5916
vn 0.9240 0.0401 -0.3802
vn 0.4217 -0.0562 -0.9050
vn 0.5291 -0.8417 0.1080
vn 0.2918 -0.1549 0.9439
vn 0.0405 -0.8435 0.5357
vn -0.8353 -0.3651 0.4112
vn -0.8784 -0.2410 0.4128
vn -0.4063 -0.8546 -0.3235
vn -0.4672 0.3230 -0.8231
vn 0.0282 -0.8823 -0.4698
vn 0.7635 0.1971 -0.6149
vn -0.6943 0.7188 -0.0356
vn -0.9634 0.2589 0.0698
vn -0.3961 0.8279 0.3970
vn -0.3251 0.1185 0.9382
vn -0.0479 0.7803 0.6236
vn 0.3396 0.8006 0.4936
vn 0.8092 -0.1618 0.5648
vn 0.5995 0.7803 0.1782
vn 0.5541 0.8006 -0.2280
vn 0.7693 0.0994 -0.6311
vn 0.2289 0.8408 -0.4905
vn -0.2992 0.1114 -0.9477
vn -0.2891 0.8063 -0.5160
vn -0.9634 0.2588 0.0698
vn -0.3251 0.1184 0.9382
vn -0.8352 -0.3651 0.4112
vn -0.4672 0.3229 -0.8231
vn 0.0173 0.8469 -0.5315
vn -0.0156 0.6455 -0.7636
vn -0.0126 -0.7601 -0.6497
vn 0.0149 -0.6036 -0.7972
vn 0.0153 -0.8430 0.5377
vn -0.0244 -0.6459 0.7631
vn 0.0273 0.5478 0.8361
vn -0.0174 0.8333 0.5526
vn -0.8857 -0.3936 0.2462
vn -0.2357 -0.3918 0.8893
vn -0.7681 0.3293 0.5492
vn -0.8142 0.3224 0.4829
vn -0.4969 0.8672 0.0325
vn -0.8564 0.4421 -0.2669
vn -0.4663 0.5626 -0.6827
vn -0.6645 -0.4560 -0.5920
vn -0.8148 -0.3071 -0.4916
vn -0.3582 -0.9336 -0.0110
vn -0.6443 0.0344 0.7640
vn -0.4919 0.2996 -0.8175
vn -0.2621 -0.7180 0.6448
vn -0.5059 -0.3511 0.7879
vn -0.6449 -0.3965 0.6534
vn -0.5426 0.0008 0.8400
vn -0.7177 -0.0060 0.6963
vn -0.6776 0.3418 0.6511
vn -0.7664 0.3248 0.5541
vn -0.5187 0.6622 0.5407
vn -0.2169 -0.5927 -0.7757
vn -0.5318 -0.3894 -0.7521
vn -0.5963 -0.4798 -0.6435
vn -0.6484 -0.0027 -0.7613
vn -0.6365 -0.0021 -0.7712
vn -0.6002 0.2938 -0.7440
vn -0.7159 0.2716 -0.6432
vn -0.5059 0.6472 -0.5703
vn 0.9955 0.0822 0.0462
vn 0.9985 0.0543 0.0054
vn 0.9998 0.0174 0.0135
vn 0.9990 0.0402 -0.0188
vn 0.9984 0.0560 0.0030
vn 1.0000 0.0065 -0.0047
vn -0.0000 0.9998 0.0211
vn 0.3309 0.9436 -0.0084
vn 0.5794 0.8146 -0.0259
vn 0.6263 0.6496 -0.4310
vn 0.7585 0.3458 -0.5524
vn 0.2458 0.8825 -0.4010
vn 0.8645 0.4283 -0.2630
vn 0.6987 0.6734 -0.2416
vn 0.9124 0.4071 -0.0426
vn 0.1045 0.9756 -0.1932
vn 0.8441 0.5362 0.0014
vn 0.5900 0.8074 -0.0059
vn 0.4875 0.7310 0.4775
vn 0.5809 0.7964 0.1685
vn 0.9540 0.2885 0.0815
vn 0.5231 0.8393 0.1483
vn 0.0104 0.9820 0.1888
vn 0.9988 0.0404 -0.0273
vn 0.9967 0.0815 0.0063
vn -0.5066 0.8622 0.0038
vn -0.9576 -0.2881 -0.0000
vn -0.7542 -0.6566 -0.0008
vn -0.7389 -0.6738 -0.0000
vn -0.8422 0.5391 0.0013
vn -0.9594 0.2801 0.0342
vn -0.6821 0.6783 0.2734
vn -0.2883 0.9365 -0.1996
vn -0.8749 0.1481 -0.4612
vn -0.5313 0.3424 -0.7749
vn -0.0656 0.9968 0.0451
vn -0.6814 0.5068 0.5280
vn -0.7942 0.5015 -0.3432
vn -0.6958 0.3653 0.6184
vn -0.5844 0.4564 0.6710
vn 0.8871 -0.4610 -0.0221
vn 0.8427 -0.5384 -0.0053
vn -0.5421 -0.8401 -0.0153
vn -0.5552 -0.8316 -0.0123
vn -0.9207 0.3900 -0.0116
vn -0.8601 0.5090 -0.0332
vn 0.4077 0.9131 0.0067
vn 0.4606 0.8874 0.0193
vn 0.1648 0.5839 -0.7949
vn 0.8482 -0.5150 0.1240
vn 0.9298 -0.3680 0.0069
vn 0.8241 -0.5642 0.0502
vn -0.9337 0.3581 0.0056
vn -0.8487 0.5271 0.0435
vn 0.3645 0.9312 0.0070
vn 0.3566 0.9343 -0.0000
vn 0.3562 0.9344 0.0030
vn 0.3576 0.9339 0.0032
vn -0.8206 0.1987 0.5358
vn -0.6846 -0.0495 0.7272
vn -0.0216 -0.1192 0.9926
vn 0.1679 -0.0305 0.9853
vn -0.7823 0.4515 0.4291
vn -0.9474 -0.0510 -0.3159
vn -0.6290 0.3331 -0.7024
vn -0.3377 -0.3999 -0.8521
vn 0.0889 -0.2902 -0.9528
vn -0.4050 -0.2724 0.8728
vn -0.0602 -0.0241 0.9979
vn 0.7861 -0.2251 0.5757
vn 0.7056 -0.6790 0.2028
vn 0.8009 -0.4579 -0.3860
vn 0.5388 -0.6452 -0.5417
vn 0.9473 -0.1125 0.3001
vn 0.7165 -0.3492 0.6039
vn 0.8450 -0.4618 -0.2695
vn 0.7977 -0.2763 -0.5361
vn 0.1500 -0.2511 -0.9563
vn 0.0110 0.0927 -0.9956
vn -0.7466 0.1337 -0.6517
vn -0.7214 0.0719 -0.6888
vn -0.9459 0.1417 0.2919
vn -0.8209 0.3555 0.4470
vn -0.1003 -0.0116 0.9949
vn 0.0071 0.0515 0.9986
vn -0.2930 -0.9552 0.0426
vn -0.2858 -0.9564 0.0605
vn -0.4150 -0.9097 -0.0126
vn -0.2622 -0.9488 -0.1761
vn -0.3407 -0.9396 -0.0328
vn -0.3542 -0.9323 0.0736
vn -0.3842 -0.9150 0.1234
vn -0.4243 -0.9040 0.0532
vn -0.4964 -0.8670 0.0437
vn -0.4390 -0.8947 -0.0827
vn -0.3309 -0.9434 -0.0240
vn -0.2614 -0.9650 -0.0217
vn -0.3473 -0.9349 0.0733
vn -0.3986 -0.9155 0.0539
vn 0.0179 -0.9989 -0.0426
vn 0.3762 0.1572 -0.9131
vn -0.5926 -0.7721 -0.2294
vn 0.4163 -0.9091 -0.0167
vn 0.4072 -0.9130 -0.0253
vn -0.1400 -0.9898 -0.0264
vn 0.4766 -0.7664 0.4306
vn -0.5822 -0.8130 -0.0000
vn -0.6954 -0.7186 -0.0000
vn -0.9393 -0.3430 0.0022
vn -0.7833 -0.6216 -0.0020
vn -0.0578 -0.9983 0.0023
vn 0.2257 -0.9742 -0.0023
vn 0.9303 -0.3669 0.0026
vn 0.9881 -0.1539 -0.0017
vn 0.5857 0.8106 0.0006
vn 0.4919 0.8706 0.0027
vn -0.2323 0.9726 -0.0026
vn -0.7268 0.6869 0.0032
vn -0.9560 0.2934 -0.0022
vn -0.5797 -0.7945 -0.1810
vn -0.0048 0.0054 1.0000
vn 0.0036 0.0017 1.0000
vn 0.0114 0.0002 0.9999
vn 0.0122 -0.0000 0.9999
vn 0.0037 -0.0159 0.9999
vn 0.0144 0.0186 0.9997
vn 0.0095 -0.0059 0.9999
vn 0.1411 -0.0374 0.9893
vn -0.0070 0.0129 0.9999
vn 0.0044 -0.0149 0.9999
vn -0.0312 0.0724 0.9969
vn 0.0224 -0.0299 0.9993
vn 0.0150 0.0064 0.9999
vn -0.0131 -0.0005 0.9999
vn -0.0053 -0.0000 1.0000
vn 0.0165 -0.0069 0.9998
vn -0.0033 -0.0102 0.9999
vn -0.0093 0.0040 0.9999
vn -0.0092 0.0079 0.9999
vn 0.8198 0.0014 0.5727
vn -0.0115 -0.0064 0.9999
vn 0.0276 -0.0211 0.9994
vn -0.0070 0.0090 0.9999
vn 0.0043 0.0038 1.0000
vn -0.0030 -0.0012 1.0000
vn -0.0208 -0.0539 0.9983
vn -0.0728 -0.1811 0.9808
vn 0.0060 0.0097 0.9999
vn -0.0165 -0.0254 0.9995
vn -0.0106 0.0057 0.9999
vn 0.0102 -0.0077 0.9999
vn -0.0131 0.0135 0.9998
vn -0.0098 -0.0043 0.9999
vn 0.0068 0.0088 0.9999
vn 0.0068 0.0075 0.9999
vn -0.0116 0.0122 0.9999
vn -0.0389 0.0006 0.9992
vn -0.0413 -0.0031 0.9991
vn -0.0007 0.0027 1.0000
vn -0.0031 0.0052 1.0000
vn -0.0035 0.0057 1.0000
vn -0.0033 0.0035 1.0000
vn -0.0026 0.0047 1.0000
vn 0.0001 0.0018 1.0000
vn 0.0007 0.0019 1.0000
vn -0.0156 0.0096 0.9998
vn -0.0111 -0.0047 0.9999
vn 0.0038 -0.0013 1.0000
vn 0.0067 0.0558 0.9984
vn -0.0005 -0.0006 1.0000
vn -0.0005 0.0028 1.0000
vn -0.0150 0.0569 0.9983
vn -0.0227 0.0702 0.9973
vn -0.0118 -0.0056 0.9999
vn 0.0182 -0.0124 0.9998
vn 0.0010 -0.0001 1.0000
vn 0.0051 -0.0439 0.9990
vn -0.0001 -0.0004 1.0000
vn 0.0083 0.0029 1.0000
vn 0.0005 0.0002 1.0000
vn 0.0003 -0.0013 1.0000
vn -0.0053 0.0030 1.0000
vn -0.0028 0.0057 1.0000
vn -0.0054 0.0068 1.0000
vn 0.0278 -0.0180 0.9995
vn 0.0012 -0.0008 1.0000
vn -0.0011 0.0001 1.0000
vn -0.0008 -0.0011 1.0000
vn 0.0036 -0.0025 1.0000
vn -0.0011 0.0032 1.0000
vn 0.0041 0.0062 1.0000
vn -0.0235 -0.0094 0.9997
vn 0.0037 0.0013 1.0000
vn 0.0049 0.0006 1.0000
vn 0.0033 0.0021 1.0000
vn -0.0120 0.0116 0.9999
vn 0.0012 -0.0004 1.0000
vn -0.0118 0.0057 0.9999
vn 0.0008 -0.0008 1.0000
vn 0.0065 0.0090 0.9999
vn 0.0043 0.0061 1.0000
vn 0.0044 0.0043 1.0000
vn 0.0019 0.0079 1.0000
vn 0.0033 0.0027 1.0000
vn -0.0022 0.0028 1.0000
vn 0.0005 -0.0013 1.0000
vn -0.0143 -0.0260 0.9996
vn -0.0010 0.0025 1.0000
vn -0.0006 0.0025 1.0000
vn 0.0008 -0.0013 -1.0000
vn -0.0163 -0.0067 -0.9998
vn 0.0199 0.0275 -0.9994
vn 0.0165 0.0069 -0.9998
vn -0.0028 -0.0010 -1.0000
vn 0.0218 0.0305 -0.9993
vn 0.0148 -0.0065 -0.9999
vn -0.0125 -0.0003 -0.9999
vn -0.0023 -0.0022 -1.0000
vn 0.0126 -0.0125 -0.9998
vn 0.0138 -0.0017 -0.9999
vn 0.0140 -0.0088 -0.9999
vn 0.0345 -0.0288 -0.9990
vn -0.0221 0.0185 -0.9996
vn -0.0169 0.0087 -0.9998
vn -0.0126 -0.0102 -0.9999
vn -0.0204 -0.0444 -0.9988
vn -0.0004 0.0003 -1.0000
vn 0.0176 -0.0000 -0.9998
vn 0.0136 0.0010 -0.9999
vn -0.0055 0.0041 -1.0000
vn 0.0019 -0.0023 -1.0000
vn -0.0068 0.0120 -0.9999
vn 0.0019 -0.0097 -1.0000
vn 0.0185 -0.0411 -0.9990
vn 0.0125 -0.0153 -0.9998
vn -0.0028 0.0301 -0.9995
vn 0.0007 -0.0007 -1.0000
vn 0.0010 0.0001 -1.0000
vn 0.0022 0.0016 -1.0000
vn 0.0127 0.0093 -0.9999
vn -0.0148 -0.0085 -0.9999
vn 0.0127 -0.0061 -0.9999
vn 0.0320 0.0306 -0.9990
vn -0.0497 -0.0353 -0.9981
vn 0.0029 -0.0002 -1.0000
vn -0.0168 -0.0000 -0.9999
vn -0.0122 -0.0010 -0.9999
vn 0.0198 -0.0498 -0.9986
vn -0.0154 -0.0155 -0.9998
vn 0.0075 0.0063 -1.0000
vn 0.0001 -0.0534 -0.9986
vn -0.0144 -0.0321 -0.9994
vn 0.0077 -0.0036 -1.0000
vn 0.0048 -0.0043 -1.0000
vn -0.1276 0.0798 -0.9886
vn 0.0018 0.0633 -0.9980
vn -0.0530 -0.1171 -0.9917
vn -0.0003 0.0002 -1.0000
vn 0.0247 0.0390 -0.9989
vn 0.0084 -0.0035 -1.0000
vn -0.0039 -0.0242 -0.9997
vn -0.0045 0.0038 -1.0000
vn -0.0104 -0.0089 -0.9999
vn -0.8974 -0.4412 0.0014
vn -0.7352 -0.6778 -0.0028
vn -0.1028 -0.9947 0.0031
vn 0.3309 -0.9437 -0.0029
vn 0.9573 -0.2891 0.0021
vn 0.9342 -0.3567 0.0005
vn 0.7481 0.6636 -0.0005
vn 0.7328 0.6804 -0.0001
vn -0.1652 0.9863 0.0005
vn -0.2215 0.9752 -0.0004
vn -0.9019 0.4320 0.0001
vn -0.8821 0.4711 -0.0007
vn -0.2589 0.9658 -0.0153
vn -0.2673 0.9636 0.0001
vn -0.2623 0.9650 -0.0026
vn -0.2593 0.9654 0.0281
vn -0.2638 0.9644 0.0169
vn -0.2848 0.9586 0.0035
vn -0.3512 0.9359 0.0263
vn -0.3307 0.9437 -0.0010
vn 0.3289 -0.9444 -0.0032
vn 0.3567 -0.9342 0.0073
vn 0.3871 -0.9220 0.0060
vn 0.2638 0.9645 -0.0137
vn 0.2904 0.9569 -0.0036
vn 0.2629 0.9648 0.0081
vn 0.2530 0.9672 0.0209
vn 0.3516 0.9361 -0.0058
vn 0.3459 0.9383 0.0020
vn -0.8244 0.2956 0.4827
vn -0.9994 -0.0255 0.0227
vn -0.6893 0.3599 -0.6288
vn -0.2970 -0.0846 -0.9511
vn -0.2255 -0.0345 -0.9736
vn -0.6514 -0.3104 0.6923
vn 0.2091 -0.1241 0.9700
vn 0.1966 -0.0473 0.9793
vn 0.8252 -0.5344 0.1830
vn 0.8921 -0.4370 0.1148
vn 0.3573 -0.5885 -0.7253
vn 0.4164 -0.5563 -0.7191
vn 0.9472 -0.1129 0.3001
vn 0.5943 -0.4197 0.6860
vn 0.7977 -0.2763 -0.5360
vn 0.8450 -0.4619 -0.2694
vn 0.0233 0.0637 -0.9977
vn 0.1501 -0.2508 -0.9563
vn -0.7801 0.2570 -0.5704
vn -0.7520 0.1369 -0.6447
vn -0.8245 0.3557 0.4400
vn -0.9139 0.2369 0.3296
vn -0.2229 -0.0440 0.9738
vn 0.0116 0.0647 0.9978
vn -0.4314 -0.8986 -0.0802
vn -0.3970 -0.9155 -0.0653
vn 0.2533 -0.7216 -0.6443
vn -0.3505 -0.9354 -0.0475
vn -0.3886 -0.9093 0.1488
vn -0.4260 -0.9036 0.0442
vn -0.4789 -0.8770 0.0380
vn -0.2815 -0.9592 -0.0278
vn -0.2976 -0.9546 -0.0124
vn -0.2639 -0.9610 0.0826
vn -0.3396 -0.9382 0.0665
vn 0.1445 0.9338 -0.3273
vn -0.3441 -0.9389 0.0014
vn -0.3675 -0.9300 0.0064
vn -0.3562 -0.9344 0.0088
vn -0.3385 -0.9410 0.0001
vn 0.4528 -0.2436 0.8577
vn 0.5450 -0.6634 0.5128
vn 0.3073 -0.0950 0.9469
vn 0.0978 0.9947 0.0320
vn -0.0935 0.9941 0.0547
vn -0.0020 0.9972 0.0751
vn 0.0017 0.9913 0.1313
vn -0.0489 0.9988 -0.0007
vn -0.0232 0.9997 -0.0001
vn -0.9823 -0.1871 0.0001
vn -0.9808 -0.1951 -0.0000
vn -0.0004 1.0000 -0.0045
vn -0.0096 1.0000 0.0010
vn -0.4597 0.8881 -0.0008
vn -0.5202 0.8540 0.0012
vn -0.9039 0.4278 -0.0036
vn -0.9478 0.3189 0.0001
vn 0.2882 0.8448 -0.4509
vn 0.8220 0.5665 -0.0590
vn 0.6974 0.6801 -0.2261
vn 0.8249 0.2832 -0.4893
vn 0.4654 0.8779 -0.1127
vn 0.5679 0.8224 -0.0336
vn 0.8953 -0.4086 -0.1777
vn 0.8739 0.4235 -0.2386
vn 0.5136 0.8475 0.1342
vn 0.5867 0.8092 0.0312
vn 0.6054 0.7955 0.0242
vn 0.3342 0.8908 0.3078
vn 0.7056 0.6989 0.1171
vn 1.0000 -0.0034 -0.0023
vn 0.9999 0.0110 0.0101
vn 0.9190 0.3942 -0.0003
vn -0.3835 -0.9236 0.0033
vn -0.3800 -0.9250 0.0010
vn -1.0000 0.0022 0.0008
vn -1.0000 0.0047 0.0036
vn -0.9989 -0.0438 0.0160
vn -0.9835 -0.1808 -0.0016
vn -0.9994 -0.0277 -0.0224
vn -1.0000 -0.0067 -0.0005
vn -0.9953 -0.0964 -0.0048
vn -1.0000 -0.0081 -0.0000
vn -1.0000 -0.0063 0.0017
vn -1.0000 -0.0062 0.0016
vn -1.0000 -0.0055 -0.0010
vn -1.0000 -0.0065 0.0001
vn -0.9963 -0.0853 0.0072
vn 0.2767 -0.9601 0.0398
vn 0.2844 -0.9587 0.0088
vn 0.2576 -0.9652 -0.0459
vn 0.4973 -0.8676 0.0015
vn 0.5040 -0.8637 0.0058
vn 0.3796 -0.9250 -0.0175
vn 0.3043 -0.9526 -0.0011
vn 0.6260 -0.7798 0.0009
vn 0.6258 -0.7800 0.0017
vn -0.0452 -0.9979 -0.0464
vn 0.0010 -1.0000 -0.0029
vn 0.0632 -0.9918 -0.1114
vn 0.0362 -0.9993 0.0002
vn -0.0195 -0.9998 -0.0102
vn -0.0328 -0.9995 -0.0000
vn 0.0637 -0.9961 0.0609
vn 0.0016 -1.0000 0.0027
vn 0.0011 -1.0000 0.0019
vn -0.0735 -0.9956 0.0585
vn 0.9995 0.0304 0.0063
vn 0.9996 -0.0279 -0.0063
vn -0.0758 0.9958 0.0511
vn -0.0000 0.9992 0.0390
vn -0.0152 0.9998 0.0160
vn 0.0489 0.9979 -0.0433
vn -0.0002 1.0000 -0.0013
vn 0.0054 0.9996 0.0270
vn 0.0678 0.9896 -0.1267
vn 0.0010 1.0000 -0.0000
vn -0.0788 0.9960 -0.0429
vn -0.0004 1.0000 -0.0000
vn -0.0298 -0.9982 -0.0525
vn -0.0000 -1.0000 -0.0014
vn 0.0629 -0.9908 -0.1200
vn 0.0201 -0.9998 -0.0000
vn -0.0221 -0.9997 -0.0124
vn -0.0391 -0.9992 -0.0000
vn 0.0642 -0.9961 0.0609
vn -0.0007 -1.0000 0.0017
vn 0.0015 -1.0000 0.0028
vn -0.0000 -1.0000 0.0002
vn -0.0437 -0.9971 0.0623
vn 0.9995 -0.0311 -0.0065
vn 0.9996 0.0276 0.0063
vn 0.0019 0.9994 0.0353
vn -0.0137 0.9998 0.0131
vn 0.0569 0.9976 -0.0389
vn -0.0741 0.9958 0.0530
vn 0.0026 1.0000 -0.0037
vn 0.0058 0.9996 0.0283
vn 0.0697 0.9904 -0.1197
vn 0.0065 1.0000 -0.0002
vn -0.0748 0.9962 -0.0442
vn -0.0003 1.0000 -0.0000
vn -0.6467 0.7627 -0.0061
vn -0.6430 0.7659 -0.0042
vn -0.8773 0.4799 -0.0043
vn -0.8830 0.4693 -0.0053
vn -0.8082 -0.5889 0.0004
vn -0.8125 -0.5830 0.0014
vn 0.2860 -0.9582 -0.0022
vn 0.2751 -0.9614 0.0007
vn 0.9781 -0.1325 0.1606
vn 0.0485 -0.8647 0.5000
vn 0.0473 -0.8666 0.4967
vn 0.1119 -0.9753 0.1907
vn 0.1111 -0.9271 0.3579
vn 0.1193 -0.9916 0.0499
vn 0.0992 -0.9837 0.1497
vn 0.0942 -0.9893 -0.1113
vn 0.1102 -0.9827 -0.1491
vn 0.1020 -0.9002 -0.4234
vn 0.0510 -0.8713 -0.4881
vn 0.4158 0.9092 0.0209
vn 0.9221 0.3714 -0.1090
vn 0.7289 0.5787 0.3658
vn 0.2646 0.8376 0.4780
vn 0.3781 0.9150 -0.1407
vn 0.7667 -0.5551 0.3227
vn 0.4686 -0.7741 -0.4257
vn 0.9556 -0.2910 -0.0462
vn 0.7906 -0.4845 0.3745
vn 0.5586 -0.7390 0.3767
vn 0.7070 -0.7058 0.0441
vn 0.9411 -0.3234 -0.0985
vn 0.9540 -0.2712 -0.1276
vn 0.7758 -0.6284 -0.0573
vn 0.5780 -0.7992 -0.1652
vn 0.6025 -0.7625 -0.2357
vn 0.3362 -0.8839 -0.3252
vn 0.2109 -0.8486 -0.4852
vn 0.0027 -0.9316 -0.3635
vn 0.0981 -0.7095 -0.6979
vn -0.0104 -0.4874 -0.8731
vn 0.1003 0.6508 -0.7526
vn 0.1431 0.6035 -0.7845
vn -0.0844 0.9964 0.0122
vn 0.1847 0.5100 0.8401
vn 0.1917 0.4974 0.8461
vn 0.0519 0.2108 0.9762
vn -0.0495 -0.7261 0.6858
vn 0.1354 -0.9160 0.3776
vn 0.9974 0.0714 0.0033
vn 0.9969 0.0553 0.0560
vn 0.9985 0.0241 0.0484
vn 0.9963 -0.0777 -0.0359
vn 0.9987 -0.0350 -0.0370
vn 0.9955 -0.0101 -0.0944
vn 0.9967 0.0526 -0.0618
vn 0.9962 0.0537 -0.0689
vn 0.9955 0.0936 0.0167
vn 0.9972 -0.0009 0.0752
vn 0.9983 -0.0324 0.0481
vn 0.9965 -0.0645 0.0530
vn -0.0178 0.0735 0.9971
vn 0.0221 0.6687 0.7432
vn -0.0276 0.8281 0.5599
vn 0.0161 0.6109 -0.7916
vn 0.2423 0.6182 -0.7478
vn 0.2811 0.7373 -0.6143
vn 0.1773 0.4708 -0.8642
vn -0.1782 -0.5001 -0.8474
vn 0.2929 0.7984 0.5260
vn 0.2576 0.6751 0.6913
vn 0.2534 0.9671 0.0250
vn 0.2586 0.6782 0.6878
vn 0.2354 0.6296 0.7404
vn 0.0065 0.7461 -0.6659
vn 0.0025 0.6738 -0.7389
vn 0.0032 0.7481 0.6636
vn 0.6672 0.7448 0.0045
vn 0.5078 -0.6310 -0.5865
vn 0.5223 -0.6508 -0.5510
vn 0.4368 -0.5641 -0.7008
vn 0.3595 -0.4845 0.7975
vn 0.5214 -0.6610 0.5396
vn 0.3525 -0.4252 0.8337
vn 0.4987 -0.6187 0.6070
vn 0.1540 -0.5630 -0.8119
vn 0.1540 -0.5572 0.8160
vn 0.0015 -0.7396 -0.6731
vn 0.0128 -0.8713 -0.4905
vn 0.0155 -0.8643 0.5028
vn 0.7421 -0.6703 -0.0000
vn 0.6672 -0.7448 -0.0045
vn -0.0026 -0.7204 -0.6936
vn 0.7197 -0.6942 -0.0047
vn -0.0000 0.6940 -0.7200
vn 0.0018 0.7062 -0.7080
vn 0.6944 0.7195 -0.0000
vn 0.7206 0.6933 0.0049
vn 0.0057 -0.0348 -0.9994
vn 0.0554 -0.0111 -0.9984
vn -0.7485 0.0033 -0.6631
vn -0.8286 -0.0477 -0.5578
vn -0.9864 0.0196 0.1631
vn -0.9740 0.0004 0.2267
vn -0.6278 0.0705 0.7752
vn -0.4503 -0.0054 0.8928
vn 0.2718 0.0270 0.9620
vn 0.3452 0.0587 0.9367
vn 0.8922 -0.0079 0.4515
vn 0.9286 0.0198 0.3707
vn 0.8968 -0.0687 -0.4371
vn 0.9037 -0.0631 -0.4235
vn 0.5436 0.0511 -0.8378
vn 0.0057 -0.0351 -0.9994
vn 0.0554 -0.0112 -0.9984
vn -0.8286 -0.0481 -0.5578
vn -0.9864 0.0197 0.1631
vn -0.6278 0.0711 0.7751
vn -0.4503 -0.0055 0.8928
vn 0.2718 0.0272 0.9620
vn 0.3452 0.0592 0.9367
vn 0.9285 0.0200 0.3707
vn 0.8968 -0.0693 -0.4370
vn 0.9037 -0.0636 -0.4234
vn 0.5436 0.0516 -0.8378
vn 0.6394 -0.7576 0.1315
vn 0.2783 -0.6025 0.7480
vn 0.2592 -0.8101 0.5258
vn -0.3468 -0.3027 0.8877
vn -0.3333 -0.8517 0.4045
vn -0.9096 -0.4058 0.0889
vn -0.0145 -0.1695 -0.9854
vn 0.2892 -0.8434 -0.4527
vn 0.8767 -0.3163 -0.3625
vn -0.8973 0.3554 0.2618
vn 0.8704 0.1582 0.4662
vn 0.4659 0.8592 -0.2117
vn 0.7338 0.2198 -0.6429
vn -0.0588 0.8265 -0.5599
vn -0.4820 0.7676 -0.4225
vn 0.4659 0.8591 -0.2117
vn 0.2782 -0.6026 0.7480
vn 0.2593 -0.8101 0.5258
vn -0.3333 -0.8516 0.4045
vn 0.0174 0.8468 -0.5316
vn -0.0156 0.6448 -0.7642
vn -0.0173 0.8327 0.5534
vn -0.8985 -0.3723 0.2326
vn -0.1915 -0.3634 0.9117
vn -0.8313 0.3089 0.4621
vn -0.6700 0.5017 0.5472
vn -0.6020 0.7979 -0.0295
vn -0.8971 0.3791 -0.2269
vn -0.7470 0.4552 -0.4845
vn -0.1182 -0.1070 -0.9872
vn -0.8832 -0.2896 -0.3690
vn -0.0292 -0.9925 -0.1184
vn -0.4585 0.2951 0.8383
vn -0.8952 -0.3323 -0.2971
vn -0.2619 -0.7181 0.6448
vn -0.5078 -0.3518 0.7864
vn -0.5427 0.0008 0.8399
vn -0.7177 -0.0060 0.6964
vn -0.6764 0.3411 0.6529
vn -0.7665 0.3233 0.5550
vn -0.2792 0.3373 0.8991
vn -0.5158 0.6632 0.5423
vn -0.2861 -0.7693 -0.5713
vn -0.5620 -0.3030 -0.7697
vn -0.6602 -0.4822 -0.5759
vn -0.7367 -0.0014 -0.6763
vn -0.8022 -0.0039 -0.5971
vn -0.7033 0.5060 -0.4994
vn -0.4747 0.5352 0.6987
vn 0.9947 0.0916 0.0463
vn 0.9985 0.0545 0.0051
vn 0.9999 0.0096 0.0048
vn 0.3760 0.8276 -0.4168
vn 0.7477 0.4274 -0.5082
vn 0.7827 0.2946 -0.5483
vn 0.4638 0.8002 -0.3802
vn 0.4685 0.7979 -0.3794
vn 0.9191 0.3858 -0.0795
vn 0.3143 0.9361 -0.1578
vn 0.8273 0.5617 0.0095
vn 0.9384 0.3310 0.0989
vn 0.4823 0.8657 0.1342
vn -0.2462 0.9586 0.1432
vn 0.9957 0.0916 0.0145
vn -0.9161 0.4010 0.0017
vn -0.9999 -0.0108 -0.0000
vn -0.0831 0.9960 -0.0331
vn 0.0001 0.9957 -0.0925
vn -0.0039 0.9882 -0.1533
vn -0.7375 -0.6754 -0.0008
vn -0.7389 -0.6738 -0.0009
vn -0.0027 0.0071 1.0000
vn -0.0043 0.0515 0.9987
vn -0.0016 0.1481 -0.9890
vn -0.0066 0.0953 -0.9954
vn 0.0055 0.6193 -0.7852
vn -0.4517 0.8396 0.3016
vn -0.5905 0.7533 -0.2897
vn -0.6582 0.5842 -0.4749
vn 0.0123 0.5481 -0.8363
vn -0.8066 0.1889 -0.5601
vn -0.3826 0.3183 -0.8673
vn 0.0027 0.6525 0.7578
vn 0.0039 0.6196 0.7849
vn 0.0100 0.5069 0.8619
vn -0.8177 0.2575 0.5149
vn -0.5319 0.6975 0.4802
vn -0.5494 0.7908 -0.2697
vn -0.8072 0.3427 0.4807
vn -0.6023 0.4247 0.6759
vn 0.8863 -0.4606 -0.0472
vn 0.7653 -0.6436 -0.0107
vn -0.5422 -0.8402 -0.0080
vn -0.3263 -0.9436 -0.0552
vn -0.9783 0.2050 0.0296
vn -0.8604 0.5092 -0.0217
vn 0.4077 0.9130 0.0180
vn -0.0438 0.9960 -0.0776
vn 0.8927 0.4507 0.0011
vn -0.4366 -0.0514 -0.8982
vn -0.1550 0.8544 0.4960
vn 0.9285 -0.3712 0.0076
vn 0.7793 -0.6234 0.0641
vn -0.9313 0.3642 0.0073
vn -0.8487 0.5271 0.0440
vn 0.3652 0.9309 0.0076
vn 0.3562 0.9344 0.0033
vn 0.3577 0.9338 0.0035
vn -0.8207 0.1988 0.5357
vn -0.0422 -0.1129 0.9927
vn 0.1743 -0.0133 0.9846
vn 0.0403 0.9992 0.0006
vn 0.0253 0.9997 0.0003
vn 0.9942 -0.1076 -0.0012
vn 0.9777 -0.2102 0.0001
vn 0.5299 0.8481 0.0049
vn 0.8607 0.5090 -0.0063
vn 0.9400 0.3412 -0.0000
vn -0.9986 0.0531 -0.0040
vn -0.9999 0.0132 -0.0051
vn -0.8842 0.4313 -0.1793
vn -0.9454 0.3130 0.0911
vn -0.2592 0.8272 -0.4986
vn -0.5133 0.8007 -0.3088
vn -0.6933 0.6433 -0.3248
vn -0.6575 0.6505 -0.3802
vn -0.5196 0.8369 -0.1719
vn -0.6155 0.7860 -0.0583
vn -0.6935 0.7196 -0.0360
vn -0.9085 0.4080 -0.0900
vn -0.9598 0.2787 -0.0332
vn -0.8334 0.4779 0.2777
vn -0.6255 0.7798 0.0252
vn -0.5508 0.7974 0.2465
vn -0.5247 0.8345 0.1681
vn -0.7538 0.6491 0.1020
vn -0.9307 0.3606 0.0611
vn -0.2629 0.8781 0.3997
vn -0.9187 0.3949 0.0011
vn -0.9489 0.3143 -0.0263
vn -0.9996 -0.0035 0.0263
vn -0.9961 -0.0885 -0.0008
vn 0.3716 -0.9284 0.0002
vn 0.3714 -0.9285 0.0003
vn 1.0000 -0.0036 0.0011
vn 1.0000 -0.0077 0.0057
vn 0.9996 0.0269 -0.0115
vn 0.9996 0.0275 -0.0076
vn 0.9999 0.0064 -0.0133
vn 0.9999 0.0125 0.0101
vn 0.9995 -0.0056 0.0313
vn 0.9994 0.0355 0.0031
vn 0.9674 -0.2532 0.0016
vn 0.9996 -0.0241 -0.0121
vn 0.9959 -0.0891 -0.0179
vn 0.9991 -0.0317 -0.0297
vn 0.9990 -0.0281 0.0336
vn 0.9956 -0.0927 0.0160
vn -0.3830 -0.9237 -0.0000
vn -0.2611 -0.9648 -0.0314
vn -0.2568 -0.9653 0.0480
vn -0.2748 -0.9615 0.0033
vn -0.2781 -0.9605 -0.0017
vn -0.2817 -0.9595 -0.0000
vn -0.5059 -0.8626 0.0027
vn -0.4966 -0.8680 -0.0012
vn -0.3878 -0.9217 -0.0019
vn -0.6259 -0.7799 -0.0017
vn 0.0012 -1.0000 0.0004
vn -0.0004 -1.0000 0.0027
vn 0.0402 -0.9970 -0.0656
vn -0.0815 -0.9960 0.0358
vn -0.0056 -1.0000 -0.0002
vn -0.0010 -1.0000 0.0020
vn -0.0015 -1.0000 0.0030
vn 0.0018 -1.0000 -0.0007
vn -0.0012 -1.0000 -0.0029
vn -0.9996 0.0291 -0.0020
vn -0.9999 -0.0119 0.0066
vn 0.0403 0.9952 0.0894
vn -0.0003 1.0000 -0.0001
vn -0.0702 0.9956 -0.0628
vn -0.0000 1.0000 -0.0009
vn -0.0663 0.9956 0.0668
vn -0.0005 1.0000 0.0013
vn -0.0697 0.9945 -0.0785
vn 0.0446 0.9990 -0.0000
vn 0.0330 -0.9959 -0.0838
vn -0.0000 -1.0000 0.0004
vn -0.0015 -1.0000 0.0032
vn 0.0006 -1.0000 0.0017
vn 0.0020 -1.0000 -0.0007
vn 0.0013 -1.0000 0.0004
vn -0.0550 -0.9973 0.0483
vn -0.0010 -1.0000 -0.0000
vn -0.0000 -1.0000 -0.0016
vn -0.9996 -0.0262 0.0085
vn -0.9996 0.0290 -0.0032
vn -0.0030 1.0000 -0.0024
vn -0.0811 0.9950 -0.0584
vn -0.0058 1.0000 -0.0000
vn -0.0005 1.0000 0.0012
vn -0.0020 1.0000 0.0037
vn -0.0664 0.9956 0.0668
vn 0.0441 0.9954 0.0849
vn -0.0706 0.9944 -0.0781
vn 0.0374 0.9993 -0.0000
vn -0.0020 1.0000 -0.0041
vn -0.0001 1.0000 -0.0008
vn 0.6547 0.7559 0.0011
vn 0.6546 0.7560 0.0010
vn 0.9200 0.3918 0.0008
vn 0.9197 0.3926 0.0007
vn 0.8752 -0.4837 -0.0058
vn 0.7590 -0.6510 0.0093
vn 0.6276 -0.7786 -0.0016
vn -0.2752 -0.9614 -0.0007
vn -0.2860 -0.9582 0.0022
vn -0.2165 -0.8174 -0.5339
vn -0.0920 -0.9922 -0.0840
vn -0.1160 -0.8798 0.4610
vn -0.0909 -0.9607 0.2624
vn -0.1411 -0.9072 0.3962
vn -0.0390 -0.8082 0.5876
vn -0.0519 -0.8966 -0.4397
vn -0.0686 -0.8668 -0.4939
vn -0.4016 0.8832 -0.2423
vn -0.9736 0.2224 -0.0521
vn -0.3687 0.8400 0.3982
vn -0.7529 0.2916 0.5900
vn -0.5310 0.7453 0.4031
vn -0.6634 0.7430 0.0886
vn -0.6878 0.7259 0.0072
vn -0.6004 -0.6705 0.4359
vn -0.8482 -0.5281 0.0407
vn -0.7016 -0.7123 0.0197
vn -0.5249 -0.8500 0.0451
vn -0.7496 -0.6598 0.0526
vn -0.5657 -0.8090 0.1598
vn -0.5681 -0.7847 0.2481
vn -0.2779 -0.9041 0.3246
vn -0.6342 -0.6274 0.4519
vn -0.8037 -0.5133 -0.3009
vn -0.9146 -0.3898 -0.1076
vn -0.9615 -0.2704 -0.0493
vn -0.9542 -0.2986 0.0208
vn -0.9450 -0.3252 0.0341
vn -0.8896 -0.4206 0.1782
vn -0.8942 -0.4022 0.1967
vn -0.5111 -0.8588 -0.0345
vn -0.6585 -0.7520 -0.0301
vn -0.7238 -0.6875 -0.0592
vn -0.5766 -0.7767 -0.2536
vn -0.1725 -0.8534 -0.4920
vn -0.1239 -0.8374 -0.5324
vn -0.7669 -0.5931 -0.2452
vn -0.8188 -0.5701 -0.0668
vn 0.0101 -0.3747 0.9271
vn -0.0062 -0.3996 0.9166
vn 0.0153 0.6996 0.7144
vn 0.0396 0.6717 0.7398
vn -0.0783 0.9394 -0.3337
vn -0.0926 0.9274 -0.3624
vn 0.0768 0.5688 -0.8189
vn -0.1031 -0.1072 -0.9889
vn 0.0597 -0.4869 -0.8714
vn -0.0520 -0.9916 -0.1186
vn 0.0089 -0.9998 -0.0177
vn 0.9930 0.1089 -0.0452
vn -0.9975 -0.0413 -0.0571
vn -0.9883 -0.0480 -0.1450
vn -0.9927 -0.1195 0.0126
vn -0.9967 -0.0809 -0.0071
vn -0.9939 -0.0829 0.0726
vn -0.9975 -0.0288 0.0638
vn -0.9929 0.0219 0.1172
vn -0.9977 0.0560 0.0386
vn -0.9964 0.0759 0.0370
vn -0.9971 0.0683 -0.0329
vn -0.9986 0.0415 -0.0334
vn -0.9957 0.0162 -0.0912
vn 0.0397 -0.5529 0.8323
vn -0.0151 0.8987 0.4384
vn 0.0130 0.6478 0.7617
vn -0.0244 0.1835 0.9827
vn -0.0123 0.2359 0.9717
vn -0.0313 -0.7517 0.6588
vn 0.0064 -0.9961 -0.0877
vn -0.0720 -0.9850 0.1569
vn -0.0121 -0.5854 -0.8107
vn 0.0205 -0.6989 -0.7149
vn 0.0123 -0.0319 -0.9994
vn -0.0192 0.1745 -0.9845
vn 0.0176 0.6111 -0.7914
vn -0.0180 0.9007 -0.4341
vn 0.0002 0.9657 -0.2595
vn 0.0022 0.9663 0.2573
vn 0.8510 0.3920 -0.3494
vn -0.0006 -0.8719 -0.4897
vn 0.0017 -0.8845 -0.4665
vn -0.0023 -0.0944 -0.9955
vn 0.0079 -0.0052 -1.0000
vn 0.0219 0.8365 -0.5476
vn -0.0076 0.9651 -0.2619
vn 0.0264 0.9002 0.4347
vn -0.0085 0.5889 0.8081
vn 0.0235 -0.0008 0.9997
vn -0.0053 -0.4832 0.8755
vn 0.0052 -0.8636 0.5042
vn 0.0023 -0.8845 0.4665
vn -0.3790 -0.4701 0.7971
vn -0.4125 -0.5102 0.7547
vn -0.5322 -0.6798 0.5045
vn -0.4348 -0.5404 0.7204
vn -0.5418 -0.6627 -0.5169
vn -0.6195 -0.7743 -0.1294
vn -0.3738 -0.4625 -0.8040
vn -0.4127 -0.5099 -0.7548
vn -0.1458 -0.5342 0.8327
vn -0.1540 -0.5572 -0.8160
vn -0.0056 -0.7489 0.6626
vn -0.0015 -0.7905 0.6125
vn -0.0155 -0.8643 -0.5027
vn -0.6672 -0.7449 0.0044
vn -0.7403 -0.6723 -0.0000
vn -0.2448 0.6255 0.7408
vn -0.2660 0.7516 0.6036
vn -0.2589 0.6910 0.6749
vn -0.2688 0.7047 -0.6566
vn -0.2690 0.7095 -0.6513
vn -0.2577 0.6763 -0.6900
vn -0.2324 0.6233 -0.7467
vn -0.0022 0.7331 0.6802
vn -0.0034 0.7505 0.6609
vn -0.0030 0.7378 -0.6750
vn -0.0035 0.7453 -0.6668
vn -0.7502 0.6612 -0.0002
vn -0.7479 0.6638 -0.0000
vn -0.7451 -0.6669 0.0096
vn -0.7314 0.6819 0.0021
vn 0.0027 -0.7085 0.7057
vn -0.0000 -0.7244 0.6894
vn -0.0000 0.7193 0.6947
vn 0.0019 0.7081 0.7061
vn -0.8352 -0.3890 0.3887
vn -0.2503 -0.0398 -0.9673
vn -0.3343 -0.0090 -0.9424
vn -0.8699 -0.0443 -0.4912
vn -0.9441 0.0137 -0.3295
vn -0.9497 -0.0090 0.3131
vn -0.9778 0.0369 0.2062
vn -0.4567 0.0028 0.8896
vn -0.4199 0.0189 0.9074
vn 0.3765 -0.0087 0.9264
vn 0.3921 -0.0158 0.9198
vn 0.9149 0.0227 0.4031
vn 0.9477 -0.0114 0.3189
vn 0.8978 0.0461 -0.4380
vn 0.7088 -0.0533 -0.7034
vn 0.4122 0.0435 -0.9101
vn -0.2503 -0.0402 -0.9673
vn -0.3343 -0.0091 -0.9424
vn -0.8699 -0.0447 -0.4912
vn -0.9441 0.0139 -0.3295
vn -0.9497 -0.0091 0.3131
vn -0.9778 0.0372 0.2063
vn -0.4199 0.0191 0.9074
vn 0.3765 -0.0088 0.9264
vn 0.3921 -0.0159 0.9198
vn 0.9149 0.0229 0.4031
vn 0.9477 -0.0115 0.3189
vn 0.8978 0.0465 -0.4380
vn 0.7087 -0.0538 -0.7034
vn 0.4121 0.0440 -0.9101
vn -0.7473 0.6190 0.2416
vn -0.3954 0.7160 0.5754
vn 0.2513 0.5714 0.7813
vn 0.2560 0.7601 0.5973
vn 0.7728 0.6065 0.1870
vn 0.3667 0.8973 -0.2458
vn 0.1518 0.1868 -0.9706
vn -0.1325 0.8554 -0.5007
vn -0.7111 0.3675 -0.5995
vn -0.5651 0.7611 -0.3185
vn 0.2513 0.5713 0.7813
vn 0.2559 0.7601 0.5973
vn 0.1518 0.1867 -0.9706
vn -0.7111 0.3675 -0.5994
vn 0.8416 -0.4427 0.3093
vn 0.6960 -0.6492 0.3068
vn 0.2205 -0.8122 0.5402
vn 0.1146 -0.3002 0.9470
vn -0.2342 -0.8301 0.5061
vn -0.7279 -0.2561 0.6361
vn -0.5113 -0.8429 0.1676
vn -0.8358 -0.4155 -0.3587
vn -0.3507 -0.1683 -0.9213
vn 0.2305 -0.8374 -0.4957
vn 0.7204 -0.2670 -0.6401
vn 0.5529 -0.7882 -0.2705
vn -0.3506 -0.1683 -0.9213
vn 0.5605 0.6900 0.4580
vn 0.5434 0.2089 0.8130
vn 0.7057 0.0063 0.7085
vn 0.8647 -0.0019 0.5023
vn 0.2347 -0.6460 0.7264
vn 0.3047 -0.3474 0.8868
vn 0.5184 -0.2407 0.8205
vn 0.7179 -0.4632 0.5197
vn 0.5055 0.6443 -0.5739
vn 0.3055 -0.7995 -0.5171
vn 0.7273 0.2869 -0.6235
vn 0.7479 0.3178 -0.5828
vn 0.4070 -0.4272 -0.8074
vn 0.6957 -0.4794 -0.5349
vn 0.7563 -0.0060 -0.6541
vn 0.7342 -0.0070 -0.6789
vn -0.6146 0.7059 0.3521
vn -0.9738 0.2275 0.0036
vn -0.5356 0.8270 0.1709
vn -0.3381 0.9266 0.1650
vn -0.2105 0.9771 -0.0306
vn -0.9469 0.3214 0.0041
vn -0.9691 0.2462 -0.0135
vn -0.4777 0.7253 -0.4957
vn -0.1274 0.9274 -0.3518
vn -0.7407 0.6501 -0.1694
vn -0.9317 0.3433 -0.1188
vn -0.4313 0.8983 -0.0841
vn 1.0000 -0.0096 -0.0010
vn 0.5904 0.5324 -0.6067
vn 0.5122 0.8057 0.2974
vn 0.7436 0.2744 -0.6097
vn 0.7730 0.3780 -0.5095
vn 0.5472 0.7940 0.2649
vn 0.4522 0.8365 -0.3095
vn 0.5679 0.7808 0.2605
vn 0.8482 0.2171 0.4831
vn 0.6964 0.3254 0.6396
vn 0.5052 0.6736 0.5396
vn 0.9386 0.3420 0.0451
vn 0.9816 0.1744 0.0781
vn -0.3471 0.9378 0.0079
vn -0.3566 0.9343 0.0035
vn 0.4989 0.0955 0.8614
vn 0.3150 0.2686 0.9103
vn -0.1971 -0.6553 0.7292
vn -0.9332 -0.0537 0.3554
vn 0.9352 0.2269 -0.2720
vn 0.9156 0.2681 -0.2996
vn 0.4001 -0.4719 -0.7856
vn 0.5337 -0.0198 -0.8455
vn -0.4709 -0.3479 -0.8107
vn -0.4582 -0.6337 -0.6233
vn -0.2917 -0.2650 -0.9191
vn 0.4641 0.2105 0.8604
vn 0.4210 -0.9034 -0.0810
vn 0.4093 -0.9117 -0.0342
vn 0.4962 -0.8677 0.0307
vn 0.3889 -0.9180 0.0776
vn 0.3147 -0.9459 -0.0794
vn 0.3146 -0.9408 -0.1260
vn 0.3922 -0.9172 -0.0706
vn 0.2898 -0.9566 0.0299
vn 0.2205 -0.9752 -0.0174
vn 0.3886 -0.9178 0.0810
vn 0.2579 -0.9594 0.1140
vn -0.3689 -0.9290 0.0275
vn -0.3152 -0.9485 0.0322
vn -0.0804 -0.9743 0.2105
vn -0.6644 -0.6973 -0.2689
vn 0.3190 -0.9468 -0.0426
vn 0.3697 -0.9159 0.1563
vn 0.7017 -0.5458 -0.4580
vn 0.0042 -0.9821 -0.1883
vn 0.8201 -0.2642 0.5076
vn -0.9939 0.1107 -0.0013
vn -0.9398 0.3418 0.0013
vn -0.9345 0.3559 -0.0000
vn -0.8495 0.5275 -0.0000
vn -0.8415 0.5402 -0.0013
vn -0.6905 0.7233 0.0013
vn -0.6796 0.7336 -0.0000
vn -0.5273 0.8497 -0.0000
vn -0.5145 0.8575 -0.0013
vn -0.2781 0.9606 0.0015
vn -0.2518 0.9678 -0.0015
vn 0.0247 0.9997 0.0015
vn 0.0519 0.9987 -0.0015
vn 0.3252 0.9457 0.0015
vn 0.3508 0.9364 -0.0015
vn 0.5953 0.8035 0.0015
vn 0.5908 0.8068 0.0021
vn 0.7205 0.6934 -0.0022
vn 0.8100 0.5864 0.0028
vn 0.8372 0.5469 -0.0013
vn 0.9425 0.3342 0.0013
vn 0.9474 0.3201 -0.0000
vn 0.9910 0.1336 -0.0000
vn 0.9929 0.1187 -0.0013
vn 0.9903 -0.1392 0.0015
vn 0.9910 -0.1336 0.0021
vn 0.9425 -0.3342 -0.0030
vn 0.9108 -0.4127 0.0030
vn 0.8067 -0.5910 -0.0021
vn 0.8100 -0.5864 -0.0015
vn 0.6331 -0.7740 0.0013
vn 0.6215 -0.7834 -0.0000
vn 0.4607 -0.8876 -0.0000
vn 0.4473 -0.8944 -0.0013
vn 0.2239 -0.9746 0.0013
vn 0.2093 -0.9779 -0.0000
vn 0.0190 -0.9998 -0.0000
vn 0.0040 -1.0000 -0.0013
vn -0.2518 -0.9678 0.0015
vn -0.2781 -0.9606 -0.0015
vn -0.5321 -0.8467 0.0015
vn -0.5550 -0.8319 -0.0015
vn -0.7627 -0.6467 0.0015
vn -0.7801 -0.6257 -0.0015
vn -0.9223 -0.3864 0.0015
vn -0.9325 -0.3611 -0.0015
vn -0.9939 -0.1107 0.0013
vn -0.9954 -0.0958 -0.0000
vn -0.9954 0.0958 -0.0000
vn -0.0396 -0.9992 0.0001
vn -0.0478 -0.9989 -0.0001
vn 0.0002 0.0006 1.0000
vn 0.0001 0.0007 1.0000
vn 0.0004 0.0002 1.0000
vn 0.0004 -0.0000 1.0000
vn -0.0013 0.0002 -1.0000
vn -0.0033 -0.0447 -0.9990
vn -0.0002 -0.0022 -1.0000
vn -0.0005 -0.0018 -1.0000
vn -0.0010 -0.0007 -1.0000
vn -0.9752 0.2212 0.0010
vn -0.9755 0.2202 -0.0000
vn -0.9754 0.2203 -0.0000
vn -0.9755 0.2198 0.0005
vn -0.0006 0.9999 0.0143
vn -0.0006 0.9996 -0.0282
vn -0.0055 1.0000 -0.0000
vn 0.9615 0.2747 -0.0000
vn 0.2548 0.9670 -0.0000
vn 0.2640 0.9645 -0.0004
vn 0.8337 0.5522 -0.0007
vn 0.8102 0.5862 0.0006
vn 0.9837 -0.1796 0.0005
vn 0.9831 -0.1833 0.0002
vn 0.9426 0.3339 0.0002
vn 0.9431 0.3327 -0.0000
vn 0.9390 0.3439 0.0067
vn 0.9427 0.3336 -0.0000
vn 0.9430 0.3327 -0.0000
vn 0.9363 0.3512 -0.0000
vn 0.9377 0.3475 0.0002
vn 0.9397 0.3419 -0.0045
vn -0.3539 -0.9353 0.0001
vn -0.3542 -0.9352 -0.0000
vn -0.0022 1.0000 -0.0005
vn -0.7376 0.6752 -0.0018
vn -0.9088 0.4173 0.0012
vn -0.8536 -0.5210 -0.0014
vn -0.4523 -0.8919 0.0027
vn 0.0892 -0.9960 -0.0018
vn 0.9593 -0.2824 0.0016
vn 0.9610 -0.2766 0.0015
vn 0.6557 0.7550 -0.0022
vn 0.2140 0.9768 0.0026
vn 0.3613 -0.9324 -0.0110
vn 0.3559 -0.9345 0.0059
vn 0.3847 -0.9230 -0.0024
vn 0.3714 -0.9264 0.0613
vn 0.3617 -0.9323 0.0021
vn 0.3420 -0.9396 0.0157
vn 0.3556 -0.9347 0.0003
vn 0.3468 -0.9379 -0.0021
vn 0.3528 -0.9356 -0.0085
vn 0.3563 -0.9344 -0.0023
vn -0.6973 0.7017 0.1463
vn -0.7545 0.0927 0.6497
vn -0.0592 0.7589 0.6485
vn 0.0543 0.4754 0.8781
vn 0.1849 0.9804 0.0676
vn 0.8084 0.5755 -0.1235
vn 0.0645 0.9047 -0.4212
vn 0.2141 0.6245 -0.7511
vn -0.5348 0.6239 -0.5698
vn -0.5308 0.6343 -0.5621
vn -0.9879 -0.0636 -0.1413
vn 0.5400 -0.3885 0.7467
vn -0.2198 0.7704 0.5984
vn -0.1890 -0.8316 0.5222
vn -0.9358 0.3474 0.0592
vn -0.8661 -0.4821 -0.1323
vn -0.3003 0.0595 -0.9520
vn -0.2271 -0.0789 -0.9707
vn 0.9286 0.1530 -0.3380
vn 0.6323 0.7436 -0.2174
vn 0.2873 0.9393 0.1877
vn 0.2988 -0.7092 0.6385
vn 0.1118 0.2000 0.9734
vn -0.7462 -0.6333 0.2055
vn -0.9809 0.1660 0.1018
vn 0.0212 -0.5684 -0.8225
vn -0.0618 -0.3261 -0.9433
vn 0.4185 0.7161 -0.5586
vn 0.7430 -0.6548 -0.1389
vn 0.0093 0.9960 -0.0887
vn 0.4215 0.8050 -0.4176
vn 0.2309 0.4139 -0.8806
vn -0.3811 0.8509 -0.3614
vn -0.5054 0.5085 -0.6971
vn -0.7530 -0.6103 -0.2460
vn -0.6296 0.7706 0.0991
vn -0.6325 -0.2989 0.7146
vn -0.2034 0.8302 0.5190
vn -0.2063 0.8395 0.5027
vn 0.9469 0.1324 0.2929
vn 0.6423 -0.7593 0.1047
vn 0.3574 -0.9339 0.0122
vn 0.3544 -0.9351 0.0030
vn 0.3462 -0.9381 0.0068
vn 0.3458 -0.9383 0.0074
vn 0.3399 -0.9405 -0.0047
vn 0.3509 -0.9364 0.0002
vn 0.3503 -0.9366 -0.0094
vn 0.3538 -0.9353 -0.0017
vn 0.3546 -0.9350 -0.0036
vn 0.3550 -0.9349 -0.0001
vn 0.3551 -0.9348 -0.0002
vn -0.8396 -0.5324 -0.1082
vn -0.2219 0.8296 -0.5123
vn -0.2611 -0.6955 -0.6694
vn 0.4672 0.3134 -0.8267
vn 0.8875 -0.4607 -0.0073
vn 0.4422 -0.8922 0.0920
vn 0.4259 0.5037 0.7516
vn -0.3847 -0.7080 0.5922
vn -0.2260 0.9111 0.3447
vn 0.5828 -0.6358 -0.5060
vn 0.3924 0.8321 -0.3920
vn -0.3513 -0.0594 -0.9344
vn -0.0695 0.9959 -0.0583
vn -0.6529 0.7509 0.0996
vn -0.1595 0.4596 0.8737
vn 0.3256 0.8401 0.4338
vn 0.5908 -0.4061 0.6972
vn 0.6818 0.7280 0.0723
vn -0.3326 -0.9430 -0.0142
vn -0.3333 -0.9425 0.0253
vn -0.3489 -0.9372 0.0043
vn -0.3588 -0.9334 0.0061
vn -0.3582 -0.9336 0.0050
vn -0.3710 -0.9286 -0.0011
vn -0.3773 -0.9261 0.0002
vn -0.3687 -0.9284 -0.0464
vn -0.3626 -0.9319 -0.0128
vn -0.3468 -0.9379 -0.0067
vn -0.5121 -0.3012 -0.8044
vn -0.5101 -0.4458 -0.7355
vn 0.7835 0.4766 -0.3988
vn 0.2967 -0.9254 -0.2359
vn 0.6259 0.3745 0.6841
vn -0.0631 -0.7948 0.6036
vn -0.0643 0.8548 0.5149
vn -0.7515 -0.6421 0.1515
vn -0.5532 0.8295 -0.0773
vn -0.3841 0.9187 0.0925
vn 0.0057 0.9912 0.1324
vn -0.5929 0.1157 0.7970
vn 0.5057 0.7081 0.4928
vn 0.5050 0.7001 0.5048
vn 0.9718 -0.1774 0.1555
vn 0.6647 0.7386 -0.1119
vn 0.8028 -0.0051 -0.5962
vn 0.1371 0.5969 -0.7905
vn 0.2057 0.9133 -0.3515
vn -0.6800 0.4096 -0.6081
vn -0.3592 -0.9333 -0.0040
vn -0.3543 -0.9351 -0.0004
vn -0.3568 -0.9329 -0.0495
vn -0.3500 -0.9367 -0.0059
vn -0.3413 -0.9399 -0.0127
vn -0.3527 -0.9357 0.0001
vn -0.3460 -0.9382 0.0022
vn -0.3507 -0.9365 0.0072
vn -0.3485 -0.9372 0.0145
vn -0.3635 -0.9314 0.0163
vn -0.3543 -0.9351 0.0002
vn -0.3704 -0.9289 0.0020
vn 0.6303 0.7641 -0.1374
vn 0.8045 0.0889 -0.5873
vn 0.2494 -0.0016 -0.9684
vn 0.3832 0.7840 -0.4885
vn 0.1194 0.9168 -0.3811
vn -0.8424 0.1941 -0.5028
vn -0.4328 0.8284 0.3556
vn -0.2910 0.9224 0.2540
vn 0.1655 0.4052 0.8991
vn 0.4389 0.8237 0.3590
vn 0.5141 -0.6951 0.5026
vn 0.9598 0.2797 0.0235
vn 0.6514 0.7557 0.0668
vn -0.6390 -0.7690 -0.0174
vn -0.3083 0.9323 -0.1890
vn -0.0615 0.9399 -0.3358
vn -0.4175 -0.7429 -0.5232
vn -0.1317 -0.2687 -0.9542
vn 0.7419 0.4624 -0.4855
vn 0.5534 -0.7680 -0.3224
vn 0.7798 0.5034 0.3723
vn 0.4075 -0.5008 0.7636
vn 0.0608 0.3433 0.9372
vn -0.4317 -0.4969 0.7528
vn -0.2996 0.8014 0.5177
vn -0.7480 -0.6205 0.2356
vn -0.3454 -0.9384 0.0082
vn -0.3531 -0.9356 -0.0009
vn -0.3402 -0.9403 0.0006
vn -0.3516 -0.9361 0.0016
vn -0.3613 -0.9324 0.0080
vn -0.3480 -0.9344 -0.0761
vn -0.3570 -0.9337 -0.0281
vn -0.3519 -0.9360 -0.0017
vn -0.3460 -0.9382 -0.0058
vn -0.3523 -0.9359 -0.0079
vn -0.3812 -0.9243 -0.0199
vn -0.3620 -0.9321 0.0083
vn -0.3537 -0.9316 0.0843
vn -0.3533 -0.9352 0.0232
vn -0.5248 0.8397 0.1397
vn -0.5476 0.3414 0.7639
vn 0.4717 -0.0695 0.8790
vn -0.0444 0.9488 0.3129
vn 0.9609 -0.1038 -0.2566
vn -0.0805 0.9431 -0.3225
vn 0.1889 -0.6159 -0.7648
vn -0.5431 0.8089 -0.2250
vn -0.8496 -0.0471 -0.5253
vn -0.8646 -0.4983 0.0640
vn -0.7376 0.6743 -0.0362
vn 0.3989 0.9161 -0.0414
vn 0.8519 -0.5212 0.0517
vn 0.6110 -0.7214 0.3260
vn 0.0611 0.7489 0.6598
vn -0.3120 0.7494 0.5840
vn -0.1706 -0.8466 0.5042
vn -0.8542 0.4850 0.1873
vn -0.3178 -0.7780 -0.5420
vn -0.5693 0.5992 -0.5628
vn 0.6199 -0.6919 -0.3700
vn 0.6367 -0.3607 -0.6815
vn 0.4004 -0.9162 -0.0139
vn 0.2872 -0.9579 0.0044
vn 0.3509 -0.9364 -0.0032
vn 0.1315 -0.9698 -0.2055
vn 0.3696 -0.9287 0.0301
vn 0.3591 -0.9333 0.0026
vn 0.3585 -0.9335 -0.0032
vn 0.3374 -0.9409 0.0285
vn 0.3448 -0.9386 0.0136
vn 0.3902 -0.9206 -0.0119
vn 0.3550 -0.9338 -0.0439
vn 0.3509 -0.8862 -0.3024
vn -0.1615 0.9833 0.0844
vn -0.2302 0.9731 -0.0038
vn -0.9241 0.0503 -0.3788
vn -0.9598 -0.0994 -0.2625
vn -0.7041 -0.2193 0.6754
vn -0.1905 0.2060 0.9598
vn 0.6879 -0.2424 0.6841
vn 0.9862 0.1648 0.0162
vn 0.4982 -0.2540 -0.8290
vn 0.0270 0.0760 -0.9967
vn -0.0498 -0.9973 -0.0533
vn -0.0333 -0.9986 0.0409
vn 0.0331 -0.9994 0.0063
vn -0.0524 -0.9986 0.0003
vn -0.6211 -0.1224 0.7741
vn -0.5252 -0.0203 0.8507
vn 0.8206 -0.0500 0.5693
vn 0.7191 0.0937 0.6886
vn 0.8253 -0.1759 -0.5366
vn 0.4847 0.1245 -0.8658
vn -0.5520 -0.2187 -0.8047
vn -0.8474 0.0784 -0.5252
vn 0.1086 0.9526 0.2842
vn 0.3699 -0.7549 0.5416
vn -0.5932 0.6586 0.4630
vn -0.1798 -0.9789 0.0966
vn -0.7222 0.6045 -0.3362
vn 0.2351 -0.7577 -0.6088
vn 0.0205 0.8514 -0.5241
vn 0.8067 -0.5748 -0.1369
vn -0.7085 0.6974 0.1077
vn -0.7030 0.0884 0.7056
vn -0.2615 0.8029 0.5357
vn -0.1882 0.7500 0.6341
vn 0.8682 0.4293 0.2488
vn 0.0548 0.9953 -0.0794
vn 0.5627 -0.4390 -0.7005
vn -0.3739 0.8746 -0.3086
vn -0.4359 -0.8555 -0.2794
vn 0.4105 -0.9117 0.0168
vn 0.3623 -0.9321 0.0044
vn 0.3711 -0.9235 0.0970
vn 0.3563 -0.9344 0.0006
vn 0.3525 -0.9358 0.0037
vn 0.1382 -0.9856 -0.0976
vn 0.3019 -0.9526 -0.0371
vn 0.6272 -0.5158 -0.5836
vn 0.3478 -0.9375 -0.0087
vn 0.0462 0.9102 0.4115
vn 0.3710 -0.8088 0.4563
vn -0.5644 0.6653 0.4886
vn -0.3070 -0.9213 0.2385
vn -0.8830 0.4518 -0.1273
vn -0.2411 -0.8793 -0.4108
vn -0.4342 0.5893 -0.6813
vn 0.4553 -0.5837 -0.6723
vn 0.4256 0.2668 -0.8647
vn 0.8431 0.4986 -0.2012
vn 0.9080 -0.4187 -0.0152
vn 0.5865 0.7929 -0.1652
vn 0.1275 0.9756 -0.1785
vn 0.3198 0.1844 -0.9294
vn -0.3749 0.8495 -0.3713
vn -0.5197 0.2268 -0.8237
vn -0.9818 0.0767 -0.1738
vn -0.7379 0.6748 0.0096
vn -0.6435 -0.3569 0.6772
vn -0.4401 0.8180 0.3704
vn 0.2343 -0.0185 0.9720
vn 0.0892 0.9572 0.2754
vn 0.2152 0.8929 0.3956
vn 0.4064 -0.9136 -0.0131
vn 0.3546 -0.9350 0.0002
vn 0.3573 -0.9340 0.0024
vn 0.3526 -0.9358 0.0011
vn 0.3598 -0.9328 0.0222
vn 0.3497 -0.9368 0.0079
vn 0.1869 -0.9694 0.1591
vn 0.3520 -0.9360 0.0004
vn 0.2821 -0.9593 -0.0156
vn 0.3515 -0.9362 -0.0028
vn 0.3505 -0.9365 -0.0049
vn 0.3561 -0.9344 -0.0015
vn 0.3573 -0.9340 -0.0061
vn -0.7818 -0.6167 0.0921
vn -0.0848 0.9669 -0.2406
vn -0.2968 -0.8165 -0.4952
vn 0.6199 0.6305 -0.4671
vn 0.3211 -0.9449 0.0631
vn 0.8118 0.4321 0.3927
vn -0.1599 -0.6863 0.7095
vn 0.0695 0.8280 0.5563
vn -0.3560 -0.9345 0.0005
vn -0.3557 -0.9346 0.0004
vn -0.3459 -0.9381 0.0183
vn -0.3642 -0.9313 0.0085
vn -0.3672 -0.9300 0.0149
vn -0.4109 -0.9115 -0.0174
vn -0.3580 -0.9337 -0.0009
vn -0.3593 -0.9329 -0.0238
vn -0.3551 -0.9348 -0.0039
vn -0.3525 -0.9358 -0.0058
vn 0.7666 -0.0214 -0.6418
vn 0.2170 0.7897 -0.5738
vn 0.1427 0.7325 -0.6656
vn -0.6505 0.6947 -0.3071
vn -0.1192 0.9916 -0.0497
vn -0.5746 -0.0051 0.8184
vn 0.3206 0.8720 0.3698
vn 0.5424 -0.1920 0.8179
vn 0.9213 0.3849 0.0553
vn 0.7115 0.6985 -0.0767
vn -0.3864 0.6642 -0.6400
vn -0.5669 -0.6375 -0.5217
vn 0.5890 0.6125 -0.5272
vn 0.0950 -0.9789 -0.1808
vn 0.9797 0.1978 0.0332
vn 0.3091 -0.4760 0.8233
vn -0.1059 -0.8379 0.5354
vn 0.0421 0.7396 0.6717
vn -0.8927 -0.4004 0.2069
vn -0.9463 -0.0655 0.3166
vn 0.0800 0.9907 0.1101
vn -0.4922 -0.3936 0.7764
vn 0.5735 0.7421 0.3468
vn 0.5119 0.0086 0.8590
vn 0.6893 0.7118 -0.1345
vn 0.8901 0.1973 -0.4109
vn 0.2879 -0.0224 -0.9574
vn 0.1772 0.9187 -0.3531
vn 0.1467 0.8733 -0.4645
vn -0.9944 0.0381 -0.0987
vn -0.3960 -0.9182 -0.0018
vn -0.3989 -0.9170 -0.0021
vn -0.3568 -0.9342 -0.0060
vn -0.3560 -0.9345 -0.0025
vn -0.3533 -0.9355 -0.0017
vn -0.3540 -0.9352 -0.0004
vn 0.2630 -0.9187 -0.2946
vn -0.3080 -0.9513 -0.0145
vn -0.3099 -0.9495 0.0496
vn -0.3460 -0.9382 -0.0020
vn -0.3617 -0.9322 0.0110
vn -0.3645 -0.9310 0.0182
vn -0.5247 0.8397 0.1396
vn -0.5476 0.3417 0.7638
vn 0.4718 -0.0699 0.8790
vn 0.9609 -0.1038 -0.2567
vn 0.1888 -0.6158 -0.7650
vn -0.5432 0.8089 -0.2250
vn -0.8496 -0.0471 -0.5254
vn -0.8645 -0.4986 0.0640
vn -0.7376 0.6743 -0.0361
vn 0.0613 0.7493 0.6594
vn -0.1707 -0.8465 0.5042
vn -0.8542 0.4850 0.1874
vn -0.3179 -0.7779 -0.5421
vn -0.5694 0.5992 -0.5628
vn 0.6199 -0.6920 -0.3699
vn 0.6367 -0.3606 -0.6816
vn 0.4005 -0.9162 -0.0139
vn 0.2871 -0.9579 0.0044
vn 0.3511 -0.9363 -0.0032
vn 0.1952 -0.9759 -0.0976
vn 0.3697 -0.9287 0.0301
vn 0.3590 -0.9333 0.0026
vn 0.3586 -0.9335 -0.0030
vn 0.3378 -0.9408 0.0284
vn 0.3447 -0.9386 0.0136
vn 0.3902 -0.9206 -0.0120
vn 0.3551 -0.9338 -0.0439
vn 0.3380 -0.8902 -0.3054
vn 0.8742 0.0508 0.4828
vn 0.8890 0.0270 0.4571
vn 0.8033 -0.1190 -0.5836
vn 0.4903 0.1087 -0.8647
vn -0.2692 -0.1598 -0.9497
vn -0.8500 0.0810 -0.5205
vn -0.9848 -0.1290 -0.1161
vn -0.6122 0.0624 0.7882
vn -0.3859 -0.1316 0.9131
vn -0.0319 -0.9972 -0.0673
vn -0.0038 -0.9995 0.0320
vn 0.0366 -0.9971 0.0660
vn 0.6304 0.7640 -0.1374
vn 0.8046 0.0891 -0.5871
vn 0.3832 0.7838 -0.4887
vn 0.1195 0.9168 -0.3810
vn -0.8423 0.1940 -0.5028
vn 0.5140 -0.6951 0.5026
vn 0.6515 0.7557 0.0668
vn -0.6389 -0.7691 -0.0174
vn -0.3083 0.9323 -0.1891
vn -0.4175 -0.7430 -0.5231
vn -0.1317 -0.2682 -0.9543
vn 0.7419 0.4625 -0.4854
vn 0.5533 -0.7680 -0.3224
vn 0.7798 0.5033 0.3723
vn 0.4076 -0.5009 0.7636
vn 0.0609 0.3436 0.9371
vn -0.4318 -0.4963 0.7531
vn -0.7480 -0.6204 0.2358
vn -0.3455 -0.9384 0.0081
vn -0.3537 -0.9354 -0.0008
vn -0.3402 -0.9403 0.0007
vn -0.3513 -0.9362 0.0020
vn -0.3479 -0.9345 -0.0759
vn -0.3571 -0.9336 -0.0281
vn -0.3519 -0.9360 -0.0015
vn -0.3463 -0.9381 -0.0062
vn -0.3811 -0.9243 -0.0199
vn -0.3621 -0.9321 0.0083
vn -0.3534 -0.9317 0.0841
vn 0.0114 -0.9994 0.0329
vn 0.0107 -0.9994 0.0330
vn -0.5501 -0.2626 0.7928
vn 0.4821 0.1812 0.8572
vn 0.7896 -0.1202 0.6018
vn 0.6736 0.0509 -0.7373
vn 0.6119 -0.0294 -0.7904
vn -0.8480 -0.0793 -0.5241
vn -0.9521 0.2865 -0.1070
vn -0.8390 0.5442 -0.0026
vn -0.9926 0.1214 0.0021
vn -0.6315 -0.7754 -0.0021
vn -0.1549 -0.9879 0.0019
vn 0.5942 -0.8043 -0.0019
vn 0.9301 -0.3674 0.0026
vn 0.7461 0.6659 -0.0039
vn 0.2142 0.9768 0.0035
vn -0.3019 -0.0111 0.9533
vn -0.2176 0.0546 0.9745
vn -0.2262 0.0387 0.9733
vn -0.2840 -0.0421 0.9579
vn -0.3497 -0.0004 0.9369
vn -0.2876 -0.0044 0.9577
vn -0.2644 -0.0266 0.9640
vn -0.1063 0.0577 0.9927
vn 0.0673 -0.0825 0.9943
vn 0.1412 -0.2940 0.9453
vn 0.2628 0.0019 0.9648
vn 0.1821 0.0129 0.9832
vn 0.3018 0.0256 0.9530
vn 0.3514 -0.0001 0.9362
vn 0.3196 -0.0172 0.9474
vn 0.1245 -0.0385 0.9915
vn 0.8029 0.3135 0.5071
vn 0.1767 -0.0225 0.9840
vn 0.0126 0.1014 0.9948
vn 0.0557 0.0124 0.9984
vn -0.0894 -0.0155 0.9959
vn 0.9968 -0.0067 0.0795
vn 0.9974 -0.0041 0.0720
vn 0.3506 -0.0003 0.9365
vn 0.5681 -0.0021 0.8230
vn 0.5873 0.0064 0.8093
vn 0.8618 -0.0077 0.5073
vn 0.8795 0.0096 0.4757
vn -0.3121 -0.0094 0.9500
vn -0.5278 0.0109 0.8493
vn -0.5709 -0.0045 0.8210
vn -0.7824 0.0043 0.6227
vn -0.7979 -0.0026 0.6028
vn -0.9235 0.0028 0.3836
vn -0.9299 -0.0023 0.3678
vn -0.9942 -0.0012 0.1076
vn -0.9965 -0.0064 0.0832
vn -0.9968 0.0031 -0.0802
vn -0.9849 -0.0069 -0.1731
vn -0.9597 0.0113 -0.2810
vn -0.9049 -0.0127 -0.4254
vn -0.8107 0.0153 -0.5853
vn -0.7026 -0.0197 -0.7113
vn -0.5386 0.0251 -0.8422
vn -0.3632 -0.0220 -0.9315
vn -0.1626 0.0046 -0.9867
vn -0.0987 -0.0051 -0.9951
vn 0.0427 0.0100 -0.9990
vn 0.2277 -0.0129 -0.9737
vn 0.3360 0.0184 -0.9417
vn 0.5785 -0.0224 -0.8154
vn 0.7156 0.0275 -0.6979
vn 0.8528 -0.0188 -0.5218
vn 0.9428 0.0123 -0.3330
vn 0.9705 -0.0101 -0.2411
vn 0.9945 0.0024 -0.1044
vn -0.0004 -1.0000 0.0002
vn 0.0006 -1.0000 -0.0008
vn 0.0009 -1.0000 0.0006
vn 0.0009 -1.0000 -0.0043
vn 0.0006 -1.0000 0.0009
vn -0.0020 -1.0000 -0.0013
vn 0.0002 -1.0000 -0.0001
vn 0.0003 -1.0000 0.0002
vn -0.0037 -1.0000 0.0019
vn 0.0017 -1.0000 0.0031
vn 0.0008 -1.0000 -0.0005
vn -0.0009 -1.0000 0.0007
vn -0.0008 -1.0000 -0.0008
vn -0.0025 -1.0000 -0.0041
vn -0.0022 -1.0000 0.0020
vn 0.0038 -1.0000 -0.0028
vn 0.0055 0.9999 0.0106
vn 0.0001 1.0000 -0.0001
vn -0.0001 1.0000 0.0002
vn 0.0002 1.0000 0.0001
vn -0.0083 0.9999 -0.0121
vn -0.0005 1.0000 0.0003
vn 0.0025 1.0000 -0.0027
vn -0.0032 1.0000 -0.0015
vn 0.0039 1.0000 -0.0048
vn -0.0000 1.0000 -0.0001
vn -0.0070 0.9999 0.0154
vn -0.0001 1.0000 -0.0001
vn -0.0005 1.0000 -0.0008
vn 0.0008 1.0000 -0.0005
vn 0.0005 1.0000 0.0006
vn 0.0003 1.0000 0.0002
vn -0.0001 1.0000 -0.0000
vn 0.0007 1.0000 -0.0006
vn -0.0002 1.0000 -0.0003
vn 0.0007 1.0000 0.0008
vn -0.0008 1.0000 0.0007
vn -0.0000 1.0000 0.0001
vn -0.0002 1.0000 0.0001
vn -0.0007 1.0000 -0.0007
vn 0.3070 0.5722 -0.7605
vn 0.3062 0.5668 -0.7649
vn 0.1628 0.2663 -0.9500
vn 0.4400 0.8976 -0.0256
vn 0.3169 0.5763 0.7533
vn 0.1672 0.2967 0.9402
vn 0.2788 0.5385 0.7952
vn -0.0213 0.8866 -0.4621
vn 0.3539 0.2618 0.8979
vn 0.9659 0.2098 0.1514
vn 0.8814 0.2591 -0.3951
vn 0.7248 0.6879 0.0383
vn 0.8148 0.5798 0.0072
vn -0.7315 0.5987 -0.3263
vn -0.7881 0.5308 -0.3117
vn -0.8709 0.4388 -0.2212
vn -0.9659 0.1966 -0.1687
vn -0.0219 0.8966 -0.4423
vn 0.9330 0.2740 -0.2332
vn 0.7792 0.5549 -0.2915
vn -0.3077 0.5697 0.7621
vn -0.3044 0.5482 0.7790
vn -0.1628 0.2706 0.9488
vn -0.4435 0.8961 -0.0150
vn -0.3174 0.5743 -0.7546
vn -0.1681 0.2806 -0.9450
vn -0.2922 0.5495 -0.7828
vn 0.7604 0.5724 0.3069
vn 0.7858 0.5395 0.3023
vn 0.9499 0.2666 0.1630
vn -0.0351 0.8963 0.4421
vn -0.7539 0.5753 0.3172
vn -0.9401 0.2969 0.1673
vn -0.7971 0.5361 0.2778
vn -0.8644 0.4940 0.0939
vn -0.8780 0.2494 0.4085
vn -0.1293 0.1998 0.9713
vn -0.0029 0.5613 0.8276
vn 0.9470 0.0776 -0.3116
vn 0.9556 0.1858 -0.2288
vn 0.2697 0.0450 -0.9619
vn 0.1997 0.1834 -0.9625
vn 0.3297 0.0007 -0.9441
vn 0.5206 0.1259 -0.8445
vn 0.7879 -0.0828 -0.6103
vn 0.7559 0.0203 -0.6544
vn 0.9558 0.0360 -0.2919
vn 0.1995 0.1675 0.9655
vn 0.9695 0.0864 0.2293
vn 0.9498 0.0162 0.3123
vn 0.7960 0.0775 0.6003
vn 0.7709 0.0203 0.6366
vn 0.5102 0.0442 0.8589
vn 0.4299 -0.0554 0.9012
vn 0.2580 0.0652 0.9640
vn -0.2589 0.1574 -0.9530
vn -0.4570 0.0719 -0.8866
vn -0.4698 0.0322 -0.8822
vn -0.1915 0.1007 -0.9763
vn -0.3403 0.0418 -0.9394
vn -0.9718 0.0319 -0.2338
vn -0.9843 0.1264 -0.1231
vn -0.9441 0.0123 -0.3296
vn -0.9159 0.0869 -0.3920
vn -0.7438 0.0570 -0.6659
vn -0.6721 -0.0555 -0.7384
vn -0.4819 0.0855 -0.8720
vn -0.3029 -0.0225 -0.9527
vn -0.9600 0.1851 0.2101
vn -0.3107 0.1045 0.9448
vn -0.3523 0.1634 0.9215
vn -0.6357 -0.0574 0.7698
vn -0.8038 0.1149 0.5837
vn -0.9006 -0.0656 0.4296
vn -0.9607 0.0648 0.2701
vn 0.1022 -0.6151 0.7818
vn 0.1182 -0.0281 -0.9926
vn -0.2140 -0.1730 -0.9614
vn -0.0364 0.2665 0.9631
vn -0.1267 0.0768 -0.9890
vn 0.1198 0.0860 -0.9891
vn -0.0049 0.1967 0.9804
vn -0.1388 0.2120 -0.9674
vn -0.0087 -0.0759 -0.9971
vn 0.5116 0.0045 -0.8592
vn -0.7655 -0.5059 0.3975
vn -0.8522 0.4259 0.3041
vn -0.4898 0.6394 0.5926
vn -0.0333 -0.0113 0.9994
vn -0.4795 0.0084 0.8775
vn 0.7485 0.0138 0.6630
vn -0.0069 0.2695 0.9630
vn -0.1106 0.1434 0.9835
vn -0.2960 0.5420 0.7865
vn -0.6149 0.2230 0.7564
vn 0.7000 0.6181 0.3577
vn 0.2407 0.4588 0.8553
vn 0.5805 0.2126 0.7860
vn 0.2569 0.1314 0.9575
vn -0.6983 -0.0196 0.7155
vn -0.8217 -0.5349 0.1970
vn 0.7851 -0.4185 0.4566
vn 0.4140 0.0166 -0.9101
vn 0.8837 -0.3421 -0.3194
vn -0.4050 0.5889 0.6994
vn -0.2895 0.9572 -0.0049
vn 0.3661 0.8925 -0.2636
vn -0.6202 -0.6590 0.4255
vn -0.2464 -0.7469 0.6176
vn 0.1813 -0.9300 0.3199
vn 0.3520 -0.6479 0.6755
vn 0.3874 -0.2781 0.8789
vn -0.9958 -0.0084 -0.0910
vn -0.9998 -0.0197 0.0076
vn 0.4737 0.6814 0.5579
vn 0.7115 0.5804 0.3960
vn 0.1565 0.9096 0.3848
vn -0.6389 0.7295 0.2441
vn -0.6989 0.6029 0.3847
vn -0.2438 0.8765 0.4151
vn -0.8309 0.5238 0.1875
vn -0.8978 0.3801 0.2224
vn -0.9417 0.3339 0.0412
vn 0.8970 0.4416 0.0199
vn 0.9160 0.3763 0.1389
vn 0.9908 -0.0078 -0.1353
vn 0.9991 0.0061 -0.0415
vn -0.7256 -0.6657 -0.1744
vn -0.8837 -0.3412 0.3204
vn 0.9523 -0.2246 0.2066
vn 0.8896 -0.4484 0.0869
vn 0.8654 -0.4981 -0.0545
vn 0.6760 -0.7160 0.1741
vn 0.6328 -0.7707 0.0751
vn 0.4074 0.1227 0.9050
vn 0.0401 0.7874 -0.6151
vn -0.2443 0.1999 0.9489
vn -0.4597 -0.0854 -0.8840
vn 0.5710 -0.8032 0.1697
vn -0.8911 -0.4532 -0.0222
vn 0.4572 0.7680 0.4484
vn 0.3883 0.5102 0.7674
vn 0.8064 -0.0110 0.5913
vn 0.8785 -0.0274 0.4770
vn 0.5429 -0.2922 0.7873
vn -0.0142 -0.9210 0.3893
vn -0.0453 -0.8032 0.5939
vn 0.3201 0.9385 -0.1290
vn 0.3987 0.9044 -0.1519
vn 0.8810 0.4024 -0.2487
vn 0.7808 0.4540 0.4292
vn -0.7183 0.6612 0.2165
vn -0.5248 0.6344 0.5675
vn -0.3977 -0.8238 0.4040
vn -0.6022 -0.5018 -0.6209
vn 0.9701 -0.2375 -0.0495
vn 0.9087 -0.4123 -0.0650
vn 0.8442 -0.4963 0.2024
vn 0.4415 -0.8730 0.2073
vn 0.4508 -0.8258 0.3388
vn 0.5778 0.7215 0.3815
vn 0.4969 0.5213 0.6938
vn -0.3910 0.6902 0.6089
vn -0.7945 0.3666 0.4840
vn -0.9964 0.0462 0.0704
vn 0.0053 -0.8972 0.4416
vn -0.4388 -0.8597 0.2616
vn -0.6677 -0.0518 0.7426
vn -0.9490 -0.0157 0.3149
vn 0.0075 0.9922 0.1245
vn 0.8254 0.5632 0.0376
vn 0.9605 -0.0326 0.2763
vn 0.9885 -0.0074 0.1511
vn -0.3035 -0.9515 -0.0508
vn 0.6270 -0.6564 0.4195
vn 0.5900 -0.6457 0.4848
vn 0.8749 -0.4430 -0.1957
vn -0.7369 -0.5229 0.4283
vn 0.1787 0.9680 0.1759
vn 0.1184 0.9779 -0.1724
vn 0.4751 0.6241 0.6203
vn 0.8497 0.4392 -0.2919
vn 0.6512 0.4948 0.5754
vn -0.7140 -0.4760 -0.5134
vn 0.0061 -0.0673 0.9977
vn -0.0145 -0.0054 0.9999
vn 0.0236 0.0478 0.9986
vn -0.0050 -0.0157 0.9999
vn 0.0254 0.0151 0.9996
vn 0.0131 -0.0049 0.9999
vn -0.0101 -0.0069 0.9999
vn -0.0155 -0.0055 0.9999
vn -0.0143 0.0035 0.9999
vn 0.5639 0.0134 -0.8258
vn 0.0287 0.0084 0.9996
vn -0.0749 -0.0163 0.9971
vn 0.0084 0.0216 0.9997
vn -0.0119 0.0197 0.9997
vn 0.8729 0.3935 0.2884
vn -0.0023 -0.0113 0.9999
vn -0.0372 -0.0633 0.9973
vn -0.0350 0.0412 0.9985
vn -0.0134 0.0125 0.9998
vn -0.0037 0.0080 1.0000
vn -0.0073 -0.0180 0.9998
vn -0.0463 -0.0047 0.9989
vn 0.0126 -0.0046 0.9999
vn 0.0086 -0.0195 0.9998
vn -0.0321 0.0115 0.9994
vn -0.0086 -0.0062 0.9999
vn -0.0000 -0.0038 1.0000
vn -0.0071 -0.0185 0.9998
vn -0.0057 0.0142 0.9999
vn 0.0337 0.0040 0.9994
vn 0.0241 0.0003 0.9997
vn 0.0010 -0.0164 0.9999
vn -0.0212 -0.0061 0.9998
vn -0.0021 0.0094 1.0000
vn -0.0044 0.0027 1.0000
vn 0.0272 0.0120 0.9996
vn 0.0586 -0.0781 0.9952
vn 0.0609 0.0172 0.9980
vn 0.0008 0.0703 0.9975
vn -0.0795 0.0539 0.9954
vn -0.0286 -0.0042 0.9996
vn 0.0706 0.0377 0.9968
vn 0.0174 -0.5151 0.8569
vn -0.0671 -0.0456 0.9967
vn -0.0726 -0.0392 0.9966
vn -0.0288 -0.0765 0.9967
vn -0.1022 0.0373 0.9941
vn 0.0190 0.0193 0.9996
vn 0.0158 0.0008 0.9999
vn -0.0013 0.0443 0.9990
vn -0.0021 0.0403 0.9992
vn 0.1827 0.0395 0.9824
vn -0.0108 -0.0159 0.9998
vn 0.0207 -0.0395 0.9990
vn 0.0774 0.0530 0.9956
vn -0.0143 0.0028 0.9999
vn -0.0156 -0.0320 0.9994
vn -0.0952 -0.0101 0.9954
vn -0.0472 -0.0516 0.9975
vn 0.0168 0.0239 0.9996
vn -0.0224 -0.0096 0.9997
vn 0.0246 -0.0153 0.9996
vn -0.0142 0.0201 0.9997
vn 0.0106 0.0131 0.9999
vn -0.0001 -0.0092 1.0000
vn -0.0031 0.0059 1.0000
vn 0.0982 0.0167 0.9950
vn 0.0195 0.0098 0.9998
vn 0.0057 0.0067 1.0000
vn -0.0001 0.0079 1.0000
vn 0.0092 -0.0579 0.9983
vn 0.0359 0.0369 0.9987
vn 0.0006 0.0614 0.9981
vn 0.0234 -0.0048 0.9997
vn 0.0265 -0.0937 0.9952
vn -0.0738 -0.0051 0.9973
vn -0.0699 -0.0416 0.9967
vn -0.0119 -0.0309 0.9995
vn -0.0017 -0.0263 0.9997
vn 0.0033 -0.0279 0.9996
vn 0.0586 0.0263 0.9979
vn 0.0090 0.0127 0.9999
vn -0.0504 -0.1205 0.9914
vn 0.0384 0.1424 0.9891
vn -0.0401 -0.3422 0.9388
vn -0.0899 -0.0018 0.9959
vn 0.1641 0.0387 0.9857
vn -0.0516 0.0011 0.9987
vn 0.0064 0.0214 0.9998
vn 0.0002 -0.0039 1.0000
vn 0.0394 -0.0474 0.9981
vn -0.0410 -0.0120 0.9991
vn 0.0043 -0.0112 0.9999
vn -0.1206 -0.0532 0.9913
vn -0.0662 -0.0091 0.9978
vn -0.0677 -0.0090 0.9977
vn 0.0027 0.1046 0.9945
vn 0.0362 -0.0436 0.9984
vn -0.0279 -0.0060 0.9996
vn 0.0150 0.0012 0.9999
vn 0.0251 -0.0030 0.9997
vn -0.0976 -0.0311 0.9947
vn -0.0174 -0.0148 0.9997
vn 0.0064 -0.0248 0.9997
vn -0.0456 -0.0162 0.9988
vn -0.0167 -0.0225 0.9996
vn 0.0551 0.0336 0.9979
vn -0.0010 0.0202 0.9998
vn -0.0146 -0.0228 0.9996
vn 0.0243 0.0126 0.9996
vn 0.0001 0.0371 0.9993
vn -0.0152 -0.0951 0.9954
vn -0.0508 -0.0128 0.9986
vn -0.1721 -0.0769 0.9821
vn -0.0539 -0.0127 0.9985
vn -0.0180 0.0289 0.9994
vn -0.0190 0.0252 0.9995
vn -0.0230 -0.0560 0.9982
vn 0.0279 -0.0091 0.9996
vn 0.3775 -0.6726 0.6364
vn 0.9078 0.0014 0.4194
vn 0.7671 0.0251 0.6411
vn 0.0925 0.9356 -0.3407
vn -0.0100 0.8467 0.5320
vn 0.8491 0.4009 -0.3439
vn 0.1190 -0.9859 -0.1179
vn -0.7122 0.7020 -0.0032
vn -0.9880 -0.0096 0.1543
vn -0.9897 -0.0074 0.1432
vn -0.6564 -0.6935 0.2970
vn -0.6033 -0.5141 0.6097
vn -0.8893 -0.4498 0.0829
vn 0.6854 -0.5200 0.5097
vn 0.3261 -0.6801 0.6566
vn 0.6985 -0.5253 0.4859
vn -0.8033 0.5451 -0.2399
vn -0.1033 0.9817 -0.1597
vn -0.1774 0.9620 0.2077
vn 0.6300 0.0605 0.7742
vn 0.1903 0.2836 0.9399
vn -0.0332 -0.0276 0.9991
vn 0.1761 0.0090 0.9843
vn -0.0697 -0.1830 0.9806
vn -0.0688 -0.1330 0.9887
vn 0.9826 0.1219 -0.1399
vn 0.2890 -0.2907 0.9121
vn 0.3333 -0.5497 -0.7660
vn -0.0575 -0.1022 0.9931
vn -0.0870 -0.3078 0.9475
vn -0.8377 -0.0214 0.5457
vn -0.9400 -0.0652 -0.3349
vn -0.1757 0.3190 0.9313
vn -0.5968 0.2392 0.7659
vn 0.1465 -0.0440 0.9882
vn 0.0003 0.0088 1.0000
vn -0.0058 0.0031 1.0000
vn -0.2779 -0.0543 0.9591
vn -0.1042 0.1255 0.9866
vn 0.5376 0.8392 0.0823
vn 0.0340 -0.0677 0.9971
vn -0.4320 -0.8894 -0.1492
vn -0.1706 0.2944 0.9403
vn 0.0641 0.1197 0.9907
vn -0.0374 -0.0171 0.9992
vn 0.0124 -0.0416 0.9991
vn 0.2281 0.0948 0.9690
vn 0.0293 -0.0864 0.9958
vn 0.1923 0.4128 -0.8903
vn 0.7382 -0.0822 -0.6696
vn -0.0895 0.1377 0.9864
vn 0.0617 -0.1062 0.9924
vn 0.0012 -0.0485 0.9988
vn -0.0145 -0.0029 0.9999
vn -0.0792 0.0810 0.9936
vn 0.0071 0.0487 0.9988
vn 0.0604 -0.0648 0.9961
vn 0.1833 0.0017 0.9830
vn 0.1763 -0.0006 0.9843
vn 0.0820 0.0518 0.9953
vn 0.1435 -0.0551 0.9881
vn 0.0865 0.0518 0.9949
vn 0.1637 0.0171 0.9864
vn 0.2917 0.0042 0.9565
vn 0.5747 0.0789 0.8146
vn 0.2162 -0.1171 0.9693
vn 0.2334 -0.0743 0.9695
vn -0.0223 -0.0918 0.9955
vn 0.0382 -0.0252 0.9990
vn 0.1292 0.0188 0.9914
vn 0.3842 -0.0225 0.9230
vn 0.0596 -0.0290 0.9978
vn 0.0091 0.0259 0.9996
vn 0.1253 -0.0345 0.9915
vn 0.0332 0.0879 0.9956
vn -0.2854 0.0757 0.9554
vn 0.0056 -0.0664 0.9978
vn -0.1334 -0.0853 0.9874
vn -0.3565 0.0063 0.9343
vn -0.1517 0.0093 0.9884
vn -0.2403 0.0983 0.9657
vn -0.1149 0.0847 0.9898
vn -0.0718 0.0446 0.9964
vn -0.1128 -0.3736 0.9207
vn -0.2057 -0.0070 0.9786
vn -0.2431 0.0017 0.9700
vn -0.7156 -0.0364 0.6975
vn -0.0788 0.0782 0.9938
vn -0.0379 -0.0323 0.9988
vn -0.0228 -0.0064 0.9997
vn -0.3551 -0.0808 0.9313
vn -0.1757 -0.0021 0.9844
vn -0.1685 0.0008 0.9857
vn 0.1635 -0.1982 0.9664
vn 0.1257 -0.0389 0.9913
vn 0.5049 0.3143 0.8039
vn 0.0766 0.0139 0.9970
vn 0.0464 0.1076 0.9931
vn -0.0317 0.0149 0.9994
vn -0.0405 0.2729 0.9612
vn -0.2068 0.0434 0.9774
vn -0.1984 0.0156 0.9800
vn -0.2694 -0.0882 0.9590
vn -0.0533 -0.2181 0.9745
vn -0.0579 -0.1916 0.9798
vn -0.3768 0.9174 0.1282
vn -0.9924 0.0164 0.1223
vn -0.0783 0.4534 -0.8878
vn -0.0377 -0.9727 -0.2289
vn 0.3714 -0.2036 -0.9059
vn 0.9968 0.0670 0.0445
vn 0.2266 0.2513 -0.9410
vn 0.0637 0.9879 0.1417
vn -0.2217 0.2223 -0.9495
vn -0.9795 0.0400 0.1975
vn -0.3840 -0.4427 -0.8103
vn -0.3657 -0.4269 -0.8271
vn 0.5223 -0.6310 -0.5737
vn 0.4102 -0.4388 -0.7995
vn 0.5736 0.2340 -0.7850
vn 0.9959 0.0592 -0.0683
vn -0.0092 0.4593 0.8883
vn 0.2893 0.5528 0.7815
vn 0.7876 0.4611 0.4087
vn 0.5998 0.2506 0.7599
vn -0.0181 -0.2918 0.9563
vn 0.6593 -0.7358 0.1544
vn 0.3733 -0.0706 0.9250
vn 0.8357 0.5457 0.0612
vn -0.1101 0.9904 -0.0830
vn -0.3316 0.1242 0.9352
vn -0.9995 0.0308 0.0074
vn -0.3117 -0.8854 0.3449
vn -0.3057 -0.5451 0.7807
vn 0.6730 -0.4363 0.5973
vn 0.5066 -0.3849 0.7715
vn -0.1985 0.0053 0.9801
vn -0.1142 -0.1478 0.9824
vn 0.0449 -0.2032 0.9781
vn 0.2125 -0.3146 0.9252
vn 0.1662 -0.0231 0.9858
vn 0.2763 0.0802 0.9577
vn 0.1431 0.0991 0.9847
vn 0.1311 0.1511 0.9798
vn -0.3814 0.3259 0.8651
vn -0.1093 0.1506 0.9825
vn -0.2284 -0.0015 0.9736
vn -0.1227 -0.0774 0.9894
vn -0.1695 -0.3068 0.9366
vn 0.0785 0.0108 0.9969
vn 0.0052 -0.0270 0.9996
vn -0.0196 -0.0244 0.9995
vn 0.2627 0.0283 0.9645
vn 0.2134 0.0076 0.9769
vn 0.1449 0.1140 0.9829
vn 0.1282 0.3988 0.9080
vn -0.2699 0.1344 0.9535
vn -0.1238 0.0868 0.9885
vn -0.1914 0.0182 0.9813
vn 0.0054 -0.0274 0.9996
vn -0.3470 -0.1451 0.9266
vn -0.0866 -0.2426 0.9663
vn 0.1132 -0.1304 0.9850
vn 0.1208 -0.2943 0.9480
vn 0.2358 0.4381 0.8675
vn -0.4056 0.5857 -0.7017
vn -0.3529 -0.1494 0.9237
vn -0.4509 -0.0427 -0.8916
vn 0.2935 0.2999 -0.9077
vn -0.0419 -0.9777 -0.2057
vn 0.4470 0.3088 -0.8396
vn -0.9985 0.0149 0.0519
vn -0.4179 -0.1606 -0.8942
vn -0.0427 0.8347 -0.5490
vn -0.1185 0.3935 -0.9116
vn -0.8398 0.3035 -0.4501
vn -0.9117 0.3963 -0.1085
vn -0.6074 -0.5146 -0.6052
vn -0.2112 -0.3268 -0.9212
vn 0.3262 -0.8416 0.4305
vn 0.2345 -0.1811 -0.9551
vn 0.9543 0.2964 -0.0375
vn 0.9398 0.0182 0.3414
vn -0.0774 0.5871 0.8058
vn -0.9152 0.1519 -0.3733
vn -0.8681 0.2517 0.4279
vn -0.5020 -0.4880 0.7140
vn -0.4018 -0.2953 0.8668
vn 0.0290 -0.4820 0.8757
vn 0.3344 -0.9417 -0.0365
vn 0.3646 -0.0900 0.9268
vn 0.9326 0.3016 0.1981
vn 0.2841 0.3373 0.8975
vn 0.0513 0.9622 0.2674
vn -0.3304 0.7561 0.5649
vn -0.3471 0.5714 0.7436
vn -0.8278 0.2405 0.5068
vn -0.2067 -0.3662 0.9073
vn 0.2765 -0.9352 -0.2212
vn 0.4379 -0.1292 0.8897
vn 0.1881 -0.0085 0.9821
vn 0.1859 -0.0181 0.9824
vn 0.1855 -0.0112 0.9826
vn -0.1174 0.1570 -0.9806
vn 0.0209 -0.1684 0.9855
vn 0.1998 -0.2729 0.9411
vn 0.1804 -0.0274 0.9832
vn 0.2270 0.0091 0.9739
vn 0.0850 0.0913 0.9922
vn 0.0803 0.1480 0.9857
vn 0.0011 0.1003 0.9950
vn -0.2202 0.2382 0.9459
vn -0.2796 -0.1015 0.9547
vn -0.1388 -0.1214 0.9828
vn -0.1127 -0.2144 0.9702
vn 0.0663 0.0122 0.9977
vn 0.1091 0.1054 0.9884
vn -0.0242 -0.0551 0.9982
vn -0.0128 -0.0346 0.9993
vn -0.2775 0.4288 -0.8597
vn 0.0891 0.3831 0.9194
vn -0.0378 -0.9579 -0.2845
vn -0.8765 -0.2341 -0.4207
vn -0.1231 0.2080 0.9704
vn 0.0570 0.0393 0.9976
vn 0.1025 0.0691 0.9923
vn -0.0620 -0.0896 0.9940
vn -0.1396 -0.0690 0.9878
vn -0.3156 0.2790 0.9069
vn 0.0489 -0.0712 0.9963
vn 0.1303 -0.0925 0.9872
vn 0.0481 -0.0333 0.9983
vn 0.0031 -0.0718 0.9974
vn 0.0825 0.1309 0.9880
vn -0.0069 0.0844 0.9964
vn -0.1091 -0.2224 0.9688
vn -0.0591 -0.2025 0.9775
vn 0.0152 -0.0213 0.9997
vn -0.0191 0.0158 0.9997
vn -0.0000 -1.0000 0.0001
vn 0.7113 -0.0146 0.7027
vn -0.7162 -0.0194 -0.6976
vn -0.5455 0.0084 0.8381
vn -0.4946 -0.0155 0.8690
vn 0.1203 0.0017 0.9927
vn 0.0940 -0.0157 0.9955
vn 0.5778 0.0284 0.8157
vn -0.8493 0.0427 -0.5262
vn -0.9970 -0.0542 -0.0544
vn -0.9903 0.0342 0.1344
vn -0.8216 -0.0183 0.5697
vn -0.8015 -0.0068 0.5979
vn 0.5042 0.0111 -0.8635
vn 0.4506 -0.0176 -0.8926
vn -0.1818 0.0020 -0.9833
vn -0.1738 -0.0029 -0.9848
vn -0.6127 0.0126 -0.7902
vn 0.8098 0.0166 0.5865
vn 0.9742 -0.0372 0.2224
vn 0.9976 0.0397 0.0564
vn 0.8658 -0.0274 -0.4997
vn 0.8457 -0.0089 -0.5335
vn -0.2171 0.0090 -0.9761
vn -0.2621 0.0041 -0.9650
vn -0.5815 0.0288 -0.8131
vn -0.7450 -0.0071 -0.6670
vn -0.9193 0.0118 -0.3934
vn -0.9404 0.0304 -0.3388
vn -0.9912 0.0070 -0.1320
vn -0.9999 0.0108 0.0067
vn -0.9680 0.0259 0.2495
vn -0.9751 0.0395 0.2183
vn -0.8088 -0.0299 0.5874
vn -0.5275 0.0478 0.8482
vn -0.3574 -0.0192 0.9338
vn -0.0733 0.0043 0.9973
vn 0.2064 0.0472 0.9773
vn 0.1209 0.0135 0.9926
vn 0.5107 -0.0013 0.8597
vn 0.6353 0.0323 0.7716
vn 0.7983 -0.0174 0.6020
vn 0.9727 0.0310 0.2302
vn 0.9659 0.0209 0.2579
vn 0.9999 0.0041 0.0145
vn 0.9723 0.0085 -0.2337
vn 0.9619 0.0208 -0.2726
vn 0.7906 -0.0027 -0.6124
vn 0.7067 0.0263 -0.7070
vn 0.5247 -0.0061 -0.8513
vn 0.2079 0.0331 -0.9776
vn 0.2787 0.0068 -0.9604
vn -0.1479 0.0125 -0.9889
vn -0.1670 0.0157 -0.9858
vn 0.0770 0.0140 -0.9969
vn -0.4837 0.0020 -0.8752
vn 0.2787 0.0096 -0.9603
vn 0.2278 0.1039 -0.9681
vn 0.2367 0.0728 -0.9688
vn 0.3165 -0.0184 -0.9484
vn 0.2752 0.0009 -0.9614
vn 0.2978 -0.0086 -0.9546
vn 0.2253 0.0116 -0.9742
vn 0.2033 -0.3726 -0.9054
vn 0.0599 -0.0517 -0.9969
vn -0.0933 0.0535 -0.9942
vn -0.7920 -0.3973 -0.4636
vn -0.1072 0.0521 -0.9929
vn -0.2779 -0.0001 -0.9606
vn -0.3119 -0.0460 -0.9490
vn -0.2911 -0.0004 -0.9567
vn -0.3032 -0.0085 -0.9529
vn -0.1859 0.0517 -0.9812
vn -0.2252 0.0902 -0.9701
vn 0.0056 0.1531 -0.9882
vn -0.0533 -0.0030 -0.9986
vn 0.0785 -0.0054 -0.9969
vn 0.9605 0.0228 0.2774
vn 0.8717 -0.0192 0.4897
vn 0.8107 0.0119 0.5853
vn 0.6315 -0.0119 0.7753
vn 0.5384 0.0195 0.8425
vn 0.3465 -0.0199 0.9379
vn 0.1633 0.0040 0.9866
vn 0.0941 -0.0060 0.9955
vn -0.0318 0.0096 0.9994
vn -0.2482 -0.0125 0.9686
vn -0.2292 -0.0054 0.9734
vn -0.5223 0.0043 0.8528
vn -0.5436 -0.0027 0.8393
vn -0.7322 0.0027 0.6811
vn -0.7491 -0.0043 0.6624
vn -0.9050 0.0043 0.4255
vn -0.9233 -0.0083 0.3840
vn -0.9836 0.0098 0.1802
vn -0.9965 -0.0061 0.0834
vn -0.9992 0.0073 -0.0391
vn -0.3559 -0.0103 -0.9345
vn -0.5471 0.0252 -0.8367
vn -0.6972 -0.0215 -0.7166
vn -0.8107 0.0155 -0.5853
vn -0.9049 -0.0128 -0.4254
vn -0.9606 0.0119 -0.2778
vn -0.9847 -0.0064 -0.1742
vn 0.3321 -0.0100 -0.9432
vn 0.5876 -0.0004 -0.8091
vn 0.6061 0.0095 -0.7954
vn 0.8495 -0.0008 -0.5277
vn 0.8530 -0.0031 -0.5219
vn 0.9689 0.0034 -0.2474
vn 0.9690 0.0032 -0.2469
vn 0.9979 -0.0097 0.0633
vn 0.9996 -0.0010 0.0278
vn 0.0001 -1.0000 -0.0001
vn -0.0007 1.0000 0.0017
vn 0.0003 1.0000 0.0008
vn 0.0010 1.0000 -0.0005
vn -0.0001 1.0000 -0.0005
vn 0.0007 1.0000 0.0001
vn -0.0028 1.0000 0.0037
vn 0.0030 1.0000 0.0021
vn -0.0000 1.0000 0.0002
vn -0.0001 1.0000 0.0001
vn 0.0005 1.0000 0.0007
vn -0.0005 1.0000 -0.0006
vn 0.0006 1.0000 0.0004
vn 0.0002 1.0000 0.0002
vn 0.0001 1.0000 -0.0006
vn -0.0005 1.0000 -0.0004
vn -0.0010 1.0000 0.0005
vn -0.0006 1.0000 0.0005
vn 0.0006 1.0000 -0.0006
vn 0.0004 1.0000 0.0003
vn 0.0006 1.0000 -0.0001
vn -0.0003 1.0000 -0.0004
vn 0.0001 1.0000 0.0003
vn 0.0004 1.0000 -0.0003
vn -0.0005 1.0000 -0.0007
vn -0.0006 1.0000 0.0004
vn -0.2899 0.5583 0.7774
vn -0.2979 0.6687 0.6812
vn -0.1294 0.1152 0.9849
vn -0.1922 0.1293 -0.9728
vn -0.2631 0.5583 -0.7868
vn 0.7752 0.5728 0.2663
vn 0.9766 0.1147 0.1817
vn -0.9913 0.0859 0.1000
vn -0.7863 0.5575 0.2663
vn -0.7300 0.6051 0.3177
vn 0.2894 0.5590 -0.7770
vn 0.2972 0.6658 -0.6843
vn 0.1275 0.1098 -0.9857
vn 0.1884 0.1111 0.9758
vn 0.2629 0.5587 0.7866
vn -0.7774 0.5582 -0.2899
vn -0.6813 0.6686 -0.2979
vn -0.9860 0.1079 -0.1268
vn 0.9736 0.1252 -0.1910
vn 0.7774 0.5688 -0.2684
vn -0.0907 -0.1097 0.9898
vn -0.3871 -0.2359 -0.8914
vn -0.1399 -0.0002 0.9902
vn 0.3250 0.8974 -0.2985
vn -0.7763 0.6284 0.0499
vn 0.0091 0.1326 0.9911
vn -0.1176 0.0415 0.9922
vn 0.0892 -0.2372 0.9674
vn -0.5128 0.4372 0.7389
vn -0.0087 -0.0227 0.9997
vn 0.5837 0.4846 -0.6515
vn -0.8149 0.3800 -0.4377
vn 0.0204 -0.0036 -0.9998
vn 0.3823 -0.0075 -0.9240
vn 0.6613 0.0098 -0.7501
vn 0.0068 0.2692 -0.9631
vn 0.2868 0.5458 -0.7873
vn 0.6518 0.5836 -0.4843
vn 0.3790 0.2489 -0.8913
vn 0.8532 0.3459 -0.3903
vn -0.6545 0.5912 -0.4713
vn -0.2398 0.4723 -0.8482
vn 0.8407 -0.4802 -0.2502
vn -0.8136 -0.3875 -0.4334
vn -0.6288 -0.3901 -0.6727
vn -0.2702 0.0124 0.9627
vn -0.7895 -0.0869 0.6075
vn -0.3792 0.8986 0.2207
vn 0.8164 0.5496 -0.1774
vn -0.5572 -0.7917 -0.2504
vn 0.2563 -0.7577 -0.6001
vn -0.1647 -0.8826 -0.4403
vn -0.3314 -0.6951 -0.6379
vn -0.6154 -0.5998 -0.5113
vn 0.0928 -0.1738 -0.9804
vn 0.9899 0.0008 0.1417
vn 0.9998 -0.0133 0.0132
vn -0.5454 0.7481 -0.3780
vn -0.8028 0.5706 -0.1732
vn -0.1566 0.9105 -0.3827
vn 0.5545 0.6992 -0.4513
vn 0.7620 0.6084 -0.2216
vn 0.2367 0.8631 -0.4461
vn 0.9346 0.3555 -0.0156
vn 0.9180 0.3763 -0.1249
vn -0.9116 0.3784 -0.1605
vn -0.9127 0.3709 -0.1717
vn -0.9983 -0.0037 0.0584
vn -1.0000 0.0055 -0.0058
vn 0.7014 -0.7088 -0.0755
vn 0.7104 -0.6382 0.2966
vn 0.8665 -0.4661 -0.1784
vn 0.9470 -0.2326 -0.2214
vn -0.9161 -0.3354 -0.2195
vn -0.8388 -0.5312 0.1191
vn -0.2039 0.4042 -0.8917
vn -0.5977 0.3959 0.6971
vn -0.5338 0.2146 -0.8179
vn 0.4331 0.7291 -0.5299
vn 0.1618 -0.7630 0.6258
vn 0.3177 -0.0970 -0.9432
vn -0.4117 -0.3778 -0.8293
vn 0.8925 -0.4474 0.0576
vn -0.4629 0.7999 -0.3820
vn -0.3669 0.6887 -0.6253
vn -0.7711 -0.0127 -0.6365
vn -0.9691 -0.0835 -0.2321
vn -0.0730 -0.9855 0.1531
vn -0.0126 -0.8937 -0.4485
vn -0.3496 0.9267 0.1376
vn -0.3986 0.9045 0.1518
vn -0.8958 0.4427 0.0394
vn -0.7807 0.4548 -0.4286
vn 0.7147 0.6630 -0.2227
vn 0.5276 0.6370 -0.5620
vn 0.4504 -0.8225 -0.3473
vn 0.4402 -0.8743 -0.2043
vn 0.8456 -0.4908 -0.2097
vn 0.3456 0.9204 0.1830
vn -0.9970 0.0744 -0.0228
vn -0.9562 -0.2927 0.0090
vn -0.6213 -0.7322 0.2791
vn -0.4106 -0.8414 -0.3515
vn -0.5882 0.6691 -0.4543
vn -0.5737 0.6283 -0.5255
vn 0.3815 0.6712 -0.6356
vn 0.3492 0.6297 -0.6940
vn 0.6624 -0.0304 -0.7485
vn 0.8859 0.0066 -0.4639
vn 0.1152 -0.8889 0.4433
vn 0.0215 -0.9022 -0.4307
vn 0.8138 0.4011 -0.4206
vn 0.4270 -0.7188 -0.5486
vn 0.4396 -0.8785 -0.1869
vn 0.5416 -0.3930 -0.7431
vn 0.4733 0.3887 -0.7905
vn 0.9092 -0.0168 -0.4161
vn 0.9430 0.0692 0.3255
vn 0.5694 0.4059 -0.7148
vn -0.0274 0.9845 -0.1735
vn 0.0166 0.9110 -0.4122
vn -0.8320 0.5539 -0.0317
vn -0.9737 0.0111 -0.2274
vn -0.9947 -0.0140 -0.1022
vn -0.0045 -0.9871 0.1600
vn -0.6701 -0.6880 -0.2787
vn -0.4642 -0.2337 -0.8544
vn -0.8085 -0.5701 -0.1456
vn 0.7102 -0.5166 -0.4783
vn -0.1172 0.9792 -0.1658
vn -0.1318 0.9682 -0.2126
vn -0.7472 0.6539 0.1190
vn -0.5124 0.5181 0.6849
vn 0.6231 0.0546 0.7802
vn 0.1206 -0.1198 -0.9854
vn -0.0068 -0.0070 -1.0000
vn -0.0220 -0.0310 -0.9993
vn 0.0745 0.0457 -0.9962
vn -0.0035 -0.0089 -1.0000
vn -0.0069 0.0125 -0.9999
vn -0.0217 -0.0066 -0.9997
vn -0.0298 0.0081 -0.9995
vn -0.0257 0.0175 -0.9995
vn 0.1262 0.0004 -0.9920
vn -0.0055 -0.0101 -0.9999
vn -0.0867 -0.0517 -0.9949
vn 0.0066 0.0114 -0.9999
vn -0.0046 0.0129 -0.9999
vn 0.0079 -0.0007 -1.0000
vn -0.0010 0.0077 -1.0000
vn -0.0053 0.0001 -1.0000
vn -0.0035 -0.0055 -1.0000
vn -0.0014 -0.0030 -1.0000
vn -0.0206 -0.0056 -0.9998
vn -0.0366 -0.0176 -0.9992
vn -0.0068 0.0231 -0.9997
vn 0.0362 0.0137 -0.9992
vn 0.0352 0.0159 -0.9993
vn 0.0412 0.0128 -0.9991
vn 0.0204 0.0155 -0.9997
vn -0.0226 0.0009 -0.9997
vn -0.0218 0.0006 -0.9998
vn 0.0132 -0.0298 -0.9995
vn 0.0017 -0.0128 -0.9999
vn -0.0124 -0.0024 -0.9999
vn -0.0130 -0.0024 -0.9999
vn -0.0176 -0.0108 -0.9998
vn 0.0197 -0.0138 -0.9997
vn 0.0251 -0.0356 -0.9991
vn 0.0292 -0.0265 -0.9992
vn 0.0292 -0.0045 -0.9996
vn -0.0699 0.0374 -0.9969
vn -0.0126 -0.3584 -0.9335
vn 0.0550 0.0489 -0.9973
vn -0.0362 0.0048 -0.9993
vn 0.0777 -0.0235 -0.9967
vn 0.0263 0.0134 -0.9996
vn 0.0451 -0.0296 -0.9985
vn 0.0189 0.0175 -0.9997
vn -0.0144 0.0097 -0.9998
vn -0.0238 0.0602 -0.9979
vn -0.0222 0.0159 -0.9996
vn -0.0063 -0.0038 -1.0000
vn -0.0089 -0.0118 -0.9999
vn -0.0047 0.0278 -0.9996
vn 0.0586 0.0521 -0.9969
vn 0.0231 -0.0241 -0.9994
vn 0.0181 0.1676 -0.9857
vn 0.2357 -0.0162 -0.9717
vn -0.0199 -0.0054 -0.9998
vn -0.0939 0.0296 -0.9951
vn 0.0177 0.0212 -0.9996
vn -0.0102 0.0133 -0.9999
vn -0.0054 -0.0096 -0.9999
vn 0.0087 0.0119 -0.9999
vn -0.0759 0.0181 -0.9969
vn -0.0049 0.0102 -0.9999
vn -0.0055 -0.0100 -0.9999
vn 0.0061 -0.0002 -1.0000
vn 0.0222 -0.0030 -0.9998
vn -0.0225 -0.0145 -0.9996
vn -0.0151 0.0005 -0.9999
vn 0.0034 -0.0428 -0.9991
vn -0.0171 -0.1996 -0.9797
vn 0.0691 0.0335 -0.9970
vn -0.1158 -0.0340 -0.9927
vn 0.0377 0.0014 -0.9993
vn 0.0315 -0.0004 -0.9995
vn 0.0045 -0.0400 -0.9992
vn -0.0256 -0.0316 -0.9992
vn -0.0173 -0.0033 0.9998
vn -0.0049 0.0085 -1.0000
vn 0.0105 -0.0151 -0.9998
vn 0.0161 -0.0380 -0.9991
vn -0.0081 -0.0195 -0.9998
vn -0.0580 0.3758 -0.9249
vn 0.0079 -0.0309 -0.9995
vn 0.0508 0.0059 -0.9987
vn -0.6378 0.0226 -0.7699
vn 0.0201 -0.0089 -0.9998
vn 0.0169 0.0028 -0.9999
vn 0.0062 -0.0226 -0.9997
vn -0.0342 -0.0039 -0.9994
vn 0.0066 -0.0058 -1.0000
vn -0.0119 0.0055 -0.9999
vn 0.0106 0.0188 -0.9998
vn -0.3675 -0.0323 -0.9295
vn 0.0307 0.0001 -0.9995
vn 0.0280 0.0796 -0.9964
vn -0.0092 -0.0598 -0.9982
vn 0.0816 0.0084 -0.9966
vn 0.0138 0.0151 -0.9998
vn -0.0440 -0.0025 -0.9990
vn -0.0760 0.0071 -0.9971
vn -0.0386 0.1139 -0.9927
vn -0.0096 -0.0480 -0.9988
vn -0.0381 -0.0332 -0.9987
vn -0.0203 -0.0135 -0.9997
vn 0.0610 0.0181 -0.9980
vn -0.0118 0.0299 -0.9995
vn -0.0102 0.0066 -0.9999
vn 0.0208 -0.0223 -0.9995
vn 0.0187 0.0205 -0.9996
vn -0.0003 0.0162 -0.9999
vn -0.0101 0.0023 -0.9999
vn 0.0363 0.0023 -0.9993
vn 0.0097 0.0298 -0.9995
vn 0.0147 0.0180 -0.9997
vn -0.0018 -0.0542 -0.9985
vn 0.1195 -0.0649 -0.9907
vn -0.0373 0.0394 -0.9985
vn 0.0010 -0.0526 -0.9986
vn -0.0628 0.0052 -0.9980
vn -0.3515 -0.7029 -0.6183
vn -0.4619 -0.2793 -0.8418
vn -0.9967 -0.0463 -0.0670
vn -0.9594 -0.0201 -0.2812
vn -0.3126 0.4124 -0.8557
vn 0.0025 0.9524 -0.3049
vn 0.0211 0.8820 -0.4708
vn -0.7794 0.5514 0.2975
vn -0.8301 0.0944 -0.5495
vn -0.8924 -0.2388 0.3829
vn -0.5417 -0.7786 0.3167
vn -0.0733 -0.9868 0.1446
vn 0.6686 0.7431 -0.0289
vn 0.9729 -0.0097 -0.2312
vn 0.9842 0.0041 -0.1770
vn 0.6841 -0.6407 -0.3486
vn 0.6234 -0.5248 -0.5797
vn 0.9590 -0.2756 0.0658
vn -0.2964 -0.5179 -0.8025
vn -0.7153 -0.4805 -0.5075
vn 0.7911 0.6055 -0.0871
vn 0.7098 0.6049 -0.3609
vn 0.1283 0.9866 -0.1005
vn 0.1531 0.9649 -0.2135
vn -0.5699 0.5174 -0.6384
vn -0.3547 0.6581 -0.6641
vn 0.0127 0.0923 -0.9956
vn -0.1938 -0.0308 -0.9806
vn -0.3302 0.3626 -0.8715
vn -0.4027 0.0328 -0.9147
vn 0.2209 -0.4776 -0.8504
vn 0.9250 -0.0210 0.3793
vn 0.0203 -0.0050 -0.9998
vn -0.0156 0.0813 -0.9966
vn -0.1749 -0.0400 -0.9838
vn 0.2443 0.2164 -0.9452
vn -0.0380 -0.0635 -0.9973
vn -0.0375 0.0543 -0.9978
vn 0.4693 -0.3036 -0.8292
vn 0.2470 -0.4200 0.8733
vn 0.1284 0.0696 -0.9893
vn 0.9037 0.0416 0.4262
vn 0.0150 -0.0036 -0.9999
vn -0.0754 0.0955 -0.9926
vn 0.2218 0.4090 0.8852
vn 0.0192 -0.0199 -0.9996
vn -0.1413 0.0511 -0.9886
vn -0.1175 0.0263 -0.9927
vn 0.0315 0.0082 -0.9995
vn -0.0828 -0.0400 -0.9958
vn -0.3333 -0.3338 0.8818
vn -0.0593 -0.2438 -0.9680
vn 0.3121 -0.7611 0.5685
vn 0.0064 -0.0041 -1.0000
vn -0.1802 0.0007 -0.9836
vn -0.1763 -0.0006 -0.9843
vn -0.1067 -0.0006 -0.9943
vn -0.6441 -0.3641 -0.6728
vn -0.1266 -0.0287 -0.9915
vn 0.0842 -0.0880 -0.9926
vn -0.1192 -0.0019 -0.9929
vn -0.2198 0.0242 -0.9752
vn -0.1778 -0.0449 -0.9830
vn -0.0387 -0.0356 -0.9986
vn 0.0424 0.0054 -0.9991
vn -0.1020 0.0316 -0.9943
vn -0.1473 0.0030 -0.9891
vn -0.1019 0.0020 -0.9948
vn -0.0670 -0.0035 -0.9977
vn -0.0625 0.0013 -0.9980
vn -0.1094 -0.0074 -0.9940
vn 0.0224 -0.0057 -0.9997
vn -0.1758 0.1850 -0.9669
vn 0.1032 0.0065 -0.9946
vn 0.0498 -0.0154 -0.9986
vn 0.4016 0.0263 -0.9154
vn 0.1563 -0.0130 -0.9876
vn 0.1879 0.0283 -0.9818
vn 0.0434 -0.0009 -0.9991
vn 0.0514 0.0073 -0.9987
vn 0.1250 0.0038 -0.9921
vn 0.0993 -0.1979 -0.9752
vn 0.3674 0.0205 -0.9298
vn -0.0409 0.0661 -0.9970
vn 0.1785 0.0008 -0.9839
vn 0.0163 0.0063 -0.9998
vn 0.0428 -0.0383 -0.9983
vn 0.4719 -0.2123 -0.8557
vn 0.1758 0.0003 -0.9844
vn 0.1865 0.0036 -0.9825
vn 0.0239 0.1532 -0.9879
vn 0.0097 0.1988 -0.9800
vn 0.2438 0.1748 -0.9540
vn 0.2068 0.0157 -0.9783
vn 0.2722 -0.0618 -0.9603
vn 0.0998 -0.1885 -0.9770
vn 0.0323 -0.1713 -0.9847
vn -0.0695 -0.3102 -0.9481
vn -0.1465 -0.0456 -0.9882
vn -0.0887 -0.0520 -0.9947
vn -0.1857 0.0419 -0.9817
vn 0.0200 0.0879 -0.9959
vn -0.0925 0.1376 -0.9862
vn 0.3687 0.7952 -0.4813
vn 0.9923 0.0164 -0.1224
vn 0.0789 0.4534 0.8878
vn 0.1846 -0.7108 0.6787
vn -0.5177 -0.4995 0.6946
vn -0.3115 -0.1773 0.9336
vn -0.8953 0.1880 0.4038
vn -0.1140 0.4251 0.8979
vn -0.1264 0.4382 0.8900
vn 0.4810 0.8543 0.1970
vn 0.6990 0.0224 0.7148
vn 0.4213 0.1386 0.8963
vn 0.4925 -0.5966 0.6336
vn 0.3237 -0.4493 0.8327
vn -0.5225 -0.6312 0.5733
vn -0.4102 -0.4385 0.7996
vn -0.5735 0.2340 0.7850
vn -0.3850 -0.2629 -0.8847
vn -0.8331 0.2307 -0.5027
vn -0.1733 0.3250 -0.9297
vn -0.4766 0.2009 -0.8559
vn -0.7370 0.6709 -0.0816
vn 0.1205 -0.3196 -0.9399
vn -0.6582 -0.7337 -0.1688
vn -0.3040 -0.0330 -0.9521
vn -0.8262 0.4794 0.2959
vn -0.0503 0.5830 -0.8109
vn 0.0728 0.8370 -0.5423
vn 0.9473 0.1323 -0.2918
vn 0.6271 -0.0758 -0.7753
vn 0.3075 -0.9034 -0.2989
vn 0.3175 -0.6637 -0.6772
vn -0.8182 -0.4415 -0.3683
vn -0.4882 -0.3669 -0.7919
vn 0.1172 -0.0175 -0.9930
vn 0.1758 -0.0449 -0.9834
vn 0.1956 0.0352 -0.9800
vn 0.4022 0.3307 -0.8537
vn 0.0404 0.1039 -0.9938
vn 0.0926 0.1076 -0.9899
vn 0.6836 -0.3977 -0.6120
vn 0.1065 -0.0053 -0.9943
vn 0.1470 -0.2262 -0.9629
vn -0.0578 -0.1575 -0.9858
vn -0.0694 -0.1677 -0.9834
vn -0.2781 -0.0846 -0.9568
vn -0.2353 -0.0430 -0.9710
vn -0.2154 0.1192 -0.9692
vn -0.1372 0.1277 -0.9823
vn -0.1296 0.1538 -0.9796
vn -0.0483 -0.0099 -0.9988
vn -0.0200 -0.0275 -0.9994
vn 0.0128 -0.0243 -0.9996
vn -0.1168 0.0599 -0.9914
vn -0.1172 0.1828 -0.9761
vn 0.0317 0.0431 -0.9986
vn 0.0098 0.0292 -0.9995
vn 0.0513 0.0376 -0.9980
vn 0.1388 -0.0525 -0.9889
vn 0.1233 -0.0579 -0.9907
vn 0.3005 -0.1106 -0.9473
vn 0.0095 -0.2188 -0.9757
vn -0.0862 -0.1129 -0.9899
vn -0.0895 -0.1790 -0.9798
vn -0.2013 0.0246 -0.9792
vn -0.1645 0.3608 -0.9180
vn 0.1587 0.3886 0.9076
vn 0.2732 -0.0905 -0.9577
vn 0.3588 0.0248 0.9331
vn -0.1419 0.3084 0.9406
vn -0.2300 -0.1749 -0.9574
vn -0.4739 0.2601 0.8413
vn 0.9819 0.0266 -0.1877
vn 0.2793 -0.2557 0.9255
vn 0.0427 0.8347 0.5491
vn 0.1185 0.3936 0.9116
vn 0.8006 0.3212 0.5058
vn 0.8695 0.4115 0.2733
vn 0.6882 -0.5786 0.4377
vn 0.2059 -0.3179 0.9255
vn -0.4531 -0.8859 -0.0991
vn -0.2721 -0.1970 0.9419
vn -0.9085 0.0454 0.4155
vn -0.9723 0.1907 0.1353
vn 0.0770 0.5804 -0.8107
vn 0.9280 0.1497 0.3412
vn 0.6893 0.2047 -0.6950
vn 0.5438 -0.5204 -0.6584
vn 0.1993 -0.3527 -0.9143
vn -0.2416 -0.3520 -0.9043
vn -0.6039 -0.7291 -0.3221
vn -0.9565 0.0764 -0.2815
vn -0.2293 0.2210 -0.9480
vn -0.1479 0.9686 0.1996
vn 0.2899 0.4380 -0.8510
vn 0.9183 0.3366 -0.2081
vn 0.2067 -0.3662 -0.9073
vn -0.2973 -0.9034 0.3089
vn -0.4051 -0.1130 -0.9073
vn -0.1807 -0.0097 -0.9835
vn -0.1810 -0.0090 -0.9834
vn 0.0723 0.0340 -0.9968
vn 0.2053 0.2926 -0.9339
vn 0.2230 -0.0579 -0.9731
vn 0.1165 -0.1257 -0.9852
vn 0.1225 -0.1796 -0.9761
vn -0.1416 -0.1791 -0.9736
vn -0.1206 -0.2068 -0.9709
vn -0.2492 -0.2206 -0.9430
vn -0.1138 0.0028 -0.9935
vn -0.1500 0.0599 -0.9869
vn -0.0881 0.1111 -0.9899
vn -0.0888 0.1197 -0.9888
vn 0.0595 0.1376 -0.9887
vn -0.0474 0.0173 -0.9987
vn -0.0433 0.0516 -0.9977
vn -0.0364 -0.0053 -0.9993
vn -0.4789 0.1377 0.8670
vn -0.7862 -0.3780 -0.4888
vn -0.2710 -0.4402 0.8560
vn 0.1093 -0.6013 -0.7915
vn 0.1168 -0.0343 -0.9926
vn 0.0495 -0.0413 -0.9979
vn 0.2530 0.2085 -0.9447
vn -0.0365 0.0300 -0.9989
vn -0.2275 -0.1718 -0.9585
vn -0.0072 0.0692 -0.9976
vn 0.1019 0.0621 -0.9928
vn -0.0358 0.0295 -0.9989
vn 0.0294 0.1382 -0.9900
vn 0.1991 0.0943 -0.9754
vn 0.1124 -0.0132 -0.9936
vn 0.0807 0.0350 -0.9961
vn -0.0585 0.2046 -0.9771
vn 0.1006 0.0404 -0.9941
vn -0.0152 -0.0212 -0.9997
vn 0.0191 0.0159 -0.9997
vn -0.0003 1.0000 -0.0006
vn 0.0003 1.0000 -0.0002
vn 0.0002 1.0000 -0.0000
vn 0.0003 1.0000 0.0003
vn -0.9983 -0.0031 -0.0579
vn 0.0022 0.0084 -1.0000
vn -0.0662 -0.0018 -0.9978
vn 0.0529 0.0005 -0.9986
vn 0.9979 -0.0009 -0.0654
vn 0.9978 0.0033 0.0659
vn 0.9992 0.0081 0.0383
vn -0.0734 0.0078 0.9973
vn 0.0482 -0.0065 0.9988
vn -0.9970 0.0063 0.0770
vn -0.9877 0.0185 0.1553
vn -0.1498 -0.0045 0.9887
vn 0.3834 -0.0016 0.9236
vn 0.4605 0.0240 0.8873
vn 0.7290 -0.0209 0.6842
vn 0.8993 0.0192 0.4370
vn 0.9488 -0.0072 0.3158
vn 0.9919 -0.0001 0.1273
vn -0.9977 0.0437 0.0523
vn -0.8878 -0.0435 0.4582
vn -0.6789 0.0338 0.7334
vn -0.4166 -0.0265 0.9087
vn -0.1126 0.0331 0.9931
vn -0.1545 0.0238 0.9877
vn 0.0094 0.0009 -1.0000
vn -0.3883 -0.0068 -0.9215
vn -0.4035 -0.0015 -0.9150
vn -0.7714 0.0102 -0.6363
vn -0.8721 -0.0328 -0.4881
vn -0.9589 0.0153 -0.2833
vn -0.7509 -0.0266 0.6599
vn 0.9892 -0.0047 0.1462
vn 0.9560 0.0077 -0.2931
vn 0.9108 -0.0228 -0.4122
vn 0.7290 0.0209 -0.6842
vn 0.4640 -0.0235 -0.8855
vn 0.4037 -0.0037 -0.9149
vn -0.1781 0.0101 -0.9840
vn 0.9543 0.0280 -0.2974
vn 0.7737 -0.0197 -0.6333
vn 0.7291 0.0051 -0.6844
vn 0.4409 -0.0051 -0.8976
vn 0.4074 0.0084 -0.9132
vn 0.0050 -0.0084 -1.0000
vn -0.0320 0.0051 -0.9995
vn -0.4077 -0.0059 -0.9131
vn -0.4164 -0.0016 -0.9092
vn -0.7912 0.0163 -0.6113
vn -0.8321 -0.0149 -0.5544
vn -0.9913 0.0058 -0.1316
vn -0.9930 0.0132 -0.1175
vn -0.9084 -0.0120 0.4180
vn -0.8604 0.0334 0.5085
vn -0.6525 -0.0312 0.7571
vn -0.3784 0.0329 0.9251
vn -0.2567 -0.0136 0.9664
vn 0.1644 0.0058 0.9864
vn 0.1784 0.0132 0.9839
vn 0.6849 -0.0132 0.7285
vn 0.7383 0.0263 0.6740
vn 0.9543 -0.0280 0.2974
vn 0.9922 0.0231 0.1224
vn 0.9922 -0.0231 -0.1224
vn 0.4127 0.5879 0.6957
vn -0.0458 0.2610 -0.9642
vn -0.4026 0.1786 0.8978
vn -0.6973 -0.2837 -0.6582
vn -0.3531 -0.4387 0.8264
vn 0.2031 -0.4810 -0.8529
vn 0.8985 -0.2477 0.3623
vn 0.0384 -0.1036 -0.9939
vn -0.1116 0.0089 -0.9937
vn 0.1284 -0.0371 -0.9910
vn 0.0745 0.0120 -0.9971
vn -0.5481 -0.5430 -0.6362
vn 0.0801 0.0409 -0.9960
vn -0.0895 -0.0199 -0.9958
vn -0.1126 -0.0034 -0.9936
vn 0.1039 -0.0105 -0.9945
vn 0.2772 0.1128 -0.9542
vn -0.0442 0.0503 -0.9978
vn -0.0308 0.1376 -0.9900
vn 0.1193 0.0607 -0.9910
vn 0.7391 0.3599 -0.5694
vn -0.7990 0.4054 -0.4442
vn 0.2155 0.0001 -0.9765
vn 0.4844 0.5739 -0.6604
vn 0.4369 0.1577 -0.8856
vn -0.6476 0.6209 -0.4417
vn 0.7377 -0.4064 -0.5392
vn 0.5421 -0.3741 -0.7524
vn -0.7987 -0.5341 -0.2771
vn -0.1909 0.0119 0.9815
vn -0.9013 -0.3808 0.2065
vn -0.3660 0.8924 0.2638
vn -0.1205 -0.9840 0.1312
vn -0.5134 -0.8426 -0.1627
vn 0.4529 -0.7680 -0.4528
vn -0.1624 -0.6566 -0.7365
vn -0.5724 -0.6322 -0.5222
vn 0.1153 -0.2951 -0.9485
vn 0.2481 -0.1388 -0.9588
vn 0.9999 -0.0108 0.0097
vn 0.9931 0.0051 0.1171
vn -0.6372 0.7007 -0.3208
vn -0.2360 0.5189 -0.8216
vn -0.1708 0.8982 -0.4051
vn -0.0154 0.3989 -0.9169
vn 0.8949 0.3847 -0.2260
vn 0.7073 0.6607 -0.2515
vn 0.3257 0.8069 -0.4928
vn 0.3125 0.9289 -0.1989
vn 0.9784 0.1727 -0.1136
vn 0.8549 0.5166 0.0477
vn -0.8962 0.4391 -0.0636
vn -0.9124 0.3710 -0.1729
vn -0.9983 -0.0022 0.0583
vn -1.0000 0.0055 0.0033
vn 0.8004 -0.5987 0.0318
vn 0.7562 -0.6280 0.1840
vn 0.9121 -0.3198 -0.2564
vn -0.9102 -0.3468 -0.2263
vn -0.8128 -0.5468 0.2009
vn -0.3539 0.8876 -0.2949
vn -0.2674 0.1383 -0.9536
vn 0.6982 0.6518 0.2961
vn 0.3986 -0.1775 -0.8998
vn 0.1237 -0.6312 0.7657
vn -0.1927 -0.3301 -0.9241
vn -0.8744 -0.2663 0.4056
vn 0.9326 -0.3539 0.0707
vn -0.4038 0.7222 -0.5615
vn -0.3746 0.6876 -0.6220
vn -0.7918 0.0254 -0.6102
vn -0.9938 -0.0769 0.0804
vn -0.4410 -0.4368 -0.7840
vn -0.0379 -0.9596 -0.2789
vn 0.0027 -0.8351 -0.5501
vn -0.3158 0.9415 0.1174
vn -0.4011 0.9049 0.1427
vn -0.7420 0.5615 0.3662
vn -0.7901 0.3900 -0.4729
vn 0.7052 0.6633 -0.2502
vn 0.5224 0.6340 -0.5702
vn 0.4728 -0.8153 -0.3342
vn 0.3961 -0.8592 0.3238
vn -0.9511 -0.3086 0.0138
vn -0.9034 -0.4285 0.0172
vn -0.6255 -0.5541 0.5493
vn -0.3950 -0.8324 -0.3888
vn -0.6161 0.6984 -0.3641
vn -0.5847 0.6117 -0.5328
vn 0.3891 0.6725 -0.6296
vn 0.9889 0.0462 -0.1414
vn -0.0186 -0.8371 -0.5467
vn 0.8137 0.4010 -0.4207
vn 0.3532 -0.6919 -0.6297
vn 0.8090 -0.0220 -0.5874
vn 0.9566 0.0916 0.2768
vn 0.3221 -0.7049 -0.6319
vn 0.5695 0.4060 -0.7148
vn 0.0166 0.9110 -0.4121
vn -0.7198 0.6941 -0.0107
vn -0.9948 0.0024 -0.1016
vn -0.9865 -0.0098 -0.1632
vn 0.2728 -0.9593 0.0736
vn -0.6672 -0.7297 -0.1495
vn -0.4726 -0.2389 -0.8483
vn -0.8088 -0.5688 -0.1495
vn 0.8170 -0.5727 0.0671
vn 0.6782 -0.5499 -0.4875
vn -0.1189 0.9735 -0.1952
vn -0.0924 0.9889 -0.1164
vn -0.4910 0.8147 -0.3086
vn -0.6433 0.5083 0.5725
vn 0.2254 0.0274 0.9739
vn -0.2610 -0.1883 -0.9468
vn 0.1017 0.1728 0.9797
vn 0.1749 -0.1702 0.9698
vn 0.0984 0.3060 -0.9469
vn -0.0943 0.3537 0.9306
vn 0.1781 -0.4521 0.8740
vn 0.7345 0.5724 0.3644
vn -0.0426 0.0470 -0.9980
vn -0.1137 0.0344 -0.9929
vn 0.0257 -0.0533 -0.9982
vn -0.1352 -0.2137 -0.9675
vn -0.1339 -0.2421 -0.9610
vn 0.0075 0.0121 0.9999
vn -0.3786 -0.1767 0.9085
vn -0.1123 0.1184 -0.9866
vn -0.4695 -0.0254 0.8826
vn -0.1280 0.3225 -0.9379
vn 0.0088 0.0215 -0.9997
vn 0.0413 -0.0722 -0.9965
vn 0.0756 0.0008 -0.9971
vn -0.0379 -0.0596 -0.9975
vn -0.3500 0.2018 0.9148
vn -0.0210 0.1442 0.9893
vn 0.2201 0.1578 0.9626
vn -0.2709 0.4078 -0.8719
vn -0.8879 -0.0064 -0.4599
vn 0.2572 -0.3554 0.8986
vn 0.0308 0.0279 -0.9991
vn -0.0526 -0.0267 -0.9983
vn 0.1465 0.0327 -0.9887
vn -0.0076 0.0017 -1.0000
vn 0.6925 0.4210 0.5857
vn 0.0532 0.0996 -0.9936
vn -0.0112 0.2509 0.9679
vn 0.5550 0.2307 0.7992
vn 0.0165 -0.0776 0.9968
vn 0.0967 0.0409 -0.9945
vn -0.0378 0.1207 -0.9920
vn 0.2341 0.3627 0.9020
vn -0.0220 -0.0252 -0.9994
vn 0.0369 0.0763 -0.9964
vn 0.0691 0.0678 -0.9953
vn 0.1175 -0.0010 -0.9931
vn -0.0298 -0.0484 -0.9984
vn -0.0134 -0.0107 -0.9999
vn -0.0194 0.0155 -0.9997
vn -0.0310 -0.0091 -0.9995
vn 0.0419 -0.0271 -0.9988
vn -0.0233 0.0134 -0.9996
vn -0.0206 -0.0018 -0.9998
vn -0.0278 -0.0045 -0.9996
vn -0.0283 0.0053 -0.9996
vn 0.0303 0.0008 -0.9995
vn -0.0338 0.0138 -0.9993
vn -0.0615 -0.0237 -0.9978
vn -0.0326 -0.0297 -0.9990
vn 0.0105 -0.0009 -0.9999
vn -0.0001 0.1174 -0.9931
vn -0.5357 0.2935 0.7918
vn 0.0078 -0.0142 -0.9999
vn -0.0083 0.0201 -0.9998
vn 0.0144 0.0166 -0.9998
vn 0.0143 0.0173 -0.9997
vn 0.0115 -0.0093 -0.9999
vn -0.0011 -0.0123 -0.9999
vn 0.0003 -0.0060 -1.0000
vn -0.0015 -0.0115 -0.9999
vn -0.0002 0.0015 -1.0000
vn 0.0246 -0.0152 -0.9996
vn 0.0132 0.0213 -0.9997
vn 0.1123 -0.0106 -0.9936
vn -0.0269 0.0087 -0.9996
vn -0.0047 0.1658 -0.9861
vn -0.0248 0.0265 -0.9993
vn 0.0173 -0.0016 -0.9998
vn 0.0016 -0.0094 -1.0000
vn 0.0068 -0.0058 -1.0000
vn -0.0077 -0.0066 -0.9999
vn 0.0192 -0.0012 -0.9998
vn 0.0138 0.0074 -0.9999
vn 0.0203 0.0062 -0.9998
vn 0.0271 0.0083 -0.9996
vn -0.0590 -0.0243 -0.9980
vn -0.0408 0.0308 -0.9987
vn 0.0260 0.0036 -0.9997
vn 0.0346 0.0039 -0.9994
vn -0.1051 0.1638 -0.9809
vn 0.0092 -0.2426 -0.9701
vn 0.1445 0.0272 -0.9891
vn -0.0462 0.0074 -0.9989
vn 0.0682 -0.0260 -0.9973
vn 0.0612 -0.0007 -0.9981
vn -0.0439 -0.0188 -0.9989
vn -0.0272 -0.0277 -0.9992
vn -0.0650 0.0388 -0.9971
vn 0.0027 0.0548 -0.9985
vn 0.0047 -0.8165 0.5773
vn -0.0136 0.0518 -0.9986
vn -0.4213 0.0694 -0.9043
vn 0.1693 -0.0502 -0.9843
vn 0.0032 -0.0125 -0.9999
vn 0.0068 -0.0203 -0.9998
vn -0.0440 0.0052 -0.9990
vn -0.0219 -0.0142 -0.9997
vn -0.0009 0.0063 -1.0000
vn 0.0865 -0.0880 -0.9924
vn -0.0103 0.0100 -0.9999
vn -0.0917 -0.0166 -0.9956
vn 0.0132 -0.0143 -0.9998
vn 0.0728 -0.0299 -0.9969
vn -0.0003 0.0561 -0.9984
vn -0.0083 0.0157 -0.9998
vn 0.0972 0.0390 -0.9945
vn 0.0086 -0.0145 -0.9999
vn -0.0312 -0.0076 -0.9995
vn 0.0027 0.0135 -0.9999
vn -0.0260 0.0267 -0.9993
vn 0.0242 0.0002 -0.9997
vn -0.0203 -0.0045 -0.9998
vn -0.0189 -0.0041 -0.9998
vn -0.0148 0.0003 -0.9999
vn 0.0104 0.0767 -0.9970
vn 0.1488 0.0168 -0.9887
vn 0.1291 0.0393 -0.9908
vn -0.0215 -0.0856 -0.9961
vn -0.0021 -0.0163 -0.9999
vn 0.0273 -0.0172 -0.9995
vn -0.0096 -0.0241 -0.9997
vn -0.0317 0.0132 -0.9994
vn 0.0219 -0.0045 -0.9998
vn 0.0409 -0.0753 -0.9963
vn -0.0110 -0.0162 -0.9998
vn 0.0402 -0.1751 -0.9837
vn 0.0631 0.0047 -0.9980
vn -0.0751 0.0392 -0.9964
vn -0.0124 -0.0187 -0.9997
vn -0.0534 -0.0047 -0.9986
vn 0.0085 0.0152 -0.9998
vn 0.0095 0.0157 -0.9998
vn -0.0165 -0.0600 -0.9981
vn 0.0279 -0.0156 -0.9995
vn -0.0006 -0.0211 -0.9998
vn -0.1434 -0.0253 -0.9893
vn 0.0081 0.0047 -1.0000
vn -0.0002 0.0143 -0.9999
vn -0.0123 -0.2092 -0.9778
vn -0.0135 -0.0347 -0.9993
vn 0.0083 0.0128 -0.9999
vn 0.0612 0.0307 -0.9977
vn -0.0767 0.0163 -0.9969
vn 0.0407 0.0332 -0.9986
vn -0.0471 0.0278 -0.9985
vn 0.0373 -0.0174 -0.9992
vn 0.0125 0.0204 -0.9997
vn 0.0126 0.0204 -0.9997
vn 0.0038 0.0379 -0.9993
vn -0.0040 -0.0034 -1.0000
vn 0.0321 -0.0468 -0.9984
vn 0.0010 0.0220 -0.9998
vn 0.0332 0.0040 -0.9994
vn 0.0372 0.0059 -0.9993
vn 0.0120 -0.0123 -0.9999
vn 0.0731 -0.0748 -0.9945
vn -0.0356 0.0035 -0.9994
vn -0.3550 -0.7682 -0.5327
vn -0.8790 -0.0069 -0.4767
vn -0.0064 0.8331 -0.5530
vn -0.8198 0.5693 0.0611
vn -0.8917 -0.0636 -0.4481
vn -0.1084 -0.9794 0.1706
vn 0.6240 0.7810 -0.0253
vn 0.9935 -0.0096 -0.1132
vn 0.9846 -0.0210 -0.1738
vn -0.1421 -0.9731 0.1816
vn 0.5872 -0.5055 -0.6322
vn 0.8369 -0.5239 -0.1583
vn -0.3433 -0.7339 -0.5861
vn -0.6836 -0.5548 -0.4743
vn -0.8168 -0.5750 0.0471
vn 0.7618 0.5183 0.3887
vn 0.4522 0.7349 -0.5054
vn 0.0865 0.9945 0.0589
vn 0.1522 0.9641 -0.2177
vn -0.4312 0.7011 0.5678
vn -0.1722 0.0039 -0.9851
vn -0.1625 -0.0140 -0.9866
vn 0.6122 0.6481 -0.4530
vn -0.1468 0.7936 -0.5904
vn -0.9825 0.0345 0.1832
vn 0.2529 0.8524 -0.4577
vn 0.8472 -0.0713 -0.5265
vn 0.9718 -0.1997 -0.1250
vn 0.2651 -0.2779 -0.9233
vn 0.0143 -0.9983 0.0560
vn -0.2251 -0.2980 -0.9276
vn -0.9938 -0.0479 -0.1008
vn -0.6182 0.1318 -0.7749
vn -0.1553 0.5268 -0.8357
vn 0.5093 0.6060 -0.6111
vn 0.6885 -0.1373 -0.7122
vn 0.8062 -0.2301 -0.5451
vn 0.3004 -0.7589 -0.5777
vn -0.3235 -0.8234 -0.4662
vn 0.0917 -0.6194 -0.7797
vn -0.4111 -0.2522 -0.8760
vn -0.1551 0.1457 0.9771
vn -0.2312 -0.3103 -0.9221
vn -0.7885 0.1383 -0.5993
vn 0.9897 0.0433 -0.1366
vn 0.3308 -0.1810 0.9262
vn -0.2164 0.3368 0.9164
vn 0.2578 0.9660 0.0220
vn 0.2226 0.3825 0.8968
vn 0.5913 -0.0097 0.8064
vn 0.8512 -0.1469 0.5039
vn 0.1719 -0.4972 0.8504
vn 0.0316 -0.9231 0.3833
vn -0.2483 -0.2730 0.9294
vn -0.9468 -0.0323 -0.3203
vn 0.1672 0.2917 0.9418
vn -0.2885 0.2779 -0.9163
vn -0.1516 0.0430 -0.9875
vn -0.1007 0.0110 -0.9949
vn -0.0757 0.1202 -0.9899
vn 0.0419 0.0080 -0.9991
vn -0.0206 0.2140 -0.9766
vn 0.2008 0.1951 -0.9600
vn 0.3340 -0.1290 -0.9337
vn 0.2508 -0.0657 -0.9658
vn 0.0945 -0.3511 -0.9316
vn 0.1036 -0.0860 -0.9909
vn -0.0427 -0.2524 -0.9667
vn -0.0814 -0.2018 -0.9760
vn -0.1960 -0.2145 -0.9569
vn -0.1715 0.1327 -0.9762
vn 0.3231 0.2575 -0.9107
vn 0.0853 0.1203 -0.9891
vn 0.3339 -0.0276 -0.9422
vn 0.1721 -0.1142 -0.9784
vn 0.1861 -0.2462 -0.9512
vn -0.0941 -0.1830 -0.9786
vn -0.1045 -0.3190 -0.9420
vn -0.1759 -0.0325 -0.9839
vn -0.1791 -0.0307 -0.9834
vn -0.1014 0.0719 -0.9922
vn -0.1186 0.1947 -0.9737
vn -0.8584 -0.1379 -0.4941
vn 0.1015 0.4373 -0.8936
vn -0.1341 0.6971 -0.7043
vn 0.1988 -0.0625 -0.9780
vn 0.1517 -0.0320 -0.9879
vn 0.1485 -0.0979 -0.9841
vn -0.7114 0.3240 -0.6237
vn -0.7999 0.3990 -0.4482
vn 0.3687 -0.6242 -0.6888
vn -0.4763 -0.5553 -0.6818
vn -0.5596 -0.6148 -0.5557
vn -0.4682 0.1492 -0.8709
vn -0.3090 0.8546 -0.4173
vn 0.6113 0.2753 -0.7419
vn 0.6647 0.4524 -0.5946
vn 0.9847 -0.0906 -0.1486
vn 0.3153 -0.7555 -0.5743
vn 0.2998 -0.5374 -0.7882
vn -0.5387 -0.6639 -0.5187
vn -0.4320 -0.3117 -0.8463
vn 0.0643 0.3050 0.9502
vn -0.3624 0.8986 -0.2475
vn -0.1425 -0.3996 0.9056
vn -0.9444 -0.2062 0.2560
vn -0.5506 -0.0274 0.8343
vn -0.3171 0.9452 -0.0778
vn 0.1922 0.2470 0.9498
vn 0.8468 0.0730 0.5268
vn 0.3587 -0.4210 0.8331
vn 0.3658 -0.4270 0.8270
vn -0.4934 -0.6341 0.5954
vn -0.3622 -0.3993 0.8422
vn -0.6336 0.2679 0.7258
vn -0.7923 0.4286 0.4343
vn 0.3489 0.8574 -0.3784
vn -0.0272 0.1482 -0.9886
vn 0.0910 0.2368 -0.9673
vn 0.2620 0.0096 -0.9650
vn 0.2209 -0.0355 -0.9747
vn 0.2275 -0.0970 -0.9689
vn 0.0339 -0.2081 -0.9775
vn 0.0615 -0.2254 -0.9723
vn -0.2829 -0.3189 -0.9046
vn -0.0794 -0.1642 -0.9832
vn -0.1517 0.0991 -0.9835
vn -0.0591 0.0233 -0.9980
vn -0.0325 0.1506 -0.9881
vn 0.0096 -0.9998 0.0148
vn -0.0043 -1.0000 -0.0053
vn -0.0255 -0.9997 0.0064
vn -0.0159 -0.9998 -0.0110
vn -0.0046 -1.0000 0.0052
vn 0.0128 -0.9998 0.0137
vn 0.0035 -1.0000 0.0058
vn 0.0041 -1.0000 -0.0051
vn -0.0203 -0.9997 0.0153
vn 0.0053 -1.0000 -0.0037
vn -0.0175 -0.9998 -0.0120
vn 0.0134 -0.9999 -0.0106
vn 0.0055 -1.0000 0.0041
vn 0.0104 -0.9997 -0.0215
vn 0.0006 1.0000 0.0015
vn 0.0017 1.0000 -0.0007
vn -0.0002 1.0000 0.0002
vn -0.0004 1.0000 -0.0046
vn 0.0004 1.0000 0.0008
vn 0.0054 1.0000 0.0008
vn -0.0016 1.0000 0.0023
vn 0.0013 1.0000 0.0013
vn -0.0004 1.0000 -0.0002
vn 0.0002 1.0000 -0.0002
vn -0.0002 1.0000 -0.0002
vn 0.0008 1.0000 0.0035
vn -0.0029 1.0000 -0.0056
vn 0.0040 1.0000 0.0026
vn 0.0033 1.0000 -0.0013
vn 0.0014 1.0000 0.0037
vn -0.0024 1.0000 0.0020
vn -0.0006 1.0000 0.0003
vn -0.0096 0.9999 -0.0046
vn 0.0028 1.0000 -0.0023
vn -0.0004 1.0000 -0.0007
vn -0.0016 1.0000 0.0007
vn -0.0017 1.0000 -0.0025
vn -0.0028 1.0000 -0.0029
vn -0.0029 1.0000 0.0069
vn 0.2834 -0.0007 -0.9590
vn 0.2592 0.0098 -0.9658
vn 0.1767 0.1339 -0.9751
vn 0.3280 -0.0241 -0.9444
vn 0.2783 -0.0003 -0.9605
vn 0.2408 0.0075 -0.9705
vn 0.0955 -0.0866 -0.9917
vn 0.1053 -0.1013 -0.9893
vn 0.1642 -0.0086 -0.9864
vn -0.1137 -0.0646 -0.9914
vn -0.1498 -0.0038 -0.9887
vn -0.1103 -0.0596 -0.9921
vn -0.2600 0.0030 -0.9656
vn -0.2741 -0.0002 -0.9617
vn -0.3305 -0.0206 -0.9436
vn -0.2159 0.0571 -0.9747
vn -0.3170 -0.0048 -0.9484
vn -0.1705 0.1791 -0.9689
vn -0.0313 -0.1481 -0.9885
vn 0.0399 -0.1310 -0.9906
vn 0.9798 -0.0166 0.1991
vn 0.9605 0.0088 0.2781
vn 0.8108 -0.0013 0.5854
vn 0.8045 -0.0057 0.5939
vn 0.5385 0.0060 0.8426
vn 0.5144 -0.0066 0.8575
vn 0.1642 0.0027 0.9864
vn 0.1315 -0.0056 0.9913
vn -0.0272 0.0078 0.9996
vn -0.1165 -0.0054 0.9932
vn -0.2634 0.0170 0.9645
vn -0.4337 -0.0184 0.9009
vn -0.6153 0.0150 0.7882
vn -0.6671 -0.0045 0.7449
vn -0.8586 0.0051 0.5126
vn -0.8830 -0.0122 0.4692
vn -0.9792 0.0165 0.2023
vn -0.9954 -0.0078 0.0954
vn -0.9980 0.0103 -0.0627
vn -0.3543 -0.0033 -0.9351
vn -0.4424 0.0137 -0.8967
vn -0.6273 -0.0106 -0.7787
vn -0.6671 0.0045 -0.7449
vn -0.8586 -0.0051 -0.5126
vn -0.8890 0.0167 -0.4576
vn -0.9804 -0.0196 -0.1959
vn 0.3545 -0.0024 -0.9350
vn 0.4618 0.0210 -0.8867
vn 0.6292 -0.0186 -0.7770
vn 0.7805 0.0150 -0.6250
vn 0.8209 -0.0045 -0.5710
vn 0.9624 0.0060 -0.2714
vn 0.9709 -0.0070 -0.2395
vn 0.9995 0.0127 0.0279
vn -0.0003 -1.0000 0.0003
vn 0.0001 -1.0000 0.0001
vn -0.6691 -0.0075 0.7432
vn 0.7376 -0.0099 0.6751
vn -0.5434 0.0297 0.8390
vn -0.2162 -0.0548 0.9748
vn 0.0944 0.0503 0.9943
vn 0.3856 -0.0315 0.9221
vn 0.5769 0.0169 0.8166
vn -0.8459 0.0197 0.5329
vn -0.9068 -0.0292 0.4206
vn -0.9951 0.0232 -0.0959
vn -0.9913 0.0055 -0.1316
vn -0.8358 -0.0139 -0.5488
vn -0.8184 -0.0031 -0.5746
vn 0.5560 0.0075 -0.8312
vn 0.4522 -0.0330 -0.8913
vn 0.0752 0.0414 -0.9963
vn -0.1336 -0.0323 -0.9905
vn -0.5509 0.0207 -0.8343
vn -0.5127 -0.0013 -0.8586
vn 0.8113 0.0223 0.5842
vn 0.9925 -0.0222 0.1199
vn 0.9983 0.0136 0.0559
vn 0.8486 -0.0132 -0.5289
vn 0.8462 -0.0109 -0.5328
vn -0.2550 -0.0154 -0.9668
vn 0.0947 0.1773 -0.9796
vn -0.2904 -0.4970 -0.8177
vn 0.0417 0.1718 -0.9842
vn -0.4482 0.0850 -0.8899
vn -0.1665 -0.1585 -0.9732
vn -0.1755 -0.0085 -0.9844
vn -0.0548 0.0874 -0.9947
vn 0.1233 0.0652 -0.9902
vn -0.1121 -0.0259 -0.9934
vn -0.1638 -0.0152 -0.9864
vn 0.0511 -0.0073 -0.9987
vn -0.0567 -0.0348 -0.9978
vn -0.0427 -0.0208 -0.9989
vn -0.0572 -0.0350 -0.9977
vn -0.0514 -0.0262 -0.9983
vn -0.0375 0.1001 -0.9943
vn 0.0474 -0.0810 -0.9956
vn 0.1310 -0.0906 -0.9872
vn 0.4624 0.0715 -0.8838
vn 0.1430 0.0011 -0.9897
vn 0.1650 0.0072 -0.9863
vn 0.0520 -0.0101 -0.9986
vn -0.0323 -0.0968 -0.9948
vn 0.2075 -0.0719 -0.9756
vn 0.2039 -0.1021 -0.9737
vn 0.3257 0.0163 -0.9453
vn 0.3242 0.0165 -0.9458
vn 0.0734 0.0745 -0.9945
vn 0.1275 0.0232 -0.9916
vn 0.0800 0.1094 -0.9908
vn -0.0320 0.1418 -0.9894
vn 0.1756 -0.0000 -0.9845
vn 0.1870 0.0036 -0.9824
vn -0.0474 0.0172 -0.9987
vn -0.0364 -0.0052 -0.9993
vn 0.0929 0.1851 -0.9783
vn 0.3470 0.0106 -0.9378
vn 0.1918 -0.1844 -0.9640
vn 0.1352 -0.0307 -0.9903
vn 0.0893 -0.2200 -0.9714
vn -0.1122 -0.1864 -0.9760
vn -0.0594 -0.1542 -0.9863
vn -0.1258 -0.1307 -0.9834
vn -0.1433 -0.0037 -0.9897
vn -0.1993 0.0268 -0.9796
vn -0.0904 0.1142 -0.9893
vn -0.0945 0.1556 -0.9833
vn 0.0902 0.1607 -0.9829
vn -0.0943 0.8946 0.4367
vn 0.7636 0.5695 0.3044
vn 0.7417 0.5880 0.3227
vn 0.9087 0.3742 0.1848
vn 0.9924 0.0633 0.1055
vn -0.9682 0.1585 0.1937
vn -0.8288 0.4949 0.2611
vn -0.4371 0.8983 -0.0453
vn -0.1938 0.1593 -0.9680
vn -0.2609 0.4943 -0.8292
vn -0.3061 0.5623 0.7682
vn -0.2457 0.4981 0.8316
vn -0.1100 0.1493 0.9826
vn 0.0005 0.8989 -0.4382
vn -0.7683 0.5621 -0.3062
vn -0.8321 0.4973 -0.2456
vn -0.9836 0.1443 -0.1081
vn 0.9680 0.1593 -0.1939
vn 0.8278 0.4964 -0.2613
vn 0.4382 0.8988 0.0044
vn 0.3062 0.5621 -0.7683
vn 0.2453 0.4970 -0.8324
vn 0.1103 0.1499 -0.9825
vn 0.1940 0.1597 0.9679
vn 0.2613 0.4965 0.8278
vn 0.9993 0.0106 -0.0346
vn 0.9972 0.0047 -0.0749
vn 0.9966 0.0042 -0.0823
vn 0.9881 -0.0012 0.1538
vn 0.9982 0.0002 0.0606
vn 1.0000 0.0056 0.0034
vn 0.1400 0.0043 0.9901
vn -0.0619 -0.0015 0.9981
vn 0.0032 0.0026 1.0000
vn 0.0782 0.0098 0.9969
vn 0.0267 0.0198 0.9994
vn -0.2766 0.0311 0.9605
vn -0.9977 -0.0029 0.0670
vn -1.0000 0.0059 -0.0075
vn -0.9953 0.0188 -0.0953
vn -0.9954 0.0192 -0.0939
vn 0.0098 0.0098 -0.9999
vn -0.0695 -0.0019 -0.9976
vn 0.0769 0.0108 -0.9970
vn 0.0459 0.0164 -0.9988
vn 0.1990 -0.0005 0.9800
vn 0.3241 -0.0093 0.9460
vn 0.5087 0.0212 0.8607
vn 0.7068 -0.0233 0.7071
vn 0.9105 0.0210 0.4131
vn 0.9454 0.0001 0.3260
vn -0.9993 -0.0019 0.0373
vn -0.9357 -0.0053 0.3528
vn -0.8679 0.0313 0.4957
vn -0.6691 -0.0250 0.7428
vn -0.3738 0.0254 0.9272
vn -0.2584 0.0010 0.9660
vn 0.0941 0.0080 -0.9955
vn -0.4839 -0.0135 -0.8750
vn -0.4807 -0.0149 -0.8768
vn -0.8129 0.0195 -0.5821
vn -0.9168 -0.0222 -0.3986
vn -0.9852 0.0066 -0.1710
vn 0.9505 -0.0041 -0.3106
vn 0.8844 0.0223 -0.4662
vn 0.7364 -0.0233 -0.6761
vn 0.4794 0.0171 -0.8774
vn 0.3481 -0.0088 -0.9374
vn 0.1662 0.0026 -0.9861
vn 0.9372 0.2828 -0.2043
vn 0.4595 -0.6379 -0.6180
vn 0.0536 -0.0351 0.9979
vn -0.0148 -0.0972 0.9952
vn -0.1203 0.0081 0.9927
vn -0.1245 0.0044 0.9922
vn -0.0796 -0.2073 0.9750
vn -0.0459 0.0402 0.9981
vn -0.0432 0.0372 0.9984
vn -0.0518 0.0294 0.9982
vn -0.1194 0.0006 0.9928
vn -0.0622 0.0431 0.9971
vn -0.1209 0.0059 0.9926
vn -0.1210 0.0925 0.9883
vn -0.2161 0.2575 0.9418
vn 0.1354 -0.0124 0.9907
vn -0.0329 -0.0302 0.9990
vn 0.0329 0.0302 0.9990
vn -0.8593 0.5085 0.0555
vn 0.8032 0.4246 0.4180
vn -0.0056 -0.0040 1.0000
vn -0.4913 -0.0119 0.8709
vn -0.7370 0.0049 0.6758
vn 0.7403 0.0157 0.6721
vn -0.2374 0.4006 0.8850
vn -0.5438 0.6219 0.5635
vn -0.6933 0.5951 0.4063
vn -0.4920 0.2014 0.8470
vn -0.5281 0.2238 0.8191
vn 0.6973 0.6176 0.3638
vn 0.6951 0.6265 0.3527
vn 0.8007 0.3105 0.5124
vn 0.3577 0.2083 0.9103
vn 0.2103 0.4074 0.8887
vn -0.6457 -0.4671 0.6041
vn 0.8488 -0.5285 0.0155
vn 0.0677 -0.0116 0.9976
vn -0.3458 0.8978 0.2727
vn 0.4009 0.9026 -0.1567
vn -0.7624 0.6055 0.2282
vn -0.2665 0.8891 0.3722
vn 0.4250 0.6453 0.6348
vn 0.1823 0.9256 0.3316
vn 0.0153 0.3993 0.9167
vn -0.9779 -0.0265 -0.2072
vn -0.9998 0.0062 0.0191
vn -0.9212 0.3778 0.0931
vn -0.9313 0.3637 0.0201
vn 0.9196 0.3691 0.1345
vn 0.9035 0.4280 0.0227
vn 0.9874 0.0102 -0.1577
vn 0.9998 -0.0100 0.0167
vn 0.4576 -0.6454 0.6116
vn 0.1749 -0.9317 0.3183
vn -0.1877 -0.3748 0.9079
vn -0.6869 -0.6701 -0.2812
vn -0.8452 -0.4659 0.2620
vn -0.9529 -0.2271 0.2010
vn 0.9540 -0.2186 0.2053
vn 0.8622 -0.5064 0.0107
vn 0.8742 -0.4760 0.0961
vn 0.6350 -0.7641 0.1137
vn 0.1667 0.2998 0.9393
vn 0.5612 0.4276 -0.7087
vn 0.4071 0.1076 0.9070
vn -0.5598 0.8158 0.1456
vn -0.5163 0.6982 0.4959
vn -0.5332 -0.2232 0.8160
vn -0.1436 -0.7969 -0.5867
vn 0.2016 -0.3048 0.9308
vn 0.8203 -0.5205 0.2369
vn 0.4249 0.8780 -0.2206
vn 0.3894 0.8987 -0.2017
vn 0.4098 0.7595 0.5052
vn 0.4077 0.7573 0.5102
vn 0.7967 0.4398 0.4146
vn 0.8833 0.0056 0.4687
vn 0.7746 -0.1157 -0.6218
vn -0.0551 -0.9744 -0.2178
vn 0.7807 0.5775 -0.2389
vn -0.9467 -0.3167 -0.0585
vn -0.7043 0.6629 0.2539
vn -0.4946 0.6246 0.6043
vn -0.4676 -0.8191 0.3323
vn -0.7285 -0.4818 0.4870
vn -0.4371 -0.8994 -0.0041
vn -0.3927 0.6956 0.6017
vn -0.8053 0.3496 0.4787
vn -0.3837 0.6848 0.6196
vn -0.7759 0.0158 0.6306
vn -0.9304 -0.0259 0.3658
vn -0.4185 -0.3853 0.8224
vn -0.0405 -0.6980 0.7149
vn -0.0101 -0.9980 0.0624
vn 0.9616 -0.2623 -0.0810
vn 0.4320 -0.8471 0.3096
vn 0.5034 -0.8540 0.1313
vn 0.8422 -0.4878 0.2297
vn -0.3809 0.9015 0.2057
vn 0.6919 0.6290 0.3543
vn 0.6942 0.7159 0.0746
vn 0.0218 -0.8580 0.5131
vn -0.7997 0.5199 -0.3004
vn -0.0527 -0.9884 -0.1424
vn 0.7121 0.7008 0.0417
vn 0.9948 0.0002 0.1019
vn 0.9824 -0.0167 0.1860
vn 0.6638 -0.6921 0.2835
vn 0.4585 -0.2317 0.8580
vn 0.8063 -0.5722 0.1497
vn -0.4753 -0.7925 0.3821
vn -0.3976 -0.5261 0.7517
vn -0.5455 -0.0290 0.8376
vn -0.8969 -0.0070 0.4422
vn -0.9986 0.0488 0.0223
vn -0.4119 0.5768 0.7054
vn 0.0175 0.8354 0.5493
vn -0.0782 0.9653 -0.2493
vn -0.6999 -0.5054 0.5047
vn 0.1750 0.9634 0.2033
vn 0.8306 0.5268 -0.1805
vn 0.4163 0.6859 0.5969
vn 0.0976 0.9737 -0.2060
vn -0.6314 0.3937 -0.6681
vn -0.9533 -0.2974 -0.0533
vn -0.2525 0.0193 0.9674
vn 0.1833 0.0278 0.9827
vn -0.1048 -0.3427 -0.9336
vn -0.0117 -0.0708 0.9974
vn -0.2591 0.2441 0.9345
vn -0.0045 0.0785 0.9969
vn -0.0660 0.2439 0.9676
vn -0.5589 0.4644 0.6870
vn -0.3411 -0.0183 0.9398
vn 0.0353 0.0503 0.9981
vn 0.0761 0.1019 0.9919
vn 0.2066 -0.0717 0.9758
vn 0.6615 -0.0031 -0.7500
vn 0.1963 0.3426 0.9187
vn 0.1669 0.0946 0.9814
vn 0.1127 0.2047 -0.9723
vn 0.8742 -0.1703 -0.4546
vn -0.3650 -0.2862 0.8859
vn -0.2949 -0.4796 -0.8264
vn -0.9666 0.1964 0.1648
vn 0.1285 -0.0270 0.9913
vn 0.0286 -0.0504 0.9983
vn 0.0912 -0.2355 0.9676
vn 0.0365 0.0334 0.9988
vn 0.2883 -0.1414 -0.9470
vn 0.0512 -0.2949 0.9542
vn -0.5034 -0.8098 0.3013
vn -0.0137 0.1097 0.9939
vn 0.0414 -0.0041 0.9991
vn 0.0001 -0.0372 0.9993
vn 0.0034 0.0076 1.0000
vn -0.0022 -0.0231 0.9997
vn -0.0179 -0.0073 0.9998
vn -0.0049 -0.0136 0.9999
vn 0.0148 -0.0394 0.9991
vn -0.0072 -0.0101 0.9999
vn -0.0109 -0.0064 0.9999
vn -0.0121 0.0006 0.9999
vn 0.0036 0.0073 1.0000
vn 0.0112 0.0301 0.9995
vn 0.0309 -0.0133 0.9994
vn 0.0188 -0.0233 0.9996
vn 0.0088 0.0230 0.9997
vn 0.0589 -0.0106 0.9982
vn -0.0249 -0.0454 0.9987
vn 0.0027 -0.0038 1.0000
vn -0.0595 -0.0385 0.9975
vn 0.0074 0.0102 0.9999
vn -0.0057 0.0476 0.9989
vn 0.0009 -0.0025 1.0000
vn -0.0061 0.0048 1.0000
vn 0.0078 0.0134 0.9999
vn 0.0280 -0.0241 0.9993
vn -0.0292 -0.0351 0.9990
vn -0.0158 -0.0052 0.9999
vn -0.0197 -0.0054 0.9998
vn -0.0116 0.0139 0.9998
vn 0.0233 0.0030 0.9997
vn 0.0227 0.0031 0.9997
vn 0.0157 -0.0004 0.9999
vn -0.0479 -0.5425 0.8387
vn 0.0123 -0.0154 0.9998
vn 0.0205 -0.0118 0.9997
vn 0.0217 -0.0105 0.9997
vn 0.0174 -0.0108 0.9998
vn -0.0487 0.0163 0.9987
vn -0.0199 -0.0188 0.9996
vn -0.0254 -0.0419 0.9988
vn -0.0347 -0.0222 0.9992
vn -0.0236 0.0138 0.9996
vn 0.0944 0.1977 0.9757
vn -0.0064 -0.1633 0.9866
vn 0.0412 0.0046 0.9991
vn -0.1026 0.0166 0.9946
vn -0.0140 0.0213 0.9997
vn -0.0501 -0.0130 0.9987
vn -0.0613 -0.0070 0.9981
vn 0.0223 0.0156 0.9996
vn -0.0030 0.0681 0.9977
vn -0.0065 0.0506 0.9987
vn 0.0137 0.0498 0.9987
vn 0.0815 0.0001 0.9967
vn -0.0831 -0.0498 0.9953
vn 0.0129 0.0107 0.9999
vn -0.0279 -0.0043 0.9996
vn 0.0003 -0.0057 1.0000
vn 0.0050 -0.0061 1.0000
vn -0.0228 -0.0016 0.9997
vn 0.0039 -0.0026 1.0000
vn -0.3480 0.1044 -0.9317
vn 0.0037 -0.0049 1.0000
vn 0.1772 0.0459 0.9831
vn -0.0015 0.0702 0.9975
vn -0.0632 -0.5678 0.8207
vn 0.0049 -0.0138 0.9999
vn -0.0182 -0.0015 0.9998
vn 0.0032 -0.0278 0.9996
vn 0.0166 -0.0055 0.9998
vn -0.0688 0.0394 0.9969
vn -0.0058 -0.0381 0.9993
vn 0.0031 0.0306 0.9995
vn 0.0405 0.0193 0.9990
vn 0.0484 0.0059 0.9988
vn 0.0524 -0.3514 0.9348
vn -0.0080 -0.0338 0.9994
vn -0.1544 0.0483 0.9868
vn 0.0541 -0.0031 0.9985
vn -0.0290 -0.0152 0.9995
vn -0.0173 -0.0324 0.9993
vn 0.0263 -0.0228 0.9994
vn 0.0021 0.0192 0.9998
vn 0.0158 -0.0180 0.9997
vn -0.0079 -0.0075 0.9999
vn 0.0057 0.0060 1.0000
vn 0.0739 -0.0001 0.9973
vn 0.2756 -0.0995 -0.9561
vn -0.0254 0.0711 0.9971
vn -0.0424 -0.0033 0.9991
vn 0.1635 -0.1617 0.9732
vn -0.0101 -0.0140 0.9999
vn 0.0212 -0.0230 0.9995
vn -0.0069 -0.0315 0.9995
vn 0.0081 -0.0054 1.0000
vn -0.1747 0.0153 0.9845
vn 0.0054 0.0284 0.9996
vn 0.0067 0.0245 0.9997
vn 0.0143 -0.1131 0.9935
vn -0.0249 0.0013 0.9997
vn 0.0034 -0.0074 1.0000
vn -0.2429 -0.0852 0.9663
vn 0.0253 -0.0387 0.9989
vn 0.0415 0.0002 0.9991
vn -0.0022 -0.0254 0.9997
vn -0.0156 0.0077 0.9998
vn -0.0060 0.0062 1.0000
vn -0.0261 -0.0161 0.9995
vn 0.0470 0.0031 0.9989
vn 0.0709 0.0539 0.9960
vn 0.0109 0.0047 0.9999
vn 0.0020 0.0215 0.9998
vn -0.0002 -0.0039 1.0000
vn -0.0326 -0.0051 0.9995
vn -0.0143 0.0295 0.9995
vn 0.0091 0.0061 0.9999
vn 0.0067 -0.0028 1.0000
vn -0.0742 -0.0764 0.9943
vn -0.0068 -0.0052 1.0000
vn 0.0020 -0.0051 1.0000
vn -0.6574 0.7526 0.0389
vn -0.9879 -0.0006 0.1553
vn -0.9760 -0.0130 0.2175
vn 0.1854 -0.9739 -0.1309
vn -0.8892 -0.4499 0.0828
vn -0.6102 -0.5145 0.6024
vn -0.6613 -0.7005 0.2684
vn 0.6990 -0.5471 0.4606
vn 0.4766 -0.7342 0.4835
vn 0.2998 -0.3173 0.8997
vn 0.8743 -0.0177 0.4851
vn 0.0031 0.8801 0.4747
vn 0.5395 -0.0563 -0.8401
vn -0.0801 0.9784 0.1908
vn -0.2347 0.9700 -0.0639
vn -0.4137 0.6813 0.6040
vn -0.8508 0.5234 -0.0473
vn 0.8244 0.5505 -0.1318
vn 0.2938 0.6334 0.7159
vn 0.1322 -0.0007 0.9912
vn 0.2477 0.0078 0.9688
vn 0.1585 -0.0344 0.9868
vn 0.1662 -0.0344 0.9855
vn 0.9497 0.2436 0.1968
vn -0.5653 0.8194 0.0951
vn -0.7382 0.3757 0.5603
vn -0.9525 0.2378 0.1900
vn -0.4923 -0.2111 0.8444
vn -0.5593 -0.8246 0.0852
vn 0.1298 -0.5922 0.7953
vn 0.4582 -0.7378 0.4957
vn 0.4114 -0.2623 0.8729
vn 0.9289 0.0320 0.3689
vn 0.2599 0.2756 0.9255
vn 0.3773 0.9115 0.1639
vn -0.2288 0.8488 0.4767
vn -0.2586 0.6600 0.7053
vn -0.8949 0.3004 0.3299
vn -0.7723 -0.1745 0.6108
vn -0.8668 -0.2846 0.4094
vn -0.1260 -0.7645 0.6322
vn -0.1299 -0.7475 0.6514
vn 0.5436 -0.5753 0.6112
vn 0.4524 -0.2680 0.8506
vn -0.1498 0.3421 -0.9276
vn 0.2260 0.2012 -0.9531
vn 0.7543 0.4907 -0.4363
vn -0.4097 0.3550 -0.8403
vn -0.6300 -0.3595 -0.6884
vn -0.2722 0.6309 -0.7266
vn -0.4490 0.0751 -0.8904
vn -0.5210 -0.7274 -0.4466
vn -0.1572 -0.4212 -0.8933
vn 0.3928 -0.7437 -0.5410
vn 0.2962 -0.2949 -0.9084
vn 0.9364 -0.0100 -0.3507
vn -0.2177 0.4226 -0.8798
vn 0.3554 0.3124 0.8809
vn 0.0023 0.1519 0.9884
vn 0.0032 0.1545 0.9880
vn -0.1581 0.1457 0.9766
vn -0.2541 -0.0537 0.9657
vn -0.2032 -0.0721 0.9765
vn -0.1182 -0.2802 0.9527
vn 0.0120 -0.1724 0.9850
vn 0.0919 -0.1916 0.9772
vn 0.0819 -0.0665 0.9944
vn 0.1550 0.0155 0.9878
vn 0.1514 0.0231 0.9882
vn 0.0633 0.0478 0.9968
vn 0.0229 0.1564 0.9874
vn 0.0668 -0.0317 0.9973
vn -0.0038 -0.0072 1.0000
vn 0.0267 -0.0265 0.9993
vn -0.0986 -0.1641 0.9815
vn 0.1977 -0.1982 0.9600
vn 0.0034 -0.0720 0.9974
vn 0.1894 0.0193 0.9817
vn 0.1293 0.0746 0.9888
vn 0.2915 0.0819 0.9531
vn 0.1654 0.2131 0.9629
vn -0.0541 0.1512 0.9870
vn -0.0952 0.1833 0.9784
vn -0.2671 0.0098 0.9636
vn -0.2163 -0.0514 0.9750
vn -0.2914 -0.1895 0.9376
vn -0.0475 -0.2825 0.9581
vn 0.9974 0.0613 -0.0381
vn 0.1734 0.3250 0.9297
vn -0.1214 -0.0103 0.9925
vn -0.1157 -0.1814 0.9766
vn -0.2019 0.0299 0.9789
vn 0.7877 0.4610 0.4088
vn 0.5998 0.2507 0.7599
vn 0.6594 -0.7358 0.1543
vn 0.3340 -0.0158 0.9424
vn 0.8264 0.4795 -0.2952
vn 0.0501 0.5820 0.8117
vn -0.0730 0.8370 0.5424
vn -0.9473 0.1322 0.2920
vn -0.6270 -0.0758 0.7753
vn -0.3118 -0.8853 0.3449
vn -0.3175 -0.6639 0.6771
vn 0.6731 -0.4360 0.5974
vn 0.5066 -0.3851 0.7714
vn -0.9924 0.0164 0.1220
vn -0.0783 0.4536 -0.8878
vn 0.3786 -0.1666 -0.9104
vn 0.9908 0.0551 -0.1234
vn 0.1140 0.4251 -0.8980
vn 0.1264 0.4381 -0.8900
vn -0.4810 0.8543 -0.1971
vn -0.9078 -0.1116 -0.4043
vn -0.4213 0.1385 -0.8963
vn -0.4279 -0.5421 -0.7232
vn -0.3236 -0.4493 -0.8327
vn 0.5224 -0.6312 -0.5733
vn 0.4103 -0.4387 -0.7995
vn 0.5736 0.2341 -0.7850
vn -0.3769 0.9173 0.1281
vn -0.0946 -0.0930 0.9912
vn 0.1195 -0.3352 0.9345
vn 0.1696 -0.0697 0.9830
vn 0.0976 -0.0870 0.9914
vn 0.1645 0.1278 0.9781
vn 0.0698 0.0280 0.9972
vn 0.0312 0.1621 0.9863
vn 0.0960 0.1915 0.9768
vn 0.0317 0.1076 0.9937
vn -0.1658 0.1542 0.9740
vn -0.1836 0.0155 0.9829
vn -0.3152 -0.0897 0.9448
vn -0.0820 -0.2953 0.9519
vn 0.1980 0.3153 0.9281
vn -0.0003 -1.0000 -0.0000
vn 0.0026 1.0000 0.0084
vn -0.0002 1.0000 -0.0001
vn 0.0009 1.0000 0.0006
vn -0.0008 1.0000 0.0004
vn -0.0015 1.0000 0.0083
vn 0.0001 1.0000 0.0020
vn 0.0014 1.0000 -0.0007
vn -0.0111 0.9999 -0.0017
vn -0.0075 0.9999 -0.0066
vn 0.0001 1.0000 -0.0003
vn 0.0002 1.0000 -0.0003
vn -0.0116 0.9999 0.0108
vn 0.0047 0.9999 -0.0153
vn 0.0007 1.0000 -0.0000
vn 0.0423 0.9989 0.0212
vn -0.0022 1.0000 -0.0081
vn 0.0077 1.0000 0.0063
vn 0.0088 0.9999 -0.0082
vn -0.0043 1.0000 -0.0015
vn 0.0003 1.0000 -0.0005
vn 0.0108 0.9999 0.0085
vn -0.2598 -0.0017 0.9657
vn -0.2838 -0.0384 0.9581
vn 0.1134 0.0114 0.9935
vn -0.2906 -0.0133 0.9567
vn -0.2845 -0.0388 0.9579
vn -0.1042 0.0302 0.9941
vn 0.0968 -0.1265 0.9872
vn 0.1230 -0.1824 0.9755
vn 0.2338 0.0196 0.9721
vn 0.1897 0.0031 0.9818
vn 0.3205 0.0162 0.9471
vn 0.3463 0.0009 0.9381
vn 0.2226 0.0110 0.9748
vn 0.4154 0.0467 0.9084
vn 0.1076 0.1449 0.9836
vn 0.2179 0.0128 0.9759
vn 0.0102 -0.0157 0.9998
vn -0.2143 0.0405 0.9759
vn -0.1520 0.1571 0.9758
vn -0.0623 0.0029 0.9981
vn -0.9996 0.0084 0.0262
vn -0.3375 -0.0073 0.9413
vn -0.5255 0.0203 0.8505
vn -0.5876 -0.0064 0.8091
vn -0.8383 0.0062 0.5452
vn -0.8530 -0.0030 0.5219
vn -0.9603 0.0027 0.2790
vn -0.9730 -0.0101 0.2306
vn 0.2667 0.0197 0.9636
vn 0.5204 -0.0224 0.8536
vn 0.5874 0.0064 0.8093
vn 0.8383 -0.0062 0.5452
vn 0.8530 0.0030 0.5219
vn 0.9678 -0.0033 0.2516
vn 0.9673 -0.0040 0.2537
vn 0.9989 0.0054 0.0470
vn 0.9980 -0.0093 -0.0626
vn 0.1352 -0.0102 -0.9908
vn 0.9760 0.0182 -0.2172
vn 0.9300 -0.0154 -0.3673
vn 0.7979 0.0097 -0.6028
vn 0.8045 0.0054 -0.5939
vn 0.5381 -0.0057 -0.8428
vn 0.5553 -0.0143 -0.8315
vn 0.3002 0.0212 -0.9536
vn 0.0128 0.0127 -0.9998
vn -0.2059 -0.0097 -0.9785
vn -0.2554 0.0045 -0.9668
vn -0.5223 -0.0043 -0.8528
vn -0.5786 0.0143 -0.8155
vn -0.7445 -0.0188 -0.6673
vn -0.8528 0.0188 -0.5218
vn -0.9417 -0.0118 -0.3362
vn -0.9710 0.0111 -0.2388
vn -0.9982 -0.0054 -0.0596
vn 0.0001 1.0000 -0.0002
vn -0.0003 1.0000 0.0002
vn 0.7599 0.5810 0.2917
vn 0.7109 0.6186 0.3346
vn 0.9550 0.2663 0.1309
vn -0.7115 0.6196 0.3314
vn -0.7528 0.5878 0.2962
vn -0.9533 0.2701 0.1350
vn -0.2919 0.5800 0.7605
vn -0.3238 0.6082 0.7248
vn -0.1277 0.2398 0.9624
vn -0.3379 0.6271 -0.7018
vn -0.2959 0.5892 -0.7518
vn -0.1354 0.2741 -0.9521
vn -0.0494 0.8966 -0.4401
vn -0.7754 0.5570 -0.2976
vn -0.8407 0.4895 -0.2317
vn -0.9866 0.1130 -0.1176
vn 0.7576 0.5768 -0.3055
vn 0.7634 0.5718 -0.3004
vn 0.9669 0.2230 -0.1238
vn 0.2915 0.0750 0.9536
vn 0.0040 0.0182 0.9998
vn 0.0844 -0.0013 0.9964
vn -0.0930 0.0030 0.9957
vn -0.0903 0.0033 0.9959
vn -0.9993 0.0140 0.0342
vn -0.9952 0.0029 0.0983
vn -0.9990 0.0076 0.0432
vn -0.9955 0.0003 -0.0943
vn -0.9972 0.0011 -0.0747
vn 0.0360 0.0013 -0.9994
vn 0.0088 -0.0001 -1.0000
vn -0.0519 -0.0012 -0.9987
vn 0.9930 0.0157 -0.1174
vn 0.9964 0.0101 -0.0838
vn 0.9924 0.0147 -0.1226
vn 0.9973 0.0012 0.0741
vn 0.9971 0.0012 0.0765
vn -0.3561 -0.0035 0.9345
vn -0.4563 0.0211 0.8896
vn -0.7146 -0.0201 0.6993
vn -0.8839 0.0167 0.4674
vn -0.9270 -0.0053 0.3751
vn 0.2056 -0.0204 0.9784
vn 0.5545 -0.0084 0.8322
vn 0.6318 0.0246 0.7747
vn 0.9144 -0.0128 0.4046
vn 0.9530 0.0143 0.3027
vn 0.2142 0.0209 -0.9766
vn 0.1429 0.0424 -0.9888
vn 0.5065 -0.0449 -0.8610
vn 0.7572 0.0327 -0.6524
vn 0.9243 -0.0208 -0.3811
vn -0.9422 0.0024 -0.3351
vn -0.9219 0.0152 -0.3870
vn -0.7069 -0.0148 -0.7072
vn -0.6320 0.0087 -0.7749
vn -0.2623 -0.0036 -0.9650
vn -0.3222 0.0147 -0.9466
vn -0.4599 0.0242 -0.8877
vn 0.3361 0.6236 0.7058
vn 0.2963 0.5875 0.7530
vn 0.1346 0.2718 0.9529
vn 0.2977 0.5948 -0.7467
vn 0.3354 0.6318 -0.6989
vn 0.1419 0.2705 -0.9522
vn 0.1739 -0.0001 0.9848
vn 0.1742 -0.0002 0.9847
vn -0.0156 0.0781 0.9968
vn 0.0492 -0.0225 0.9985
vn 0.1351 -0.1708 0.9760
vn 0.4416 -0.2241 0.8688
vn 0.5124 -0.0021 0.8587
vn 0.1001 -0.0814 0.9916
vn 0.0923 -0.0923 0.9914
vn 0.0804 0.0360 0.9961
vn 0.1256 0.0844 0.9885
vn 0.0568 0.0799 0.9952
vn 0.1528 0.0017 0.9883
vn 0.0803 -0.0004 0.9968
vn 0.0021 -0.0952 0.9955
vn 0.1204 -0.0435 0.9918
vn -0.6222 -0.0339 0.7821
vn 0.0979 -0.0383 0.9945
vn -0.2203 -0.0580 0.9737
vn -0.1598 0.0270 0.9868
vn -0.0799 0.0317 0.9963
vn -0.1121 -0.0238 0.9934
vn -0.0711 -0.0223 0.9972
vn -0.0629 -0.0134 0.9979
vn -0.0363 -0.0175 0.9992
vn -0.1772 -0.0002 0.9842
vn -0.1762 -0.0006 0.9844
vn -0.0347 0.0398 0.9986
vn -0.0429 0.0354 0.9985
vn 0.0643 0.0218 0.9977
vn -0.1249 0.0321 0.9917
vn -0.0820 -0.0508 0.9953
vn -0.3346 0.0008 0.9424
vn -0.2038 0.0135 0.9789
vn -0.0038 0.0013 1.0000
vn -0.0676 -0.1097 0.9917
vn -0.2855 -0.0302 0.9579
vn 0.0361 0.0094 0.9993
vn 0.0307 0.0542 0.9981
vn 0.0209 -0.0209 0.9996
vn 0.0322 -0.1790 0.9833
vn 0.0499 -0.1413 0.9887
vn 0.2322 -0.0930 0.9682
vn 0.2333 -0.0289 0.9720
vn 0.2430 -0.0239 0.9697
vn 0.1021 0.1341 0.9857
vn 0.1028 0.1466 0.9838
vn -0.0321 0.1093 0.9935
vn -0.0216 0.1363 0.9904
vn -0.1451 0.1342 0.9803
vn -0.2661 -0.0197 0.9637
vn -0.1080 -0.1112 0.9879
vn -0.1113 -0.1984 0.9738
vn 0.9782 -0.0066 0.2073
vn 0.9820 0.0025 0.1889
vn 0.7442 -0.0162 0.6678
vn 0.6784 0.0299 0.7341
vn 0.2474 -0.0234 0.9686
vn 0.0943 0.0287 0.9951
vn -0.2041 -0.0289 0.9785
vn -0.4072 0.0281 0.9129
vn -0.7474 -0.0210 0.6640
vn -0.7385 -0.0135 0.6741
vn -0.9867 0.0112 0.1624
vn -0.9925 -0.0055 0.1224
vn -0.9650 0.0048 -0.2620
vn -0.9547 -0.0078 -0.2975
vn -0.7176 0.0098 -0.6964
vn -0.7290 0.0178 -0.6843
vn -0.3789 -0.0316 -0.9249
vn -0.1509 0.0500 -0.9873
vn 0.1735 -0.0342 -0.9842
vn 0.4561 0.0213 -0.8897
vn 0.5891 -0.0213 -0.8078
vn 0.7842 0.0292 -0.6198
vn 0.9410 -0.0311 -0.3370
vn 0.9766 0.0119 -0.2149
vn 0.8541 0.1955 0.4819
vn -0.8893 0.4465 0.0984
vn 0.8482 -0.3399 -0.4062
vn -0.7198 -0.6535 -0.2340
vn -0.1265 -0.7308 0.6708
vn 0.9993 -0.0328 -0.0178
vn 0.9975 0.0702 0.0012
vn 0.9876 0.1472 0.0552
vn 0.9953 0.0969 0.0043
vn 0.9958 0.0897 -0.0200
vn 0.9958 0.0898 0.0162
vn 0.9987 -0.0480 -0.0168
vn 0.9711 -0.1658 -0.1718
vn 0.9987 0.0381 0.0351
vn 0.9923 -0.1120 0.0528
vn 0.9509 0.1926 -0.2422
vn 0.9944 -0.1054 -0.0110
vn 0.9539 0.1913 -0.2314
vn 0.9997 0.0152 -0.0212
vn 0.9997 -0.0191 0.0159
vn 0.3169 -0.8393 0.4419
vn 0.3943 0.8346 0.3847
vn 0.8547 0.4062 0.3233
vn 0.9998 0.0170 0.0045
vn 0.9199 -0.3922 -0.0026
vn 0.7817 -0.6236 0.0092
vn 0.6853 0.7282 0.0130
vn 0.9670 -0.1161 0.2268
vn 0.7202 -0.3967 0.5692
vn 0.8403 0.5009 0.2075
vn 0.7924 0.5598 0.2423
vn 0.9739 0.1130 0.1967
vn 0.6846 -0.5948 -0.4214
vn 0.5835 0.7099 -0.3944
vn -0.1476 0.8098 -0.5678
vn 0.9973 0.0720 -0.0154
vn -0.6136 -0.7778 -0.1359
vn -0.7092 0.2126 0.6722
vn 0.2297 -0.5879 -0.7756
vn 0.3948 0.4420 -0.8055
vn 0.4599 0.5524 -0.6953
vn 0.7597 -0.2288 -0.6087
vn 0.4977 -0.6767 -0.5426
vn 0.5550 -0.8024 -0.2193
vn 0.8622 -0.4245 -0.2764
vn 0.7938 0.4347 -0.4253
vn 0.6591 0.6423 -0.3912
vn 0.9371 0.0836 -0.3388
vn 0.9116 0.3820 -0.1518
vn -0.0409 -0.9992 0.0022
vn -0.0037 -1.0000 -0.0024
vn 0.6230 0.5091 0.5939
vn 0.2512 0.7518 0.6096
vn 0.2419 0.7423 0.6249
vn 0.6392 0.3195 0.6996
vn -0.5062 -0.3999 0.7641
vn 0.3314 -0.6698 0.6645
vn -0.1152 -0.0096 0.9933
vn 0.2503 -0.8360 0.4883
vn 0.0168 -0.9414 0.3370
vn -0.0337 -0.9460 0.3225
vn 0.2864 -0.8221 0.4921
vn 0.0154 0.8999 0.4358
vn 0.1363 0.9168 0.3753
vn -0.1314 0.9913 -0.0087
vn -0.1119 0.9937 -0.0058
vn -0.2522 -0.8228 -0.5092
vn 0.1819 -0.9539 -0.2389
vn 0.1951 0.9587 -0.2070
vn 0.1585 0.8553 -0.4933
vn -0.4202 0.6693 -0.6127
vn 0.9231 0.1129 0.3675
vn -0.7177 0.6299 0.2971
vn 0.6796 -0.3642 0.6368
vn -0.4730 -0.5475 0.6903
vn 0.9303 -0.0217 -0.3661
vn -0.6643 -0.5174 -0.5395
vn 0.9457 -0.3184 -0.0651
vn 0.8176 0.4102 -0.4041
vn -0.0261 -0.9250 -0.3790
vn -0.0674 -0.9976 -0.0134
vn 0.3483 0.4674 0.8125
vn 0.5559 0.3933 0.7323
vn 0.7612 0.6458 -0.0586
vn 0.5740 0.8184 -0.0274
vn 0.4175 -0.0015 -0.9087
vn 0.0945 0.0310 -0.9950
vn -0.0268 0.0232 0.9994
vn -0.1891 0.4087 0.8928
vn -0.0601 0.8978 0.4364
vn 0.4276 0.7822 0.4531
vn 0.3431 -0.6714 0.6569
vn 0.5863 -0.5137 0.6264
vn 0.3336 -0.4793 -0.8118
vn -0.2889 -0.3991 -0.8702
vn 0.6134 -0.6600 -0.4337
vn -0.1781 -0.2894 0.9405
vn -0.0511 0.8996 -0.4336
vn 0.0274 0.4447 -0.8953
vn 0.3321 0.4647 -0.8208
vn 0.5596 0.5276 0.6391
vn 0.2427 0.7047 0.6667
vn 0.5456 -0.4150 0.7280
vn 0.6936 -0.3410 0.6345
vn 0.4737 -0.8804 0.0221
vn 0.7200 -0.0016 -0.6940
vn 0.6404 -0.0012 -0.7681
vn 0.4104 -0.8198 0.3994
vn -0.1123 -0.8358 0.5374
vn 0.6297 -0.3531 -0.6919
vn 0.0206 -0.9975 -0.0675
vn 0.0493 -0.8366 0.5456
vn 0.5196 -0.3719 0.7693
vn 0.8010 -0.5665 0.1937
vn 0.7384 -0.6108 -0.2858
vn 0.7791 -0.6258 0.0363
vn 0.5818 -0.8133 -0.0061
vn 0.7436 -0.5194 -0.4211
vn 0.2949 -0.3599 -0.8852
vn 0.0698 -0.7140 0.6966
vn 0.6307 -0.0425 0.7749
vn 0.4009 0.0150 0.9160
vn 0.0204 0.6220 0.7828
vn 0.2205 0.9753 0.0111
vn 0.1034 0.9945 -0.0136
vn -0.1590 -0.0819 -0.9839
vn 0.2352 0.6715 -0.7027
vn 0.8483 0.4725 -0.2389
vn 0.1495 0.8088 -0.5688
vn 0.5003 -0.7015 -0.5074
vn 0.1925 0.1115 0.9749
vn 0.2216 0.1218 0.9675
vn -0.0082 0.6381 0.7699
vn -0.8003 0.5631 -0.2060
vn -0.9567 -0.2455 -0.1564
vn -0.9327 -0.1856 0.3093
vn 0.9434 -0.3015 0.1380
vn -0.8483 -0.4782 -0.2274
vn 0.9684 0.2367 0.0786
vn -0.9594 0.2531 -0.1246
vn 0.9963 -0.0322 -0.0792
vn 0.9989 0.0441 0.0163
vn 0.9972 0.0107 0.0741
vn -0.9890 0.1337 -0.0635
vn -0.4789 0.5166 0.7098
vn -0.9996 0.0115 0.0242
vn 0.9952 -0.0219 0.0950
vn -0.9629 -0.2690 -0.0195
vn 0.9993 -0.0327 0.0198
vn 0.9994 -0.0329 0.0040
vn 0.9842 0.1764 0.0124
vn 0.9998 0.0091 -0.0176
vn 0.9695 0.2182 0.1117
vn 0.9838 0.1497 -0.0990
vn 0.5344 0.3999 0.7446
vn -0.9364 0.3504 -0.0178
vn -0.9537 -0.1906 -0.2328
vn 0.9954 -0.0647 -0.0710
vn 0.9848 -0.1733 0.0104
vn 0.9513 0.1008 -0.2912
vn 0.5390 -0.8422 -0.0105
vn 0.9999 -0.0132 0.0043
vn -0.9954 0.0413 -0.0865
vn -0.9989 -0.0242 0.0394
vn 0.9652 -0.1273 0.2286
vn 0.9562 -0.2924 0.0112
vn 0.9989 0.0243 -0.0396
vn 0.9744 -0.1499 -0.1678
vn 0.9943 0.0477 -0.0956
vn 0.9989 0.0451 0.0109
vn 0.9853 0.0033 -0.1705
vn 1.0000 -0.0043 0.0006
vn 1.0000 0.0043 0.0059
vn 1.0000 -0.0032 -0.0053
vn 1.0000 -0.0072 -0.0017
vn 0.9999 -0.0136 -0.0013
vn 0.9999 -0.0136 -0.0007
vn 0.9996 0.0244 0.0141
vn 0.9757 -0.2169 0.0315
vn 1.0000 -0.0077 -0.0023
vn 0.9963 0.0151 0.0844
vn 1.0000 0.0094 0.0020
vn 0.9994 0.0307 0.0174
vn 0.9998 0.0197 -0.0077
vn 0.9995 -0.0005 0.0326
vn 0.9997 0.0159 0.0174
vn 0.9998 0.0200 -0.0061
vn 0.9815 -0.0401 0.1871
vn 0.9990 -0.0285 -0.0350
vn 0.9997 -0.0188 -0.0145
vn 0.9989 0.0457 0.0047
vn 1.0000 -0.0021 0.0048
vn 0.9999 -0.0096 0.0076
vn 0.9999 0.0141 0.0040
vn 1.0000 -0.0029 -0.0017
vn 0.9962 -0.0138 -0.0856
vn 0.9997 -0.0058 -0.0237
vn 1.0000 -0.0009 0.0066
vn 1.0000 -0.0026 0.0048
vn 1.0000 -0.0012 0.0010
vn 0.8283 0.3966 -0.3958
vn 0.9954 0.0060 0.0951
vn 0.9998 -0.0145 0.0096
vn 0.9996 0.0059 -0.0262
vn 0.9986 0.0458 0.0245
vn 0.9985 0.0485 0.0245
vn 0.9998 0.0133 -0.0179
vn 0.9998 0.0178 -0.0126
vn 0.9987 0.0229 0.0450
vn 0.9999 -0.0089 0.0096
vn 0.9999 0.0082 0.0073
vn 0.9982 -0.0008 0.0598
vn 0.9937 -0.0410 -0.1046
vn 0.9983 0.0188 0.0546
vn 0.9588 0.2791 0.0525
vn 0.9970 -0.0670 -0.0386
vn 0.9999 -0.0013 -0.0115
vn 0.9999 0.0098 -0.0132
vn 0.9998 0.0207 0.0005
vn 0.9997 0.0163 0.0190
vn 1.0000 0.0028 -0.0078
vn 0.9996 0.0274 0.0082
vn 0.9909 -0.1347 0.0042
vn 0.9998 0.0195 0.0055
vn 0.9989 -0.0000 0.0468
vn 0.9744 -0.0402 0.2214
vn 0.9989 -0.0462 -0.0066
vn 0.9996 0.0269 -0.0046
vn 0.9994 -0.0242 0.0259
vn 0.9997 0.0058 0.0222
vn 0.9992 -0.0390 0.0003
vn 1.0000 -0.0004 0.0019
vn 1.0000 0.0072 0.0003
vn 0.9999 0.0100 -0.0036
vn 0.9999 -0.0016 -0.0119
vn 0.9976 0.0168 -0.0671
vn 0.9958 -0.0918 0.0043
vn 0.9976 0.0176 -0.0675
vn 0.9998 0.0041 -0.0185
vn 0.9942 -0.1018 0.0348
vn 0.9994 0.0237 -0.0236
vn 0.9992 -0.0059 0.0390
vn 0.9996 -0.0062 -0.0264
vn 0.9996 0.0013 -0.0278
vn 0.9999 0.0096 -0.0126
vn 0.9997 -0.0052 -0.0218
vn 0.9956 -0.0471 -0.0807
vn 0.3962 -0.0226 -0.9179
vn 0.9975 -0.0708 0.0017
vn 0.9850 0.1624 0.0578
vn 0.3768 0.8661 -0.3285
vn 0.9989 0.0006 0.0460
vn 0.9961 0.0538 -0.0702
vn 0.9997 0.0112 -0.0207
vn 0.9997 -0.0235 -0.0103
vn 0.9998 -0.0182 0.0003
vn 0.9921 0.1248 -0.0146
vn 0.9999 -0.0167 0.0014
vn 0.9992 0.0103 0.0380
vn 0.9995 0.0136 0.0282
vn 0.9998 -0.0127 0.0137
vn 0.9993 0.0311 0.0227
vn 0.9985 0.0537 0.0145
vn 0.9920 -0.1224 -0.0305
vn 0.9997 0.0173 -0.0177
vn 0.9997 0.0172 -0.0180
vn 0.9997 0.0037 -0.0260
vn 0.9995 -0.0260 0.0200
vn 0.9998 -0.0152 -0.0107
vn 0.9996 0.0119 -0.0255
vn 0.9979 0.0373 0.0527
vn 0.9987 0.0474 -0.0193
vn 0.9991 0.0363 -0.0218
vn 0.9991 0.0376 -0.0198
vn 0.9995 -0.0321 -0.0016
vn 0.9985 -0.0278 -0.0475
vn 0.9985 -0.0204 0.0508
vn 0.9996 0.0281 -0.0064
vn 0.9999 0.0100 -0.0092
vn 1.0000 -0.0058 -0.0035
vn 0.9998 0.0222 0.0012
vn 0.9997 -0.0041 -0.0232
vn 1.0000 0.0028 -0.0084
vn 0.6146 0.3672 -0.6982
vn 0.6562 0.6436 -0.3940
vn 0.0699 0.9963 -0.0497
vn 0.5224 0.0078 0.8527
vn -0.5429 0.8385 0.0462
vn -0.3858 0.5299 -0.7552
vn -0.1378 0.0784 -0.9873
vn 0.0307 -0.6837 0.7291
vn 0.1542 -0.9880 -0.0096
vn 0.1812 -0.9833 -0.0151
vn 0.3354 -0.6547 -0.6774
vn 0.6097 -0.6032 -0.5141
vn 0.0828 -0.8893 -0.4498
vn 0.9829 0.0737 -0.1686
vn 0.4694 0.6971 -0.5420
vn -0.0973 -0.8457 0.5248
vn 0.6186 -0.4771 0.6242
vn -0.2079 -0.1032 0.9727
vn 0.2087 -0.1797 0.9613
vn 0.9817 0.1612 -0.1010
vn 0.9851 0.1721 0.0043
vn 0.9867 0.1621 -0.0141
vn 0.5180 -0.5917 0.6177
vn 0.5652 0.1543 0.8104
vn -0.1832 0.9825 0.0345
vn 0.4523 -0.2534 0.8551
vn 0.5155 -0.8537 -0.0731
vn 0.1351 -0.9705 -0.1999
vn 0.9255 -0.2656 -0.2700
vn -0.0561 -0.0143 -0.9983
vn 0.9277 0.2251 -0.2980
vn 0.1008 0.9938 -0.0479
vn 0.7749 0.6182 0.1318
vn 0.8380 0.1679 0.5192
vn 0.6635 -0.4900 0.5654
vn 0.5069 -0.8296 -0.2342
vn 0.8711 -0.3742 -0.3181
vn 0.3533 -0.3618 -0.8627
vn 0.5013 0.3165 -0.8053
vn 0.9127 0.3145 -0.2608
vn -0.9771 0.1550 0.1457
vn 0.9221 0.2311 -0.3102
vn 0.5992 0.7886 0.1383
vn 0.1558 -0.9870 0.0397
vn -0.9273 -0.3302 -0.1762
vn -0.9144 0.2220 0.3384
vn -0.1207 -0.2510 0.9604
vn -0.9108 -0.1993 0.3614
vn -0.3576 -0.9188 -0.1671
vn -0.9289 -0.3407 -0.1454
vn 0.2708 0.0043 -0.9626
vn -0.9515 0.1528 -0.2671
vn 0.3200 0.9469 -0.0323
vn -0.9418 -0.1672 0.2917
vn 0.9163 0.2884 0.2778
vn 0.9635 -0.1664 0.2097
vn 0.5363 -0.8118 -0.2311
vn 0.9907 -0.1223 0.0591
vn 0.9738 -0.2036 -0.1011
vn 0.9468 -0.0763 -0.3128
vn 0.9868 -0.0856 -0.1377
vn 0.9878 0.0222 -0.1541
vn 0.9930 0.1178 0.0008
vn 0.9429 0.1235 -0.3094
vn 0.9629 0.2660 -0.0455
vn 0.9952 0.0889 0.0407
vn 0.9905 0.0813 0.1110
vn 0.9928 0.0474 0.1096
vn 0.9921 0.0514 0.1144
vn 0.9889 0.1457 -0.0283
vn 0.9964 0.0828 0.0151
vn 0.9995 0.0079 -0.0309
vn 0.9993 -0.0227 -0.0299
vn 0.9619 -0.1451 -0.2317
vn 0.9824 0.0427 -0.1818
vn 0.9503 0.1508 -0.2724
vn 0.9913 0.1315 -0.0004
vn 0.9920 0.1262 -0.0040
vn 0.9880 0.0542 0.1444
vn 0.9839 0.1277 0.1248
vn 0.9822 0.1362 0.1293
vn 0.9527 -0.1124 0.2823
vn 0.9742 -0.1964 0.1114
vn 0.9597 -0.2610 0.1043
vn 0.9529 -0.2567 -0.1618
vn 0.9743 -0.2044 -0.0952
vn 0.4942 0.8583 -0.1379
vn 0.8936 -0.1015 0.4373
vn 0.7043 0.1342 0.6971
vn 0.9780 -0.1988 -0.0625
vn 0.9879 -0.1517 -0.0320
vn 0.9841 -0.1485 -0.0979
vn 0.4625 0.8311 0.3089
vn 0.7152 0.6243 0.3141
vn 0.6887 -0.3688 -0.6243
vn 0.6819 0.4762 -0.5552
vn 0.5557 0.5596 -0.6148
vn 0.8709 0.4682 0.1492
vn 0.4172 0.3091 0.8546
vn 0.7419 -0.6114 0.2753
vn 0.5946 -0.6647 0.4524
vn 0.1484 -0.9848 -0.0907
vn 0.5456 -0.3241 -0.7729
vn 0.7859 -0.3087 -0.5357
vn 0.5941 0.4990 -0.6309
vn 0.8181 0.4341 -0.3771
vn -0.9502 -0.0644 0.3051
vn 0.2473 0.3624 0.8986
vn -0.9056 0.1426 -0.3996
vn -0.2560 0.9444 -0.2062
vn -0.8343 0.5506 -0.0275
vn 0.0776 0.3171 0.9452
vn -0.9498 -0.1922 0.2470
vn -0.5268 -0.8469 0.0730
vn -0.8331 -0.3587 -0.4210
vn -0.7959 -0.3990 -0.4554
vn -0.6707 0.4502 -0.5895
vn -0.8002 0.3823 -0.4621
vn -0.7830 0.5809 0.2223
vn -0.4343 0.7923 0.4286
vn 0.2271 -0.3589 0.9053
vn 0.9709 -0.0638 -0.2306
vn 0.9720 -0.0654 -0.2255
vn 0.9778 0.1113 -0.1775
vn 0.9870 0.1205 -0.1067
vn 0.9841 0.1508 -0.0938
vn 0.9896 0.1246 0.0717
vn 0.9967 0.0770 0.0255
vn 0.9899 0.0409 0.1356
vn 0.9914 0.0329 0.1270
vn 0.9801 -0.0910 0.1762
vn 0.9675 -0.2268 0.1117
vn 0.9703 -0.2392 -0.0371
vn 0.9258 -0.3503 -0.1424
vn 0.9657 0.2452 0.0855
vn -0.0116 0.0011 -0.9999
vn 0.0101 0.0070 -0.9999
vn 0.0151 0.0141 -0.9998
vn -0.0150 0.0025 -0.9999
vn -0.0232 -0.0032 -0.9997
vn 0.0168 0.0052 -0.9998
vn 0.0113 0.0048 -0.9999
vn 0.0011 0.0150 -0.9999
vn -0.0006 0.0103 -0.9999
vn -0.0059 0.0180 -0.9998
vn -0.0101 0.0076 -0.9999
vn -0.0183 0.0085 -0.9998
vn -0.0146 -0.0070 -0.9999
vn -0.0109 -0.0063 -0.9999
vn -0.0132 -0.0116 -0.9998
vn 0.0058 0.0115 -0.9999
vn 0.0065 0.0159 -0.9999
vn -0.0052 0.0102 -0.9999
vn -0.0131 0.0137 -0.9998
vn -0.0056 -0.0101 -0.9999
vn -0.0058 -0.0104 -0.9999
vn 0.0073 -0.0127 -0.9999
vn 0.0073 -0.0128 -0.9999
vn 0.0167 -0.0141 -0.9998
vn 0.0095 -0.0047 -0.9999
vn 0.0126 -0.0032 -0.9999
vn -0.0008 -0.0125 -0.9999
vn -0.0004 -0.0113 -0.9999
vn 0.0044 -0.0194 -0.9998
vn 0.0132 -0.0036 -0.9999
vn 0.0221 -0.0000 -0.9998
vn -0.0017 -0.0047 1.0000
vn 0.0006 -0.0008 1.0000
vn -0.0005 0.0002 1.0000
vn -0.0002 -0.0003 1.0000
vn 0.0003 -0.0002 1.0000
vn 0.0046 0.0005 1.0000
vn -0.0030 -0.0043 1.0000
vn -0.0013 0.0003 1.0000
vn -0.0010 -0.0013 1.0000
vn 0.0028 -0.0029 1.0000
vn -0.0013 0.0004 1.0000
vn -0.0030 0.0023 1.0000
vn -0.0002 0.0102 0.9999
vn 0.0025 0.0011 1.0000
vn 0.0015 -0.0037 1.0000
vn 0.0146 0.0032 0.9999
vn -0.0048 0.0029 1.0000
vn 0.0063 0.0107 0.9999
vn -0.0050 -0.0034 1.0000
vn -0.0074 0.0002 1.0000
vn 0.0004 0.0004 1.0000
vn -0.0075 0.0015 1.0000
vn -0.0000 -0.0002 1.0000
vn 0.0086 0.0001 1.0000
vn 0.9535 -0.3015 -0.0000
vn 0.9561 -0.2931 -0.0018
vn 0.9543 -0.2988 -0.0072
vn 0.9679 -0.2372 0.0830
vn 0.9661 -0.2566 -0.0278
vn 0.9648 -0.2306 -0.1265
vn 0.9905 -0.1378 -0.0034
vn 0.9969 0.0776 -0.0118
vn 0.9726 0.0013 -0.2325
vn 0.9622 0.2714 -0.0236
vn 0.9915 0.1261 0.0322
vn 0.9430 0.3328 -0.0010
vn 0.9433 0.3320 -0.0004
vn 0.9539 0.2972 -0.0406
vn 0.9859 0.1675 -0.0023
vn 0.9525 0.2999 0.0524
vn 0.9637 0.0581 0.2604
vn 0.9809 0.1947 -0.0027
vn 0.9991 -0.0429 0.0004
vn 0.9657 -0.2434 0.0901
vn -0.0613 -0.9981 -0.0001
vn -0.0736 -0.9973 -0.0042
vn -0.4649 -0.8853 0.0117
vn -0.4823 -0.8760 0.0020
vn -0.7512 -0.6600 -0.0080
vn -0.8053 -0.5926 0.0160
vn -0.9016 -0.4324 -0.0139
vn -0.9627 -0.2699 0.0173
vn -0.9903 -0.1392 -0.0044
vn -0.9998 0.0169 0.0131
vn -0.9954 0.0956 -0.0044
vn -0.9292 0.3691 0.0162
vn -0.9066 0.4220 -0.0051
vn -0.7144 0.6998 0.0055
vn -0.6926 0.7213 -0.0069
vn -0.3286 0.9444 0.0083
vn -0.3111 0.9504 -0.0006
vn 0.0303 0.9995 0.0076
vn 0.0716 0.9974 -0.0047
vn 0.9403 0.3404 -0.0031
vn 0.7331 0.6801 -0.0038
vn 0.7311 0.6822 -0.0023
vn 0.3854 0.9227 0.0099
vn 0.3793 0.9253 0.0070
vn 0.1450 -0.9894 -0.0001
vn 0.2263 -0.9739 -0.0201
vn 0.4977 -0.8673 0.0112
vn 0.4857 -0.8741 0.0055
vn 0.7663 -0.6424 -0.0058
vn 0.7837 -0.6211 0.0064
vn 0.9545 -0.2983 -0.0019
vn 0.9572 -0.2895 -0.0000
vn 0.9845 0.1754 -0.0009
vn 0.9843 0.1763 -0.0006
vn 0.9921 0.1052 0.0678
vn 0.9626 0.2697 -0.0241
vn 0.9998 -0.0198 -0.0019
vn 0.5842 0.8074 -0.0823
vn 0.9926 0.1214 -0.0010
vn 0.9955 0.0925 -0.0195
vn 0.9952 0.0843 0.0502
vn 0.9970 0.0348 0.0696
vn 0.9905 0.1125 0.0794
vn 0.9885 0.1509 -0.0008
vn 0.9958 0.0911 -0.0064
vn 0.9988 0.0438 -0.0228
vn 0.9989 0.0420 -0.0212
vn 0.9932 0.1137 -0.0241
vn 0.9900 -0.1369 -0.0349
vn 0.9978 -0.0244 -0.0611
vn 0.9971 -0.0426 -0.0632
vn 0.9935 -0.1095 -0.0310
vn 0.9944 -0.1059 -0.0023
vn 0.9889 -0.1486 0.0014
vn 0.9982 -0.0596 -0.0047
vn 0.9980 -0.0024 -0.0639
vn 0.9914 0.0168 -0.1295
vn 0.9627 -0.2701 0.0150
vn 0.9810 -0.1934 0.0177
vn 0.9862 -0.1651 -0.0132
vn 0.9773 -0.2117 0.0059
vn 0.9981 -0.0560 0.0257
vn 0.9925 -0.1182 -0.0306
vn 0.9877 -0.1397 -0.0696
vn 0.9518 -0.2902 -0.0992
vn 0.9844 -0.1760 0.0003
vn 0.9825 -0.1865 0.0036
vn 0.9987 0.0474 0.0173
vn 0.9977 0.0433 0.0516
vn 0.9993 0.0364 -0.0052
vn 0.7499 0.4005 0.5265
vn 0.9919 0.1148 0.0535
vn 0.9771 -0.0354 0.2099
vn 0.9945 -0.0875 0.0568
vn 0.9636 -0.1383 0.2289
vn 0.9539 -0.2992 0.0228
vn 0.9860 -0.1222 -0.1135
vn 0.9880 -0.1028 -0.1149
vn 0.9675 -0.0501 -0.2477
vn 0.9653 0.1291 -0.2272
vn 0.9743 0.0941 -0.2046
vn 0.9889 0.1436 0.0381
vn 0.9825 0.1856 -0.0129
vn -0.0009 -0.0019 1.0000
vn -0.0018 -0.0011 1.0000
vn -0.0021 -0.0001 1.0000
vn -0.0020 0.0007 1.0000
vn -0.0012 0.0018 1.0000
vn -0.0000 0.0021 1.0000
vn 0.0008 0.0020 1.0000
vn 0.0016 0.0014 1.0000
vn 0.0022 0.0001 1.0000
vn 0.0021 -0.0007 1.0000
vn 0.0013 -0.0017 1.0000
vn -0.0001 -0.0021 1.0000
vn -0.4381 -0.0000 0.8989
vn -0.3081 -0.7651 0.5653
vn -0.2476 -0.8288 0.5018
vn -0.1136 -0.9793 0.1673
vn -0.1972 0.9658 0.1683
vn -0.2631 0.8248 0.5005
vn 0.9656 0.1974 0.1693
vn 0.8252 0.2628 0.5000
vn 0.0001 0.4380 0.8990
vn -0.7652 0.3081 0.5653
vn -0.8286 0.2478 0.5019
vn -0.9800 0.1124 0.1643
vn 0.4381 -0.0002 0.8989
vn 0.3081 0.7651 0.5654
vn 0.2485 0.8279 0.5028
vn 0.1124 0.9801 0.1636
vn 0.1975 -0.9656 0.1695
vn 0.2628 -0.8252 0.4999
vn -0.0040 -0.4381 0.8989
vn 0.7651 -0.3081 0.5654
vn 0.8286 -0.2478 0.5020
vn 0.9794 -0.1134 0.1669
vn -0.9655 -0.1976 0.1698
vn -0.8252 -0.2629 0.5000
vn 0.0449 -0.9989 0.0126
vn 0.0720 -0.9974 0.0069
vn 0.1007 -0.9949 0.0037
vn -0.1329 -0.9911 -0.0009
vn -0.0598 -0.9982 0.0003
vn -0.0028 -1.0000 0.0060
vn -0.9968 -0.0791 0.0109
vn -0.9912 -0.1325 0.0054
vn -0.9981 0.0609 -0.0012
vn -1.0000 0.0042 0.0025
vn -0.9969 -0.0784 0.0111
vn -0.9576 0.2852 0.0406
vn -0.0817 0.9965 0.0168
vn -0.0911 0.9957 0.0146
vn -0.2845 0.9576 0.0449
vn 0.0043 1.0000 0.0044
vn 0.0608 0.9981 -0.0016
vn 0.9573 0.2851 0.0485
vn 1.0000 -0.0092 0.0012
vn 0.9959 0.0892 0.0118
vn 0.9879 0.1536 0.0225
vn 0.9985 -0.0551 -0.0020
vn -0.9439 -0.3300 -0.0088
vn -0.8606 -0.5087 0.0222
vn -0.7070 -0.7067 -0.0243
vn -0.4131 -0.9104 0.0219
vn -0.3279 -0.9447 0.0006
vn -0.2565 0.9665 -0.0072
vn -0.5437 0.8389 0.0255
vn -0.7212 0.6920 -0.0303
vn -0.9281 0.3714 0.0264
vn -0.9649 0.2627 0.0017
vn 0.9670 0.2546 -0.0005
vn 0.7442 0.6679 -0.0037
vn 0.7657 0.6430 -0.0161
vn 0.4091 0.9121 0.0262
vn 0.2905 0.9569 -0.0014
vn 0.0838 0.9965 -0.0021
vn 0.3682 -0.9296 -0.0179
vn 0.5571 -0.8302 0.0203
vn 0.6994 -0.7147 -0.0124
vn 0.9207 -0.3898 0.0183
vn 0.9367 -0.3500 0.0062
vn 0.9926 -0.1215 -0.0013
vn -0.0000 -0.0022 -1.0000
vn 0.0028 -0.0005 -1.0000
vn 0.0032 0.0009 -1.0000
vn 0.0034 0.0001 -1.0000
vn 0.0240 -0.0306 -0.9992
vn -0.0033 0.0003 -1.0000
vn 0.0008 0.0832 -0.9965
vn -0.0003 -0.0025 -1.0000
vn -0.0033 0.0002 -1.0000
vn 0.0001 0.0021 -1.0000
vn -0.0026 -0.0032 -1.0000
vn 0.0034 -0.0024 -1.0000
vn 0.0024 -0.0030 -1.0000
vn -0.0546 0.0415 -0.9976
vn 0.0032 0.0008 -1.0000
vn -0.0007 0.0027 -1.0000
vn -0.0381 -0.0095 -0.9992
vn -0.0029 0.0035 -1.0000
vn 0.0031 0.0003 -1.0000
vn -0.0027 0.0036 -1.0000
vn -0.0023 -0.0035 -1.0000
vn -0.0948 -0.0080 -0.9955
vn 0.0024 0.0029 -1.0000
vn -0.0024 -0.0001 -1.0000
vn 0.0772 0.0019 -0.9970
vn -0.0125 0.0963 -0.9953
vn 0.0003 -0.0026 -1.0000
vn 0.0553 0.0105 -0.9984
vn -0.0692 0.0177 -0.9974
vn 0.3277 -0.3980 -0.8569
vn 0.0461 -0.0081 -0.9989
vn -0.0618 -0.0182 -0.9979
vn 0.0615 -0.0139 -0.9980
vn -0.7433 0.6690 -0.0066
vn -0.8050 0.5930 0.0165
vn -0.9633 0.2682 -0.0129
vn -0.9824 0.1864 0.0155
vn -0.9903 -0.1373 -0.0198
vn -0.9590 -0.2828 0.0198
vn -0.8086 -0.5881 -0.0173
vn -0.8020 -0.5971 -0.0134
vn 0.6756 0.7369 -0.0245
vn 0.5691 0.8220 0.0206
vn 0.0737 0.9971 -0.0204
vn -0.0164 0.9995 0.0257
vn -0.4481 0.8936 -0.0267
vn -0.5766 0.8169 0.0155
vn 0.8302 -0.5574 0.0079
vn 0.8913 -0.4522 -0.0328
vn 0.9963 -0.0752 0.0411
vn 0.9815 0.1850 -0.0502
vn 0.8562 0.5149 0.0430
vn -0.5383 -0.8426 0.0172
vn -0.4088 -0.9121 -0.0317
vn -0.0328 -0.9986 0.0411
vn 0.1755 -0.9840 -0.0320
vn 0.5857 -0.8103 0.0206
vn 0.5338 -0.8455 -0.0105
vn -0.9610 -0.2767 -0.0006
vn -0.9021 -0.0467 0.4290
vn -0.8772 -0.1480 -0.4568
vn -0.8637 -0.3463 0.3661
vn -0.8484 0.2809 0.4486
vn -0.9333 0.1974 -0.3000
vn -0.9774 -0.2060 -0.0469
vn -0.9291 -0.1615 -0.3328
vn -0.8870 0.1190 0.4461
vn -0.7856 0.2288 -0.5749
vn -0.9069 -0.4213 0.0036
vn -0.8470 -0.5312 -0.0224
vn -0.7421 -0.6699 0.0211
vn -0.5284 -0.8488 -0.0159
vn -0.4744 -0.8803 0.0051
vn -0.1572 -0.9876 -0.0060
vn -0.1556 -0.9878 -0.0053
vn 0.1834 -0.9830 0.0130
vn 0.3106 -0.9501 -0.0288
vn 0.5007 -0.8654 0.0208
vn 0.7184 -0.6954 -0.0159
vn 0.7606 -0.6492 0.0051
vn 0.9221 -0.3868 -0.0051
vn 0.9444 -0.3284 0.0159
vn 0.9981 -0.0575 -0.0208
vn 0.9930 0.1167 0.0207
vn 0.9604 0.2783 -0.0152
vn 0.8859 0.4636 0.0152
vn 0.8128 0.5823 -0.0152
vn 0.6568 0.7538 0.0201
vn 0.5724 0.8199 -0.0140
vn 0.2419 0.9703 0.0053
vn 0.2620 0.9650 -0.0053
vn -0.0999 0.9949 0.0140
vn -0.2311 0.9725 -0.0283
vn -0.4255 0.9047 0.0208
vn -0.6825 0.7306 -0.0205
vn -0.7233 0.6906 0.0054
vn -0.9195 0.3930 0.0025
vn -0.9236 0.3833 0.0050
vn 0.0030 0.0006 1.0000
vn -0.0001 -0.0002 1.0000
vn -0.0000 0.0003 1.0000
vn 0.0004 -0.0074 1.0000
vn -0.0010 -0.0015 1.0000
vn 0.0016 -0.0012 1.0000
vn -0.0001 0.0027 1.0000
vn 0.0014 0.0015 1.0000
vn -0.0029 -0.0000 1.0000
vn -0.0003 0.0004 1.0000
vn -0.0025 0.0131 -0.9999
vn -0.0039 0.0165 -0.9999
vn 0.0157 -0.0066 -0.9999
vn 0.0105 -0.0006 -0.9999
vn 0.0159 -0.0023 -0.9999
vn -0.0057 0.0076 -1.0000
vn -0.0088 0.0100 -0.9999
vn -0.0127 0.0033 -0.9999
vn -0.0135 0.0037 -0.9999
vn -0.0168 -0.0033 -0.9999
vn -0.0152 -0.0034 -0.9999
vn -0.0238 -0.0145 -0.9996
vn -0.0069 -0.0087 -0.9999
vn -0.0076 -0.0123 -0.9999
vn 0.0210 0.0061 -0.9998
vn 0.0091 0.0061 -0.9999
vn 0.0102 0.0073 -0.9999
vn 0.0067 0.0096 -0.9999
vn 0.0057 0.0087 -0.9999
vn 0.0057 0.0228 -0.9997
vn 0.0096 -0.0292 -0.9995
vn -0.0043 -0.0093 -0.9999
vn -0.0028 -0.0178 -0.9998
vn -0.0008 -0.0137 -0.9999
vn 0.0072 -0.0096 -0.9999
vn 0.0111 -0.0108 -0.9999
vn 0.0081 -0.0060 -0.9999
vn -0.0011 -0.0018 1.0000
vn -0.0017 -0.0012 1.0000
vn -0.0021 0.0004 1.0000
vn -0.0016 0.0013 1.0000
vn -0.0009 0.0019 1.0000
vn 0.0001 0.0021 1.0000
vn 0.0013 0.0016 1.0000
vn 0.0022 0.0002 1.0000
vn 0.0020 -0.0008 1.0000
vn 0.0009 -0.0020 1.0000
vn 0.0001 -0.0021 1.0000
vn -0.4348 0.0622 0.8984
vn -0.2660 -0.8262 0.4965
vn -0.2026 -0.9654 0.1643
vn -0.0864 0.9953 0.0430
vn -0.2183 0.8756 0.4309
vn -0.2644 0.8435 0.4676
vn -0.6902 0.3216 0.6483
vn -0.9457 0.1984 0.2573
vn -0.0421 0.9987 -0.0288
vn 0.9948 0.0893 0.0497
vn 0.9329 0.1691 0.3179
vn 0.8565 0.2684 0.4408
vn 0.7076 0.3171 0.6315
vn 0.3210 0.6911 0.6476
vn 0.1983 0.9457 0.2577
vn 0.9948 0.1009 -0.0143
vn 0.0911 -0.9950 0.0418
vn 0.1631 -0.9365 0.3103
vn 0.2684 -0.8564 0.4410
vn 0.3161 -0.7105 0.6287
vn -0.9965 -0.0823 0.0170
vn -0.9963 0.0865 0.0008
vn -1.0000 -0.0021 0.0018
vn -0.9933 -0.1156 0.0084
vn -0.9774 0.2112 0.0093
vn 0.0976 0.9950 0.0209
vn -0.0632 0.9980 -0.0027
vn -0.0966 0.9953 -0.0052
vn 0.0917 0.9956 0.0196
vn 0.9843 0.1741 0.0287
vn 0.9979 0.0633 0.0129
vn 0.9761 0.2144 0.0361
vn 0.9951 -0.0992 -0.0011
vn 0.9974 -0.0724 -0.0005
vn 0.0504 -0.9987 0.0029
vn 0.1028 -0.9947 -0.0005
vn 0.3085 -0.9512 -0.0029
vn -0.1191 -0.9929 0.0043
vn -0.0801 -0.9967 0.0099
vn -0.0519 -0.9985 0.0164
vn -0.9889 -0.1483 0.0067
vn -0.9506 -0.3101 -0.0127
vn -0.7809 -0.6246 0.0099
vn -0.8191 -0.5735 -0.0136
vn -0.5115 -0.8590 0.0203
vn -0.3492 -0.9369 -0.0163
vn -0.2994 -0.9541 -0.0122
vn -0.2139 0.9768 -0.0081
vn -0.3696 0.9291 -0.0098
vn -0.4433 0.8963 0.0137
vn -0.7847 0.6199 0.0029
vn -0.8588 0.5110 -0.0364
vn -0.9411 -0.3220 0.1031
vn 0.9645 0.2641 0.0051
vn 0.9194 0.3924 -0.0256
vn 0.6351 0.7720 0.0243
vn 0.4883 0.8721 -0.0313
vn -0.3271 0.9422 0.0730
vn 0.1382 0.9903 0.0104
vn 0.3622 -0.9321 -0.0029
vn 0.4454 -0.8951 0.0200
vn 0.6993 -0.7146 -0.0203
vn 0.9062 -0.4220 0.0261
vn 0.9385 -0.3452 0.0033
vn 0.8912 -0.4537 0.0056
vn -0.9948 -0.0918 0.0440
vn -0.9363 -0.1633 0.3108
vn -0.8564 -0.2684 0.4412
vn -0.7106 -0.3161 0.6286
vn 0.6910 -0.3211 0.6477
vn 0.9454 -0.1985 0.2584
vn 0.0178 -0.9992 -0.0365
vn 0.0054 -1.0000 0.0009
vn 0.0015 -1.0000 -0.0000
vn 0.0254 0.9997 -0.0059
vn 0.0018 0.0006 -1.0000
vn 0.0031 0.0009 -1.0000
vn 0.0006 -0.0019 -1.0000
vn -0.0010 -0.0030 -1.0000
vn -0.0008 -0.0031 -1.0000
vn -0.0033 -0.0001 -1.0000
vn 0.0413 -0.0203 -0.9989
vn -0.0003 0.0037 -1.0000
vn 0.0002 0.0038 -1.0000
vn -0.0286 -0.0376 -0.9989
vn -0.0000 -0.0031 -1.0000
vn 0.0004 -0.0039 -1.0000
vn 0.0029 0.0012 -1.0000
vn 0.0034 0.0003 -1.0000
vn -0.0302 0.0542 -0.9981
vn 0.0181 -0.0922 -0.9956
vn 0.0037 0.0017 -1.0000
vn -0.0028 0.0018 -1.0000
vn 0.0028 -0.0027 -1.0000
vn -0.0962 -0.0080 -0.9953
vn -0.0032 -0.0007 -1.0000
vn -0.0024 0.0002 -1.0000
vn -0.0025 -0.0001 -1.0000
vn 0.0770 0.0018 -0.9970
vn -0.0059 0.0896 -0.9960
vn 0.0087 0.0971 -0.9952
vn -0.6328 0.6634 -0.3995
vn -0.0018 0.0026 -1.0000
vn 0.0005 0.0024 -1.0000
vn 0.0239 -0.0257 -0.9994
vn -0.1097 0.0357 -0.9933
vn 0.2051 0.1324 -0.9697
vn 0.0002 -0.0003 -1.0000
vn -0.7452 0.6668 -0.0069
vn -0.8047 0.5935 0.0158
vn -0.9701 0.2422 -0.0146
vn -0.9824 0.1864 0.0088
vn -0.9541 -0.2993 -0.0100
vn -0.9590 -0.2828 -0.0184
vn -0.8012 -0.5980 0.0221
vn 0.6954 0.7184 -0.0185
vn 0.5924 0.8055 0.0156
vn 0.1851 0.9826 -0.0187
vn 0.1852 0.9825 -0.0188
vn -0.2152 0.9761 0.0285
vn -0.4206 0.9068 -0.0301
vn -0.5982 0.8012 0.0128
vn 0.8302 -0.5574 -0.0068
vn 0.8709 -0.4897 -0.0406
vn 0.9815 0.1846 -0.0500
vn 0.8564 0.5145 0.0428
vn -0.6266 -0.7791 -0.0185
vn -0.5112 -0.8591 0.0254
vn -0.2151 -0.9760 -0.0346
vn 0.0786 -0.9960 0.0429
vn 0.3976 -0.9164 -0.0462
vn 0.5578 -0.8299 0.0134
s 0
f 2//1 1//1 3//1
f 3//2 1//2 4//2
f 5//3 6//3 7//3
f 7//4 6//4 8//4
f 7//5 8//5 9//5
f 9//6 8//6 10//6
f 163//7 11//7 158//7
f 11//8 12//8 158//8
f 161//9 12//9 11//9
f 151//10 16//10 13//10
f 14//11 161//11 11//11
f 14//12 15//12 161//12
f 15//13 14//13 159//13
f 13//14 159//14 14//14
f 13//15 16//15 159//15
f 178//16 151//16 13//16
f 178//17 17//17 151//17
f 18//18 19//18 20//18
f 18//19 20//19 21//19
f 21//20 20//20 22//20
f 21//21 22//21 23//21
f 24//22 25//22 175//22
f 165//23 25//23 24//23
f 172//24 165//24 24//24
f 26//25 31//25 27//25
f 24//26 173//26 172//26
f 29//27 173//27 24//27
f 30//28 173//28 29//28
f 29//29 28//29 30//29
f 27//30 28//30 29//30
f 27//31 31//31 28//31
f 176//32 26//32 27//32
f 176//33 32//33 26//33
f 34//34 89//34 33//34
f 50//35 131//35 49//35
f 119//36 124//36 51//36
f 174//37 169//37 52//37
f 166//38 53//38 70//38
f 28//39 31//39 54//39
f 54//40 31//40 26//40
f 37//41 56//41 30//41
f 168//42 56//42 65//42
f 57//43 58//43 59//43
f 59//44 174//44 52//44
f 52//45 60//45 61//45
f 61//46 60//46 62//46
f 61//47 62//47 63//47
f 61//48 63//48 64//48
f 43//49 35//49 45//49
f 45//50 35//50 36//50
f 41//51 42//51 40//51
f 40//52 42//52 44//52
f 39//53 46//53 57//53
f 169//54 168//54 65//54
f 169//55 65//55 52//55
f 52//56 65//56 60//56
f 63//57 69//57 64//57
f 64//58 69//58 47//58
f 42//59 51//59 44//59
f 44//60 51//60 43//60
f 43//61 51//61 35//61
f 57//62 68//62 58//62
f 59//63 58//63 53//63
f 59//64 53//64 174//64
f 47//65 69//65 66//65
f 47//66 66//66 38//66
f 38//67 66//67 48//67
f 119//68 51//68 42//68
f 35//69 51//69 67//69
f 35//70 67//70 46//70
f 46//71 68//71 57//71
f 65//72 55//72 60//72
f 60//73 55//73 62//73
f 62//74 69//74 63//74
f 46//75 67//75 68//75
f 68//76 70//76 58//76
f 58//77 70//77 53//77
f 67//78 74//78 68//78
f 68//79 74//79 70//79
f 56//80 55//80 65//80
f 55//81 71//81 62//81
f 62//82 71//82 69//82
f 51//83 73//83 67//83
f 67//84 73//84 74//84
f 69//85 75//85 66//85
f 124//86 50//86 51//86
f 51//87 50//87 73//87
f 56//88 37//88 55//88
f 71//89 75//89 69//89
f 75//90 76//90 66//90
f 66//91 76//91 72//91
f 73//92 77//92 74//92
f 74//93 77//93 70//93
f 70//94 77//94 166//94
f 37//95 78//95 55//95
f 55//96 78//96 71//96
f 76//97 79//97 72//97
f 50//98 49//98 73//98
f 77//99 54//99 166//99
f 166//100 54//100 26//100
f 30//101 28//101 37//101
f 71//102 78//102 75//102
f 73//103 49//103 77//103
f 28//104 54//104 37//104
f 78//105 80//105 75//105
f 75//106 80//106 76//106
f 49//107 81//107 77//107
f 77//108 81//108 54//108
f 76//109 80//109 82//109
f 76//110 82//110 79//110
f 49//111 131//111 81//111
f 81//112 83//112 54//112
f 54//113 83//113 84//113
f 54//114 84//114 37//114
f 37//115 84//115 78//115
f 78//116 84//116 80//116
f 131//117 89//117 81//117
f 84//118 85//118 80//118
f 80//119 85//119 82//119
f 81//120 34//120 83//120
f 83//121 34//121 84//121
f 89//122 34//122 81//122
f 84//123 34//123 85//123
f 85//124 34//124 33//124
f 85//125 33//125 82//125
f 89//126 138//126 33//126
f 114//127 96//127 97//127
f 113//128 154//128 114//128
f 114//129 154//129 96//129
f 151//130 152//130 126//130
f 98//131 159//131 16//131
f 159//132 98//132 94//132
f 155//133 94//133 99//133
f 100//134 101//134 102//134
f 102//135 101//135 48//135
f 48//136 66//136 109//136
f 106//137 107//137 108//137
f 106//138 108//138 90//138
f 104//139 92//139 105//139
f 104//140 105//140 91//140
f 102//141 110//141 111//141
f 112//142 113//142 114//142
f 97//143 115//143 116//143
f 116//144 117//144 93//144
f 93//145 117//145 103//145
f 96//146 155//146 97//146
f 97//147 155//147 115//147
f 116//148 115//148 118//148
f 103//149 122//149 92//149
f 92//150 122//150 105//150
f 105//151 119//151 107//151
f 107//152 119//152 108//152
f 108//153 119//153 42//153
f 48//154 109//154 102//154
f 102//155 120//155 110//155
f 110//156 121//156 111//156
f 112//157 111//157 123//157
f 112//158 123//158 113//158
f 113//159 153//159 154//159
f 118//160 117//160 116//160
f 117//161 122//161 103//161
f 105//162 122//162 119//162
f 102//163 109//163 120//163
f 110//164 120//164 121//164
f 121//165 123//165 111//165
f 117//166 118//166 122//166
f 123//167 152//167 113//167
f 113//168 152//168 153//168
f 155//169 99//169 115//169
f 115//170 99//170 118//170
f 122//171 125//171 119//171
f 118//172 125//172 122//172
f 119//173 125//173 124//173
f 66//174 72//174 109//174
f 109//175 127//175 120//175
f 123//176 126//176 152//176
f 72//177 127//177 109//177
f 120//178 127//178 128//178
f 120//179 128//179 121//179
f 121//180 128//180 123//180
f 123//181 128//181 126//181
f 94//182 95//182 99//182
f 99//183 95//183 118//183
f 118//184 95//184 129//184
f 118//185 129//185 125//185
f 129//186 130//186 125//186
f 125//187 130//187 124//187
f 72//188 79//188 127//188
f 130//189 131//189 124//189
f 124//190 131//190 50//190
f 79//191 132//191 127//191
f 127//192 132//192 128//192
f 128//193 134//193 126//193
f 126//194 134//194 151//194
f 94//195 98//195 95//195
f 95//196 133//196 129//196
f 129//197 133//197 130//197
f 128//198 132//198 134//198
f 151//199 134//199 16//199
f 134//200 98//200 16//200
f 95//201 98//201 133//201
f 133//202 135//202 130//202
f 79//203 82//203 136//203
f 79//204 136//204 132//204
f 132//205 136//205 134//205
f 134//206 137//206 98//206
f 130//207 135//207 131//207
f 137//208 138//208 98//208
f 98//209 138//209 133//209
f 134//210 136//210 137//210
f 133//211 138//211 135//211
f 131//212 135//212 89//212
f 136//213 33//213 137//213
f 137//214 33//214 138//214
f 135//215 138//215 89//215
f 82//216 33//216 136//216
f 3//217 114//217 142//217
f 61//217 64//217 20//217
f 142//218 114//218 145//218
f 145//219 114//219 97//219
f 145//220 97//220 116//220
f 145//221 116//221 93//221
f 91//222 140//222 104//222
f 142//218 104//218 140//218
f 142//223 140//223 3//223
f 3//217 140//217 146//217
f 139//224 59//224 144//224
f 90//225 3//225 106//225
f 106//226 3//226 146//226
f 6//227 111//227 112//227
f 111//228 6//228 143//228
f 143//229 100//229 102//229
f 102//230 111//230 143//230
f 141//231 148//231 59//231
f 59//232 148//232 144//232
f 144//233 148//233 45//233
f 144//234 45//234 36//234
f 39//235 57//235 139//235
f 139//236 57//236 59//236
f 19//225 61//225 20//225
f 150//217 10//217 3//217
f 19//237 52//237 61//237
f 3//238 10//238 8//238
f 3//239 8//239 114//239
f 114//240 6//240 112//240
f 52//241 19//241 59//241
f 19//242 149//242 59//242
f 59//243 149//243 22//243
f 59//244 22//244 4//244
f 59//218 4//218 141//218
f 141//245 4//245 41//245
f 141//217 41//217 40//217
f 143//246 6//246 147//246
f 20//247 64//247 147//247
f 20//248 147//248 22//248
f 22//249 147//249 6//249
f 114//250 8//250 6//250
f 6//232 150//232 22//232
f 150//217 4//217 22//217
f 150//217 3//217 4//217
f 96//251 158//251 155//251
f 94//252 15//252 159//252
f 153//253 152//253 160//253
f 160//254 154//254 153//254
f 156//255 152//255 17//255
f 156//256 160//256 152//256
f 152//257 151//257 17//257
f 156//258 157//258 160//258
f 12//259 155//259 158//259
f 94//260 161//260 15//260
f 12//261 161//261 155//261
f 155//262 161//262 94//262
f 162//263 160//263 157//263
f 162//264 154//264 160//264
f 154//265 164//265 96//265
f 164//266 154//266 162//266
f 157//267 163//267 162//267
f 164//268 162//268 163//268
f 175//269 168//269 169//269
f 56//270 173//270 30//270
f 53//271 171//271 174//271
f 26//272 32//272 166//272
f 166//273 32//273 170//273
f 167//274 171//274 170//274
f 168//275 175//275 25//275
f 172//276 168//276 165//276
f 168//277 25//277 165//277
f 172//278 173//278 56//278
f 56//279 168//279 172//279
f 170//280 171//280 53//280
f 170//281 53//281 166//281
f 175//282 174//282 171//282
f 175//283 171//283 167//283
f 175//284 169//284 174//284
f 170//285 32//285 176//285
f 176//286 167//286 170//286
f 27//287 29//287 21//287
f 21//288 29//288 18//288
f 18//289 29//289 24//289
f 177//290 175//290 167//290
f 18//291 24//291 175//291
f 18//292 175//292 177//292
f 23//293 176//293 21//293
f 21//294 176//294 27//294
f 177//295 167//295 176//295
f 177//296 176//296 23//296
f 23//297 22//297 177//297
f 177//298 22//298 149//298
f 177//299 149//299 18//299
f 18//300 149//300 19//300
f 178//301 156//301 17//301
f 178//302 157//302 156//302
f 13//303 14//303 179//303
f 179//304 14//304 9//304
f 5//305 178//305 13//305
f 5//306 13//306 179//306
f 14//307 11//307 9//307
f 9//308 11//308 7//308
f 163//309 157//309 7//309
f 7//310 11//310 163//310
f 7//311 157//311 178//311
f 7//312 178//312 5//312
f 164//313 158//313 96//313
f 164//314 163//314 158//314
f 9//315 10//315 179//315
f 179//316 10//316 150//316
f 179//317 150//317 6//317
f 179//318 6//318 5//318
f 47//319 147//319 64//319
f 86//320 47//320 38//320
f 143//321 194//321 87//321
f 197//322 87//322 180//322
f 197//323 180//323 181//323
f 181//324 180//324 88//324
f 181//325 88//325 86//325
f 194//326 143//326 182//326
f 194//327 182//327 183//327
f 183//328 182//328 184//328
f 183//329 184//329 88//329
f 88//330 184//330 147//330
f 87//331 197//331 101//331
f 87//332 101//332 143//332
f 86//333 88//333 147//333
f 86//334 147//334 47//334
f 100//335 143//335 101//335
f 41//336 4//336 1//336
f 41//337 1//337 42//337
f 90//338 108//338 3//338
f 3//339 108//339 2//339
f 42//340 1//340 2//340
f 42//341 2//341 108//341
f 46//342 185//342 186//342
f 46//343 186//343 35//343
f 144//344 36//344 186//344
f 186//345 36//345 35//345
f 39//346 139//346 185//346
f 39//347 185//347 46//347
f 45//348 148//348 43//348
f 43//349 148//349 187//349
f 40//350 44//350 141//350
f 141//351 44//351 188//351
f 43//352 187//352 188//352
f 43//353 188//353 44//353
f 92//354 189//354 190//354
f 92//355 190//355 103//355
f 93//356 103//356 145//356
f 145//357 103//357 190//357
f 104//358 142//358 92//358
f 92//359 142//359 189//359
f 107//360 106//360 191//360
f 191//361 106//361 146//361
f 105//362 192//362 140//362
f 105//363 140//363 91//363
f 107//364 191//364 105//364
f 105//365 191//365 192//365
f 193//366 88//366 180//366
f 193//367 180//367 194//367
f 194//368 180//368 87//368
f 195//369 86//369 196//369
f 195//370 196//370 197//370
f 197//371 196//371 101//371
f 88//372 193//372 183//372
f 183//373 193//373 194//373
f 86//374 195//374 181//374
f 181//375 195//375 197//375
f 101//376 196//376 48//376
f 48//377 196//377 38//377
f 196//378 86//378 38//378
f 144//379 186//379 185//379
f 185//380 139//380 144//380
f 188//381 187//381 141//381
f 141//382 187//382 148//382
f 145//383 190//383 189//383
f 189//384 142//384 145//384
f 192//385 191//385 140//385
f 140//386 191//386 146//386
f 143//387 147//387 184//387
f 143//388 184//388 182//388
f 199//389 380//389 200//389
f 210//390 205//390 198//390
f 209//391 210//391 198//391
f 209//392 203//392 210//392
f 210//393 203//393 202//393
f 210//394 202//394 205//394
f 205//395 202//395 201//395
f 206//396 207//396 208//396
f 208//397 207//397 204//397
f 206//398 203//398 209//398
f 206//399 209//399 207//399
f 214//400 213//400 212//400
f 215//401 299//401 300//401
f 212//402 215//402 214//402
f 299//403 215//403 212//403
f 299//404 212//404 211//404
f 217//405 310//405 216//405
f 310//406 217//406 311//406
f 217//407 218//407 311//407
f 311//408 218//408 312//408
f 218//409 219//409 312//409
f 312//410 219//410 265//410
f 312//411 265//411 313//411
f 313//412 265//412 266//412
f 313//413 266//413 314//413
f 266//414 267//414 314//414
f 314//415 267//415 315//415
f 315//416 267//416 221//416
f 315//417 221//417 222//417
f 315//418 222//418 316//418
f 316//419 222//419 220//419
f 316//420 220//420 317//420
f 317//421 220//421 268//421
f 317//422 268//422 318//422
f 318//423 268//423 269//423
f 318//424 269//424 319//424
f 319//425 269//425 270//425
f 319//426 270//426 224//426
f 319//427 224//427 320//427
f 320//428 224//428 225//428
f 320//429 225//429 321//429
f 321//430 225//430 223//430
f 321//431 223//431 322//431
f 223//432 271//432 322//432
f 322//433 271//433 272//433
f 322//434 272//434 307//434
f 307//435 272//435 226//435
f 307//436 226//436 306//436
f 306//437 226//437 227//437
f 306//438 227//438 305//438
f 305//439 227//439 228//439
f 305//440 228//440 323//440
f 323//441 228//441 273//441
f 323//442 273//442 324//442
f 324//443 273//443 274//443
f 324//444 274//444 325//444
f 325//445 274//445 229//445
f 325//446 229//446 326//446
f 229//447 230//447 326//447
f 326//448 230//448 327//448
f 327//449 230//449 231//449
f 327//450 231//450 328//450
f 328//451 231//451 275//451
f 328//452 275//452 276//452
f 328//453 276//453 329//453
f 329//454 276//454 330//454
f 330//455 276//455 232//455
f 330//456 232//456 233//456
f 330//457 233//457 331//457
f 331//458 233//458 234//458
f 331//459 234//459 332//459
f 332//460 234//460 235//460
f 332//461 235//461 333//461
f 235//462 277//462 333//462
f 333//463 277//463 304//463
f 304//464 277//464 278//464
f 304//465 278//465 334//465
f 334//466 278//466 236//466
f 334//467 236//467 335//467
f 335//468 236//468 237//468
f 237//469 336//469 335//469
f 238//470 336//470 237//470
f 279//471 336//471 238//471
f 279//472 337//472 336//472
f 337//473 279//473 280//473
f 337//474 280//474 338//474
f 338//475 280//475 281//475
f 281//476 239//476 338//476
f 338//477 239//477 339//477
f 239//478 240//478 339//478
f 339//479 240//479 340//479
f 240//480 341//480 340//480
f 241//481 341//481 240//481
f 341//482 241//482 282//482
f 341//483 282//483 342//483
f 342//484 282//484 283//484
f 342//485 283//485 343//485
f 343//486 283//486 242//486
f 343//487 242//487 344//487
f 344//488 242//488 243//488
f 344//489 243//489 345//489
f 345//490 243//490 244//490
f 345//491 244//491 346//491
f 346//492 244//492 347//492
f 347//493 244//493 284//493
f 284//494 285//494 347//494
f 347//495 285//495 348//495
f 348//496 285//496 245//496
f 348//497 245//497 349//497
f 349//498 245//498 246//498
f 349//499 246//499 350//499
f 350//500 246//500 247//500
f 248//501 351//501 247//501
f 247//502 351//502 350//502
f 286//503 353//503 287//503
f 287//504 353//504 351//504
f 287//505 351//505 248//505
f 286//506 352//506 353//506
f 352//507 286//507 249//507
f 352//508 249//508 354//508
f 354//509 249//509 250//509
f 354//510 250//510 355//510
f 355//511 250//511 251//511
f 355//512 251//512 252//512
f 355//513 252//513 356//513
f 356//514 252//514 288//514
f 356//515 288//515 357//515
f 357//516 288//516 289//516
f 357//517 289//517 358//517
f 358//518 289//518 254//518
f 358//519 254//519 359//519
f 253//520 359//520 254//520
f 253//521 303//521 359//521
f 303//522 253//522 255//522
f 303//523 255//523 302//523
f 302//524 255//524 290//524
f 302//525 290//525 301//525
f 301//526 290//526 291//526
f 301//527 291//527 360//527
f 360//528 291//528 256//528
f 360//529 256//529 361//529
f 361//530 256//530 257//530
f 361//531 257//531 362//531
f 362//532 257//532 292//532
f 362//533 292//533 363//533
f 363//534 292//534 293//534
f 363//535 293//535 364//535
f 364//536 293//536 258//536
f 364//537 258//537 365//537
f 365//538 258//538 259//538
f 365//539 259//539 366//539
f 366//540 259//540 260//540
f 366//541 260//541 367//541
f 367//542 260//542 368//542
f 368//543 260//543 261//543
f 368//544 261//544 294//544
f 369//545 368//545 294//545
f 369//546 294//546 295//546
f 369//547 295//547 296//547
f 369//548 296//548 370//548
f 370//549 296//549 262//549
f 370//550 262//550 371//550
f 371//551 262//551 372//551
f 372//552 262//552 263//552
f 372//553 263//553 373//553
f 373//554 263//554 264//554
f 373//555 264//555 374//555
f 297//556 374//556 264//556
f 374//557 297//557 213//557
f 213//558 297//558 298//558
f 213//559 298//559 212//559
f 212//560 298//560 211//560
f 211//561 298//561 300//561
f 211//562 300//562 299//562
f 218//563 309//563 219//563
f 373//564 215//564 300//564
f 373//565 300//565 372//565
f 215//566 373//566 214//566
f 214//567 373//567 374//567
f 374//568 213//568 214//568
f 219//569 309//569 265//569
f 265//570 309//570 308//570
f 265//571 308//571 266//571
f 266//572 308//572 267//572
f 311//573 222//573 310//573
f 310//574 222//574 221//574
f 310//575 221//575 216//575
f 216//576 221//576 267//576
f 216//577 267//577 308//577
f 222//578 311//578 220//578
f 220//579 311//579 312//579
f 220//580 312//580 268//580
f 314//581 269//581 313//581
f 313//582 269//582 268//582
f 313//583 268//583 312//583
f 314//584 270//584 269//584
f 270//585 314//585 315//585
f 270//586 315//586 224//586
f 224//587 315//587 225//587
f 225//588 315//588 316//588
f 316//589 223//589 225//589
f 223//590 316//590 317//590
f 223//591 317//591 271//591
f 318//592 272//592 317//592
f 317//593 272//593 271//593
f 272//594 318//594 226//594
f 226//595 318//595 319//595
f 226//596 319//596 227//596
f 227//597 319//597 320//597
f 227//598 320//598 228//598
f 228//599 320//599 321//599
f 228//600 321//600 273//600
f 273//601 321//601 322//601
f 273//602 322//602 274//602
f 274//603 322//603 307//603
f 274//604 307//604 229//604
f 307//605 306//605 229//605
f 229//606 306//606 230//606
f 306//607 305//607 230//607
f 230//608 305//608 231//608
f 305//609 323//609 231//609
f 231//610 323//610 275//610
f 275//611 323//611 324//611
f 275//612 324//612 276//612
f 276//613 324//613 325//613
f 276//614 325//614 232//614
f 232//615 325//615 326//615
f 232//616 326//616 233//616
f 233//617 326//617 327//617
f 233//618 327//618 234//618
f 234//619 327//619 235//619
f 235//620 327//620 328//620
f 328//621 277//621 235//621
f 328//622 329//622 277//622
f 277//623 329//623 278//623
f 278//624 329//624 330//624
f 278//625 330//625 236//625
f 236//626 330//626 237//626
f 237//627 330//627 331//627
f 237//628 331//628 238//628
f 238//629 331//629 332//629
f 238//630 332//630 279//630
f 279//631 332//631 333//631
f 279//632 333//632 280//632
f 333//633 304//633 280//633
f 280//634 304//634 281//634
f 304//635 334//635 281//635
f 281//636 334//636 239//636
f 239//637 334//637 335//637
f 239//638 335//638 240//638
f 335//639 336//639 240//639
f 240//640 336//640 241//640
f 241//641 336//641 337//641
f 241//642 337//642 282//642
f 282//643 337//643 338//643
f 282//644 338//644 283//644
f 242//645 283//645 338//645
f 242//646 338//646 339//646
f 242//647 339//647 340//647
f 242//648 340//648 243//648
f 243//649 340//649 341//649
f 243//650 341//650 244//650
f 244//651 341//651 342//651
f 244//652 342//652 284//652
f 284//653 342//653 285//653
f 285//654 342//654 245//654
f 245//655 342//655 343//655
f 245//656 343//656 246//656
f 343//657 344//657 246//657
f 246//658 344//658 345//658
f 246//659 345//659 247//659
f 247//660 345//660 248//660
f 248//661 345//661 346//661
f 248//662 346//662 287//662
f 287//663 346//663 347//663
f 347//664 286//664 287//664
f 286//665 347//665 348//665
f 286//666 348//666 249//666
f 348//667 349//667 249//667
f 249//668 349//668 250//668
f 350//669 251//669 250//669
f 350//670 250//670 349//670
f 350//671 252//671 251//671
f 252//672 350//672 351//672
f 252//673 351//673 288//673
f 288//674 351//674 353//674
f 288//675 353//675 289//675
f 289//676 353//676 352//676
f 289//677 352//677 254//677
f 254//678 352//678 354//678
f 254//679 354//679 253//679
f 354//680 355//680 253//680
f 253//681 355//681 255//681
f 255//682 355//682 356//682
f 255//683 356//683 290//683
f 290//684 356//684 357//684
f 290//685 357//685 291//685
f 291//686 357//686 358//686
f 291//687 358//687 256//687
f 256//688 358//688 359//688
f 256//689 359//689 257//689
f 257//690 359//690 303//690
f 257//691 303//691 292//691
f 303//692 302//692 292//692
f 292//693 302//693 293//693
f 293//694 302//694 301//694
f 293//695 301//695 258//695
f 258//696 301//696 360//696
f 258//697 360//697 259//697
f 259//698 360//698 361//698
f 259//699 361//699 260//699
f 260//700 361//700 362//700
f 260//701 362//701 261//701
f 261//702 362//702 363//702
f 261//703 363//703 294//703
f 294//704 363//704 364//704
f 294//705 364//705 295//705
f 295//706 364//706 296//706
f 364//707 365//707 296//707
f 296//708 365//708 262//708
f 262//709 365//709 366//709
f 262//710 366//710 263//710
f 263//711 366//711 367//711
f 263//712 367//712 264//712
f 264//713 367//713 368//713
f 264//714 368//714 369//714
f 264//715 369//715 297//715
f 297//716 369//716 370//716
f 297//717 370//717 298//717
f 298//718 370//718 371//718
f 298//719 371//719 300//719
f 371//720 372//720 300//720
f 378//721 205//721 201//721
f 204//722 379//722 208//722
f 205//723 378//723 375//723
f 379//724 377//724 208//724
f 201//725 200//725 378//725
f 204//726 376//726 379//726
f 378//727 380//727 375//727
f 375//728 380//728 376//728
f 200//729 380//729 378//729
f 376//730 380//730 379//730
f 379//731 199//731 377//731
f 380//732 199//732 379//732
f 204//733 207//733 198//733
f 375//734 198//734 205//734
f 207//735 209//735 198//735
f 217//736 216//736 202//736
f 199//737 200//737 308//737
f 202//738 216//738 201//738
f 377//739 199//739 309//739
f 377//740 309//740 208//740
f 201//741 216//741 200//741
f 200//742 216//742 308//742
f 208//743 218//743 206//743
f 217//744 202//744 203//744
f 208//745 309//745 218//745
f 218//746 217//746 203//746
f 199//747 308//747 309//747
f 206//748 218//748 203//748
f 198//749 381//749 382//749
f 382//750 381//750 376//750
f 381//751 198//751 375//751
f 381//752 375//752 376//752
f 382//753 376//753 204//753
f 382//754 204//754 198//754
f 387//755 394//755 388//755
f 389//756 388//756 394//756
f 389//757 394//757 390//757
f 390//758 394//758 383//758
f 383//759 394//759 395//759
f 394//760 387//760 395//760
f 383//761 395//761 396//761
f 395//762 387//762 386//762
f 392//763 390//763 393//763
f 393//764 390//764 391//764
f 392//765 389//765 390//765
f 399//766 398//766 397//766
f 399//767 400//767 398//767
f 401//768 400//768 399//768
f 402//769 485//769 486//769
f 399//770 397//770 485//770
f 399//771 485//771 402//771
f 399//772 402//772 401//772
f 414//773 492//773 413//773
f 496//774 495//774 497//774
f 403//775 495//775 496//775
f 495//776 403//776 499//776
f 403//777 404//777 499//777
f 404//778 405//778 499//778
f 499//779 405//779 500//779
f 500//780 405//780 452//780
f 500//781 452//781 501//781
f 501//782 452//782 453//782
f 501//783 453//783 502//783
f 407//784 504//784 453//784
f 453//785 504//785 502//785
f 407//786 503//786 504//786
f 503//787 407//787 408//787
f 408//788 406//788 503//788
f 503//789 406//789 505//789
f 505//790 406//790 454//790
f 505//791 454//791 506//791
f 506//792 454//792 455//792
f 506//793 455//793 507//793
f 507//794 455//794 456//794
f 507//795 456//795 508//795
f 508//796 456//796 409//796
f 508//797 409//797 509//797
f 509//798 409//798 410//798
f 509//799 410//799 510//799
f 510//800 410//800 458//800
f 457//801 494//801 458//801
f 458//802 494//802 510//802
f 494//803 457//803 411//803
f 494//804 411//804 511//804
f 511//805 411//805 412//805
f 511//806 412//806 493//806
f 413//807 493//807 412//807
f 413//808 492//808 493//808
f 492//809 414//809 512//809
f 512//810 414//810 459//810
f 512//811 459//811 460//811
f 512//812 460//812 513//812
f 513//813 460//813 415//813
f 513//814 415//814 514//814
f 514//815 415//815 416//815
f 514//816 416//816 515//816
f 515//817 416//817 417//817
f 515//818 417//818 491//818
f 491//819 417//819 461//819
f 491//820 461//820 516//820
f 461//821 462//821 516//821
f 516//822 462//822 517//822
f 517//823 462//823 418//823
f 517//824 418//824 518//824
f 418//825 419//825 518//825
f 518//826 419//826 519//826
f 519//827 419//827 420//827
f 519//828 420//828 520//828
f 520//829 420//829 463//829
f 520//830 463//830 521//830
f 464//831 521//831 463//831
f 464//832 522//832 521//832
f 522//833 464//833 421//833
f 522//834 421//834 523//834
f 421//835 422//835 523//835
f 523//836 422//836 524//836
f 423//837 524//837 422//837
f 524//838 423//838 424//838
f 524//839 424//839 525//839
f 424//840 465//840 525//840
f 525//841 465//841 526//841
f 526//842 465//842 527//842
f 465//843 466//843 527//843
f 527//844 466//844 528//844
f 528//845 466//845 425//845
f 425//846 426//846 528//846
f 528//847 426//847 529//847
f 427//848 530//848 529//848
f 427//849 529//849 426//849
f 467//850 530//850 427//850
f 530//851 467//851 531//851
f 467//852 468//852 531//852
f 531//853 468//853 431//853
f 431//854 468//854 469//854
f 469//855 490//855 431//855
f 428//856 490//856 469//856
f 490//857 428//857 532//857
f 428//858 429//858 532//858
f 532//859 429//859 533//859
f 533//860 429//860 430//860
f 533//861 430//861 470//861
f 533//862 470//862 534//862
f 470//863 471//863 534//863
f 534//864 471//864 435//864
f 471//865 431//865 435//865
f 435//866 431//866 535//866
f 535//867 431//867 432//867
f 535//868 432//868 536//868
f 536//869 432//869 433//869
f 434//870 537//870 433//870
f 433//871 537//871 536//871
f 472//872 539//872 473//872
f 473//873 539//873 537//873
f 473//874 537//874 434//874
f 472//875 538//875 539//875
f 538//876 472//876 435//876
f 538//877 435//877 540//877
f 540//878 435//878 436//878
f 540//879 436//879 541//879
f 541//880 436//880 437//880
f 541//881 437//881 438//881
f 541//882 438//882 542//882
f 542//883 438//883 474//883
f 542//884 474//884 543//884
f 543//885 474//885 475//885
f 543//886 475//886 544//886
f 544//887 475//887 440//887
f 544//888 440//888 545//888
f 439//889 545//889 440//889
f 439//890 489//890 545//890
f 489//891 439//891 441//891
f 489//892 441//892 488//892
f 488//893 441//893 476//893
f 488//894 476//894 487//894
f 487//895 476//895 477//895
f 487//896 477//896 546//896
f 546//897 477//897 442//897
f 546//898 442//898 547//898
f 547//899 442//899 443//899
f 547//900 443//900 548//900
f 548//901 443//901 478//901
f 548//902 478//902 549//902
f 549//903 478//903 479//903
f 549//904 479//904 550//904
f 550//905 479//905 444//905
f 550//906 444//906 551//906
f 551//907 444//907 445//907
f 551//908 445//908 552//908
f 552//909 445//909 446//909
f 552//910 446//910 553//910
f 553//911 446//911 554//911
f 554//912 446//912 447//912
f 554//913 447//913 480//913
f 555//914 554//914 480//914
f 555//915 480//915 481//915
f 555//916 481//916 556//916
f 556//917 481//917 448//917
f 556//918 448//918 557//918
f 557//919 448//919 449//919
f 557//920 449//920 558//920
f 558//921 449//921 450//921
f 558//922 450//922 559//922
f 559//923 450//923 451//923
f 559//924 451//924 560//924
f 482//925 560//925 451//925
f 560//926 482//926 483//926
f 560//927 483//927 400//927
f 400//928 483//928 398//928
f 398//929 483//929 484//929
f 398//930 484//930 397//930
f 397//931 484//931 486//931
f 397//932 486//932 485//932
f 559//933 402//933 486//933
f 559//934 486//934 558//934
f 402//935 559//935 401//935
f 401//936 559//936 560//936
f 560//937 400//937 401//937
f 405//938 404//938 498//938
f 405//939 498//939 452//939
f 452//940 498//940 453//940
f 453//941 498//941 497//941
f 453//942 497//942 407//942
f 407//943 497//943 495//943
f 407//944 495//944 408//944
f 408//945 495//945 499//945
f 408//946 499//946 406//946
f 454//947 406//947 500//947
f 500//948 406//948 499//948
f 500//949 501//949 454//949
f 454//950 501//950 455//950
f 455//951 501//951 502//951
f 455//952 502//952 456//952
f 456//953 502//953 504//953
f 456//954 504//954 409//954
f 409//955 504//955 503//955
f 409//956 503//956 410//956
f 410//957 503//957 505//957
f 410//958 505//958 458//958
f 458//959 505//959 457//959
f 457//960 505//960 506//960
f 457//961 506//961 411//961
f 411//962 506//962 507//962
f 411//963 507//963 412//963
f 412//964 507//964 508//964
f 412//965 508//965 509//965
f 412//966 509//966 413//966
f 413//967 509//967 414//967
f 414//968 509//968 510//968
f 414//969 510//969 459//969
f 459//970 510//970 494//970
f 459//971 494//971 460//971
f 460//972 494//972 511//972
f 460//973 511//973 415//973
f 415//974 511//974 493//974
f 415//975 493//975 416//975
f 416//976 493//976 492//976
f 416//977 492//977 417//977
f 417//978 492//978 461//978
f 461//979 492//979 512//979
f 461//980 512//980 462//980
f 462//981 512//981 513//981
f 462//982 513//982 418//982
f 418//983 513//983 419//983
f 419//984 513//984 514//984
f 419//985 514//985 420//985
f 420//986 514//986 515//986
f 515//987 491//987 420//987
f 420//988 491//988 463//988
f 463//989 491//989 516//989
f 463//990 516//990 464//990
f 464//991 516//991 517//991
f 464//992 517//992 421//992
f 421//993 517//993 518//993
f 518//994 422//994 421//994
f 519//995 423//995 422//995
f 519//996 422//996 518//996
f 423//997 519//997 520//997
f 423//998 520//998 424//998
f 424//999 520//999 465//999
f 465//1000 520//1000 521//1000
f 465//1001 521//1001 522//1001
f 465//1002 522//1002 466//1002
f 466//1003 522//1003 523//1003
f 466//1004 523//1004 425//1004
f 524//1005 425//1005 523//1005
f 425//1006 524//1006 426//1006
f 426//1007 524//1007 427//1007
f 524//1008 525//1008 427//1008
f 427//1009 525//1009 467//1009
f 467//1010 525//1010 526//1010
f 467//1011 526//1011 468//1011
f 468//1012 526//1012 527//1012
f 468//1013 527//1013 469//1013
f 469//1014 527//1014 528//1014
f 469//1015 528//1015 428//1015
f 428//1016 528//1016 529//1016
f 429//1017 428//1017 529//1017
f 429//1018 529//1018 530//1018
f 429//1019 530//1019 430//1019
f 430//1020 530//1020 470//1020
f 470//1021 530//1021 531//1021
f 470//1022 531//1022 471//1022
f 471//1023 531//1023 431//1023
f 431//1024 490//1024 432//1024
f 490//1025 532//1025 432//1025
f 532//1026 433//1026 432//1026
f 433//1027 532//1027 434//1027
f 434//1028 532//1028 533//1028
f 434//1029 533//1029 473//1029
f 533//1030 534//1030 473//1030
f 534//1031 472//1031 473//1031
f 472//1032 534//1032 435//1032
f 435//1033 535//1033 436//1033
f 536//1034 437//1034 436//1034
f 536//1035 436//1035 535//1035
f 536//1036 438//1036 437//1036
f 438//1037 536//1037 537//1037
f 438//1038 537//1038 474//1038
f 474//1039 537//1039 539//1039
f 474//1040 539//1040 475//1040
f 475//1041 539//1041 538//1041
f 475//1042 538//1042 440//1042
f 440//1043 538//1043 540//1043
f 440//1044 540//1044 439//1044
f 540//1045 541//1045 439//1045
f 439//1046 541//1046 441//1046
f 441//1047 541//1047 542//1047
f 441//1048 542//1048 476//1048
f 476//1049 542//1049 543//1049
f 476//1050 543//1050 477//1050
f 477//1051 543//1051 544//1051
f 477//1052 544//1052 442//1052
f 442//1053 544//1053 545//1053
f 442//1054 545//1054 443//1054
f 443//1055 545//1055 489//1055
f 443//1056 489//1056 478//1056
f 489//1057 488//1057 478//1057
f 478//1058 488//1058 479//1058
f 479//1059 488//1059 487//1059
f 479//1060 487//1060 444//1060
f 444//1061 487//1061 546//1061
f 444//1062 546//1062 445//1062
f 445//1063 546//1063 547//1063
f 445//1064 547//1064 446//1064
f 446//1065 547//1065 548//1065
f 446//1066 548//1066 447//1066
f 447//1067 548//1067 549//1067
f 447//1068 549//1068 480//1068
f 480//1069 549//1069 550//1069
f 480//1070 550//1070 481//1070
f 481//1071 550//1071 448//1071
f 550//1072 551//1072 448//1072
f 448//1073 551//1073 552//1073
f 448//1074 552//1074 449//1074
f 449//1075 552//1075 553//1075
f 449//1076 553//1076 450//1076
f 450//1077 553//1077 451//1077
f 451//1078 553//1078 554//1078
f 451//1079 554//1079 482//1079
f 482//1080 554//1080 555//1080
f 482//1081 555//1081 483//1081
f 483//1082 555//1082 556//1082
f 483//1083 556//1083 484//1083
f 484//1084 556//1084 557//1084
f 484//1085 557//1085 486//1085
f 557//1086 558//1086 486//1086
f 396//1087 395//1087 386//1087
f 391//1088 563//1088 393//1088
f 386//1089 385//1089 396//1089
f 396//1090 385//1090 561//1090
f 562//1091 564//1091 391//1091
f 561//1092 564//1092 562//1092
f 391//1093 564//1093 563//1093
f 385//1094 384//1094 561//1094
f 561//1095 384//1095 564//1095
f 396//1096 561//1096 565//1096
f 565//1097 561//1097 562//1097
f 387//1098 496//1098 386//1098
f 384//1099 385//1099 497//1099
f 403//1100 387//1100 388//1100
f 563//1101 384//1101 498//1101
f 387//1102 403//1102 496//1102
f 563//1103 498//1103 393//1103
f 393//1104 404//1104 392//1104
f 386//1105 496//1105 385//1105
f 498//1106 404//1106 393//1106
f 404//1107 403//1107 388//1107
f 385//1108 496//1108 497//1108
f 497//1109 498//1109 384//1109
f 392//1110 404//1110 388//1110
f 388//1111 389//1111 392//1111
f 563//1112 564//1112 384//1112
f 396//1113 565//1113 566//1113
f 566//1114 565//1114 567//1114
f 566//1115 390//1115 383//1115
f 566//1116 383//1116 396//1116
f 567//1117 565//1117 562//1117
f 567//1118 562//1118 391//1118
f 567//1119 391//1119 566//1119
f 566//1120 391//1120 390//1120
f 570//1121 571//1121 572//1121
f 578//1122 574//1122 577//1122
f 577//1123 579//1123 578//1123
f 577//1124 574//1124 575//1124
f 580//1125 577//1125 575//1125
f 575//1126 574//1126 573//1126
f 575//1127 573//1127 576//1127
f 576//1128 573//1128 571//1128
f 573//1129 572//1129 571//1129
f 579//1130 577//1130 580//1130
f 584//1131 581//1131 583//1131
f 583//1132 586//1132 584//1132
f 585//1133 586//1133 583//1133
f 585//1134 587//1134 586//1134
f 587//1135 585//1135 588//1135
f 582//1136 588//1136 585//1136
f 588//1137 582//1137 673//1137
f 583//1138 582//1138 585//1138
f 582//1139 583//1139 581//1139
f 684//1140 683//1140 589//1140
f 673//1141 582//1141 581//1141
f 590//1142 682//1142 589//1142
f 682//1143 590//1143 592//1143
f 682//1144 592//1144 685//1144
f 685//1145 592//1145 591//1145
f 685//1146 591//1146 686//1146
f 686//1147 591//1147 640//1147
f 686//1148 640//1148 687//1148
f 687//1149 640//1149 641//1149
f 687//1150 641//1150 688//1150
f 688//1151 641//1151 642//1151
f 688//1152 642//1152 594//1152
f 688//1153 594//1153 689//1153
f 689//1154 594//1154 690//1154
f 690//1155 594//1155 595//1155
f 690//1156 595//1156 593//1156
f 690//1157 593//1157 691//1157
f 691//1158 593//1158 692//1158
f 692//1159 593//1159 643//1159
f 692//1160 643//1160 693//1160
f 693//1161 643//1161 644//1161
f 693//1162 644//1162 694//1162
f 694//1163 644//1163 597//1163
f 598//1164 681//1164 597//1164
f 597//1165 681//1165 694//1165
f 681//1166 598//1166 695//1166
f 695//1167 598//1167 596//1167
f 695//1168 596//1168 646//1168
f 695//1169 646//1169 680//1169
f 680//1170 646//1170 645//1170
f 680//1171 645//1171 679//1171
f 679//1172 645//1172 599//1172
f 679//1173 599//1173 600//1173
f 679//1174 600//1174 696//1174
f 601//1175 696//1175 600//1175
f 601//1176 697//1176 696//1176
f 602//1177 697//1177 601//1177
f 647//1178 697//1178 602//1178
f 697//1179 647//1179 698//1179
f 698//1180 647//1180 699//1180
f 699//1181 647//1181 648//1181
f 699//1182 648//1182 603//1182
f 699//1183 603//1183 700//1183
f 700//1184 603//1184 604//1184
f 700//1185 604//1185 701//1185
f 701//1186 604//1186 605//1186
f 701//1187 605//1187 702//1187
f 702//1188 605//1188 703//1188
f 703//1189 605//1189 649//1189
f 703//1190 649//1190 704//1190
f 649//1191 650//1191 704//1191
f 704//1192 650//1192 705//1192
f 705//1193 650//1193 606//1193
f 705//1194 606//1194 706//1194
f 606//1195 607//1195 706//1195
f 706//1196 607//1196 707//1196
f 707//1197 607//1197 608//1197
f 707//1198 608//1198 609//1198
f 707//1199 609//1199 708//1199
f 708//1200 609//1200 651//1200
f 708//1201 651//1201 678//1201
f 678//1202 651//1202 652//1202
f 678//1203 652//1203 709//1203
f 709//1204 652//1204 610//1204
f 709//1205 610//1205 710//1205
f 710//1206 610//1206 711//1206
f 610//1207 611//1207 711//1207
f 711//1208 611//1208 612//1208
f 711//1209 612//1209 712//1209
f 712//1210 612//1210 613//1210
f 712//1211 613//1211 653//1211
f 712//1212 653//1212 713//1212
f 713//1213 653//1213 654//1213
f 713//1214 654//1214 714//1214
f 714//1215 654//1215 614//1215
f 714//1216 614//1216 715//1216
f 614//1217 615//1217 715//1217
f 715//1218 615//1218 716//1218
f 716//1219 615//1219 616//1219
f 716//1220 616//1220 717//1220
f 717//1221 616//1221 655//1221
f 717//1222 655//1222 718//1222
f 718//1223 655//1223 656//1223
f 718//1224 656//1224 617//1224
f 718//1225 617//1225 677//1225
f 677//1226 617//1226 618//1226
f 618//1227 719//1227 677//1227
f 719//1228 618//1228 619//1228
f 719//1229 619//1229 720//1229
f 720//1230 619//1230 657//1230
f 720//1231 657//1231 721//1231
f 721//1232 657//1232 658//1232
f 721//1233 658//1233 722//1233
f 658//1234 659//1234 722//1234
f 722//1235 659//1235 620//1235
f 722//1236 620//1236 723//1236
f 723//1237 620//1237 621//1237
f 723//1238 621//1238 724//1238
f 724//1239 621//1239 622//1239
f 724//1240 622//1240 726//1240
f 660//1241 727//1241 725//1241
f 660//1242 725//1242 661//1242
f 661//1243 725//1243 622//1243
f 622//1244 725//1244 726//1244
f 727//1245 660//1245 623//1245
f 727//1246 623//1246 728//1246
f 728//1247 623//1247 624//1247
f 728//1248 624//1248 729//1248
f 729//1249 624//1249 625//1249
f 729//1250 625//1250 730//1250
f 730//1251 625//1251 626//1251
f 730//1252 626//1252 731//1252
f 731//1253 626//1253 662//1253
f 731//1254 662//1254 732//1254
f 732//1255 662//1255 663//1255
f 732//1256 663//1256 630//1256
f 630//1257 663//1257 628//1257
f 630//1258 628//1258 733//1258
f 627//1259 733//1259 628//1259
f 627//1260 676//1260 733//1260
f 676//1261 627//1261 629//1261
f 676//1262 629//1262 675//1262
f 675//1263 629//1263 664//1263
f 675//1264 664//1264 674//1264
f 674//1265 664//1265 665//1265
f 674//1266 665//1266 734//1266
f 734//1267 665//1267 630//1267
f 734//1268 630//1268 631//1268
f 734//1269 631//1269 735//1269
f 735//1270 631//1270 632//1270
f 735//1271 632//1271 736//1271
f 736//1272 632//1272 666//1272
f 736//1273 666//1273 737//1273
f 737//1274 666//1274 667//1274
f 737//1275 667//1275 738//1275
f 738//1276 667//1276 633//1276
f 738//1277 633//1277 739//1277
f 739//1278 633//1278 634//1278
f 739//1279 634//1279 740//1279
f 740//1280 634//1280 635//1280
f 740//1281 635//1281 741//1281
f 741//1282 635//1282 742//1282
f 742//1283 635//1283 636//1283
f 742//1284 636//1284 668//1284
f 743//1285 742//1285 668//1285
f 743//1286 668//1286 669//1286
f 743//1287 669//1287 670//1287
f 743//1288 670//1288 744//1288
f 744//1289 670//1289 637//1289
f 744//1290 637//1290 745//1290
f 745//1291 637//1291 638//1291
f 745//1292 638//1292 746//1292
f 746//1293 638//1293 639//1293
f 746//1294 639//1294 587//1294
f 671//1295 587//1295 639//1295
f 587//1296 671//1296 586//1296
f 586//1297 671//1297 584//1297
f 584//1298 671//1298 672//1298
f 584//1299 672//1299 581//1299
f 581//1300 672//1300 673//1300
f 746//1301 588//1301 673//1301
f 587//1302 588//1302 746//1302
f 591//1303 683//1303 640//1303
f 640//1304 683//1304 641//1304
f 641//1305 683//1305 642//1305
f 642//1306 683//1306 684//1306
f 642//1307 684//1307 594//1307
f 594//1308 684//1308 589//1308
f 589//1309 682//1309 594//1309
f 594//1310 682//1310 595//1310
f 595//1311 682//1311 685//1311
f 595//1312 685//1312 593//1312
f 593//1313 685//1313 686//1313
f 593//1314 686//1314 643//1314
f 687//1315 643//1315 686//1315
f 687//1316 644//1316 643//1316
f 688//1317 644//1317 687//1317
f 688//1318 597//1318 644//1318
f 597//1319 688//1319 689//1319
f 597//1320 689//1320 690//1320
f 597//1321 690//1321 598//1321
f 598//1322 690//1322 691//1322
f 598//1323 691//1323 596//1323
f 596//1324 691//1324 692//1324
f 596//1325 692//1325 646//1325
f 646//1326 692//1326 645//1326
f 645//1327 692//1327 693//1327
f 645//1328 693//1328 599//1328
f 599//1329 693//1329 694//1329
f 599//1330 694//1330 600//1330
f 600//1331 694//1331 601//1331
f 601//1332 694//1332 681//1332
f 601//1333 681//1333 602//1333
f 602//1334 681//1334 695//1334
f 602//1335 695//1335 647//1335
f 647//1336 695//1336 680//1336
f 647//1337 680//1337 648//1337
f 680//1338 679//1338 648//1338
f 648//1339 679//1339 603//1339
f 603//1340 679//1340 696//1340
f 603//1341 696//1341 604//1341
f 604//1342 696//1342 697//1342
f 604//1343 697//1343 605//1343
f 605//1344 697//1344 649//1344
f 649//1345 697//1345 698//1345
f 649//1346 698//1346 699//1346
f 649//1347 699//1347 650//1347
f 650//1348 699//1348 606//1348
f 606//1349 699//1349 700//1349
f 606//1350 700//1350 607//1350
f 607//1351 700//1351 701//1351
f 607//1352 701//1352 608//1352
f 608//1353 701//1353 702//1353
f 608//1354 702//1354 609//1354
f 609//1355 702//1355 703//1355
f 609//1356 703//1356 651//1356
f 651//1357 703//1357 652//1357
f 652//1358 703//1358 704//1358
f 652//1359 704//1359 705//1359
f 652//1360 705//1360 610//1360
f 610//1361 705//1361 706//1361
f 610//1362 706//1362 611//1362
f 611//1363 706//1363 707//1363
f 611//1364 707//1364 612//1364
f 612//1365 707//1365 613//1365
f 613//1366 707//1366 708//1366
f 613//1367 708//1367 653//1367
f 708//1368 678//1368 653//1368
f 653//1369 678//1369 654//1369
f 678//1370 709//1370 654//1370
f 654//1371 709//1371 710//1371
f 654//1372 710//1372 614//1372
f 711//1373 614//1373 710//1373
f 614//1374 711//1374 615//1374
f 615//1375 711//1375 616//1375
f 711//1376 712//1376 616//1376
f 712//1377 713//1377 616//1377
f 616//1378 713//1378 655//1378
f 655//1379 713//1379 656//1379
f 656//1380 713//1380 714//1380
f 714//1381 617//1381 656//1381
f 715//1382 618//1382 617//1382
f 715//1383 617//1383 714//1383
f 715//1384 716//1384 618//1384
f 619//1385 618//1385 716//1385
f 619//1386 716//1386 717//1386
f 619//1387 717//1387 657//1387
f 657//1388 717//1388 658//1388
f 658//1389 717//1389 718//1389
f 658//1390 718//1390 659//1390
f 659//1391 718//1391 677//1391
f 659//1392 677//1392 620//1392
f 677//1393 719//1393 620//1393
f 620//1394 719//1394 621//1394
f 621//1395 719//1395 622//1395
f 622//1396 719//1396 720//1396
f 622//1397 720//1397 661//1397
f 661//1398 720//1398 721//1398
f 661//1399 721//1399 722//1399
f 722//1400 660//1400 661//1400
f 660//1401 722//1401 623//1401
f 722//1402 723//1402 623//1402
f 623//1403 723//1403 624//1403
f 726//1404 625//1404 724//1404
f 724//1405 625//1405 624//1405
f 724//1406 624//1406 723//1406
f 726//1407 626//1407 625//1407
f 626//1408 726//1408 662//1408
f 726//1409 725//1409 662//1409
f 662//1410 725//1410 663//1410
f 725//1411 727//1411 663//1411
f 663//1412 727//1412 728//1412
f 663//1413 728//1413 628//1413
f 628//1414 728//1414 729//1414
f 628//1415 729//1415 627//1415
f 627//1416 729//1416 629//1416
f 629//1417 729//1417 730//1417
f 629//1418 730//1418 731//1418
f 629//1419 731//1419 664//1419
f 664//1420 731//1420 732//1420
f 664//1421 732//1421 665//1421
f 665//1422 732//1422 630//1422
f 630//1423 733//1423 631//1423
f 631//1424 733//1424 632//1424
f 632//1425 733//1425 676//1425
f 632//1426 676//1426 666//1426
f 676//1427 675//1427 666//1427
f 666//1428 675//1428 667//1428
f 667//1429 675//1429 674//1429
f 667//1430 674//1430 633//1430
f 633//1431 674//1431 734//1431
f 633//1432 734//1432 634//1432
f 634//1433 734//1433 735//1433
f 634//1434 735//1434 635//1434
f 635//1435 735//1435 736//1435
f 635//1436 736//1436 636//1436
f 636//1437 736//1437 737//1437
f 636//1438 737//1438 668//1438
f 668//1439 737//1439 738//1439
f 668//1440 738//1440 669//1440
f 669//1441 738//1441 670//1441
f 738//1442 739//1442 670//1442
f 670//1443 739//1443 637//1443
f 637//1444 739//1444 740//1444
f 637//1445 740//1445 638//1445
f 638//1446 740//1446 741//1446
f 638//1447 741//1447 639//1447
f 639//1448 741//1448 742//1448
f 639//1449 742//1449 743//1449
f 639//1450 743//1450 671//1450
f 671//1451 743//1451 744//1451
f 671//1452 744//1452 672//1452
f 672//1453 744//1453 745//1453
f 672//1454 745//1454 673//1454
f 673//1455 745//1455 746//1455
f 580//1456 748//1456 749//1456
f 580//1457 749//1457 579//1457
f 576//1458 571//1458 747//1458
f 571//1459 570//1459 747//1459
f 747//1460 750//1460 748//1460
f 748//1461 750//1461 749//1461
f 570//1462 569//1462 747//1462
f 747//1463 569//1463 750//1463
f 751//1464 748//1464 580//1464
f 568//1465 575//1465 576//1465
f 580//1466 575//1466 751//1466
f 751//1467 575//1467 568//1467
f 590//1468 572//1468 573//1468
f 749//1469 683//1469 591//1469
f 569//1470 570//1470 683//1470
f 590//1471 573//1471 574//1471
f 749//1472 569//1472 683//1472
f 749//1473 591//1473 579//1473
f 572//1474 590//1474 589//1474
f 592//1475 590//1475 574//1475
f 579//1476 591//1476 578//1476
f 591//1477 592//1477 578//1477
f 578//1478 592//1478 574//1478
f 572//1479 589//1479 570//1479
f 570//1480 589//1480 683//1480
f 749//1481 750//1481 569//1481
f 568//1482 752//1482 753//1482
f 753//1483 752//1483 748//1483
f 753//1484 751//1484 568//1484
f 752//1485 568//1485 576//1485
f 752//1486 576//1486 747//1486
f 752//1487 747//1487 748//1487
f 753//1488 748//1488 751//1488
f 755//1489 936//1489 756//1489
f 757//1490 766//1490 758//1490
f 763//1491 764//1491 762//1491
f 764//1492 763//1492 937//1492
f 759//1493 765//1493 760//1493
f 760//1494 765//1494 754//1494
f 759//1495 758//1495 765//1495
f 754//1496 765//1496 766//1496
f 754//1497 766//1497 761//1497
f 760//1498 763//1498 762//1498
f 760//1499 762//1499 759//1499
f 765//1500 758//1500 766//1500
f 757//1501 761//1501 766//1501
f 769//1502 768//1502 767//1502
f 769//1503 770//1503 768//1503
f 771//1504 770//1504 769//1504
f 772//1505 855//1505 856//1505
f 769//1506 767//1506 855//1506
f 769//1507 855//1507 772//1507
f 769//1508 772//1508 771//1508
f 865//1509 866//1509 864//1509
f 773//1510 863//1510 864//1510
f 864//1511 863//1511 865//1511
f 863//1512 773//1512 774//1512
f 863//1513 774//1513 867//1513
f 867//1514 774//1514 775//1514
f 867//1515 775//1515 868//1515
f 868//1516 775//1516 821//1516
f 868//1517 821//1517 869//1517
f 869//1518 821//1518 822//1518
f 869//1519 822//1519 870//1519
f 870//1520 822//1520 777//1520
f 870//1521 777//1521 871//1521
f 871//1522 777//1522 778//1522
f 871//1523 778//1523 872//1523
f 872//1524 778//1524 779//1524
f 779//1525 776//1525 873//1525
f 873//1526 776//1526 823//1526
f 873//1527 823//1527 874//1527
f 874//1528 823//1528 824//1528
f 874//1529 824//1529 875//1529
f 875//1530 824//1530 780//1530
f 875//1531 780//1531 876//1531
f 876//1532 780//1532 781//1532
f 876//1533 781//1533 877//1533
f 877//1534 781//1534 782//1534
f 877//1535 782//1535 878//1535
f 878//1536 782//1536 826//1536
f 825//1537 862//1537 826//1537
f 826//1538 862//1538 878//1538
f 862//1539 825//1539 783//1539
f 862//1540 783//1540 879//1540
f 783//1541 880//1541 879//1541
f 784//1542 880//1542 783//1542
f 784//1543 861//1543 880//1543
f 785//1544 861//1544 784//1544
f 861//1545 785//1545 881//1545
f 881//1546 785//1546 786//1546
f 881//1547 786//1547 882//1547
f 882//1548 786//1548 827//1548
f 882//1549 827//1549 883//1549
f 883//1550 827//1550 828//1550
f 883//1551 828//1551 884//1551
f 884//1552 828//1552 787//1552
f 884//1553 787//1553 885//1553
f 885//1554 787//1554 788//1554
f 885//1555 788//1555 886//1555
f 886//1556 788//1556 789//1556
f 886//1557 789//1557 887//1557
f 887//1558 789//1558 829//1558
f 887//1559 829//1559 832//1559
f 832//1560 829//1560 888//1560
f 888//1561 829//1561 830//1561
f 888//1562 830//1562 790//1562
f 888//1563 790//1563 889//1563
f 790//1564 791//1564 889//1564
f 889//1565 791//1565 890//1565
f 890//1566 791//1566 792//1566
f 890//1567 792//1567 891//1567
f 891//1568 792//1568 893//1568
f 893//1569 792//1569 831//1569
f 892//1570 893//1570 831//1570
f 831//1571 832//1571 892//1571
f 892//1572 832//1572 793//1572
f 892//1573 793//1573 894//1573
f 793//1574 794//1574 894//1574
f 894//1575 794//1575 895//1575
f 795//1576 895//1576 794//1576
f 795//1577 896//1577 895//1577
f 796//1578 896//1578 795//1578
f 896//1579 796//1579 897//1579
f 897//1580 796//1580 833//1580
f 897//1581 833//1581 834//1581
f 897//1582 834//1582 898//1582
f 834//1583 835//1583 898//1583
f 898//1584 835//1584 899//1584
f 797//1585 899//1585 835//1585
f 900//1586 899//1586 797//1586
f 900//1587 797//1587 798//1587
f 900//1588 798//1588 901//1588
f 836//1589 901//1589 798//1589
f 837//1590 902//1590 901//1590
f 837//1591 901//1591 836//1591
f 838//1592 902//1592 837//1592
f 799//1593 860//1593 838//1593
f 838//1594 860//1594 902//1594
f 860//1595 799//1595 903//1595
f 903//1596 799//1596 800//1596
f 800//1597 801//1597 903//1597
f 903//1598 801//1598 904//1598
f 839//1599 904//1599 801//1599
f 840//1600 905//1600 906//1600
f 840//1601 906//1601 839//1601
f 839//1602 906//1602 904//1602
f 840//1603 841//1603 905//1603
f 905//1604 841//1604 907//1604
f 907//1605 841//1605 802//1605
f 907//1606 802//1606 908//1606
f 908//1607 802//1607 803//1607
f 908//1608 803//1608 910//1608
f 804//1609 911//1609 843//1609
f 843//1610 911//1610 909//1610
f 843//1611 909//1611 842//1611
f 842//1612 909//1612 910//1612
f 842//1613 910//1613 803//1613
f 911//1614 804//1614 912//1614
f 912//1615 804//1615 805//1615
f 912//1616 805//1616 913//1616
f 913//1617 805//1617 806//1617
f 913//1618 806//1618 807//1618
f 913//1619 807//1619 914//1619
f 914//1620 807//1620 844//1620
f 914//1621 844//1621 915//1621
f 915//1622 844//1622 845//1622
f 915//1623 845//1623 916//1623
f 916//1624 845//1624 809//1624
f 916//1625 809//1625 917//1625
f 808//1626 917//1626 809//1626
f 808//1627 859//1627 917//1627
f 859//1628 808//1628 810//1628
f 859//1629 810//1629 858//1629
f 858//1630 810//1630 846//1630
f 858//1631 846//1631 857//1631
f 857//1632 846//1632 847//1632
f 857//1633 847//1633 918//1633
f 918//1634 847//1634 811//1634
f 918//1635 811//1635 919//1635
f 919//1636 811//1636 812//1636
f 919//1637 812//1637 920//1637
f 920//1638 812//1638 848//1638
f 920//1639 848//1639 921//1639
f 921//1640 848//1640 922//1640
f 922//1641 848//1641 849//1641
f 922//1642 849//1642 923//1642
f 923//1643 849//1643 813//1643
f 923//1644 813//1644 924//1644
f 924//1645 813//1645 814//1645
f 924//1646 814//1646 819//1646
f 819//1647 814//1647 815//1647
f 819//1648 815//1648 925//1648
f 925//1649 815//1649 816//1649
f 925//1650 816//1650 926//1650
f 926//1651 816//1651 850//1651
f 927//1652 926//1652 850//1652
f 927//1653 850//1653 851//1653
f 927//1654 851//1654 928//1654
f 928//1655 851//1655 817//1655
f 928//1656 817//1656 929//1656
f 929//1657 817//1657 818//1657
f 929//1658 818//1658 819//1658
f 929//1659 819//1659 930//1659
f 930//1660 819//1660 820//1660
f 930//1661 820//1661 931//1661
f 931//1662 820//1662 932//1662
f 852//1663 932//1663 820//1663
f 932//1664 852//1664 853//1664
f 932//1665 853//1665 770//1665
f 770//1666 853//1666 768//1666
f 768//1667 853//1667 854//1667
f 768//1668 854//1668 767//1668
f 767//1669 854//1669 856//1669
f 767//1670 856//1670 855//1670
f 931//1671 772//1671 856//1671
f 931//1672 856//1672 930//1672
f 772//1673 931//1673 771//1673
f 771//1674 931//1674 932//1674
f 932//1675 770//1675 771//1675
f 821//1676 775//1676 866//1676
f 821//1677 866//1677 822//1677
f 865//1678 822//1678 866//1678
f 822//1679 865//1679 777//1679
f 777//1680 865//1680 863//1680
f 777//1681 863//1681 778//1681
f 778//1682 863//1682 867//1682
f 778//1683 867//1683 779//1683
f 779//1684 867//1684 776//1684
f 776//1685 867//1685 868//1685
f 776//1686 868//1686 823//1686
f 823//1687 868//1687 869//1687
f 823//1688 869//1688 824//1688
f 824//1689 869//1689 870//1689
f 824//1690 870//1690 780//1690
f 780//1691 870//1691 871//1691
f 780//1692 871//1692 781//1692
f 781//1693 871//1693 872//1693
f 781//1694 872//1694 782//1694
f 782//1695 872//1695 779//1695
f 782//1696 779//1696 873//1696
f 782//1697 873//1697 826//1697
f 826//1698 873//1698 825//1698
f 873//1699 874//1699 825//1699
f 825//1700 874//1700 875//1700
f 825//1701 875//1701 783//1701
f 783//1702 875//1702 876//1702
f 783//1703 876//1703 784//1703
f 784//1704 876//1704 877//1704
f 784//1705 877//1705 785//1705
f 785//1706 877//1706 786//1706
f 786//1707 877//1707 878//1707
f 786//1708 878//1708 827//1708
f 827//1709 878//1709 862//1709
f 827//1710 862//1710 828//1710
f 828//1711 862//1711 879//1711
f 828//1712 879//1712 787//1712
f 787//1713 879//1713 880//1713
f 787//1714 880//1714 788//1714
f 788//1715 880//1715 861//1715
f 788//1716 861//1716 881//1716
f 788//1717 881//1717 789//1717
f 789//1718 881//1718 829//1718
f 829//1719 881//1719 882//1719
f 829//1720 882//1720 883//1720
f 829//1721 883//1721 830//1721
f 830//1722 883//1722 884//1722
f 830//1723 884//1723 790//1723
f 790//1724 884//1724 885//1724
f 790//1725 885//1725 791//1725
f 791//1726 885//1726 886//1726
f 791//1727 886//1727 792//1727
f 792//1728 886//1728 831//1728
f 886//1729 887//1729 831//1729
f 831//1730 887//1730 832//1730
f 832//1731 888//1731 793//1731
f 793//1732 888//1732 889//1732
f 793//1733 889//1733 794//1733
f 794//1734 889//1734 890//1734
f 794//1735 890//1735 795//1735
f 795//1736 890//1736 891//1736
f 795//1737 891//1737 796//1737
f 796//1738 891//1738 893//1738
f 796//1739 893//1739 833//1739
f 833//1740 893//1740 834//1740
f 834//1741 893//1741 892//1741
f 834//1742 892//1742 835//1742
f 835//1743 892//1743 894//1743
f 835//1744 894//1744 797//1744
f 797//1745 894//1745 895//1745
f 797//1746 895//1746 798//1746
f 798//1747 895//1747 896//1747
f 798//1748 896//1748 836//1748
f 836//1749 896//1749 897//1749
f 897//1750 837//1750 836//1750
f 837//1751 897//1751 838//1751
f 897//1752 898//1752 838//1752
f 838//1753 898//1753 899//1753
f 900//1754 799//1754 899//1754
f 899//1755 799//1755 838//1755
f 900//1756 800//1756 799//1756
f 800//1757 900//1757 801//1757
f 801//1758 900//1758 901//1758
f 801//1759 901//1759 839//1759
f 839//1760 901//1760 840//1760
f 840//1761 901//1761 902//1761
f 840//1762 902//1762 841//1762
f 841//1763 902//1763 860//1763
f 841//1764 860//1764 802//1764
f 903//1765 803//1765 802//1765
f 903//1766 802//1766 860//1766
f 803//1767 903//1767 904//1767
f 803//1768 904//1768 842//1768
f 842//1769 904//1769 906//1769
f 842//1770 906//1770 843//1770
f 905//1771 843//1771 906//1771
f 843//1772 905//1772 804//1772
f 804//1773 905//1773 907//1773
f 804//1774 907//1774 805//1774
f 910//1775 806//1775 908//1775
f 908//1776 806//1776 805//1776
f 908//1777 805//1777 907//1777
f 910//1778 807//1778 806//1778
f 807//1779 910//1779 844//1779
f 910//1780 909//1780 844//1780
f 844//1781 909//1781 845//1781
f 909//1782 911//1782 845//1782
f 845//1783 911//1783 809//1783
f 809//1784 911//1784 912//1784
f 809//1785 912//1785 808//1785
f 912//1786 913//1786 808//1786
f 808//1787 913//1787 810//1787
f 810//1788 913//1788 914//1788
f 810//1789 914//1789 846//1789
f 846//1790 914//1790 915//1790
f 846//1791 915//1791 847//1791
f 847//1792 915//1792 916//1792
f 847//1793 916//1793 811//1793
f 811//1794 916//1794 917//1794
f 811//1795 917//1795 812//1795
f 812//1796 917//1796 859//1796
f 812//1797 859//1797 848//1797
f 859//1798 858//1798 848//1798
f 848//1799 858//1799 849//1799
f 849//1800 858//1800 857//1800
f 849//1801 857//1801 813//1801
f 813//1802 857//1802 918//1802
f 813//1803 918//1803 814//1803
f 814//1804 918//1804 919//1804
f 814//1805 919//1805 815//1805
f 815//1806 919//1806 920//1806
f 815//1807 920//1807 816//1807
f 816//1808 920//1808 921//1808
f 816//1809 921//1809 850//1809
f 850//1810 921//1810 922//1810
f 850//1811 922//1811 851//1811
f 851//1812 922//1812 923//1812
f 851//1813 923//1813 817//1813
f 923//1814 924//1814 817//1814
f 817//1815 924//1815 818//1815
f 818//1816 924//1816 819//1816
f 819//1817 925//1817 820//1817
f 820//1818 925//1818 926//1818
f 820//1819 926//1819 852//1819
f 852//1820 926//1820 927//1820
f 852//1821 927//1821 853//1821
f 853//1822 927//1822 928//1822
f 853//1823 928//1823 854//1823
f 854//1824 928//1824 929//1824
f 854//1825 929//1825 856//1825
f 929//1826 930//1826 856//1826
f 933//1827 935//1827 934//1827
f 763//1828 934//1828 937//1828
f 761//1829 757//1829 756//1829
f 761//1830 756//1830 933//1830
f 933//1831 936//1831 935//1831
f 934//1832 935//1832 937//1832
f 756//1833 936//1833 933//1833
f 937//1834 935//1834 755//1834
f 936//1835 755//1835 935//1835
f 938//1836 763//1836 760//1836
f 938//1837 934//1837 763//1837
f 939//1838 761//1838 933//1838
f 933//1839 934//1839 938//1839
f 754//1840 761//1840 939//1840
f 773//1841 864//1841 757//1841
f 755//1842 756//1842 866//1842
f 937//1843 866//1843 775//1843
f 937//1844 755//1844 866//1844
f 937//1845 775//1845 764//1845
f 757//1846 864//1846 756//1846
f 773//1847 757//1847 758//1847
f 756//1848 864//1848 866//1848
f 764//1849 774//1849 762//1849
f 773//1850 758//1850 759//1850
f 764//1851 775//1851 774//1851
f 759//1852 774//1852 773//1852
f 762//1853 774//1853 759//1853
f 939//1854 940//1854 941//1854
f 941//1855 940//1855 938//1855
f 941//1856 760//1856 754//1856
f 941//1857 754//1857 939//1857
f 940//1858 939//1858 933//1858
f 940//1859 933//1859 938//1859
f 941//1860 938//1860 760//1860
f 944//1861 961//1861 943//1861
f 944//1862 943//1862 945//1862
f 945//1863 943//1863 942//1863
f 945//1864 942//1864 946//1864
f 946//1865 942//1865 967//1865
f 946//1866 967//1866 947//1866
f 956//1867 949//1867 950//1867
f 950//1868 949//1868 951//1868
f 950//1869 951//1869 952//1869
f 952//1870 951//1870 953//1870
f 953//1871 951//1871 954//1871
f 953//1872 954//1872 955//1872
f 955//1873 954//1873 949//1873
f 955//1874 949//1874 956//1874
f 947//1875 967//1875 957//1875
f 947//1876 957//1876 958//1876
f 958//1877 957//1877 959//1877
f 959//1878 957//1878 960//1878
f 959//1879 960//1879 961//1879
f 959//1880 961//1880 944//1880
f 966//1881 947//1881 962//1881
f 962//1882 947//1882 958//1882
f 962//1883 958//1883 963//1883
f 963//1884 958//1884 959//1884
f 963//1885 959//1885 964//1885
f 964//1886 959//1886 944//1886
f 964//1887 944//1887 948//1887
f 948//1888 944//1888 945//1888
f 948//1889 945//1889 965//1889
f 965//1890 945//1890 946//1890
f 965//1891 946//1891 966//1891
f 966//1892 946//1892 947//1892
f 949//1893 942//1893 951//1893
f 954//1894 960//1894 957//1894
f 954//1895 957//1895 949//1895
f 951//1896 942//1896 943//1896
f 954//1897 961//1897 960//1897
f 951//1898 943//1898 961//1898
f 951//1899 961//1899 954//1899
f 949//1900 957//1900 967//1900
f 949//1901 967//1901 942//1901
f 968//1902 969//1902 970//1902
f 968//1902 970//1902 971//1902
f 968//1903 965//1903 966//1903
f 968//1904 962//1904 969//1904
f 968//1905 966//1905 962//1905
f 969//1906 963//1906 970//1906
f 969//1907 962//1907 963//1907
f 970//1908 963//1908 964//1908
f 970//1909 948//1909 971//1909
f 970//1910 964//1910 948//1910
f 971//1911 965//1911 968//1911
f 971//1912 948//1912 965//1912
f 955//1913 952//1913 953//1913
f 955//1914 950//1914 952//1914
f 956//1915 950//1915 955//1915
f 976//1916 975//1916 974//1916
f 976//1917 974//1917 977//1917
f 977//1918 974//1918 973//1918
f 977//1919 973//1919 978//1919
f 978//1920 973//1920 972//1920
f 978//1921 972//1921 979//1921
f 989//1922 988//1922 981//1922
f 989//1923 981//1923 982//1923
f 982//1924 981//1924 983//1924
f 983//1925 981//1925 984//1925
f 983//1926 984//1926 985//1926
f 985//1927 984//1927 986//1927
f 985//1928 986//1928 987//1928
f 987//1929 986//1929 988//1929
f 987//1930 988//1930 989//1930
f 979//1931 972//1931 990//1931
f 979//1932 990//1932 991//1932
f 991//1933 990//1933 992//1933
f 991//1934 992//1934 993//1934
f 993//1935 992//1935 975//1935
f 993//1936 975//1936 976//1936
f 998//1937 978//1937 979//1937
f 998//1938 979//1938 994//1938
f 994//1939 979//1939 991//1939
f 994//1940 991//1940 995//1940
f 995//1941 991//1941 993//1941
f 995//1942 993//1942 996//1942
f 996//1943 993//1943 980//1943
f 980//1944 993//1944 976//1944
f 980//1945 976//1945 977//1945
f 980//1945 977//1945 997//1945
f 997//1946 977//1946 978//1946
f 997//1947 978//1947 998//1947
f 981//1948 972//1948 973//1948
f 981//1949 973//1949 984//1949
f 986//1950 992//1950 988//1950
f 988//1951 992//1951 990//1951
f 986//1952 975//1952 992//1952
f 988//1953 990//1953 972//1953
f 988//1954 972//1954 981//1954
f 984//1955 975//1955 986//1955
f 984//1956 973//1956 974//1956
f 984//1957 974//1957 975//1957
f 999//1958 1000//1958 1001//1958
f 999//1958 1001//1958 1002//1958
f 999//1959 997//1959 998//1959
f 999//1960 994//1960 1000//1960
f 999//1961 998//1961 994//1961
f 1000//1962 995//1962 1001//1962
f 1000//1963 994//1963 995//1963
f 1001//1964 995//1964 996//1964
f 1001//1965 996//1965 1002//1965
f 1002//1966 996//1966 980//1966
f 1002//1967 997//1967 999//1967
f 1002//1968 980//1968 997//1968
f 987//1969 989//1969 985//1969
f 985//1970 989//1970 983//1970
f 982//1971 983//1971 989//1971
f 1005//1861 1021//1861 1004//1861
f 1005//1862 1004//1862 1006//1862
f 1006//1863 1004//1863 1003//1863
f 1006//1864 1003//1864 1007//1864
f 1007//1972 1003//1972 1027//1972
f 1007//1866 1027//1866 1008//1866
f 1016//1973 1010//1973 1011//1973
f 1011//1974 1010//1974 1012//1974
f 1011//1975 1012//1975 1013//1975
f 1013//1870 1012//1870 1014//1870
f 1014//1871 1012//1871 1015//1871
f 1014//1976 1015//1976 1016//1976
f 1016//1977 1015//1977 1010//1977
f 1008//1978 1027//1978 1017//1978
f 1008//1876 1017//1876 1018//1876
f 1018//1877 1017//1877 1019//1877
f 1019//1878 1017//1878 1020//1878
f 1019//1879 1020//1879 1021//1879
f 1019//1880 1021//1880 1005//1880
f 1026//1979 1008//1979 1022//1979
f 1022//1980 1008//1980 1018//1980
f 1022//1883 1018//1883 1023//1883
f 1023//1884 1018//1884 1019//1884
f 1023//1981 1019//1981 1024//1981
f 1024//1982 1019//1982 1009//1982
f 1009//1983 1019//1983 1005//1983
f 1009//1984 1005//1984 1006//1984
f 1009//1985 1006//1985 1025//1985
f 1025//1986 1006//1986 1007//1986
f 1025//1987 1007//1987 1026//1987
f 1026//1988 1007//1988 1008//1988
f 1010//1893 1003//1893 1012//1893
f 1015//1989 1020//1989 1017//1989
f 1015//1895 1017//1895 1010//1895
f 1015//1990 1021//1990 1020//1990
f 1010//1900 1017//1900 1027//1900
f 1010//1991 1027//1991 1003//1991
f 1012//1899 1021//1899 1015//1899
f 1012//1896 1003//1896 1004//1896
f 1012//1898 1004//1898 1021//1898
f 1028//1902 1029//1902 1030//1902
f 1028//1902 1030//1902 1031//1902
f 1028//1903 1025//1903 1026//1903
f 1028//1904 1022//1904 1029//1904
f 1028//1905 1026//1905 1022//1905
f 1029//1906 1023//1906 1030//1906
f 1029//1907 1022//1907 1023//1907
f 1030//1992 1023//1992 1024//1992
f 1030//1993 1024//1993 1031//1993
f 1031//1994 1024//1994 1009//1994
f 1031//1911 1025//1911 1028//1911
f 1031//1995 1009//1995 1025//1995
f 1011//1996 1014//1996 1016//1996
f 1011//1997 1013//1997 1014//1997
f 1036//1916 1035//1916 1034//1916
f 1036//1998 1034//1998 1037//1998
f 1037//1918 1034//1918 1033//1918
f 1037//1919 1033//1919 1038//1919
f 1038//1920 1033//1920 1032//1920
f 1038//1921 1032//1921 1039//1921
f 1049//1922 1048//1922 1041//1922
f 1049//1999 1041//1999 1042//1999
f 1042//2000 1041//2000 1043//2000
f 1043//2001 1041//2001 1044//2001
f 1043//2002 1044//2002 1045//2002
f 1045//2003 1044//2003 1046//2003
f 1045//2004 1046//2004 1047//2004
f 1047//2005 1046//2005 1048//2005
f 1047//1930 1048//1930 1049//1930
f 1039//1931 1032//1931 1050//1931
f 1039//2006 1050//2006 1051//2006
f 1051//1933 1050//1933 1052//1933
f 1051//1934 1052//1934 1053//1934
f 1053//1935 1052//1935 1035//1935
f 1053//1936 1035//1936 1036//1936
f 1058//1937 1038//1937 1039//1937
f 1058//1938 1039//1938 1054//1938
f 1054//1939 1039//1939 1051//1939
f 1054//2007 1051//2007 1055//2007
f 1055//1941 1051//1941 1053//1941
f 1055//2008 1053//2008 1056//2008
f 1056//2009 1053//2009 1036//2009
f 1056//2010 1036//2010 1040//2010
f 1040//2011 1036//2011 1037//2011
f 1040//2012 1037//2012 1057//2012
f 1057//1946 1037//1946 1038//1946
f 1057//2013 1038//2013 1058//2013
f 1041//2014 1032//2014 1033//2014
f 1041//1949 1033//1949 1044//1949
f 1046//2015 1052//2015 1048//2015
f 1048//2016 1052//2016 1050//2016
f 1046//2017 1035//2017 1052//2017
f 1048//1953 1050//1953 1032//1953
f 1048//1954 1032//1954 1041//1954
f 1044//1955 1035//1955 1046//1955
f 1044//1956 1033//1956 1034//1956
f 1044//2018 1034//2018 1035//2018
f 1059//1958 1060//1958 1061//1958
f 1059//1958 1061//1958 1062//1958
f 1059//1959 1057//1959 1058//1959
f 1059//1960 1054//1960 1060//1960
f 1059//1961 1058//1961 1054//1961
f 1060//1962 1055//1962 1061//1962
f 1060//1963 1054//1963 1055//1963
f 1061//2019 1055//2019 1056//2019
f 1061//2020 1056//2020 1062//2020
f 1062//2021 1056//2021 1040//2021
f 1062//1967 1057//1967 1059//1967
f 1062//2022 1040//2022 1057//2022
f 1047//2023 1049//2023 1043//2023
f 1045//2024 1047//2024 1043//2024
f 1042//2025 1043//2025 1049//2025
f 1068//2026 1067//2026 1066//2026
f 1068//2027 1066//2027 1069//2027
f 1069//2028 1066//2028 1065//2028
f 1069//2029 1065//2029 1070//2029
f 1070//2030 1065//2030 1063//2030
f 1070//2031 1063//2031 1064//2031
f 1070//2032 1064//2032 1080//2032
f 1079//2033 1072//2033 1073//2033
f 1073//2034 1072//2034 1074//2034
f 1073//2035 1074//2035 1075//2035
f 1075//2036 1074//2036 1076//2036
f 1075//2037 1076//2037 1077//2037
f 1077//2038 1076//2038 1078//2038
f 1077//2039 1078//2039 1072//2039
f 1077//2040 1072//2040 1079//2040
f 1080//2041 1064//2041 1081//2041
f 1080//2042 1081//2042 1082//2042
f 1082//2043 1081//2043 1083//2043
f 1083//2044 1081//2044 1067//2044
f 1083//2045 1067//2045 1068//2045
f 1070//2046 1080//2046 1088//2046
f 1088//2047 1080//2047 1084//2047
f 1084//2048 1080//2048 1082//2048
f 1084//2049 1082//2049 1085//2049
f 1085//2050 1082//2050 1086//2050
f 1086//2051 1082//2051 1083//2051
f 1086//2052 1083//2052 1068//2052
f 1086//2053 1068//2053 1071//2053
f 1071//2054 1068//2054 1069//2054
f 1071//2055 1069//2055 1087//2055
f 1087//2056 1069//2056 1070//2056
f 1087//2057 1070//2057 1088//2057
f 1072//2058 1063//2058 1074//2058
f 1074//2059 1063//2059 1065//2059
f 1078//2060 1081//2060 1064//2060
f 1078//2061 1064//2061 1072//2061
f 1072//2062 1064//2062 1063//2062
f 1076//2063 1081//2063 1078//2063
f 1074//2064 1065//2064 1066//2064
f 1074//2065 1066//2065 1076//2065
f 1076//2066 1066//2066 1067//2066
f 1076//2067 1067//2067 1081//2067
f 1090//217 1089//217 1091//217
f 1090//2068 1088//2068 1089//2068
f 1090//2069 1087//2069 1088//2069
f 1089//2070 1088//2070 1084//2070
f 1089//2071 1085//2071 1091//2071
f 1089//2072 1084//2072 1085//2072
f 1091//2073 1085//2073 1086//2073
f 1091//2074 1071//2074 1090//2074
f 1091//2075 1086//2075 1071//2075
f 1090//2076 1071//2076 1087//2076
f 1073//2077 1077//2077 1079//2077
f 1073//2078 1075//2078 1077//2078
f 1096//2079 1112//2079 1095//2079
f 1096//2080 1095//2080 1094//2080
f 1096//2081 1094//2081 1097//2081
f 1097//2082 1094//2082 1098//2082
f 1098//2083 1094//2083 1092//2083
f 1098//2084 1092//2084 1093//2084
f 1108//2085 1100//2085 1101//2085
f 1101//2086 1100//2086 1102//2086
f 1101//2087 1102//2087 1103//2087
f 1103//2088 1102//2088 1104//2088
f 1103//2089 1104//2089 1105//2089
f 1105//2090 1104//2090 1106//2090
f 1105//2091 1106//2091 1107//2091
f 1107//2092 1106//2092 1108//2092
f 1108//2093 1106//2093 1100//2093
f 1098//2094 1093//2094 1109//2094
f 1109//2095 1093//2095 1110//2095
f 1109//2096 1110//2096 1111//2096
f 1111//2097 1110//2097 1112//2097
f 1111//2098 1112//2098 1096//2098
f 1117//2099 1098//2099 1109//2099
f 1117//2100 1109//2100 1113//2100
f 1113//2101 1109//2101 1114//2101
f 1114//2102 1109//2102 1111//2102
f 1114//2103 1111//2103 1115//2103
f 1115//2104 1111//2104 1099//2104
f 1099//2105 1111//2105 1096//2105
f 1099//2106 1096//2106 1116//2106
f 1116//2107 1096//2107 1097//2107
f 1116//2108 1097//2108 1117//2108
f 1117//2109 1097//2109 1098//2109
f 1100//2110 1092//2110 1094//2110
f 1100//2111 1094//2111 1102//2111
f 1106//2112 1110//2112 1093//2112
f 1106//2113 1093//2113 1100//2113
f 1100//2114 1093//2114 1092//2114
f 1104//2115 1112//2115 1110//2115
f 1104//2116 1110//2116 1106//2116
f 1104//2117 1095//2117 1112//2117
f 1102//2118 1094//2118 1095//2118
f 1102//2119 1095//2119 1104//2119
f 1119//217 1118//217 1120//217
f 1119//2120 1117//2120 1118//2120
f 1119//2121 1116//2121 1117//2121
f 1118//2070 1117//2070 1113//2070
f 1118//2071 1114//2071 1120//2071
f 1118//2122 1113//2122 1114//2122
f 1120//2123 1114//2123 1115//2123
f 1120//2124 1115//2124 1119//2124
f 1119//2125 1115//2125 1099//2125
f 1119//2126 1099//2126 1116//2126
f 1105//2127 1107//2127 1101//2127
f 1101//2128 1103//2128 1105//2128
f 1108//2129 1101//2129 1107//2129
f 1125//2130 1140//2130 1123//2130
f 1125//2131 1123//2131 1124//2131
f 1124//2132 1123//2132 1121//2132
f 1124//2133 1121//2133 1126//2133
f 1126//2134 1121//2134 1136//2134
f 1136//2135 1121//2135 1122//2135
f 1129//2136 1128//2136 1130//2136
f 1130//2137 1128//2137 1131//2137
f 1130//2138 1131//2138 1132//2138
f 1130//2139 1132//2139 1133//2139
f 1133//2140 1132//2140 1134//2140
f 1133//2141 1134//2141 1135//2141
f 1135//2142 1134//2142 1128//2142
f 1135//2143 1128//2143 1129//2143
f 1136//2144 1122//2144 1137//2144
f 1136//2145 1137//2145 1138//2145
f 1138//2146 1137//2146 1139//2146
f 1139//2147 1137//2147 1140//2147
f 1139//2148 1140//2148 1125//2148
f 1145//2149 1136//2149 1141//2149
f 1141//2150 1136//2150 1138//2150
f 1141//2151 1138//2151 1142//2151
f 1142//2152 1138//2152 1143//2152
f 1143//2153 1138//2153 1125//2153
f 1143//2154 1125//2154 1127//2154
f 1127//2155 1125//2155 1124//2155
f 1127//2156 1124//2156 1144//2156
f 1144//2157 1124//2157 1126//2157
f 1144//2158 1126//2158 1145//2158
f 1145//2159 1126//2159 1136//2159
f 1132//2160 1137//2160 1134//2160
f 1128//2161 1121//2161 1123//2161
f 1128//2162 1123//2162 1131//2162
f 1132//2163 1140//2163 1137//2163
f 1134//2164 1137//2164 1122//2164
f 1134//2165 1122//2165 1128//2165
f 1128//2166 1122//2166 1121//2166
f 1131//2167 1123//2167 1132//2167
f 1132//2168 1123//2168 1140//2168
f 1147//217 1146//217 1148//217
f 1147//2120 1145//2120 1146//2120
f 1147//2121 1144//2121 1145//2121
f 1146//2070 1145//2070 1141//2070
f 1146//2169 1142//2169 1148//2169
f 1146//2122 1141//2122 1142//2122
f 1148//2123 1142//2123 1143//2123
f 1148//2124 1143//2124 1147//2124
f 1147//2170 1143//2170 1127//2170
f 1147//2171 1127//2171 1144//2171
f 1138//2172 1139//2172 1125//2172
f 1130//2173 1133//2173 1135//2173
f 1129//2174 1130//2174 1135//2174
f 1169//2175 1170//2175 1151//2175
f 1169//2176 1151//2176 1152//2176
f 1152//2177 1151//2177 1150//2177
f 1152//2178 1150//2178 1153//2178
f 1153//2179 1150//2179 1154//2179
f 1154//2180 1150//2180 1149//2180
f 1154//2181 1149//2181 1166//2181
f 1156//2182 1164//2182 1157//2182
f 1156//2183 1157//2183 1158//2183
f 1158//2184 1157//2184 1159//2184
f 1159//2185 1157//2185 1160//2185
f 1159//2186 1160//2186 1161//2186
f 1161//2187 1160//2187 1162//2187
f 1161//2188 1162//2188 1163//2188
f 1163//2189 1162//2189 1164//2189
f 1163//2190 1164//2190 1156//2190
f 1166//2191 1149//2191 1165//2191
f 1166//2192 1165//2192 1167//2192
f 1167//2193 1165//2193 1168//2193
f 1167//2194 1168//2194 1169//2194
f 1169//2195 1168//2195 1170//2195
f 1154//2196 1166//2196 1175//2196
f 1175//2197 1166//2197 1171//2197
f 1171//2198 1166//2198 1172//2198
f 1172//2199 1166//2199 1167//2199
f 1172//2200 1167//2200 1173//2200
f 1173//2201 1167//2201 1169//2201
f 1173//2202 1169//2202 1152//2202
f 1173//2203 1152//2203 1155//2203
f 1155//2204 1152//2204 1153//2204
f 1155//2205 1153//2205 1174//2205
f 1174//2206 1153//2206 1175//2206
f 1175//2207 1153//2207 1154//2207
f 1162//2208 1168//2208 1165//2208
f 1162//2209 1165//2209 1164//2209
f 1157//2210 1150//2210 1151//2210
f 1157//2211 1151//2211 1160//2211
f 1157//2212 1149//2212 1150//2212
f 1160//2213 1170//2213 1162//2213
f 1162//2214 1170//2214 1168//2214
f 1164//2215 1165//2215 1149//2215
f 1164//2216 1149//2216 1157//2216
f 1160//2217 1151//2217 1170//2217
f 1177//217 1176//217 1178//217
f 1177//2218 1175//2218 1176//2218
f 1177//2121 1174//2121 1175//2121
f 1176//2219 1175//2219 1171//2219
f 1176//2220 1172//2220 1178//2220
f 1176//2072 1171//2072 1172//2072
f 1178//2221 1172//2221 1173//2221
f 1178//2074 1155//2074 1177//2074
f 1178//2222 1173//2222 1155//2222
f 1177//2223 1155//2223 1174//2223
f 1156//2224 1159//2224 1161//2224
f 1163//2225 1156//2225 1161//2225
f 1158//2226 1159//2226 1156//2226
f 1183//2227 1182//2227 1184//2227
f 1184//2228 1182//2228 1181//2228
f 1184//2229 1181//2229 1185//2229
f 1185//2230 1181//2230 1180//2230
f 1185//2231 1180//2231 1179//2231
f 1185//2232 1179//2232 1186//2232
f 1188//2233 1194//2233 1189//2233
f 1188//2234 1189//2234 1190//2234
f 1190//2235 1189//2235 1191//2235
f 1190//2236 1191//2236 1192//2236
f 1192//2237 1191//2237 1193//2237
f 1193//2238 1191//2238 1194//2238
f 1193//2239 1194//2239 1195//2239
f 1195//2240 1194//2240 1188//2240
f 1186//2241 1179//2241 1196//2241
f 1186//2242 1196//2242 1197//2242
f 1197//2243 1196//2243 1198//2243
f 1197//2244 1198//2244 1183//2244
f 1183//2245 1198//2245 1182//2245
f 1185//2246 1186//2246 1203//2246
f 1203//2247 1186//2247 1199//2247
f 1199//2248 1186//2248 1200//2248
f 1200//2249 1186//2249 1197//2249
f 1200//2250 1197//2250 1201//2250
f 1201//2251 1197//2251 1183//2251
f 1201//2203 1183//2203 1187//2203
f 1187//2252 1183//2252 1184//2252
f 1187//2253 1184//2253 1202//2253
f 1202//2254 1184//2254 1185//2254
f 1202//2255 1185//2255 1203//2255
f 1189//2256 1180//2256 1181//2256
f 1194//2257 1196//2257 1179//2257
f 1194//2258 1179//2258 1180//2258
f 1194//2259 1180//2259 1189//2259
f 1191//2260 1198//2260 1194//2260
f 1194//2261 1198//2261 1196//2261
f 1189//2262 1181//2262 1191//2262
f 1191//2263 1181//2263 1182//2263
f 1191//2264 1182//2264 1198//2264
f 1205//217 1204//217 1206//217
f 1205//2068 1203//2068 1204//2068
f 1205//2121 1202//2121 1203//2121
f 1204//2070 1203//2070 1199//2070
f 1204//2071 1200//2071 1206//2071
f 1204//2122 1199//2122 1200//2122
f 1206//2221 1200//2221 1201//2221
f 1206//2074 1187//2074 1205//2074
f 1206//2222 1201//2222 1187//2222
f 1205//2076 1187//2076 1202//2076
f 1195//2265 1192//2265 1193//2265
f 1195//2266 1188//2266 1192//2266
f 1190//2267 1192//2267 1188//2267
f 1210//2268 1227//2268 1209//2268
f 1210//2269 1209//2269 1211//2269
f 1211//2270 1209//2270 1208//2270
f 1211//2271 1208//2271 1207//2271
f 1211//2272 1207//2272 1212//2272
f 1222//2273 1214//2273 1215//2273
f 1215//2274 1214//2274 1216//2274
f 1215//2275 1216//2275 1217//2275
f 1217//2276 1216//2276 1218//2276
f 1217//2277 1218//2277 1219//2277
f 1219//2278 1218//2278 1220//2278
f 1220//2279 1218//2279 1221//2279
f 1220//2280 1221//2280 1222//2280
f 1222//2281 1221//2281 1214//2281
f 1212//2282 1207//2282 1223//2282
f 1223//2283 1207//2283 1224//2283
f 1223//2284 1224//2284 1225//2284
f 1223//2285 1225//2285 1226//2285
f 1226//2286 1225//2286 1227//2286
f 1226//2287 1227//2287 1210//2287
f 1232//2288 1212//2288 1228//2288
f 1228//2289 1212//2289 1223//2289
f 1228//2290 1223//2290 1229//2290
f 1229//2291 1223//2291 1226//2291
f 1229//2292 1226//2292 1230//2292
f 1230//2293 1226//2293 1213//2293
f 1213//2294 1226//2294 1210//2294
f 1213//2295 1210//2295 1211//2295
f 1213//2296 1211//2296 1231//2296
f 1231//2297 1211//2297 1232//2297
f 1232//2298 1211//2298 1212//2298
f 1214//2299 1208//2299 1216//2299
f 1221//2300 1225//2300 1224//2300
f 1221//2301 1224//2301 1214//2301
f 1214//2302 1224//2302 1207//2302
f 1214//2303 1207//2303 1208//2303
f 1218//2304 1227//2304 1225//2304
f 1218//2305 1225//2305 1221//2305
f 1218//2306 1209//2306 1227//2306
f 1216//2307 1208//2307 1209//2307
f 1216//2308 1209//2308 1218//2308
f 1234//217 1233//217 1235//217
f 1234//2068 1232//2068 1233//2068
f 1234//2069 1231//2069 1232//2069
f 1233//2309 1232//2309 1228//2309
f 1233//2071 1229//2071 1235//2071
f 1233//2310 1228//2310 1229//2310
f 1235//2123 1229//2123 1230//2123
f 1235//2124 1230//2124 1234//2124
f 1234//2170 1230//2170 1213//2170
f 1234//2126 1213//2126 1231//2126
f 1215//2311 1220//2311 1222//2311
f 1217//2312 1220//2312 1215//2312
f 1219//2313 1220//2313 1217//2313
f 1240//2314 1239//2314 1238//2314
f 1240//2315 1238//2315 1237//2315
f 1240//2316 1237//2316 1241//2316
f 1241//2317 1237//2317 1236//2317
f 1241//2318 1236//2318 1242//2318
f 1251//2319 1250//2319 1244//2319
f 1244//2320 1250//2320 1245//2320
f 1244//2321 1245//2321 1246//2321
f 1246//2322 1245//2322 1247//2322
f 1246//2323 1247//2323 1248//2323
f 1248//2324 1247//2324 1249//2324
f 1249//2325 1247//2325 1250//2325
f 1249//2326 1250//2326 1251//2326
f 1242//2327 1236//2327 1252//2327
f 1242//2328 1252//2328 1253//2328
f 1253//2329 1252//2329 1254//2329
f 1253//2330 1254//2330 1255//2330
f 1255//2331 1254//2331 1256//2331
f 1256//2332 1254//2332 1239//2332
f 1256//2333 1239//2333 1240//2333
f 1261//2334 1242//2334 1257//2334
f 1257//2335 1242//2335 1253//2335
f 1257//2336 1253//2336 1258//2336
f 1258//2337 1253//2337 1255//2337
f 1258//2338 1255//2338 1259//2338
f 1259//2339 1255//2339 1256//2339
f 1259//2340 1256//2340 1243//2340
f 1243//2341 1256//2341 1240//2341
f 1243//2342 1240//2342 1260//2342
f 1260//2343 1240//2343 1241//2343
f 1260//2344 1241//2344 1261//2344
f 1261//2345 1241//2345 1242//2345
f 1250//2346 1254//2346 1252//2346
f 1245//2347 1238//2347 1247//2347
f 1245//2348 1236//2348 1237//2348
f 1245//2349 1237//2349 1238//2349
f 1247//2350 1239//2350 1254//2350
f 1247//2351 1254//2351 1250//2351
f 1250//2352 1252//2352 1236//2352
f 1250//2353 1236//2353 1245//2353
f 1247//2354 1238//2354 1239//2354
f 1263//217 1262//217 1264//217
f 1263//2068 1261//2068 1262//2068
f 1263//2355 1260//2355 1261//2355
f 1262//2070 1261//2070 1257//2070
f 1262//2220 1258//2220 1264//2220
f 1262//2122 1257//2122 1258//2122
f 1264//2356 1258//2356 1259//2356
f 1264//2357 1243//2357 1263//2357
f 1264//2358 1259//2358 1243//2358
f 1263//2359 1243//2359 1260//2359
f 1251//2360 1246//2360 1249//2360
f 1248//2361 1249//2361 1246//2361
f 1244//2362 1246//2362 1251//2362
f 1267//2363 1268//2363 1285//2363
f 1269//2364 1268//2364 1270//2364
f 1270//2365 1268//2365 1267//2365
f 1270//2366 1267//2366 1266//2366
f 1270//2367 1266//2367 1271//2367
f 1271//2368 1266//2368 1265//2368
f 1271//2369 1265//2369 1272//2369
f 1282//2370 1274//2370 1275//2370
f 1282//2371 1275//2371 1276//2371
f 1276//2372 1275//2372 1277//2372
f 1276//2373 1277//2373 1278//2373
f 1278//2374 1277//2374 1279//2374
f 1278//2375 1279//2375 1280//2375
f 1280//2376 1279//2376 1274//2376
f 1280//2377 1274//2377 1281//2377
f 1281//2378 1274//2378 1282//2378
f 1272//2379 1265//2379 1283//2379
f 1283//2380 1265//2380 1284//2380
f 1283//2381 1284//2381 1285//2381
f 1283//2382 1285//2382 1286//2382
f 1286//2383 1285//2383 1268//2383
f 1286//2384 1268//2384 1269//2384
f 1291//2385 1271//2385 1272//2385
f 1291//2386 1272//2386 1287//2386
f 1287//2387 1272//2387 1283//2387
f 1287//2388 1283//2388 1288//2388
f 1288//2389 1283//2389 1286//2389
f 1288//2390 1286//2390 1289//2390
f 1289//2391 1286//2391 1273//2391
f 1273//2392 1286//2392 1269//2392
f 1273//2393 1269//2393 1270//2393
f 1273//2394 1270//2394 1290//2394
f 1290//2395 1270//2395 1271//2395
f 1290//2396 1271//2396 1291//2396
f 1279//2397 1284//2397 1274//2397
f 1275//2398 1266//2398 1267//2398
f 1275//2399 1267//2399 1277//2399
f 1279//2400 1285//2400 1284//2400
f 1274//2401 1284//2401 1265//2401
f 1274//2402 1265//2402 1275//2402
f 1275//2403 1265//2403 1266//2403
f 1277//2404 1267//2404 1285//2404
f 1277//2405 1285//2405 1279//2405
f 1293//217 1292//217 1294//217
f 1293//2068 1291//2068 1292//2068
f 1293//2121 1290//2121 1291//2121
f 1292//2070 1291//2070 1287//2070
f 1292//2071 1288//2071 1294//2071
f 1292//2310 1287//2310 1288//2310
f 1294//2123 1288//2123 1289//2123
f 1294//2124 1289//2124 1293//2124
f 1293//2170 1289//2170 1273//2170
f 1293//2126 1273//2126 1290//2126
f 1278//2406 1280//2406 1281//2406
f 1281//2407 1276//2407 1278//2407
f 1282//2408 1276//2408 1281//2408
f 1301//1902 1296//1902 1297//1902
f 1302//1902 1301//1902 1297//1902
f 1311//2409 1303//2409 1308//2409
f 1311//1902 1306//1902 1302//1902
f 1302//1902 1306//1902 1301//1902
f 1304//1902 1307//1902 1309//1902
f 1305//1902 1302//1902 1297//1902
f 1305//1902 1297//1902 1295//1902
f 1295//1902 1297//1902 1299//1902
f 1308//2410 1306//2410 1311//2410
f 1309//1902 1307//1902 1305//1902
f 1305//1902 1307//1902 1302//1902
f 1299//1902 1310//1902 1295//1902
f 1317//2411 1316//2411 1311//2411
f 1311//2412 1316//2412 1303//2412
f 1306//2413 1308//2413 1312//2413
f 1306//2414 1312//2414 1313//2414
f 1313//2415 1312//2415 1314//2415
f 1313//2416 1314//2416 1315//2416
f 1315//2417 1314//2417 1316//2417
f 1315//2418 1316//2418 1317//2418
f 1298//1902 1310//1902 1299//1902
f 1298//1902 1299//1902 1318//1902
f 1319//2419 1327//2419 1320//2419
f 1330//2420 1329//2420 1320//2420
f 1320//2421 1329//2421 1319//2421
f 1328//1958 1320//1958 1326//1958
f 1326//1958 1320//1958 1327//1958
f 1326//1958 1327//1958 1324//1958
f 1324//1958 1327//1958 1323//1958
f 1325//1958 1323//1958 1331//1958
f 1331//1958 1323//1958 1321//1958
f 1323//1958 1325//1958 1324//1958
f 1328//1958 1326//1958 1332//1958
f 1329//2422 1330//2422 1333//2422
f 1334//1958 1328//1958 1332//1958
f 1327//1958 1335//1958 1336//1958
f 1319//2423 1335//2423 1327//2423
f 1341//2424 1337//2424 1319//2424
f 1319//2425 1337//2425 1335//2425
f 1333//2426 1330//2426 1338//2426
f 1333//2427 1338//2427 1339//2427
f 1333//2428 1339//2428 1340//2428
f 1333//2429 1340//2429 1341//2429
f 1341//2430 1340//2430 1337//2430
f 1296//2431 1343//2431 1297//2431
f 1343//2432 1342//2432 1297//2432
f 1297//2433 1342//2433 1320//2433
f 1344//2434 1330//2434 1320//2434
f 1344//2435 1320//2435 1342//2435
f 1345//2436 1311//2436 1302//2436
f 1345//2437 1302//2437 1346//2437
f 1336//2438 1347//2438 1327//2438
f 1327//2439 1347//2439 1302//2439
f 1347//2440 1346//2440 1302//2440
f 1373//2441 1358//2441 1353//2441
f 1353//2442 1367//2442 1356//2442
f 1356//2443 1367//2443 1348//2443
f 1358//2444 1352//2444 1357//2444
f 1350//2445 1351//2445 1352//2445
f 1358//2446 1359//2446 1350//2446
f 1354//2447 1377//2447 1360//2447
f 1365//2448 1361//2448 1362//2448
f 1352//2449 1358//2449 1350//2449
f 1359//2450 1358//2450 1366//2450
f 1349//2451 1356//2451 1348//2451
f 1357//2452 1367//2452 1358//2452
f 1369//2453 1368//2453 1362//2453
f 1362//2454 1368//2454 1364//2454
f 1362//2455 1364//2455 1365//2455
f 1361//2456 1370//2456 1362//2456
f 1364//2457 1371//2457 1363//2457
f 1363//2458 1365//2458 1364//2458
f 1360//2459 1355//2459 1354//2459
f 1362//2460 1370//2460 1349//2460
f 1362//2461 1372//2461 1350//2461
f 1350//2462 1372//2462 1351//2462
f 1349//2463 1348//2463 1362//2463
f 1362//2464 1348//2464 1372//2464
f 1367//2465 1353//2465 1358//2465
f 1374//2466 1368//2466 1369//2466
f 1359//2467 1366//2467 1354//2467
f 1359//2468 1355//2468 1369//2468
f 1369//2469 1355//2469 1374//2469
f 1375//2470 1353//2470 1363//2470
f 1353//2471 1375//2471 1373//2471
f 1355//2472 1359//2472 1354//2472
f 1363//2473 1371//2473 1376//2473
f 1375//2474 1363//2474 1377//2474
f 1377//2475 1363//2475 1376//2475
f 1377//2476 1376//2476 1360//2476
f 1346//2477 1347//2477 1362//2477
f 1362//2478 1347//2478 1369//2478
f 1350//2479 1359//2479 1343//2479
f 1343//2480 1359//2480 1342//2480
f 1378//2481 1310//2481 1379//2481
f 1379//2482 1310//2482 1332//2482
f 1379//2483 1332//2483 1380//2483
f 1384//2484 1386//2484 1295//2484
f 1295//2485 1386//2485 1385//2485
f 1407//2486 1386//2486 1384//2486
f 1394//2487 1388//2487 1305//2487
f 1305//2488 1388//2488 1389//2488
f 1389//2489 1388//2489 1392//2489
f 1399//2490 1393//2490 1326//2490
f 1401//2491 1394//2491 1295//2491
f 1295//2492 1394//2492 1305//2492
f 1324//2493 1398//2493 1326//2493
f 1326//2494 1398//2494 1391//2494
f 1326//2495 1393//2495 1383//2495
f 1383//2496 1393//2496 1403//2496
f 1392//2497 1396//2497 1415//2497
f 1415//2498 1396//2498 1402//2498
f 1404//2499 1387//2499 1391//2499
f 1391//2500 1387//2500 1399//2500
f 1391//2501 1399//2501 1326//2501
f 1295//2502 1385//2502 1397//2502
f 1396//2503 1400//2503 1390//2503
f 1401//2504 1397//2504 1395//2504
f 1390//2505 1398//2505 1324//2505
f 1397//2506 1401//2506 1295//2506
f 1392//2507 1388//2507 1396//2507
f 1396//2508 1390//2508 1402//2508
f 1383//2509 1403//2509 1406//2509
f 1405//2510 1404//2510 1411//2510
f 1390//2511 1400//2511 1395//2511
f 1390//2512 1395//2512 1408//2512
f 1408//2513 1407//2513 1405//2513
f 1405//2514 1407//2514 1409//2514
f 1397//2515 1408//2515 1395//2515
f 1403//2516 1409//2516 1422//2516
f 1408//2517 1410//2517 1390//2517
f 1390//2518 1410//2518 1398//2518
f 1403//2519 1422//2519 1406//2519
f 1422//2520 1409//2520 1384//2520
f 1384//2521 1409//2521 1407//2521
f 1408//2522 1411//2522 1410//2522
f 1404//2523 1405//2523 1387//2523
f 1405//2524 1411//2524 1408//2524
f 1390//2525 1324//2525 1412//2525
f 1412//2526 1324//2526 1325//2526
f 1414//2527 1413//2527 1415//2527
f 1414//2528 1415//2528 1416//2528
f 1309//2529 1305//2529 1417//2529
f 1417//2530 1305//2530 1389//2530
f 1332//2531 1326//2531 1380//2531
f 1380//2532 1326//2532 1383//2532
f 1381//2533 1418//2533 1419//2533
f 1381//2534 1419//2534 1382//2534
f 1420//2535 1412//2535 1325//2535
f 1309//2536 1417//2536 1420//2536
f 1309//2537 1420//2537 1325//2537
f 1299//2538 1297//2538 1328//2538
f 1328//2539 1297//2539 1320//2539
f 1323//2540 1327//2540 1302//2540
f 1384//2541 1295//2541 1378//2541
f 1378//2542 1295//2542 1310//2542
f 1310//2543 1298//2543 1332//2543
f 1332//2544 1298//2544 1334//2544
f 1299//2545 1328//2545 1334//2545
f 1299//2546 1334//2546 1318//2546
f 1298//2547 1318//2547 1322//2547
f 1322//2548 1318//2548 1334//2548
f 1322//2549 1334//2549 1298//2549
f 1325//2550 1331//2550 1309//2550
f 1309//2551 1331//2551 1304//2551
f 1304//2552 1321//2552 1323//2552
f 1304//2553 1323//2553 1307//2553
f 1304//2554 1300//2554 1321//2554
f 1321//2555 1300//2555 1331//2555
f 1304//2556 1331//2556 1300//2556
f 1307//2557 1323//2557 1302//2557
f 1424//2558 1425//2558 1413//2558
f 1413//2559 1414//2559 1424//2559
f 1419//2560 1423//2560 1421//2560
f 1419//2561 1421//2561 1382//2561
f 1422//2562 1384//2562 1423//2562
f 1423//2563 1384//2563 1378//2563
f 1423//2564 1378//2564 1421//2564
f 1421//2565 1378//2565 1379//2565
f 1421//2566 1379//2566 1406//2566
f 1406//2567 1379//2567 1383//2567
f 1383//1902 1379//1902 1380//1902
f 1392//2568 1417//2568 1389//2568
f 1402//2569 1390//2569 1424//2569
f 1424//2570 1390//2570 1420//2570
f 1424//2571 1420//2571 1425//2571
f 1425//2572 1420//2572 1417//2572
f 1425//2573 1417//2573 1392//2573
f 1420//1902 1390//1902 1412//1902
f 1421//2574 1381//2574 1382//2574
f 1381//2575 1421//2575 1406//2575
f 1418//2576 1422//2576 1423//2576
f 1423//2577 1419//2577 1418//2577
f 1418//2578 1381//2578 1422//2578
f 1422//2579 1381//2579 1406//2579
f 1416//2580 1402//2580 1424//2580
f 1424//2581 1414//2581 1416//2581
f 1415//2582 1425//2582 1392//2582
f 1425//2583 1415//2583 1413//2583
f 1416//2584 1415//2584 1402//2584
f 1369//2585 1347//2585 1342//2585
f 1369//2586 1342//2586 1359//2586
f 1344//2587 1342//2587 1427//2587
f 1427//2588 1342//2588 1347//2588
f 1427//2589 1347//2589 1335//2589
f 1335//2590 1347//2590 1336//2590
f 1345//2591 1346//2591 1439//2591
f 1439//2592 1346//2592 1343//2592
f 1439//2593 1343//2593 1301//2593
f 1301//2594 1343//2594 1296//2594
f 1343//2595 1346//2595 1362//2595
f 1343//2596 1362//2596 1350//2596
f 1426//1902 1435//1902 1344//1902
f 1344//1902 1435//1902 1428//1902
f 1344//1902 1427//1902 1426//1902
f 1344//1902 1428//1902 1429//1902
f 1429//1902 1428//1902 1430//1902
f 1429//1902 1430//1902 1431//1902
f 1431//1902 1430//1902 1432//1902
f 1431//1902 1432//1902 1433//1902
f 1433//1902 1432//1902 1434//1902
f 1434//1902 1432//1902 1426//1902
f 1426//1902 1432//1902 1435//1902
f 1330//2597 1344//2597 1429//2597
f 1330//2598 1429//2598 1431//2598
f 1330//2599 1431//2599 1338//2599
f 1338//2600 1431//2600 1339//2600
f 1339//2601 1431//2601 1433//2601
f 1339//2602 1433//2602 1340//2602
f 1340//2603 1433//2603 1434//2603
f 1340//2604 1434//2604 1426//2604
f 1340//2605 1426//2605 1337//2605
f 1430//2606 1329//2606 1432//2606
f 1432//2607 1329//2607 1436//2607
f 1432//2608 1436//2608 1341//2608
f 1432//2609 1341//2609 1435//2609
f 1435//2610 1341//2610 1437//2610
f 1435//2611 1437//2611 1428//2611
f 1428//2612 1437//2612 1438//2612
f 1428//2613 1438//2613 1430//2613
f 1430//2614 1438//2614 1329//2614
f 1439//1958 1440//1958 1345//1958
f 1442//1958 1441//1958 1439//1958
f 1440//1958 1439//1958 1441//1958
f 1441//1958 1442//1958 1443//1958
f 1441//1958 1443//1958 1444//1958
f 1444//1958 1443//1958 1445//1958
f 1444//1958 1445//1958 1446//1958
f 1444//1958 1446//1958 1447//1958
f 1447//1958 1446//1958 1448//1958
f 1447//1958 1448//1958 1345//1958
f 1447//1958 1345//1958 1440//1958
f 1311//2615 1345//2615 1448//2615
f 1311//2616 1448//2616 1446//2616
f 1311//2617 1446//2617 1317//2617
f 1317//2618 1446//2618 1445//2618
f 1317//2619 1445//2619 1315//2619
f 1315//2620 1445//2620 1443//2620
f 1315//2621 1443//2621 1313//2621
f 1313//2622 1443//2622 1442//2622
f 1313//2623 1442//2623 1306//2623
f 1447//2624 1316//2624 1444//2624
f 1444//2625 1316//2625 1314//2625
f 1444//2626 1314//2626 1312//2626
f 1444//2627 1312//2627 1441//2627
f 1441//2628 1312//2628 1308//2628
f 1441//2629 1308//2629 1440//2629
f 1440//2630 1308//2630 1303//2630
f 1440//2631 1303//2631 1447//2631
f 1447//2632 1303//2632 1316//2632
f 1329//2633 1333//2633 1436//2633
f 1436//2634 1333//2634 1341//2634
f 1437//2635 1341//2635 1319//2635
f 1437//2636 1319//2636 1438//2636
f 1438//2637 1319//2637 1329//2637
f 1439//2638 1301//2638 1442//2638
f 1442//2639 1301//2639 1306//2639
f 1427//2640 1335//2640 1426//2640
f 1426//2641 1335//2641 1337//2641
f 1399//2642 1454//2642 1393//2642
f 1393//2643 1454//2643 1449//2643
f 1393//2644 1449//2644 1450//2644
f 1393//2645 1450//2645 1403//2645
f 1403//2646 1450//2646 1409//2646
f 1409//2647 1450//2647 1451//2647
f 1409//2648 1451//2648 1405//2648
f 1405//2649 1451//2649 1452//2649
f 1405//2650 1452//2650 1387//2650
f 1387//2651 1452//2651 1453//2651
f 1387//2652 1453//2652 1454//2652
f 1387//2653 1454//2653 1399//2653
f 1455//2654 1452//2654 1451//2654
f 1455//2655 1451//2655 1456//2655
f 1456//2656 1451//2656 1450//2656
f 1456//2657 1450//2657 1457//2657
f 1457//2658 1450//2658 1449//2658
f 1457//2659 1449//2659 1458//2659
f 1458//2660 1449//2660 1454//2660
f 1458//2661 1454//2661 1459//2661
f 1459//2662 1454//2662 1453//2662
f 1459//2663 1453//2663 1455//2663
f 1455//2664 1453//2664 1452//2664
f 1456//2665 1373//2665 1375//2665
f 1456//2666 1375//2666 1455//2666
f 1455//2667 1375//2667 1377//2667
f 1455//2668 1377//2668 1459//2668
f 1459//2669 1377//2669 1354//2669
f 1459//2670 1354//2670 1366//2670
f 1459//2671 1366//2671 1458//2671
f 1458//2672 1366//2672 1457//2672
f 1457//2673 1366//2673 1358//2673
f 1457//2674 1358//2674 1456//2674
f 1456//2675 1358//2675 1373//2675
f 1465//2676 1466//2676 1407//2676
f 1407//2677 1466//2677 1460//2677
f 1407//2678 1460//2678 1386//2678
f 1386//2679 1460//2679 1461//2679
f 1386//2680 1461//2680 1385//2680
f 1385//2681 1461//2681 1462//2681
f 1385//2682 1462//2682 1397//2682
f 1397//2683 1462//2683 1463//2683
f 1397//2684 1463//2684 1464//2684
f 1397//2685 1464//2685 1408//2685
f 1408//2686 1464//2686 1465//2686
f 1465//2687 1464//2687 1466//2687
f 1467//2688 1464//2688 1463//2688
f 1467//2689 1463//2689 1468//2689
f 1468//2690 1463//2690 1462//2690
f 1468//2691 1462//2691 1469//2691
f 1469//2692 1462//2692 1461//2692
f 1469//2693 1461//2693 1470//2693
f 1470//2694 1461//2694 1466//2694
f 1470//2695 1466//2695 1471//2695
f 1471//2696 1466//2696 1464//2696
f 1471//2697 1464//2697 1467//2697
f 1468//2698 1351//2698 1372//2698
f 1468//2699 1372//2699 1467//2699
f 1467//2700 1372//2700 1348//2700
f 1467//2701 1348//2701 1471//2701
f 1471//2702 1348//2702 1367//2702
f 1471//2703 1367//2703 1357//2703
f 1471//2704 1357//2704 1470//2704
f 1470//2705 1357//2705 1352//2705
f 1470//2706 1352//2706 1469//2706
f 1469//2707 1352//2707 1351//2707
f 1469//2708 1351//2708 1468//2708
f 1461//2709 1460//2709 1466//2709
f 1408//2710 1465//2710 1407//2710
f 1398//2711 1477//2711 1391//2711
f 1391//2712 1477//2712 1472//2712
f 1391//2713 1472//2713 1473//2713
f 1391//2714 1473//2714 1404//2714
f 1404//2715 1473//2715 1411//2715
f 1411//2716 1473//2716 1474//2716
f 1411//2717 1474//2717 1475//2717
f 1411//2718 1475//2718 1410//2718
f 1410//2719 1475//2719 1476//2719
f 1410//2720 1476//2720 1398//2720
f 1398//2721 1476//2721 1477//2721
f 1478//2722 1476//2722 1475//2722
f 1478//2723 1475//2723 1479//2723
f 1479//2724 1475//2724 1474//2724
f 1479//2725 1474//2725 1480//2725
f 1480//2726 1474//2726 1473//2726
f 1480//2727 1473//2727 1481//2727
f 1481//2728 1473//2728 1472//2728
f 1481//2729 1472//2729 1482//2729
f 1482//2730 1472//2730 1477//2730
f 1482//2731 1477//2731 1478//2731
f 1478//2732 1477//2732 1476//2732
f 1479//2733 1376//2733 1371//2733
f 1479//2734 1371//2734 1364//2734
f 1479//2735 1364//2735 1478//2735
f 1478//2736 1364//2736 1483//2736
f 1478//2737 1483//2737 1482//2737
f 1482//2738 1483//2738 1374//2738
f 1482//2739 1374//2739 1481//2739
f 1481//2740 1374//2740 1355//2740
f 1481//2741 1355//2741 1360//2741
f 1481//2742 1360//2742 1480//2742
f 1480//2743 1360//2743 1376//2743
f 1480//2744 1376//2744 1479//2744
f 1364//2745 1368//2745 1483//2745
f 1483//2746 1368//2746 1374//2746
f 1396//2747 1484//2747 1400//2747
f 1400//2748 1484//2748 1395//2748
f 1395//2749 1484//2749 1485//2749
f 1395//2750 1485//2750 1401//2750
f 1401//2751 1485//2751 1486//2751
f 1401//2752 1486//2752 1394//2752
f 1394//2753 1486//2753 1487//2753
f 1394//2754 1487//2754 1388//2754
f 1388//2755 1487//2755 1396//2755
f 1396//2756 1487//2756 1488//2756
f 1396//2757 1488//2757 1484//2757
f 1489//2758 1487//2758 1490//2758
f 1490//2759 1487//2759 1486//2759
f 1490//2760 1486//2760 1491//2760
f 1491//2761 1486//2761 1485//2761
f 1491//2762 1485//2762 1492//2762
f 1492//2763 1485//2763 1484//2763
f 1492//2764 1484//2764 1488//2764
f 1492//2765 1488//2765 1493//2765
f 1493//2766 1488//2766 1487//2766
f 1493//2767 1487//2767 1489//2767
f 1490//2768 1349//2768 1370//2768
f 1490//2769 1370//2769 1361//2769
f 1490//2770 1361//2770 1489//2770
f 1489//2771 1361//2771 1493//2771
f 1493//2772 1361//2772 1494//2772
f 1493//2773 1494//2773 1363//2773
f 1493//2774 1363//2774 1492//2774
f 1492//2775 1363//2775 1353//2775
f 1492//2776 1353//2776 1356//2776
f 1492//2777 1356//2777 1491//2777
f 1491//2778 1356//2778 1349//2778
f 1491//2779 1349//2779 1490//2779
f 1361//2780 1365//2780 1494//2780
f 1494//2781 1365//2781 1363//2781
f 1502//2420 1501//2420 1499//2420
f 1499//2421 1501//2421 1500//2421
f 1500//2419 1503//2419 1499//2419
f 1504//1958 1506//1958 1508//1958
f 1506//1958 1499//1958 1505//1958
f 1505//1958 1499//1958 1503//1958
f 1505//1958 1503//1958 1495//1958
f 1495//1958 1503//1958 1497//1958
f 1501//2782 1502//2782 1507//2782
f 1508//1958 1506//1958 1505//1958
f 1497//1958 1509//1958 1495//1958
f 1517//2783 1510//2783 1500//2783
f 1507//2426 1502//2426 1511//2426
f 1503//1958 1512//1958 1513//1958
f 1496//1958 1509//1958 1497//1958
f 1496//1958 1497//1958 1514//1958
f 1500//2425 1510//2425 1512//2425
f 1507//2427 1511//2427 1515//2427
f 1507//2428 1515//2428 1516//2428
f 1507//2429 1516//2429 1517//2429
f 1517//2430 1516//2430 1510//2430
f 1500//2423 1512//2423 1503//2423
f 1535//2784 1520//2784 1534//2784
f 1522//1902 1521//1902 1523//1902
f 1522//1902 1523//1902 1524//1902
f 1526//1902 1525//1902 1527//1902
f 1535//1902 1531//1902 1523//1902
f 1523//1902 1531//1902 1525//1902
f 1521//1902 1522//1902 1530//1902
f 1523//1902 1525//1902 1526//1902
f 1523//1902 1526//1902 1524//1902
f 1524//1902 1526//1902 1528//1902
f 1529//1902 1528//1902 1532//1902
f 1532//1902 1528//1902 1519//1902
f 1533//1902 1521//1902 1530//1902
f 1534//2410 1531//2410 1535//2410
f 1528//1902 1529//1902 1524//1902
f 1541//2411 1540//2411 1535//2411
f 1535//2412 1540//2412 1520//2412
f 1531//2413 1534//2413 1536//2413
f 1531//2414 1536//2414 1537//2414
f 1537//2785 1536//2785 1538//2785
f 1537//2416 1538//2416 1539//2416
f 1539//2417 1538//2417 1540//2417
f 1539//2418 1540//2418 1541//2418
f 1513//2786 1543//2786 1503//2786
f 1543//2787 1542//2787 1503//2787
f 1503//2788 1542//2788 1523//2788
f 1544//2789 1535//2789 1523//2789
f 1544//2790 1523//2790 1542//2790
f 1545//2434 1502//2434 1499//2434
f 1545//2791 1499//2791 1546//2791
f 1527//2792 1547//2792 1526//2792
f 1526//2793 1547//2793 1499//2793
f 1547//2794 1546//2794 1499//2794
f 1572//2795 1562//2795 1550//2795
f 1572//2796 1550//2796 1549//2796
f 1548//2797 1560//2797 1553//2797
f 1548//2798 1553//2798 1552//2798
f 1552//2799 1553//2799 1551//2799
f 1549//2800 1550//2800 1556//2800
f 1549//2801 1556//2801 1569//2801
f 1557//2802 1548//2802 1558//2802
f 1559//2803 1560//2803 1548//2803
f 1563//2804 1564//2804 1560//2804
f 1560//2805 1564//2805 1553//2805
f 1566//2806 1565//2806 1567//2806
f 1566//2807 1567//2807 1555//2807
f 1555//2808 1554//2808 1568//2808
f 1555//2809 1568//2809 1558//2809
f 1551//2810 1569//2810 1552//2810
f 1569//2811 1556//2811 1570//2811
f 1569//2812 1570//2812 1552//2812
f 1555//2813 1558//2813 1548//2813
f 1555//2814 1567//2814 1554//2814
f 1554//2815 1567//2815 1562//2815
f 1552//2816 1570//2816 1566//2816
f 1566//2817 1570//2817 1565//2817
f 1557//2818 1561//2818 1548//2818
f 1548//2819 1561//2819 1559//2819
f 1564//2820 1563//2820 1572//2820
f 1571//2821 1572//2821 1573//2821
f 1562//2822 1574//2822 1554//2822
f 1571//2823 1575//2823 1572//2823
f 1572//2824 1575//2824 1576//2824
f 1576//2825 1574//2825 1572//2825
f 1572//2826 1574//2826 1562//2826
f 1572//2827 1563//2827 1573//2827
f 1561//2828 1557//2828 1571//2828
f 1571//2829 1557//2829 1575//2829
f 1546//2830 1547//2830 1555//2830
f 1555//2831 1547//2831 1566//2831
f 1548//2832 1552//2832 1543//2832
f 1543//2833 1552//2833 1542//2833
f 1577//2834 1509//2834 1578//2834
f 1578//2835 1509//2835 1530//2835
f 1578//2836 1530//2836 1579//2836
f 1582//2837 1583//2837 1688//2837
f 1524//2838 1598//2838 1589//2838
f 1587//2839 1593//2839 1592//2839
f 1593//2840 1587//2840 1594//2840
f 1595//2841 1597//2841 1596//2841
f 1596//2842 1597//2842 1598//2842
f 1596//2843 1598//2843 1524//2843
f 1585//2844 1584//2844 1495//2844
f 1495//2845 1594//2845 1505//2845
f 1505//2846 1594//2846 1586//2846
f 1505//2847 1586//2847 1688//2847
f 1505//2848 1688//2848 1583//2848
f 1599//2849 1589//2849 1588//2849
f 1582//2850 1600//2850 1624//2850
f 1624//2851 1600//2851 1602//2851
f 1524//2852 1590//2852 1522//2852
f 1522//2853 1590//2853 1591//2853
f 1522//2854 1591//2854 1601//2854
f 1688//2855 1600//2855 1582//2855
f 1602//2856 1600//2856 1596//2856
f 1596//2857 1600//2857 1587//2857
f 1601//2858 1591//2858 1603//2858
f 1589//2859 1599//2859 1524//2859
f 1524//2860 1599//2860 1590//2860
f 1584//2861 1593//2861 1495//2861
f 1587//2862 1592//2862 1596//2862
f 1596//2863 1592//2863 1609//2863
f 1585//2864 1608//2864 1584//2864
f 1593//2865 1594//2865 1495//2865
f 1588//2866 1589//2866 1610//2866
f 1608//2867 1607//2867 1606//2867
f 1606//2868 1607//2868 1605//2868
f 1606//2869 1605//2869 1610//2869
f 1608//2870 1585//2870 1607//2870
f 1601//2871 1603//2871 1605//2871
f 1605//2872 1603//2872 1604//2872
f 1595//2873 1596//2873 1609//2873
f 1595//2874 1609//2874 1610//2874
f 1609//2875 1606//2875 1610//2875
f 1605//2876 1604//2876 1588//2876
f 1588//2877 1610//2877 1605//2877
f 1596//2878 1524//2878 1611//2878
f 1611//2879 1524//2879 1529//2879
f 1613//2880 1612//2880 1614//2880
f 1613//2881 1614//2881 1615//2881
f 1508//2882 1505//2882 1616//2882
f 1616//2883 1505//2883 1583//2883
f 1530//2884 1522//2884 1579//2884
f 1579//2885 1522//2885 1601//2885
f 1580//2886 1617//2886 1618//2886
f 1580//2887 1618//2887 1581//2887
f 1619//2888 1611//2888 1529//2888
f 1508//2889 1616//2889 1619//2889
f 1508//2890 1619//2890 1529//2890
f 1497//2891 1503//2891 1521//2891
f 1521//2892 1503//2892 1523//2892
f 1528//2538 1526//2538 1506//2538
f 1506//2539 1526//2539 1499//2539
f 1585//2893 1495//2893 1577//2893
f 1577//2894 1495//2894 1509//2894
f 1509//2895 1496//2895 1530//2895
f 1530//2896 1496//2896 1533//2896
f 1497//2897 1521//2897 1533//2897
f 1497//2552 1533//2552 1514//2552
f 1496//2555 1514//2555 1518//2555
f 1518//2554 1514//2554 1533//2554
f 1518//2556 1533//2556 1496//2556
f 1529//2898 1532//2898 1508//2898
f 1508//2899 1532//2899 1504//2899
f 1504//2546 1519//2546 1528//2546
f 1504//2545 1528//2545 1506//2545
f 1504//2548 1498//2548 1519//2548
f 1519//2547 1498//2547 1532//2547
f 1504//2549 1532//2549 1498//2549
f 1622//2900 1623//2900 1612//2900
f 1612//2901 1613//2901 1622//2901
f 1612//2902 1624//2902 1614//2902
f 1618//2903 1621//2903 1620//2903
f 1618//2904 1620//2904 1581//2904
f 1607//2905 1585//2905 1621//2905
f 1621//2906 1585//2906 1577//2906
f 1621//2907 1577//2907 1620//2907
f 1620//2908 1577//2908 1578//2908
f 1620//2909 1578//2909 1605//2909
f 1605//2910 1578//2910 1601//2910
f 1601//1958 1578//1958 1579//1958
f 1582//2911 1616//2911 1583//2911
f 1602//2562 1596//2562 1622//2562
f 1622//2912 1596//2912 1619//2912
f 1622//2913 1619//2913 1623//2913
f 1623//2914 1619//2914 1616//2914
f 1623//2915 1616//2915 1582//2915
f 1619//1958 1596//1958 1611//1958
f 1620//2916 1580//2916 1581//2916
f 1580//2917 1620//2917 1605//2917
f 1617//2918 1607//2918 1621//2918
f 1621//2919 1618//2919 1617//2919
f 1617//2920 1580//2920 1607//2920
f 1607//2921 1580//2921 1605//2921
f 1615//2576 1602//2576 1622//2576
f 1622//2922 1613//2922 1615//2922
f 1624//2923 1623//2923 1582//2923
f 1623//2924 1624//2924 1612//2924
f 1614//2925 1624//2925 1615//2925
f 1615//2926 1624//2926 1602//2926
f 1566//2927 1547//2927 1542//2927
f 1566//2928 1542//2928 1552//2928
f 1544//2929 1542//2929 1626//2929
f 1626//2930 1542//2930 1547//2930
f 1626//2931 1547//2931 1525//2931
f 1525//2932 1547//2932 1527//2932
f 1545//2933 1546//2933 1625//2933
f 1625//2934 1546//2934 1543//2934
f 1625//2935 1543//2935 1512//2935
f 1512//2936 1543//2936 1513//2936
f 1543//2937 1546//2937 1555//2937
f 1543//2938 1555//2938 1548//2938
f 1626//1958 1627//1958 1544//1958
f 1629//1958 1628//1958 1626//1958
f 1627//1958 1626//1958 1628//1958
f 1628//1958 1629//1958 1630//1958
f 1628//1958 1630//1958 1631//1958
f 1631//1958 1630//1958 1632//1958
f 1631//1958 1632//1958 1633//1958
f 1631//1958 1633//1958 1634//1958
f 1634//1958 1633//1958 1635//1958
f 1634//1958 1635//1958 1544//1958
f 1634//1958 1544//1958 1627//1958
f 1535//2615 1544//2615 1635//2615
f 1535//2616 1635//2616 1633//2616
f 1535//2617 1633//2617 1541//2617
f 1541//2618 1633//2618 1632//2618
f 1541//2619 1632//2619 1539//2619
f 1539//2620 1632//2620 1630//2620
f 1539//2621 1630//2621 1537//2621
f 1537//2622 1630//2622 1629//2622
f 1537//2623 1629//2623 1531//2623
f 1634//2624 1540//2624 1631//2624
f 1631//2625 1540//2625 1538//2625
f 1631//2626 1538//2626 1536//2626
f 1631//2627 1536//2627 1628//2627
f 1628//2628 1536//2628 1534//2628
f 1628//2629 1534//2629 1627//2629
f 1627//2630 1534//2630 1520//2630
f 1627//2631 1520//2631 1634//2631
f 1634//2632 1520//2632 1540//2632
f 1636//1902 1644//1902 1545//1902
f 1545//1902 1644//1902 1637//1902
f 1545//1902 1625//1902 1636//1902
f 1545//1902 1637//1902 1638//1902
f 1638//1902 1637//1902 1639//1902
f 1638//1902 1639//1902 1640//1902
f 1640//1902 1639//1902 1641//1902
f 1640//1902 1641//1902 1642//1902
f 1642//1902 1641//1902 1643//1902
f 1643//1902 1641//1902 1636//1902
f 1636//1902 1641//1902 1644//1902
f 1502//2597 1545//2597 1638//2597
f 1502//2598 1638//2598 1640//2598
f 1502//2599 1640//2599 1511//2599
f 1511//2600 1640//2600 1515//2600
f 1515//2601 1640//2601 1642//2601
f 1515//2602 1642//2602 1516//2602
f 1516//2603 1642//2603 1643//2603
f 1516//2604 1643//2604 1636//2604
f 1516//2605 1636//2605 1510//2605
f 1639//2606 1501//2606 1641//2606
f 1641//2939 1501//2939 1645//2939
f 1641//2608 1645//2608 1517//2608
f 1641//2609 1517//2609 1644//2609
f 1644//2610 1517//2610 1646//2610
f 1644//2611 1646//2611 1637//2611
f 1637//2940 1646//2940 1647//2940
f 1637//2613 1647//2613 1639//2613
f 1639//2614 1647//2614 1501//2614
f 1501//2633 1507//2633 1645//2633
f 1645//2941 1507//2941 1517//2941
f 1646//2942 1517//2942 1500//2942
f 1646//2943 1500//2943 1647//2943
f 1647//2944 1500//2944 1501//2944
f 1625//2640 1512//2640 1636//2640
f 1636//2641 1512//2641 1510//2641
f 1626//2638 1525//2638 1629//2638
f 1629//2639 1525//2639 1531//2639
f 1591//2945 1654//2945 1648//2945
f 1591//2946 1648//2946 1603//2946
f 1603//2947 1648//2947 1649//2947
f 1603//2948 1649//2948 1650//2948
f 1603//2949 1650//2949 1604//2949
f 1604//2950 1650//2950 1651//2950
f 1604//2951 1651//2951 1588//2951
f 1588//2952 1651//2952 1652//2952
f 1588//2953 1652//2953 1599//2953
f 1599//2954 1652//2954 1653//2954
f 1599//2955 1653//2955 1590//2955
f 1590//2956 1653//2956 1654//2956
f 1590//2957 1654//2957 1591//2957
f 1659//2958 1653//2958 1652//2958
f 1659//2959 1652//2959 1655//2959
f 1655//2960 1652//2960 1651//2960
f 1655//2961 1651//2961 1656//2961
f 1656//2962 1651//2962 1650//2962
f 1656//2963 1650//2963 1649//2963
f 1656//2964 1649//2964 1657//2964
f 1657//2965 1649//2965 1654//2965
f 1657//2966 1654//2966 1658//2966
f 1658//2967 1654//2967 1659//2967
f 1659//2968 1654//2968 1653//2968
f 1655//2969 1564//2969 1572//2969
f 1655//2970 1572//2970 1659//2970
f 1659//2971 1572//2971 1549//2971
f 1659//2972 1549//2972 1658//2972
f 1658//2973 1549//2973 1569//2973
f 1658//2974 1569//2974 1551//2974
f 1658//2975 1551//2975 1657//2975
f 1657//2976 1551//2976 1553//2976
f 1657//2977 1553//2977 1656//2977
f 1656//2978 1553//2978 1655//2978
f 1655//2979 1553//2979 1564//2979
f 1649//2980 1648//2980 1654//2980
f 1606//2981 1666//2981 1660//2981
f 1606//2982 1660//2982 1608//2982
f 1608//2983 1660//2983 1661//2983
f 1608//2984 1661//2984 1584//2984
f 1584//2985 1661//2985 1662//2985
f 1584//2986 1662//2986 1663//2986
f 1584//2987 1663//2987 1593//2987
f 1593//2988 1663//2988 1664//2988
f 1593//2989 1664//2989 1592//2989
f 1592//2990 1664//2990 1665//2990
f 1592//2991 1665//2991 1609//2991
f 1609//2992 1665//2992 1666//2992
f 1609//2993 1666//2993 1606//2993
f 1671//2994 1665//2994 1667//2994
f 1667//2995 1665//2995 1664//2995
f 1667//2996 1664//2996 1663//2996
f 1667//2997 1663//2997 1668//2997
f 1668//2998 1663//2998 1661//2998
f 1668//2999 1661//2999 1669//2999
f 1669//3000 1661//3000 1660//3000
f 1669//3001 1660//3001 1670//3001
f 1670//3002 1660//3002 1666//3002
f 1670//3003 1666//3003 1671//3003
f 1671//3004 1666//3004 1665//3004
f 1668//3005 1559//3005 1667//3005
f 1667//3006 1559//3006 1561//3006
f 1667//3007 1561//3007 1671//3007
f 1671//3008 1561//3008 1571//3008
f 1671//3009 1571//3009 1573//3009
f 1671//3010 1573//3010 1670//3010
f 1670//3011 1573//3011 1563//3011
f 1670//3012 1563//3012 1669//3012
f 1669//3013 1563//3013 1560//3013
f 1669//3014 1560//3014 1668//3014
f 1668//3015 1560//3015 1559//3015
f 1663//3016 1662//3016 1661//3016
f 1589//3017 1677//3017 1672//3017
f 1589//3018 1672//3018 1610//3018
f 1610//3019 1672//3019 1673//3019
f 1610//3020 1673//3020 1595//3020
f 1595//3021 1673//3021 1674//3021
f 1595//3022 1674//3022 1597//3022
f 1597//3023 1674//3023 1675//3023
f 1597//3024 1675//3024 1676//3024
f 1597//3025 1676//3025 1598//3025
f 1598//3026 1676//3026 1677//3026
f 1598//3027 1677//3027 1589//3027
f 1683//3028 1676//3028 1678//3028
f 1678//3029 1676//3029 1675//3029
f 1678//3030 1675//3030 1679//3030
f 1679//3031 1675//3031 1673//3031
f 1679//3032 1673//3032 1680//3032
f 1680//3033 1673//3033 1672//3033
f 1680//3034 1672//3034 1681//3034
f 1681//3035 1672//3035 1682//3035
f 1682//3036 1672//3036 1677//3036
f 1682//3037 1677//3037 1683//3037
f 1683//3038 1677//3038 1676//3038
f 1679//3039 1562//3039 1678//3039
f 1678//3040 1562//3040 1567//3040
f 1678//3041 1567//3041 1683//3041
f 1683//3042 1567//3042 1682//3042
f 1682//3043 1567//3043 1565//3043
f 1682//3044 1565//3044 1681//3044
f 1681//3045 1565//3045 1570//3045
f 1681//3046 1570//3046 1556//3046
f 1681//3047 1556//3047 1680//3047
f 1680//3048 1556//3048 1550//3048
f 1680//3049 1550//3049 1679//3049
f 1679//3050 1550//3050 1562//3050
f 1673//3051 1675//3051 1674//3051
f 1587//3052 1690//3052 1684//3052
f 1587//3053 1684//3053 1685//3053
f 1587//3054 1685//3054 1594//3054
f 1594//3055 1685//3055 1686//3055
f 1594//3056 1686//3056 1586//3056
f 1586//3057 1686//3057 1687//3057
f 1586//3058 1687//3058 1688//3058
f 1688//3059 1687//3059 1689//3059
f 1688//3060 1689//3060 1600//3060
f 1600//3061 1689//3061 1690//3061
f 1600//3062 1690//3062 1587//3062
f 1695//3063 1689//3063 1691//3063
f 1691//3064 1689//3064 1687//3064
f 1691//3065 1687//3065 1692//3065
f 1692//3066 1687//3066 1685//3066
f 1692//3067 1685//3067 1684//3067
f 1692//3068 1684//3068 1693//3068
f 1693//3069 1684//3069 1694//3069
f 1694//3070 1684//3070 1690//3070
f 1694//3071 1690//3071 1695//3071
f 1695//3072 1690//3072 1689//3072
f 1691//3073 1558//3073 1568//3073
f 1691//3074 1568//3074 1695//3074
f 1695//3075 1568//3075 1554//3075
f 1695//3076 1554//3076 1574//3076
f 1695//3077 1574//3077 1694//3077
f 1694//3078 1574//3078 1576//3078
f 1694//3079 1576//3079 1693//3079
f 1693//3080 1576//3080 1575//3080
f 1693//3081 1575//3081 1692//3081
f 1692//3082 1575//3082 1557//3082
f 1692//3083 1557//3083 1558//3083
f 1692//3084 1558//3084 1691//3084
f 1687//3085 1686//3085 1685//3085
f 1698//3086 1699//3086 1700//3086
f 1700//3087 1699//3087 1701//3087
f 1701//3088 1702//3088 1700//3088
f 1702//3089 1701//3089 1703//3089
f 1702//3090 1703//3090 1704//3090
f 1704//3091 1705//3091 1697//3091
f 1716//3092 1711//3092 1710//3092
f 1697//3093 1705//3093 1712//3093
f 1697//3094 1712//3094 1709//3094
f 1705//3095 1713//3095 1712//3095
f 1712//3096 1714//3096 1709//3096
f 1714//3097 1710//3097 1709//3097
f 1704//3098 1715//3098 1705//3098
f 1705//3099 1715//3099 1713//3099
f 1706//3100 1707//3100 1714//3100
f 1714//3101 1707//3101 1716//3101
f 1713//3102 1715//3102 1708//3102
f 1708//3103 1715//3103 1717//3103
f 1715//3104 1703//3104 1717//3104
f 1703//3105 1715//3105 1704//3105
f 1712//3106 1713//3106 1706//3106
f 1712//3107 1706//3107 1714//3107
f 1714//3108 1716//3108 1710//3108
f 1730//3109 1718//3109 1719//3109
f 1719//3110 1718//3110 1720//3110
f 1719//3111 1720//3111 1721//3111
f 1721//3112 1720//3112 1722//3112
f 1721//3113 1722//3113 1723//3113
f 1723//3114 1722//3114 1724//3114
f 1723//3115 1724//3115 1725//3115
f 1725//3116 1724//3116 1726//3116
f 1726//3117 1724//3117 1727//3117
f 1726//3118 1727//3118 1728//3118
f 1728//3119 1727//3119 1729//3119
f 1728//3120 1729//3120 1730//3120
f 1730//3121 1729//3121 1718//3121
f 1734//3122 1731//3122 1737//3122
f 1707//3123 1738//3123 1716//3123
f 1716//3124 1738//3124 1711//3124
f 1707//3125 1735//3125 1738//3125
f 1703//3126 1701//3126 1717//3126
f 1717//3127 1739//3127 1732//3127
f 1717//3128 1732//3128 1708//3128
f 1738//3129 1736//3129 1711//3129
f 1701//3130 1739//3130 1717//3130
f 1733//3131 1734//3131 1735//3131
f 1735//3132 1734//3132 1738//3132
f 1737//3133 1736//3133 1738//3133
f 1734//3134 1733//3134 1740//3134
f 1740//3135 1733//3135 1732//3135
f 1701//3136 1699//3136 1739//3136
f 1739//3137 1699//3137 1732//3137
f 1732//3138 1699//3138 1740//3138
f 1738//3139 1734//3139 1737//3139
f 1699//3140 1698//3140 1740//3140
f 1740//3141 1698//3141 1734//3141
f 1734//3142 1698//3142 1731//3142
f 1744//3143 1732//3143 1741//3143
f 1741//3144 1732//3144 1733//3144
f 1741//3145 1733//3145 1742//3145
f 1742//3146 1735//3146 1743//3146
f 1743//3147 1735//3147 1707//3147
f 1742//3148 1733//3148 1735//3148
f 1696//3149 1713//3149 1708//3149
f 1696//3150 1708//3150 1744//3150
f 1744//3151 1708//3151 1732//3151
f 1743//3152 1707//3152 1706//3152
f 1743//3153 1706//3153 1745//3153
f 1745//3154 1706//3154 1713//3154
f 1745//3155 1713//3155 1696//3155
f 1724//3156 1711//3156 1736//3156
f 1727//3157 1698//3157 1729//3157
f 1724//3158 1736//3158 1731//3158
f 1724//3159 1731//3159 1727//3159
f 1727//3160 1731//3160 1698//3160
f 1704//3161 1718//3161 1702//3161
f 1698//3162 1700//3162 1729//3162
f 1720//3163 1697//3163 1709//3163
f 1720//3164 1709//3164 1722//3164
f 1722//3165 1709//3165 1711//3165
f 1722//3166 1711//3166 1724//3166
f 1718//3167 1704//3167 1720//3167
f 1720//3168 1704//3168 1697//3168
f 1729//3169 1700//3169 1702//3169
f 1729//3170 1702//3170 1718//3170
f 1710//3171 1711//3171 1709//3171
f 1736//3172 1737//3172 1731//3172
f 1746//217 1747//217 1748//217
f 1748//217 1747//217 1749//217
f 1748//217 1749//217 1750//217
f 1750//217 1749//217 1751//217
f 1749//3173 1745//3173 1751//3173
f 1751//3174 1745//3174 1696//3174
f 1696//3175 1750//3175 1751//3175
f 1750//3176 1696//3176 1744//3176
f 1750//3177 1744//3177 1748//3177
f 1748//3178 1744//3178 1741//3178
f 1741//3179 1746//3179 1748//3179
f 1746//3180 1741//3180 1742//3180
f 1746//3181 1742//3181 1747//3181
f 1747//3182 1742//3182 1743//3182
f 1743//3183 1749//3183 1747//3183
f 1749//3184 1743//3184 1745//3184
f 1753//3185 1725//3185 1752//3185
f 1752//3186 1719//3186 1753//3186
f 1730//3187 1719//3187 1752//3187
f 1730//3188 1752//3188 1728//3188
f 1728//3189 1752//3189 1726//3189
f 1726//3190 1752//3190 1725//3190
f 1723//3191 1725//3191 1753//3191
f 1723//3192 1753//3192 1721//3192
f 1721//3193 1753//3193 1719//3193
f 1755//3194 1756//3194 1757//3194
f 1758//3195 1759//3195 1757//3195
f 1761//3196 1762//3196 1769//3196
f 1764//3197 1772//3197 1767//3197
f 1767//3198 1773//3198 1763//3198
f 1762//3199 1772//3199 1769//3199
f 1772//3200 1770//3200 1769//3200
f 1762//3201 1761//3201 1773//3201
f 1762//3202 1773//3202 1767//3202
f 1762//3203 1767//3203 1772//3203
f 1760//3204 1768//3204 1761//3204
f 1761//3205 1768//3205 1773//3205
f 1772//3206 1766//3206 1770//3206
f 1770//3207 1766//3207 1771//3207
f 1764//3208 1766//3208 1772//3208
f 1763//3209 1773//3209 1768//3209
f 1764//3210 1765//3210 1766//3210
f 1766//3211 1774//3211 1771//3211
f 1766//3212 1765//3212 1774//3212
f 1763//3213 1768//3213 1775//3213
f 1768//3214 1760//3214 1759//3214
f 1768//3215 1759//3215 1775//3215
f 1776//3216 1777//3216 1778//3216
f 1776//3217 1778//3217 1779//3217
f 1779//3218 1778//3218 1780//3218
f 1779//3219 1780//3219 1781//3219
f 1781//3220 1780//3220 1782//3220
f 1782//3221 1780//3221 1783//3221
f 1782//3222 1783//3222 1784//3222
f 1784//3223 1783//3223 1785//3223
f 1784//3224 1785//3224 1786//3224
f 1786//3225 1785//3225 1787//3225
f 1786//3226 1787//3226 1788//3226
f 1788//3227 1787//3227 1789//3227
f 1789//3228 1787//3228 1777//3228
f 1789//3229 1777//3229 1776//3229
f 1791//3230 1790//3230 1792//3230
f 1794//3231 1765//3231 1792//3231
f 1771//3232 1774//3232 1795//3232
f 1793//3233 1755//3233 1796//3233
f 1797//3234 1756//3234 1755//3234
f 1757//3235 1756//3235 1790//3235
f 1791//3236 1763//3236 1775//3236
f 1759//3237 1758//3237 1775//3237
f 1765//3238 1794//3238 1774//3238
f 1775//3239 1758//3239 1791//3239
f 1774//3240 1794//3240 1795//3240
f 1792//3241 1793//3241 1794//3241
f 1758//3242 1757//3242 1791//3242
f 1796//3243 1795//3243 1794//3243
f 1793//3244 1792//3244 1797//3244
f 1790//3245 1791//3245 1757//3245
f 1790//3246 1797//3246 1792//3246
f 1794//3247 1793//3247 1796//3247
f 1790//3248 1756//3248 1797//3248
f 1797//3249 1755//3249 1793//3249
f 1801//3250 1791//3250 1798//3250
f 1798//3251 1791//3251 1792//3251
f 1798//3252 1792//3252 1799//3252
f 1799//3253 1765//3253 1800//3253
f 1800//3254 1765//3254 1764//3254
f 1799//3255 1792//3255 1765//3255
f 1754//3256 1763//3256 1801//3256
f 1801//3257 1763//3257 1791//3257
f 1764//3258 1767//3258 1754//3258
f 1754//3259 1767//3259 1763//3259
f 1783//3260 1771//3260 1795//3260
f 1783//3261 1795//3261 1785//3261
f 1785//3262 1755//3262 1787//3262
f 1785//3263 1795//3263 1755//3263
f 1760//3264 1778//3264 1777//3264
f 1760//3265 1777//3265 1759//3265
f 1755//3266 1757//3266 1787//3266
f 1787//3267 1757//3267 1777//3267
f 1780//3268 1769//3268 1770//3268
f 1780//3269 1770//3269 1783//3269
f 1783//3270 1770//3270 1771//3270
f 1778//3271 1760//3271 1761//3271
f 1778//3272 1761//3272 1780//3272
f 1780//3273 1761//3273 1769//3273
f 1777//3274 1757//3274 1759//3274
f 1795//3275 1796//3275 1755//3275
f 1802//217 1803//217 1804//217
f 1804//217 1803//217 1805//217
f 1804//217 1805//217 1806//217
f 1806//217 1805//217 1807//217
f 1805//3276 1764//3276 1807//3276
f 1807//3277 1764//3277 1754//3277
f 1754//3278 1806//3278 1807//3278
f 1806//3279 1754//3279 1801//3279
f 1806//3280 1801//3280 1804//3280
f 1804//3178 1801//3178 1798//3178
f 1798//3179 1802//3179 1804//3179
f 1802//3180 1798//3180 1799//3180
f 1802//3181 1799//3181 1803//3181
f 1803//3182 1799//3182 1800//3182
f 1800//3183 1805//3183 1803//3183
f 1805//3281 1800//3281 1764//3281
f 1784//3282 1808//3282 1789//3282
f 1782//3283 1784//3283 1789//3283
f 1789//3284 1779//3284 1782//3284
f 1788//3285 1789//3285 1808//3285
f 1788//3286 1808//3286 1786//3286
f 1786//3287 1808//3287 1784//3287
f 1781//3288 1782//3288 1779//3288
f 1776//3289 1779//3289 1789//3289
f 1811//3290 1812//3290 1813//3290
f 1814//3291 1828//3291 1815//3291
f 1815//3292 1816//3292 1810//3292
f 1810//3293 1816//3293 1817//3293
f 1824//3294 1817//3294 1823//3294
f 1817//3295 1816//3295 1823//3295
f 1823//3296 1819//3296 1824//3296
f 1824//3297 1819//3297 1821//3297
f 1824//3298 1821//3298 1825//3298
f 1818//3299 1827//3299 1822//3299
f 1821//3300 1826//3300 1825//3300
f 1819//3301 1820//3301 1821//3301
f 1822//3302 1827//3302 1828//3302
f 1827//3303 1816//3303 1815//3303
f 1827//3304 1815//3304 1828//3304
f 1816//3305 1827//3305 1818//3305
f 1816//3306 1818//3306 1823//3306
f 1823//3307 1818//3307 1819//3307
f 1830//3308 1829//3308 1831//3308
f 1830//3309 1831//3309 1832//3309
f 1832//3310 1831//3310 1833//3310
f 1832//3311 1833//3311 1834//3311
f 1834//3312 1833//3312 1835//3312
f 1834//3313 1835//3313 1836//3313
f 1836//3314 1835//3314 1837//3314
f 1837//3315 1835//3315 1838//3315
f 1837//3316 1838//3316 1839//3316
f 1839//3317 1838//3317 1840//3317
f 1839//3318 1840//3318 1841//3318
f 1841//3319 1840//3319 1829//3319
f 1841//3320 1829//3320 1830//3320
f 1844//3321 1811//3321 1846//3321
f 1821//3322 1820//3322 1826//3322
f 1828//3323 1848//3323 1822//3323
f 1820//3324 1847//3324 1826//3324
f 1814//3325 1848//3325 1828//3325
f 1843//3326 1844//3326 1820//3326
f 1848//3327 1842//3327 1822//3327
f 1820//3328 1844//3328 1847//3328
f 1814//3329 1813//3329 1848//3329
f 1845//3330 1826//3330 1847//3330
f 1844//3331 1843//3331 1849//3331
f 1849//3332 1843//3332 1842//3332
f 1847//3333 1846//3333 1845//3333
f 1848//3334 1813//3334 1812//3334
f 1848//3335 1812//3335 1842//3335
f 1847//3336 1844//3336 1846//3336
f 1842//3337 1812//3337 1849//3337
f 1849//3338 1812//3338 1811//3338
f 1849//3339 1811//3339 1844//3339
f 1809//3340 1822//3340 1851//3340
f 1851//3341 1822//3341 1842//3341
f 1851//3342 1842//3342 1852//3342
f 1852//3343 1842//3343 1843//3343
f 1852//3344 1843//3344 1850//3344
f 1809//3345 1818//3345 1822//3345
f 1850//3346 1843//3346 1820//3346
f 1850//3347 1820//3347 1853//3347
f 1853//3348 1820//3348 1819//3348
f 1819//3349 1818//3349 1809//3349
f 1853//3350 1819//3350 1854//3350
f 1854//3351 1819//3351 1809//3351
f 1829//3352 1814//3352 1815//3352
f 1829//3353 1815//3353 1831//3353
f 1831//3354 1815//3354 1810//3354
f 1838//3355 1811//3355 1840//3355
f 1840//3356 1811//3356 1813//3356
f 1833//3357 1856//3357 1835//3357
f 1835//3170 1856//3170 1855//3170
f 1840//3358 1813//3358 1814//3358
f 1840//3359 1814//3359 1829//3359
f 1835//3360 1855//3360 1845//3360
f 1835//3361 1845//3361 1846//3361
f 1835//3362 1846//3362 1838//3362
f 1838//3363 1846//3363 1811//3363
f 1831//3364 1810//3364 1833//3364
f 1833//3170 1810//3170 1856//3170
f 1810//3365 1817//3365 1824//3365
f 1810//3366 1824//3366 1856//3366
f 1856//3367 1824//3367 1825//3367
f 1825//3368 1855//3368 1856//3368
f 1825//3369 1826//3369 1855//3369
f 1855//3370 1826//3370 1845//3370
f 1857//217 1858//217 1859//217
f 1859//217 1858//217 1860//217
f 1859//217 1860//217 1861//217
f 1861//217 1860//217 1862//217
f 1859//3371 1854//3371 1857//3371
f 1857//3372 1854//3372 1809//3372
f 1809//3373 1858//3373 1857//3373
f 1858//3374 1809//3374 1851//3374
f 1858//3375 1851//3375 1860//3375
f 1860//3376 1851//3376 1852//3376
f 1852//3377 1862//3377 1860//3377
f 1862//3378 1852//3378 1850//3378
f 1850//3379 1861//3379 1862//3379
f 1861//3380 1850//3380 1853//3380
f 1853//3381 1859//3381 1861//3381
f 1859//3382 1853//3382 1854//3382
f 1863//3383 1841//3383 1830//3383
f 1837//3384 1841//3384 1863//3384
f 1834//3385 1837//3385 1863//3385
f 1839//3386 1841//3386 1837//3386
f 1836//3387 1837//3387 1834//3387
f 1834//3388 1863//3388 1832//3388
f 1832//3389 1863//3389 1830//3389
f 1864//3390 1866//3390 1865//3390
f 1868//3391 1869//3391 1866//3391
f 1868//3392 1866//3392 1864//3392
f 1874//3393 1869//3393 1867//3393
f 1867//3394 1869//3394 1868//3394
f 1871//3395 1872//3395 1870//3395
f 1864//3396 1865//3396 1871//3396
f 1871//3397 1865//3397 1872//3397
f 1871//3398 1870//3398 1873//3398
f 1873//3399 1870//3399 1874//3399
f 1873//3400 1874//3400 1867//3400
f 1869//3401 1875//3401 1866//3401
f 1876//3402 1866//3402 1875//3402
f 1876//3403 1875//3403 1877//3403
f 1877//3404 1875//3404 1869//3404
f 1877//3405 1869//3405 1878//3405
f 1878//3406 1869//3406 1874//3406
f 1878//3407 1874//3407 1879//3407
f 1885//3408 1873//3408 1867//3408
f 1885//3409 1867//3409 1881//3409
f 1881//3410 1867//3410 1868//3410
f 1881//3411 1868//3411 1882//3411
f 1882//3412 1868//3412 1864//3412
f 1882//3413 1864//3413 1883//3413
f 1883//3414 1864//3414 1871//3414
f 1883//3415 1871//3415 1884//3415
f 1884//3416 1871//3416 1885//3416
f 1885//3417 1871//3417 1873//3417
f 1879//3418 1874//3418 1870//3418
f 1879//3419 1870//3419 1886//3419
f 1886//3420 1870//3420 1872//3420
f 1886//3421 1872//3421 1887//3421
f 1886//3422 1887//3422 1888//3422
f 1888//3423 1887//3423 1889//3423
f 1889//3424 1887//3424 1865//3424
f 1889//3425 1865//3425 1876//3425
f 1876//3426 1865//3426 1866//3426
f 1893//3427 1879//3427 1890//3427
f 1890//3428 1879//3428 1886//3428
f 1890//3429 1886//3429 1891//3429
f 1892//3430 1877//3430 1878//3430
f 1892//3431 1878//3431 1893//3431
f 1893//3432 1878//3432 1879//3432
f 1886//3433 1888//3433 1891//3433
f 1891//3434 1888//3434 1894//3434
f 1894//3435 1888//3435 1889//3435
f 1894//3436 1889//3436 1880//3436
f 1880//3437 1889//3437 1876//3437
f 1880//3438 1876//3438 1877//3438
f 1880//3439 1877//3439 1892//3439
f 1890//3440 1895//3440 1896//3440
f 1896//3441 1895//3441 1897//3441
f 1897//3442 1895//3442 1880//3442
f 1892//3443 1893//3443 1897//3443
f 1897//3444 1893//3444 1896//3444
f 1893//3445 1890//3445 1896//3445
f 1890//3446 1891//3446 1895//3446
f 1891//3447 1894//3447 1895//3447
f 1895//3448 1894//3448 1880//3448
f 1880//3449 1892//3449 1897//3449
f 1865//3450 1887//3450 1872//3450
f 1884//3451 1885//3451 1883//3451
f 1883//3452 1885//3452 1898//3452
f 1882//3453 1883//3453 1898//3453
f 1882//3454 1898//3454 1881//3454
f 1881//3455 1898//3455 1885//3455
f 1899//3456 1901//3456 1900//3456
f 1905//3457 1902//3457 1901//3457
f 1905//3458 1901//3458 1899//3458
f 1903//3459 1904//3459 1905//3459
f 1905//3460 1904//3460 1902//3460
f 1908//3461 1906//3461 1903//3461
f 1903//3462 1906//3462 1904//3462
f 1908//3463 1907//3463 1906//3463
f 1899//3464 1900//3464 1907//3464
f 1899//3465 1907//3465 1908//3465
f 1904//3466 1909//3466 1902//3466
f 1922//3467 1909//3467 1910//3467
f 1910//3468 1909//3468 1904//3468
f 1910//3469 1904//3469 1906//3469
f 1910//3470 1906//3470 1911//3470
f 1911//3471 1906//3471 1907//3471
f 1911//3472 1907//3472 1912//3472
f 1919//3473 1908//3473 1914//3473
f 1914//3474 1908//3474 1915//3474
f 1915//3475 1908//3475 1903//3475
f 1915//3476 1903//3476 1916//3476
f 1916//3477 1903//3477 1905//3477
f 1916//3478 1905//3478 1917//3478
f 1917//3479 1905//3479 1899//3479
f 1917//3480 1899//3480 1918//3480
f 1918//3481 1899//3481 1919//3481
f 1919//3482 1899//3482 1908//3482
f 1912//3483 1907//3483 1900//3483
f 1912//3484 1900//3484 1920//3484
f 1920//3485 1900//3485 1901//3485
f 1920//3486 1901//3486 1921//3486
f 1921//3487 1901//3487 1902//3487
f 1921//3488 1902//3488 1922//3488
f 1922//3489 1902//3489 1909//3489
f 1925//3490 1920//3490 1921//3490
f 1925//3491 1921//3491 1922//3491
f 1925//3492 1922//3492 1913//3492
f 1913//3493 1922//3493 1910//3493
f 1913//3494 1910//3494 1923//3494
f 1926//3495 1912//3495 1924//3495
f 1924//3496 1912//3496 1920//3496
f 1924//3497 1920//3497 1925//3497
f 1923//3498 1910//3498 1911//3498
f 1923//3499 1911//3499 1926//3499
f 1926//3500 1911//3500 1912//3500
f 1924//3501 1927//3501 1928//3501
f 1928//3502 1927//3502 1929//3502
f 1929//3502 1927//3502 1930//3502
f 1929//3503 1923//3503 1928//3503
f 1928//3504 1923//3504 1926//3504
f 1928//3505 1926//3505 1924//3505
f 1927//3506 1924//3506 1925//3506
f 1927//3507 1913//3507 1930//3507
f 1925//3508 1913//3508 1927//3508
f 1930//3509 1913//3509 1929//3509
f 1929//3510 1913//3510 1923//3510
f 1914//3511 1917//3511 1918//3511
f 1914//3512 1915//3512 1917//3512
f 1919//3513 1914//3513 1918//3513
f 1916//3514 1917//3514 1915//3514
f 1940//3515 1941//3515 1931//3515
f 1931//3516 1941//3516 1932//3516
f 1933//3517 1935//3517 1934//3517
f 1938//3518 1936//3518 1933//3518
f 1933//3519 1936//3519 1935//3519
f 1939//3520 1937//3520 1938//3520
f 1938//3521 1937//3521 1936//3521
f 1931//3522 1932//3522 1939//3522
f 1939//3523 1932//3523 1937//3523
f 1933//3524 1934//3524 1940//3524
f 1940//3525 1934//3525 1941//3525
f 1941//3526 1942//3526 1932//3526
f 1943//3527 1936//3527 1937//3527
f 1943//3528 1937//3528 1932//3528
f 1943//3529 1932//3529 1944//3529
f 1944//3530 1932//3530 1942//3530
f 1944//3531 1942//3531 1945//3531
f 1945//3532 1942//3532 1941//3532
f 1945//3533 1941//3533 1946//3533
f 1952//3534 1940//3534 1948//3534
f 1948//3535 1940//3535 1931//3535
f 1948//3536 1931//3536 1949//3536
f 1949//3537 1931//3537 1939//3537
f 1949//3538 1939//3538 1950//3538
f 1950//3539 1939//3539 1938//3539
f 1950//3540 1938//3540 1951//3540
f 1951//3541 1938//3541 1933//3541
f 1951//3542 1933//3542 1952//3542
f 1952//3543 1933//3543 1940//3543
f 1946//3544 1941//3544 1934//3544
f 1946//3545 1934//3545 1953//3545
f 1953//3546 1934//3546 1935//3546
f 1953//3547 1935//3547 1954//3547
f 1954//3548 1935//3548 1936//3548
f 1954//3549 1936//3549 1955//3549
f 1955//3550 1936//3550 1943//3550
f 1959//3551 1946//3551 1956//3551
f 1956//3552 1946//3552 1953//3552
f 1956//3553 1953//3553 1957//3553
f 1958//3554 1944//3554 1945//3554
f 1958//3555 1945//3555 1959//3555
f 1959//3556 1945//3556 1946//3556
f 1957//3557 1953//3557 1954//3557
f 1957//3558 1954//3558 1960//3558
f 1960//3559 1954//3559 1955//3559
f 1960//3560 1955//3560 1943//3560
f 1960//3561 1943//3561 1947//3561
f 1947//3562 1943//3562 1944//3562
f 1947//3563 1944//3563 1958//3563
f 1956//3564 1961//3564 1962//3564
f 1962//3441 1961//3441 1963//3441
f 1963//3565 1961//3565 1947//3565
f 1958//3566 1959//3566 1963//3566
f 1963//3444 1959//3444 1962//3444
f 1959//3445 1956//3445 1962//3445
f 1956//3567 1957//3567 1961//3567
f 1957//3568 1960//3568 1961//3568
f 1961//3569 1960//3569 1947//3569
f 1963//3570 1947//3570 1958//3570
f 1950//3571 1964//3571 1948//3571
f 1950//3572 1948//3572 1949//3572
f 1952//3573 1948//3573 1964//3573
f 1952//3574 1964//3574 1951//3574
f 1951//3575 1964//3575 1950//3575
f 1970//3576 1968//3576 1965//3576
f 1965//3577 1968//3577 1966//3577
f 1970//3578 1967//3578 1968//3578
f 1972//3579 1969//3579 1970//3579
f 1970//3580 1969//3580 1967//3580
f 1974//3581 1971//3581 1972//3581
f 1972//3582 1971//3582 1969//3582
f 1974//3583 1973//3583 1971//3583
f 1965//3584 1966//3584 1974//3584
f 1974//3585 1966//3585 1973//3585
f 1988//3586 1967//3586 1969//3586
f 1988//3587 1969//3587 1975//3587
f 1975//3588 1969//3588 1971//3588
f 1975//3589 1971//3589 1976//3589
f 1976//3590 1971//3590 1973//3590
f 1976//3591 1973//3591 1977//3591
f 1977//3592 1973//3592 1966//3592
f 1977//3593 1966//3593 1978//3593
f 1985//3594 1974//3594 1980//3594
f 1980//3595 1974//3595 1981//3595
f 1981//3596 1974//3596 1972//3596
f 1981//3597 1972//3597 1982//3597
f 1982//3598 1972//3598 1970//3598
f 1982//3599 1970//3599 1983//3599
f 1983//3600 1970//3600 1984//3600
f 1984//3601 1970//3601 1965//3601
f 1984//3602 1965//3602 1985//3602
f 1985//3603 1965//3603 1974//3603
f 1978//3604 1966//3604 1986//3604
f 1986//3605 1966//3605 1968//3605
f 1986//3606 1968//3606 1987//3606
f 1987//3607 1968//3607 1967//3607
f 1987//3608 1967//3608 1988//3608
f 1991//3609 1987//3609 1988//3609
f 1991//3610 1988//3610 1979//3610
f 1979//3611 1988//3611 1975//3611
f 1979//3612 1975//3612 1989//3612
f 1992//3613 1978//3613 1990//3613
f 1990//3614 1978//3614 1986//3614
f 1990//3615 1986//3615 1991//3615
f 1991//3616 1986//3616 1987//3616
f 1989//3617 1975//3617 1976//3617
f 1989//3618 1976//3618 1977//3618
f 1989//3619 1977//3619 1992//3619
f 1992//3620 1977//3620 1978//3620
f 1990//3621 1993//3621 1994//3621
f 1994//3502 1993//3502 1995//3502
f 1995//3502 1993//3502 1996//3502
f 1989//3622 1992//3622 1995//3622
f 1995//3623 1992//3623 1994//3623
f 1992//3624 1990//3624 1994//3624
f 1990//3625 1991//3625 1993//3625
f 1993//3626 1979//3626 1996//3626
f 1991//3627 1979//3627 1993//3627
f 1996//3628 1979//3628 1989//3628
f 1996//3629 1989//3629 1995//3629
f 1984//3630 1985//3630 1982//3630
f 1985//3631 1980//3631 1982//3631
f 1983//3632 1984//3632 1982//3632
f 1981//3633 1982//3633 1980//3633
f 1997//3634 1998//3634 1999//3634
f 1999//3635 1998//3635 2000//3635
f 1999//3636 2000//3636 2001//3636
f 2001//3637 2000//3637 2002//3637
f 2001//3638 2002//3638 2003//3638
f 2003//3639 2002//3639 2004//3639
f 2003//3640 2004//3640 2005//3640
f 2005//3641 2004//3641 2006//3641
f 2005//3642 2006//3642 2007//3642
f 2007//3643 2006//3643 2008//3643
f 2007//3644 2008//3644 1997//3644
f 1997//3645 2008//3645 1998//3645
f 2019//3646 2009//3646 2010//3646
f 2010//3647 2009//3647 2011//3647
f 2011//3648 2009//3648 2012//3648
f 2011//3649 2012//3649 2013//3649
f 2013//3650 2012//3650 2014//3650
f 2013//3651 2014//3651 2015//3651
f 2013//3652 2015//3652 2016//3652
f 2016//3653 2015//3653 2017//3653
f 2017//3654 2015//3654 2018//3654
f 2017//3655 2018//3655 2019//3655
f 2019//3656 2018//3656 2020//3656
f 2019//3657 2020//3657 2009//3657
f 2015//217 2005//217 2018//217
f 2018//217 2005//217 2007//217
f 2018//217 2007//217 2020//217
f 2020//217 2007//217 1997//217
f 2020//217 1997//217 2009//217
f 2009//217 1997//217 1999//217
f 2009//217 1999//217 2012//217
f 2012//217 1999//217 2001//217
f 2012//217 2001//217 2014//217
f 2014//217 2001//217 2003//217
f 2014//217 2003//217 2005//217
f 2014//217 2005//217 2015//217
f 2029//3658 2030//3658 2031//3658
f 2031//3659 2030//3659 2032//3659
f 2016//3660 2022//3660 2013//3660
f 2013//3661 2022//3661 2021//3661
f 2017//3662 2025//3662 2024//3662
f 2024//3663 2023//3663 2017//3663
f 2017//3664 2023//3664 2016//3664
f 2016//3665 2023//3665 2022//3665
f 2013//3666 2032//3666 2011//3666
f 2013//3667 2021//3667 2033//3667
f 2019//3668 2025//3668 2017//3668
f 2011//3669 2029//3669 2010//3669
f 2011//3670 2030//3670 2029//3670
f 2011//3671 2032//3671 2030//3671
f 2013//3672 2033//3672 2032//3672
f 2019//3673 2026//3673 2025//3673
f 2010//3674 2029//3674 2028//3674
f 2019//3675 2027//3675 2026//3675
f 2010//3676 2028//3676 2019//3676
f 2019//3677 2028//3677 2027//3677
f 2008//3678 2027//3678 1998//3678
f 1998//3679 2029//3679 2000//3679
f 2027//3680 2028//3680 1998//3680
f 1998//3681 2028//3681 2029//3681
f 2006//3682 2024//3682 2025//3682
f 2004//3683 2023//3683 2024//3683
f 2004//3684 2024//3684 2006//3684
f 2002//3685 2021//3685 2004//3685
f 2004//3686 2021//3686 2022//3686
f 2006//3687 2025//3687 2026//3687
f 2002//3688 2033//3688 2021//3688
f 2002//3689 2032//3689 2033//3689
f 2000//3690 2032//3690 2002//3690
f 2000//3691 2031//3691 2032//3691
f 2000//3692 2029//3692 2031//3692
f 2006//3693 2026//3693 2008//3693
f 2004//3694 2022//3694 2023//3694
f 2008//3695 2026//3695 2027//3695
f 2034//3696 2035//3696 2036//3696
f 2036//3697 2035//3697 2037//3697
f 2036//3698 2037//3698 2038//3698
f 2036//3699 2038//3699 2039//3699
f 2039//3700 2038//3700 2040//3700
f 2039//3701 2040//3701 2041//3701
f 2041//3702 2040//3702 2042//3702
f 2041//3703 2042//3703 2043//3703
f 2043//3704 2042//3704 2044//3704
f 2043//3705 2044//3705 2045//3705
f 2045//3706 2044//3706 2046//3706
f 2045//3707 2046//3707 2047//3707
f 2047//3708 2046//3708 2035//3708
f 2047//3709 2035//3709 2034//3709
f 2059//3646 2048//3646 2049//3646
f 2049//3710 2048//3710 2050//3710
f 2050//3711 2048//3711 2051//3711
f 2050//3712 2051//3712 2052//3712
f 2052//3713 2051//3713 2053//3713
f 2052//3714 2053//3714 2054//3714
f 2054//3715 2053//3715 2055//3715
f 2054//3716 2055//3716 2056//3716
f 2054//3717 2056//3717 2057//3717
f 2057//3718 2056//3718 2058//3718
f 2057//3719 2058//3719 2059//3719
f 2059//3720 2058//3720 2048//3720
f 2056//217 2045//217 2058//217
f 2058//217 2045//217 2047//217
f 2058//217 2047//217 2034//217
f 2058//217 2034//217 2048//217
f 2048//217 2034//217 2036//217
f 2048//217 2036//217 2051//217
f 2051//217 2036//217 2039//217
f 2051//217 2039//217 2053//217
f 2053//217 2039//217 2041//217
f 2053//217 2041//217 2055//217
f 2055//217 2041//217 2043//217
f 2055//217 2043//217 2056//217
f 2056//217 2043//217 2045//217
f 2057//3721 2062//3721 2061//3721
f 2057//3722 2063//3722 2062//3722
f 2057//3723 2061//3723 2054//3723
f 2054//3724 2061//3724 2060//3724
f 2052//3725 2070//3725 2069//3725
f 2054//3726 2060//3726 2071//3726
f 2054//3727 2071//3727 2052//3727
f 2059//3728 2063//3728 2057//3728
f 2050//3729 2067//3729 2049//3729
f 2050//3730 2068//3730 2067//3730
f 2052//3731 2069//3731 2050//3731
f 2050//3732 2069//3732 2068//3732
f 2052//3733 2071//3733 2070//3733
f 2059//3734 2064//3734 2063//3734
f 2059//3735 2065//3735 2064//3735
f 2049//3736 2067//3736 2066//3736
f 2049//3676 2066//3676 2059//3676
f 2059//3737 2066//3737 2065//3737
f 2065//3738 2066//3738 2035//3738
f 2035//3739 2066//3739 2037//3739
f 2037//3740 2066//3740 2067//3740
f 2044//3741 2062//3741 2046//3741
f 2044//3742 2061//3742 2062//3742
f 2040//3743 2071//3743 2042//3743
f 2042//3744 2071//3744 2060//3744
f 2046//3745 2062//3745 2063//3745
f 2038//3746 2070//3746 2040//3746
f 2040//3747 2070//3747 2071//3747
f 2038//3748 2069//3748 2070//3748
f 2038//3749 2068//3749 2069//3749
f 2037//3750 2067//3750 2068//3750
f 2037//3751 2068//3751 2038//3751
f 2046//3752 2063//3752 2064//3752
f 2046//3753 2064//3753 2035//3753
f 2042//3754 2060//3754 2061//3754
f 2042//3755 2061//3755 2044//3755
f 2035//3756 2064//3756 2065//3756
f 2082//3757 2081//3757 2080//3757
f 2080//3758 2081//3758 2083//3758
f 2075//3759 2076//3759 2085//3759
f 2085//3760 2076//3760 2086//3760
f 2085//3761 2086//3761 2087//3761
f 2085//3762 2087//3762 2088//3762
f 2088//3763 2087//3763 2089//3763
f 2088//3764 2089//3764 2090//3764
f 2090//3765 2089//3765 2091//3765
f 2090//3766 2091//3766 2084//3766
f 2084//3767 2091//3767 2080//3767
f 2084//3768 2080//3768 2083//3768
f 2084//3769 2083//3769 2092//3769
f 2092//3770 2083//3770 2093//3770
f 2092//3771 2093//3771 2094//3771
f 2094//3772 2093//3772 2096//3772
f 2096//3773 2093//3773 2095//3773
f 2095//3774 2098//3774 2097//3774
f 2097//3775 2098//3775 2099//3775
f 2095//3776 2097//3776 2096//3776
f 2096//3777 2097//3777 2100//3777
f 2100//3778 2097//3778 2101//3778
f 2100//3779 2101//3779 2102//3779
f 2102//3780 2101//3780 2107//3780
f 2105//3781 2104//3781 2108//3781
f 2105//3782 2108//3782 2109//3782
f 2109//3783 2108//3783 2110//3783
f 2109//3784 2110//3784 2111//3784
f 2111//3785 2110//3785 2112//3785
f 2112//3786 2110//3786 2113//3786
f 2112//3787 2113//3787 2114//3787
f 2114//3788 2113//3788 2115//3788
f 2114//3789 2115//3789 2116//3789
f 2114//3790 2116//3790 2117//3790
f 2117//3791 2116//3791 2118//3791
f 2117//3792 2118//3792 2119//3792
f 2119//3793 2118//3793 2120//3793
f 2119//3794 2120//3794 2121//3794
f 2121//3795 2120//3795 2074//3795
f 2074//3796 2120//3796 2078//3796
f 2103//3797 2106//3797 2122//3797
f 2103//3798 2122//3798 2123//3798
f 2123//3799 2122//3799 2073//3799
f 2123//3800 2073//3800 2124//3800
f 2123//3801 2124//3801 2125//3801
f 2126//3802 2127//3802 2128//3802
f 2128//3803 2127//3803 2125//3803
f 2128//3804 2125//3804 2124//3804
f 2126//3805 2129//3805 2127//3805
f 2077//3806 2131//3806 2079//3806
f 2079//3807 2131//3807 2132//3807
f 2132//3808 2131//3808 2133//3808
f 2132//3809 2133//3809 2134//3809
f 2132//3810 2134//3810 2135//3810
f 2135//3811 2134//3811 2136//3811
f 2135//3812 2136//3812 2137//3812
f 2137//3813 2136//3813 2138//3813
f 2137//3814 2138//3814 2139//3814
f 2139//3815 2138//3815 2129//3815
f 2139//3816 2129//3816 2130//3816
f 2130//3817 2129//3817 2126//3817
f 2141//3818 2143//3818 2140//3818
f 2140//3819 2143//3819 2144//3819
f 2144//3820 2143//3820 2072//3820
f 2144//3821 2072//3821 2746//3821
f 2746//3822 2072//3822 2146//3822
f 2147//3823 2148//3823 2149//3823
f 2149//3824 2148//3824 2150//3824
f 2149//3825 2150//3825 2151//3825
f 2151//3826 2150//3826 2141//3826
f 2151//3827 2141//3827 2142//3827
f 2142//3828 2141//3828 2140//3828
f 2147//3829 2283//3829 2148//3829
f 2106//3830 2103//3830 2152//3830
f 2106//3831 2152//3831 2153//3831
f 2153//3832 2152//3832 2147//3832
f 2147//3833 2152//3833 2283//3833
f 2104//3834 2105//3834 2154//3834
f 2104//3835 2154//3835 2155//3835
f 2155//3836 2154//3836 2156//3836
f 2155//3837 2156//3837 2157//3837
f 2157//3838 2156//3838 2158//3838
f 2157//3839 2158//3839 2159//3839
f 2159//3840 2158//3840 2160//3840
f 2159//3841 2160//3841 2161//3841
f 2161//3842 2160//3842 2162//3842
f 2162//3843 2160//3843 2163//3843
f 2162//3844 2163//3844 2164//3844
f 2162//3845 2164//3845 2165//3845
f 2165//3846 2164//3846 2166//3846
f 2166//3847 2164//3847 2167//3847
f 2166//3848 2167//3848 2074//3848
f 2166//3849 2074//3849 2078//3849
f 2077//3850 2079//3850 2168//3850
f 2168//3851 2079//3851 2169//3851
f 2168//3852 2169//3852 2146//3852
f 2146//3853 2169//3853 2145//3853
f 2146//3854 2145//3854 2746//3854
f 2170//3855 2171//3855 2172//3855
f 2172//3856 2173//3856 2170//3856
f 2170//3857 2173//3857 2174//3857
f 2174//3858 2173//3858 2175//3858
f 2174//3859 2175//3859 2176//3859
f 2176//3860 2175//3860 2177//3860
f 2192//3861 2178//3861 2177//3861
f 2177//3862 2178//3862 2179//3862
f 2177//3863 2179//3863 2176//3863
f 2176//3864 2179//3864 2180//3864
f 2180//3865 2179//3865 2181//3865
f 2182//3866 2185//3866 2184//3866
f 2184//3867 2185//3867 2186//3867
f 2183//3868 2470//3868 2182//3868
f 2182//3869 2470//3869 2181//3869
f 2181//3870 2470//3870 2180//3870
f 2076//3871 2075//3871 2187//3871
f 2076//3872 2187//3872 2188//3872
f 2188//3873 2187//3873 2184//3873
f 2184//3874 2187//3874 2183//3874
f 2184//3875 2183//3875 2182//3875
f 2101//3876 2189//3876 2107//3876
f 2107//3877 2189//3877 2190//3877
f 2190//3878 2189//3878 2191//3878
f 2190//3879 2191//3879 2172//3879
f 2190//3880 2172//3880 2171//3880
f 2192//3881 2177//3881 2186//3881
f 2185//3882 2192//3882 2186//3882
f 2081//3883 2082//3883 2193//3883
f 2098//3884 2193//3884 2099//3884
f 2099//3885 2193//3885 2082//3885
f 2194//1958 2195//1958 2198//1958
f 2198//1958 2195//1958 2199//1958
f 2194//1958 2200//1958 2195//1958
f 2195//1958 2200//1958 2201//1958
f 2195//1958 2201//1958 2197//1958
f 2195//1958 2197//1958 2203//1958
f 2195//1958 2203//1958 2204//1958
f 2204//1958 2203//1958 2205//1958
f 2204//1958 2205//1958 2202//1958
f 2204//1958 2202//1958 2196//1958
f 2214//1958 2206//1958 2207//1958
f 2209//1958 2208//1958 2210//1958
f 2211//1958 2209//1958 2210//1958
f 2207//1958 2206//1958 2212//1958
f 2207//1958 2212//1958 2210//1958
f 2210//1958 2212//1958 2211//1958
f 2207//1958 2213//1958 2214//1958
f 2208//1958 2215//1958 2210//1958
f 2210//1958 2215//1958 2216//1958
f 2216//1958 2215//1958 2217//1958
f 2223//3886 2228//3886 2229//3886
f 2230//1902 2231//1902 2240//1902
f 2240//1902 2231//1902 2233//1902
f 2230//1902 2234//1902 2231//1902
f 2231//1902 2234//1902 2235//1902
f 2231//1902 2235//1902 2232//1902
f 2231//1902 2232//1902 2236//1902
f 2231//1902 2236//1902 2237//1902
f 2237//1902 2236//1902 2238//1902
f 2238//1902 2239//1902 2237//1902
f 2237//1902 2239//1902 2241//1902
f 2248//1902 2242//1902 2243//1902
f 2245//1902 2244//1902 2246//1902
f 2250//1902 2245//1902 2246//1902
f 2243//1902 2247//1902 2248//1902
f 2243//1902 2242//1902 2246//1902
f 2246//1902 2242//1902 2249//1902
f 2246//1902 2249//1902 2250//1902
f 2244//1902 2251//1902 2246//1902
f 2246//1902 2251//1902 2252//1902
f 2252//1902 2251//1902 2253//1902
f 2254//1902 2247//1902 2243//1902
f 2256//3887 2255//3887 2257//3887
f 2261//3888 2262//3888 2263//3888
f 2267//3889 2272//3889 2268//3889
f 2268//3890 2272//3890 2271//3890
f 2269//3891 2270//3891 2271//3891
f 2269//3892 2271//3892 2272//3892
f 2269//3893 2276//3893 2270//3893
f 2270//3894 2276//3894 2275//3894
f 2273//3895 2274//3895 2275//3895
f 2273//3896 2275//3896 2276//3896
f 2273//3897 2277//3897 2274//3897
f 2274//3898 2277//3898 2278//3898
f 2284//3899 2289//3899 2287//3899
f 2288//3900 2285//3900 2289//3900
f 2281//3901 2290//3901 2268//3901
f 2268//3902 2271//3902 2291//3902
f 2280//3903 2278//3903 2292//3903
f 2306//1958 2293//1958 2271//1958
f 2291//3904 2271//3904 2296//3904
f 2281//3905 2268//3905 2291//3905
f 2280//3906 2294//3906 2278//3906
f 2278//3907 2294//3907 2295//3907
f 2278//3908 2295//3908 2274//3908
f 2308//3909 2296//3909 2293//3909
f 2296//3910 2271//3910 2293//3910
f 2297//3911 2295//3911 2298//3911
f 2143//3912 2298//3912 2072//3912
f 2280//3913 2279//3913 2294//3913
f 2301//3914 2302//3914 2300//3914
f 2301//3915 2300//3915 2299//3915
f 2072//3916 2298//3916 2304//3916
f 2294//3917 2279//3917 2072//3917
f 2294//3918 2072//3918 2304//3918
f 2270//3919 2305//3919 2299//3919
f 2275//3920 2303//3920 2305//3920
f 2275//3921 2305//3921 2270//3921
f 2270//3922 2299//3922 2300//3922
f 2270//1958 2300//1958 2271//1958
f 2271//1958 2300//1958 2306//1958
f 2307//3923 2282//3923 2281//3923
f 2307//3924 2281//3924 2291//3924
f 2308//3925 2283//3925 2307//3925
f 2307//3926 2283//3926 2282//3926
f 2143//1958 2141//1958 2297//1958
f 2297//1958 2141//1958 2150//1958
f 2297//1958 2150//1958 2293//1958
f 2150//1958 2148//1958 2293//1958
f 2293//3927 2148//3927 2308//3927
f 2308//3928 2148//3928 2283//3928
f 2297//3929 2298//3929 2143//3929
f 2274//3930 2295//3930 2297//3930
f 2302//1958 2275//1958 2274//1958
f 2302//1958 2274//1958 2297//1958
f 2275//3931 2302//3931 2301//3931
f 2275//3932 2301//3932 2303//3932
f 2311//3933 2257//3933 2309//3933
f 2309//3934 2257//3934 2255//3934
f 2309//3935 2255//3935 2310//3935
f 2310//3936 2255//3936 2259//3936
f 2310//3937 2259//3937 2295//3937
f 2295//3938 2259//3938 2260//3938
f 2295//3939 2260//3939 2258//3939
f 2295//3940 2258//3940 2311//3940
f 2311//3941 2258//3941 2257//3941
f 2315//3942 2264//3942 2262//3942
f 2315//3943 2262//3943 2312//3943
f 2312//3944 2262//3944 2261//3944
f 2312//3945 2261//3945 2313//3945
f 2313//3946 2261//3946 2266//3946
f 2313//3947 2266//3947 2314//3947
f 2314//3948 2266//3948 2265//3948
f 2314//3949 2265//3949 2315//3949
f 2315//3950 2265//3950 2264//3950
f 2319//3951 2286//3951 2316//3951
f 2316//3952 2286//3952 2287//3952
f 2316//3953 2287//3953 2317//3953
f 2317//3954 2287//3954 2289//3954
f 2317//3955 2289//3955 2318//3955
f 2318//3956 2289//3956 2285//3956
f 2318//3957 2285//3957 2319//3957
f 2319//3958 2285//3958 2286//3958
f 2313//3959 2301//3959 2312//3959
f 2312//3960 2301//3960 2299//3960
f 2312//3961 2299//3961 2315//3961
f 2315//3962 2299//3962 2305//3962
f 2315//3963 2305//3963 2314//3963
f 2314//3964 2305//3964 2303//3964
f 2314//3965 2303//3965 2313//3965
f 2313//3966 2303//3966 2301//3966
f 2310//3967 2294//3967 2309//3967
f 2309//3968 2294//3968 2304//3968
f 2309//3969 2304//3969 2311//3969
f 2311//3970 2304//3970 2298//3970
f 2311//3971 2298//3971 2295//3971
f 2295//3972 2294//3972 2310//3972
f 2318//3973 2308//3973 2317//3973
f 2317//3974 2308//3974 2307//3974
f 2317//3975 2307//3975 2316//3975
f 2316//3976 2307//3976 2319//3976
f 2319//3977 2307//3977 2291//3977
f 2319//3978 2291//3978 2318//3978
f 2318//3979 2291//3979 2296//3979
f 2318//3980 2296//3980 2308//3980
f 2364//3981 2267//3981 2320//3981
f 2320//3982 2267//3982 2268//3982
f 2290//3983 2320//3983 2268//3983
f 2362//3984 2292//3984 2321//3984
f 2321//3985 2292//3985 2278//3985
f 2321//3986 2278//3986 2322//3986
f 2322//3987 2278//3987 2277//3987
f 2300//3988 2243//3988 2306//3988
f 2306//3989 2243//3989 2246//3989
f 2306//3990 2246//3990 2293//3990
f 2323//3991 2324//3991 2325//3991
f 2297//3992 2293//3992 2252//3992
f 2252//3993 2293//3993 2246//3993
f 2326//3994 2327//3994 2328//3994
f 2231//3995 2297//3995 2233//3995
f 2233//3996 2297//3996 2252//3996
f 2233//3997 2252//3997 2328//3997
f 2328//3998 2252//3998 2323//3998
f 2328//3999 2323//3999 2326//3999
f 2326//4000 2323//4000 2325//4000
f 2297//4001 2231//4001 2302//4001
f 2302//4002 2231//4002 2237//4002
f 2329//4003 2360//4003 2361//4003
f 2300//4004 2302//4004 2241//4004
f 2241//4005 2302//4005 2237//4005
f 2330//4006 2331//4006 2332//4006
f 2243//4007 2300//4007 2254//4007
f 2254//4008 2300//4008 2241//4008
f 2254//4009 2241//4009 2332//4009
f 2332//4010 2241//4010 2329//4010
f 2332//4011 2329//4011 2330//4011
f 2330//4012 2329//4012 2361//4012
f 2089//4013 2333//4013 2334//4013
f 2089//4014 2334//4014 2091//4014
f 2335//4015 2082//4015 2080//4015
f 2335//4016 2080//4016 2336//4016
f 2336//4017 2080//4017 2091//4017
f 2343//4018 2337//4018 2097//4018
f 2097//4019 2337//4019 2101//4019
f 2337//4020 2338//4020 2101//4020
f 2101//4021 2338//4021 2189//4021
f 2338//4022 2339//4022 2189//4022
f 2189//4023 2339//4023 2191//4023
f 2173//4024 2340//4024 2341//4024
f 2173//4025 2341//4025 2175//4025
f 2091//4017 2334//4017 2336//4017
f 2082//4026 2335//4026 2342//4026
f 2082//4027 2342//4027 2099//4027
f 2175//4028 2344//4028 2177//4028
f 2177//4029 2344//4029 2345//4029
f 2346//4030 2676//4030 2076//4030
f 2076//4031 2676//4031 2086//4031
f 2099//4032 2342//4032 2097//4032
f 2097//4032 2342//4032 2343//4032
f 2191//4033 2352//4033 2172//4033
f 2172//4034 2352//4034 2347//4034
f 2172//4035 2347//4035 2173//4035
f 2173//4036 2347//4036 2340//4036
f 2175//4037 2341//4037 2344//4037
f 2184//4038 2348//4038 2188//4038
f 2188//4039 2348//4039 2699//4039
f 2188//4040 2699//4040 2076//4040
f 2076//4041 2699//4041 2346//4041
f 2086//4042 2353//4042 2087//4042
f 2087//4043 2353//4043 2349//4043
f 2087//4044 2349//4044 2333//4044
f 2087//4045 2333//4045 2089//4045
f 2186//4046 2351//4046 2184//4046
f 2184//4047 2351//4047 2350//4047
f 2184//4048 2350//4048 2348//4048
f 2177//4049 2345//4049 2186//4049
f 2186//4050 2345//4050 2351//4050
f 2191//4051 2339//4051 2352//4051
f 2086//4052 2676//4052 2677//4052
f 2086//4053 2677//4053 2353//4053
f 2151//4054 2142//4054 2122//4054
f 2073//4055 2145//4055 2169//4055
f 2073//4056 2169//4056 2130//4056
f 2132//4057 2169//4057 2079//4057
f 2139//1958 2169//1958 2137//1958
f 2169//4058 2139//4058 2130//4058
f 2073//4059 2130//4059 2354//4059
f 2122//4060 2142//4060 2145//4060
f 2122//4061 2145//4061 2073//4061
f 2132//1958 2135//1958 2169//1958
f 2169//1958 2135//1958 2137//1958
f 2106//4062 2153//4062 2147//4062
f 2122//1958 2149//1958 2151//1958
f 2149//4063 2122//4063 2147//4063
f 2147//4064 2122//4064 2106//4064
f 2355//4065 2356//4065 2130//4065
f 2130//4066 2356//4066 2354//4066
f 2357//4067 2358//4067 2359//4067
f 2357//4068 2359//4068 2142//4068
f 2142//4069 2359//4069 2145//4069
f 2327//4070 2326//4070 2360//4070
f 2360//4071 2326//4071 2361//4071
f 2331//4072 2330//4072 2324//4072
f 2324//4073 2330//4073 2325//4073
f 2321//4074 2322//4074 2362//4074
f 2362//4075 2322//4075 2424//4075
f 2363//4076 2368//4076 2364//4076
f 2363//4077 2364//4077 2320//4077
f 2365//4078 2381//4078 2366//4078
f 2366//4079 2381//4079 2367//4079
f 2367//4080 2369//4080 2368//4080
f 2320//4081 2290//4081 2363//4081
f 2363//4082 2290//4082 2366//4082
f 2363//4083 2366//4083 2368//4083
f 2368//4084 2366//4084 2367//4084
f 2369//4085 2372//4085 2370//4085
f 2372//4086 2371//4086 2370//4086
f 2372//4087 2369//4087 2367//4087
f 2373//4088 2371//4088 2374//4088
f 2371//4089 2373//4089 2370//4089
f 2373//4090 2375//4090 2370//4090
f 2370//4091 2375//4091 2376//4091
f 2377//4092 2104//4092 2376//4092
f 2104//4093 2377//4093 2379//4093
f 2379//4094 2380//4094 2103//4094
f 2375//4095 2378//4095 2376//4095
f 2376//4096 2378//4096 2377//4096
f 2375//4096 2380//4096 2378//4096
f 2104//4097 2379//4097 2103//4097
f 2103//4098 2380//4098 2375//4098
f 2373//4099 2374//4099 2365//4099
f 2365//4100 2374//4100 2381//4100
f 2382//4101 2371//4101 2372//4101
f 2382//4102 2372//4102 2383//4102
f 2383//4103 2372//4103 2367//4103
f 2383//4104 2367//4104 2386//4104
f 2385//4105 2374//4105 2382//4105
f 2382//4106 2374//4106 2371//4106
f 2384//4107 2381//4107 2385//4107
f 2385//4108 2381//4108 2374//4108
f 2386//4109 2381//4109 2384//4109
f 2386//4110 2367//4110 2381//4110
f 2377//4111 2392//4111 2387//4111
f 2377//4112 2387//4112 2379//4112
f 2379//4113 2387//4113 2388//4113
f 2379//4114 2388//4114 2380//4114
f 2380//4115 2388//4115 2389//4115
f 2380//4116 2389//4116 2390//4116
f 2380//4117 2390//4117 2378//4117
f 2378//4118 2390//4118 2391//4118
f 2378//4119 2391//4119 2377//4119
f 2377//4120 2391//4120 2392//4120
f 2389//4121 2387//4121 2386//4121
f 2386//4122 2387//4122 2383//4122
f 2383//4123 2387//4123 2392//4123
f 2383//4124 2392//4124 2382//4124
f 2382//4125 2392//4125 2391//4125
f 2389//4126 2386//4126 2384//4126
f 2389//4127 2384//4127 2390//4127
f 2390//4128 2384//4128 2385//4128
f 2390//4129 2385//4129 2391//4129
f 2391//4130 2385//4130 2382//4130
f 2388//4131 2387//4131 2389//4131
f 2244//4132 2393//4132 2394//4132
f 2244//4133 2394//4133 2251//4133
f 2251//4134 2394//4134 2395//4134
f 2251//4135 2395//4135 2253//4135
f 2399//4136 2396//4136 2249//4136
f 2249//4137 2396//4137 2250//4137
f 2252//4138 2253//4138 2323//4138
f 2323//4139 2253//4139 2395//4139
f 2397//4140 2398//4140 2248//4140
f 2248//4141 2398//4141 2242//4141
f 2397//4142 2248//4142 2247//4142
f 2397//4143 2247//4143 2332//4143
f 2332//4144 2247//4144 2254//4144
f 2242//4145 2398//4145 2249//4145
f 2249//4146 2398//4146 2399//4146
f 2250//4147 2396//4147 2400//4147
f 2250//4148 2400//4148 2245//4148
f 2245//4149 2400//4149 2393//4149
f 2245//4150 2393//4150 2244//4150
f 2395//1958 2394//1958 2324//1958
f 2324//1958 2394//1958 2393//1958
f 2324//1958 2399//1958 2331//1958
f 2331//1958 2399//1958 2398//1958
f 2331//1958 2398//1958 2397//1958
f 2331//1958 2397//1958 2332//1958
f 2324//1958 2396//1958 2399//1958
f 2324//1958 2323//1958 2395//1958
f 2393//1958 2400//1958 2324//1958
f 2324//1958 2400//1958 2396//1958
f 2240//4151 2406//4151 2401//4151
f 2240//4152 2401//4152 2230//4152
f 2230//4153 2401//4153 2402//4153
f 2230//4154 2402//4154 2234//4154
f 2405//4155 2403//4155 2232//4155
f 2232//4156 2403//4156 2236//4156
f 2234//4157 2402//4157 2404//4157
f 2234//4158 2404//4158 2235//4158
f 2235//4159 2404//4159 2232//4159
f 2232//4160 2404//4160 2405//4160
f 2328//4161 2406//4161 2233//4161
f 2233//4162 2406//4162 2240//4162
f 2407//4163 2409//4163 2238//4163
f 2238//4164 2409//4164 2239//4164
f 2236//4165 2403//4165 2238//4165
f 2238//4166 2403//4166 2407//4166
f 2329//4167 2241//4167 2408//4167
f 2408//4168 2241//4168 2239//4168
f 2408//4169 2239//4169 2409//4169
f 2404//1958 2327//1958 2405//1958
f 2327//1958 2404//1958 2402//1958
f 2402//1958 2401//1958 2327//1958
f 2327//1958 2401//1958 2328//1958
f 2328//1958 2401//1958 2406//1958
f 2360//1958 2409//1958 2407//1958
f 2360//1958 2407//1958 2403//1958
f 2360//1958 2403//1958 2327//1958
f 2327//1958 2403//1958 2405//1958
f 2329//1958 2408//1958 2360//1958
f 2360//1958 2408//1958 2409//1958
f 2366//4170 2290//4170 2282//4170
f 2282//4171 2290//4171 2281//4171
f 2103//4172 2375//4172 2373//4172
f 2282//4173 2283//4173 2152//4173
f 2282//4174 2152//4174 2366//4174
f 2366//4175 2152//4175 2365//4175
f 2365//4176 2152//4176 2103//4176
f 2365//4177 2103//4177 2373//4177
f 2072//4178 2279//4178 2146//4178
f 2413//1958 2410//1958 2077//1958
f 2280//4179 2292//4179 2279//4179
f 2279//4180 2292//4180 2411//4180
f 2279//4181 2411//4181 2146//4181
f 2146//4182 2411//4182 2168//4182
f 2168//4183 2411//4183 2412//4183
f 2168//4172 2412//4172 2077//4172
f 2077//1958 2412//1958 2413//1958
f 2414//4184 2415//4184 2078//4184
f 2078//4185 2415//4185 2416//4185
f 2416//4096 2415//4096 2417//4096
f 2414//4186 2078//4186 2077//4186
f 2077//4187 2418//4187 2414//4187
f 2416//4095 2417//4095 2410//4095
f 2410//4096 2417//4096 2418//4096
f 2410//4188 2418//4188 2077//4188
f 2420//4189 2416//4189 2413//4189
f 2413//4190 2416//4190 2410//4190
f 2425//4191 2419//4191 2413//4191
f 2419//4192 2420//4192 2413//4192
f 2422//4193 2421//4193 2423//4193
f 2419//4194 2421//4194 2420//4194
f 2420//4195 2421//4195 2422//4195
f 2422//4196 2423//4196 2424//4196
f 2412//4197 2411//4197 2423//4197
f 2412//4198 2423//4198 2426//4198
f 2292//4199 2362//4199 2411//4199
f 2423//4200 2411//4200 2424//4200
f 2424//4201 2411//4201 2362//4201
f 2425//4202 2413//4202 2412//4202
f 2412//4203 2426//4203 2425//4203
f 2432//4204 2414//4204 2427//4204
f 2427//4205 2414//4205 2428//4205
f 2428//4206 2414//4206 2418//4206
f 2428//4207 2418//4207 2429//4207
f 2429//4208 2418//4208 2430//4208
f 2430//4209 2418//4209 2417//4209
f 2430//4210 2417//4210 2431//4210
f 2431//4211 2417//4211 2415//4211
f 2431//4212 2415//4212 2432//4212
f 2432//4213 2415//4213 2414//4213
f 2433//4214 2423//4214 2434//4214
f 2433//4215 2426//4215 2423//4215
f 2426//4216 2433//4216 2425//4216
f 2425//4217 2433//4217 2435//4217
f 2419//4218 2425//4218 2436//4218
f 2436//4219 2425//4219 2435//4219
f 2437//4220 2419//4220 2436//4220
f 2434//4221 2421//4221 2437//4221
f 2437//4222 2421//4222 2419//4222
f 2434//4223 2423//4223 2421//4223
f 2429//4224 2430//4224 2428//4224
f 2436//4225 2430//4225 2437//4225
f 2437//4226 2430//4226 2431//4226
f 2437//4227 2431//4227 2434//4227
f 2434//4228 2431//4228 2432//4228
f 2434//4229 2432//4229 2433//4229
f 2433//4230 2432//4230 2427//4230
f 2433//4231 2427//4231 2428//4231
f 2433//4232 2428//4232 2435//4232
f 2435//4233 2428//4233 2436//4233
f 2436//4234 2428//4234 2430//4234
f 2159//1902 2325//1902 2157//1902
f 2155//4033 2368//4033 2369//4033
f 2155//4235 2369//4235 2104//4235
f 2157//1902 2364//1902 2155//1902
f 2155//4236 2364//4236 2368//4236
f 2159//1902 2161//1902 2325//1902
f 2325//1902 2161//1902 2326//1902
f 2326//1902 2161//1902 2162//1902
f 2165//1902 2322//1902 2277//1902
f 2166//4237 2424//4237 2165//4237
f 2165//1902 2424//1902 2322//1902
f 2277//1902 2326//1902 2162//1902
f 2277//1902 2162//1902 2165//1902
f 2078//4238 2420//4238 2422//4238
f 2078//4239 2422//4239 2166//4239
f 2166//4237 2422//4237 2424//4237
f 2267//1902 2325//1902 2272//1902
f 2325//1902 2267//1902 2157//1902
f 2157//1902 2267//1902 2364//1902
f 2326//1902 2277//1902 2273//1902
f 2326//1902 2273//1902 2361//1902
f 2361//1902 2273//1902 2276//1902
f 2361//1902 2276//1902 2330//1902
f 2330//1902 2276//1902 2269//1902
f 2330//1902 2269//1902 2325//1902
f 2325//1902 2269//1902 2272//1902
f 2369//4240 2370//4240 2104//4240
f 2104//4241 2370//4241 2376//4241
f 2416//1902 2420//1902 2078//1902
f 2439//1958 2440//1958 2438//1958
f 2439//1958 2438//1958 2441//1958
f 2438//4242 2284//4242 2441//4242
f 2441//4243 2284//4243 2442//4243
f 2441//4244 2442//4244 2439//4244
f 2439//4245 2442//4245 2443//4245
f 2439//4246 2443//4246 2440//4246
f 2440//4247 2443//4247 2288//4247
f 2440//4248 2288//4248 2284//4248
f 2440//4249 2284//4249 2438//4249
f 2442//4250 2284//4250 2287//4250
f 2442//4251 2287//4251 2286//4251
f 2442//4252 2286//4252 2443//4252
f 2443//4253 2286//4253 2285//4253
f 2443//4254 2285//4254 2288//4254
f 2288//4255 2289//4255 2284//4255
f 2444//1958 2446//1958 2445//1958
f 2444//1958 2447//1958 2446//1958
f 2444//4256 2261//4256 2447//4256
f 2447//4257 2261//4257 2263//4257
f 2447//4258 2263//4258 2262//4258
f 2447//4259 2262//4259 2446//4259
f 2446//4260 2262//4260 2448//4260
f 2446//4261 2448//4261 2445//4261
f 2445//4262 2448//4262 2266//4262
f 2445//4263 2266//4263 2444//4263
f 2444//4264 2266//4264 2261//4264
f 2448//4265 2262//4265 2264//4265
f 2448//4266 2264//4266 2265//4266
f 2448//4267 2265//4267 2266//4267
f 2449//4268 2259//4268 2255//4268
f 2449//4269 2255//4269 2450//4269
f 2450//4270 2255//4270 2256//4270
f 2450//4271 2256//4271 2451//4271
f 2451//4272 2256//4272 2258//4272
f 2451//4273 2258//4273 2260//4273
f 2451//4274 2260//4274 2259//4274
f 2451//4275 2259//4275 2449//4275
f 2449//1958 2450//1958 2451//1958
f 2256//4276 2257//4276 2258//4276
f 2452//4277 2457//4277 2453//4277
f 2453//4278 2457//4278 2454//4278
f 2455//4279 2456//4279 2454//4279
f 2455//4280 2454//4280 2457//4280
f 2455//4281 2462//4281 2456//4281
f 2456//4282 2462//4282 2458//4282
f 2459//4283 2460//4283 2461//4283
f 2459//4284 2461//4284 2462//4284
f 2462//4285 2461//4285 2458//4285
f 2459//4286 2463//4286 2460//4286
f 2460//4287 2463//4287 2464//4287
f 2467//4288 2468//4288 2469//4288
f 2473//4289 2475//4289 2472//4289
f 2477//4290 2453//4290 2468//4290
f 2466//4291 2464//4291 2478//4291
f 2479//4292 2480//4292 2485//4292
f 2485//4293 2482//4293 2479//4293
f 2466//4294 2484//4294 2464//4294
f 2174//4295 2488//4295 2170//4295
f 2458//4296 2481//4296 2483//4296
f 2458//4297 2483//4297 2456//4297
f 2454//4298 2485//4298 2480//4298
f 2487//4299 2486//4299 2488//4299
f 2171//4300 2170//4300 2489//4300
f 2171//4301 2489//4301 2465//4301
f 2465//4302 2489//4302 2466//4302
f 2466//4303 2489//4303 2484//4303
f 2454//4304 2456//4304 2483//4304
f 2454//4305 2483//4305 2485//4305
f 2454//1902 2480//1902 2490//1902
f 2484//4306 2486//4306 2464//4306
f 2490//4307 2492//4307 2491//4307
f 2464//1902 2487//1902 2460//1902
f 2464//4308 2486//4308 2487//4308
f 2490//4309 2491//4309 2468//4309
f 2490//1902 2468//1902 2454//1902
f 2454//1902 2468//1902 2453//1902
f 2493//4310 2470//4310 2469//4310
f 2493//4311 2469//4311 2494//4311
f 2174//4312 2176//4312 2487//4312
f 2487//4313 2176//4313 2490//4313
f 2490//4314 2176//4314 2180//4314
f 2494//4315 2469//4315 2468//4315
f 2494//4316 2468//4316 2491//4316
f 2487//4317 2488//4317 2174//4317
f 2180//4318 2492//4318 2490//4318
f 2479//1902 2461//1902 2460//1902
f 2479//1902 2460//1902 2487//1902
f 2461//4319 2479//4319 2482//4319
f 2461//4320 2482//4320 2458//4320
f 2458//4321 2482//4321 2481//4321
f 2470//4322 2493//4322 2492//4322
f 2470//4323 2492//4323 2180//4323
f 2498//4324 2220//4324 2219//4324
f 2498//4325 2219//4325 2495//4325
f 2495//4326 2219//4326 2218//4326
f 2495//4327 2218//4327 2496//4327
f 2496//4328 2218//4328 2222//4328
f 2496//4329 2222//4329 2484//4329
f 2484//4330 2222//4330 2221//4330
f 2484//4331 2221//4331 2497//4331
f 2497//4332 2221//4332 2220//4332
f 2497//4333 2220//4333 2498//4333
f 2499//4334 2225//4334 2224//4334
f 2499//4335 2224//4335 2500//4335
f 2500//4336 2224//4336 2223//4336
f 2500//4337 2223//4337 2501//4337
f 2501//4338 2223//4338 2229//4338
f 2501//4339 2229//4339 2502//4339
f 2502//4340 2229//4340 2227//4340
f 2502//4341 2227//4341 2226//4341
f 2502//4342 2226//4342 2499//4342
f 2499//4343 2226//4343 2225//4343
f 2503//4344 2473//4344 2474//4344
f 2503//4345 2474//4345 2504//4345
f 2504//4346 2474//4346 2471//4346
f 2504//4347 2471//4347 2505//4347
f 2505//4348 2471//4348 2476//4348
f 2505//4349 2476//4349 2475//4349
f 2505//4350 2475//4350 2491//4350
f 2491//4351 2475//4351 2473//4351
f 2491//4352 2473//4352 2503//4352
f 2501//4353 2482//4353 2500//4353
f 2500//4354 2482//4354 2485//4354
f 2500//4355 2485//4355 2499//4355
f 2499//4356 2485//4356 2483//4356
f 2499//4357 2483//4357 2502//4357
f 2502//4358 2483//4358 2481//4358
f 2502//4359 2481//4359 2501//4359
f 2501//4360 2481//4360 2482//4360
f 2496//4361 2484//4361 2489//4361
f 2496//4362 2489//4362 2495//4362
f 2495//4363 2489//4363 2170//4363
f 2495//4364 2170//4364 2498//4364
f 2498//4365 2170//4365 2488//4365
f 2498//4366 2488//4366 2497//4366
f 2497//4367 2488//4367 2486//4367
f 2497//4368 2486//4368 2484//4368
f 2505//4369 2492//4369 2493//4369
f 2505//4370 2493//4370 2504//4370
f 2504//4371 2493//4371 2494//4371
f 2504//4372 2494//4372 2503//4372
f 2503//4373 2494//4373 2491//4373
f 2491//4374 2492//4374 2505//4374
f 2468//4375 2467//4375 2477//4375
f 2523//4376 2452//4376 2506//4376
f 2506//4377 2452//4377 2453//4377
f 2477//4378 2506//4378 2453//4378
f 2521//4379 2478//4379 2507//4379
f 2507//4380 2478//4380 2464//4380
f 2507//4381 2464//4381 2508//4381
f 2508//4382 2464//4382 2463//4382
f 2480//4383 2207//4383 2490//4383
f 2490//4384 2207//4384 2210//4384
f 2509//4385 2510//4385 2511//4385
f 2487//4386 2490//4386 2216//4386
f 2216//4387 2490//4387 2210//4387
f 2512//4388 2513//4388 2514//4388
f 2195//4389 2487//4389 2199//4389
f 2199//4390 2487//4390 2216//4390
f 2199//4391 2216//4391 2514//4391
f 2514//4391 2216//4391 2509//4391
f 2514//4392 2509//4392 2512//4392
f 2512//4393 2509//4393 2511//4393
f 2487//4394 2195//4394 2479//4394
f 2479//4395 2195//4395 2204//4395
f 2515//4396 2519//4396 2520//4396
f 2480//4397 2479//4397 2196//4397
f 2196//4398 2479//4398 2204//4398
f 2516//4399 2517//4399 2518//4399
f 2207//4400 2480//4400 2213//4400
f 2213//4401 2480//4401 2196//4401
f 2213//4402 2196//4402 2518//4402
f 2518//4403 2196//4403 2515//4403
f 2518//4404 2515//4404 2516//4404
f 2516//4405 2515//4405 2520//4405
f 2513//4406 2512//4406 2519//4406
f 2519//4407 2512//4407 2520//4407
f 2517//4408 2516//4408 2510//4408
f 2510//4409 2516//4409 2511//4409
f 2507//4410 2508//4410 2521//4410
f 2521//4411 2508//4411 2583//4411
f 2522//4412 2527//4412 2523//4412
f 2522//4413 2523//4413 2506//4413
f 2524//4414 2540//4414 2525//4414
f 2525//4415 2540//4415 2526//4415
f 2526//4416 2528//4416 2527//4416
f 2506//4417 2477//4417 2522//4417
f 2522//4418 2477//4418 2525//4418
f 2522//4419 2525//4419 2527//4419
f 2527//4420 2525//4420 2526//4420
f 2528//4421 2531//4421 2529//4421
f 2531//4422 2530//4422 2529//4422
f 2531//4423 2528//4423 2526//4423
f 2532//4424 2530//4424 2533//4424
f 2530//4425 2532//4425 2529//4425
f 2532//4426 2534//4426 2529//4426
f 2529//4427 2534//4427 2535//4427
f 2536//4428 2074//4428 2535//4428
f 2074//4429 2536//4429 2538//4429
f 2537//4430 2536//4430 2535//4430
f 2538//4431 2075//4431 2074//4431
f 2075//4432 2538//4432 2539//4432
f 2534//4430 2539//4430 2537//4430
f 2534//4433 2537//4433 2535//4433
f 2075//4434 2539//4434 2534//4434
f 2532//4435 2533//4435 2524//4435
f 2524//4436 2533//4436 2540//4436
f 2541//4437 2530//4437 2531//4437
f 2541//4438 2531//4438 2542//4438
f 2542//4439 2531//4439 2526//4439
f 2542//4440 2526//4440 2545//4440
f 2544//4441 2533//4441 2541//4441
f 2541//4442 2533//4442 2530//4442
f 2543//4443 2540//4443 2544//4443
f 2544//4444 2540//4444 2533//4444
f 2545//4445 2540//4445 2543//4445
f 2545//4446 2526//4446 2540//4446
f 2536//4447 2546//4447 2547//4447
f 2536//4448 2547//4448 2538//4448
f 2538//4449 2547//4449 2548//4449
f 2538//4450 2548//4450 2539//4450
f 2539//4451 2548//4451 2549//4451
f 2539//4452 2549//4452 2550//4452
f 2539//4453 2550//4453 2537//4453
f 2537//4454 2550//4454 2551//4454
f 2537//4455 2551//4455 2536//4455
f 2536//4456 2551//4456 2546//4456
f 2550//4457 2541//4457 2546//4457
f 2546//4458 2541//4458 2542//4458
f 2546//4459 2542//4459 2547//4459
f 2547//4460 2542//4460 2545//4460
f 2541//4461 2550//4461 2544//4461
f 2544//4462 2550//4462 2549//4462
f 2544//4463 2549//4463 2543//4463
f 2543//4464 2549//4464 2548//4464
f 2543//4465 2548//4465 2545//4465
f 2545//4466 2548//4466 2547//4466
f 2551//4467 2550//4467 2546//4467
f 2208//4468 2552//4468 2553//4468
f 2208//4469 2553//4469 2215//4469
f 2215//4470 2553//4470 2554//4470
f 2215//4471 2554//4471 2217//4471
f 2558//4472 2555//4472 2212//4472
f 2212//4473 2555//4473 2211//4473
f 2216//4474 2217//4474 2509//4474
f 2509//4475 2217//4475 2554//4475
f 2556//4476 2557//4476 2214//4476
f 2214//4477 2557//4477 2206//4477
f 2556//4478 2214//4478 2213//4478
f 2556//4479 2213//4479 2518//4479
f 2206//4480 2557//4480 2212//4480
f 2212//4481 2557//4481 2558//4481
f 2211//4482 2555//4482 2559//4482
f 2211//4483 2559//4483 2209//4483
f 2209//4484 2559//4484 2552//4484
f 2209//4485 2552//4485 2208//4485
f 2559//1902 2555//1902 2510//1902
f 2554//1902 2553//1902 2510//1902
f 2510//1902 2553//1902 2552//1902
f 2510//1902 2552//1902 2559//1902
f 2517//1902 2556//1902 2518//1902
f 2510//1902 2558//1902 2517//1902
f 2517//1902 2558//1902 2557//1902
f 2517//1902 2557//1902 2556//1902
f 2510//1902 2555//1902 2558//1902
f 2510//1902 2509//1902 2554//1902
f 2198//4486 2565//4486 2560//4486
f 2198//4487 2560//4487 2194//4487
f 2194//4488 2560//4488 2561//4488
f 2194//4489 2561//4489 2200//4489
f 2564//4490 2562//4490 2197//4490
f 2197//4491 2562//4491 2203//4491
f 2200//4492 2561//4492 2563//4492
f 2200//4493 2563//4493 2201//4493
f 2201//4494 2563//4494 2197//4494
f 2197//4495 2563//4495 2564//4495
f 2514//4496 2565//4496 2199//4496
f 2199//4497 2565//4497 2198//4497
f 2566//4498 2568//4498 2205//4498
f 2205//4499 2568//4499 2202//4499
f 2203//4500 2562//4500 2205//4500
f 2205//4501 2562//4501 2566//4501
f 2515//4502 2196//4502 2567//4502
f 2567//4503 2196//4503 2202//4503
f 2567//4504 2202//4504 2568//4504
f 2564//1902 2563//1902 2513//1902
f 2561//1902 2560//1902 2513//1902
f 2513//1902 2560//1902 2514//1902
f 2514//1902 2560//1902 2565//1902
f 2519//1902 2568//1902 2566//1902
f 2519//1902 2566//1902 2562//1902
f 2519//1902 2562//1902 2513//1902
f 2513//1902 2562//1902 2564//1902
f 2513//1902 2563//1902 2561//1902
f 2515//1902 2567//1902 2519//1902
f 2519//1902 2567//1902 2568//1902
f 2183//4505 2469//4505 2470//4505
f 2477//4506 2467//4506 2469//4506
f 2469//4507 2525//4507 2477//4507
f 2075//4235 2534//4235 2532//4235
f 2469//4508 2183//4508 2187//4508
f 2469//4509 2187//4509 2525//4509
f 2525//4510 2187//4510 2524//4510
f 2524//4511 2187//4511 2075//4511
f 2524//4512 2075//4512 2532//4512
f 2572//4239 2569//4239 2107//4239
f 2466//4513 2478//4513 2465//4513
f 2465//4514 2478//4514 2570//4514
f 2465//4515 2570//4515 2190//4515
f 2465//4516 2190//4516 2171//4516
f 2190//4517 2570//4517 2571//4517
f 2190//1902 2571//1902 2107//1902
f 2107//4239 2571//4239 2572//4239
f 2105//4518 2573//4518 2574//4518
f 2573//4430 2575//4430 2574//4430
f 2574//4433 2575//4433 2569//4433
f 2569//4519 2575//4519 2107//4519
f 2107//4520 2575//4520 2576//4520
f 2105//4521 2577//4521 2573//4521
f 2107//4522 2576//4522 2577//4522
f 2107//4523 2577//4523 2105//4523
f 2578//4524 2574//4524 2572//4524
f 2572//4525 2574//4525 2569//4525
f 2578//4526 2585//4526 2579//4526
f 2585//4527 2578//4527 2572//4527
f 2580//4528 2579//4528 2581//4528
f 2580//4529 2581//4529 2582//4529
f 2578//4530 2579//4530 2580//4530
f 2580//4531 2582//4531 2583//4531
f 2571//4532 2570//4532 2582//4532
f 2571//4533 2582//4533 2586//4533
f 2478//4534 2521//4534 2570//4534
f 2582//4535 2570//4535 2583//4535
f 2583//4536 2570//4536 2521//4536
f 2584//4537 2585//4537 2572//4537
f 2584//4538 2572//4538 2571//4538
f 2571//4539 2586//4539 2584//4539
f 2592//4540 2577//4540 2587//4540
f 2587//4541 2577//4541 2576//4541
f 2587//4542 2576//4542 2588//4542
f 2588//4543 2576//4543 2575//4543
f 2588//4544 2575//4544 2589//4544
f 2589//4545 2575//4545 2590//4545
f 2590//4546 2575//4546 2573//4546
f 2590//4547 2573//4547 2591//4547
f 2591//4548 2573//4548 2577//4548
f 2591//4549 2577//4549 2592//4549
f 2593//4550 2582//4550 2594//4550
f 2593//4551 2586//4551 2582//4551
f 2586//4552 2593//4552 2595//4552
f 2586//4553 2595//4553 2584//4553
f 2584//4554 2595//4554 2585//4554
f 2585//4555 2595//4555 2596//4555
f 2594//4556 2582//4556 2581//4556
f 2594//4557 2581//4557 2597//4557
f 2597//4558 2581//4558 2579//4558
f 2597//4559 2579//4559 2596//4559
f 2596//4560 2579//4560 2585//4560
f 2588//4561 2589//4561 2587//4561
f 2596//4562 2590//4562 2597//4562
f 2597//4563 2590//4563 2591//4563
f 2597//4564 2591//4564 2594//4564
f 2594//4565 2591//4565 2592//4565
f 2594//4566 2592//4566 2593//4566
f 2593//4567 2592//4567 2587//4567
f 2593//4568 2587//4568 2595//4568
f 2595//4569 2587//4569 2589//4569
f 2595//4570 2589//4570 2596//4570
f 2596//4571 2589//4571 2590//4571
f 2511//1958 2160//1958 2512//1958
f 2512//1958 2160//1958 2158//1958
f 2164//1958 2163//1958 2511//1958
f 2511//1958 2163//1958 2160//1958
f 2156//1958 2508//1958 2463//1958
f 2154//4572 2583//4572 2156//4572
f 2156//1958 2583//1958 2508//1958
f 2452//1958 2511//1958 2457//1958
f 2511//1958 2452//1958 2164//1958
f 2463//1958 2512//1958 2158//1958
f 2463//1958 2158//1958 2156//1958
f 2164//4573 2527//4573 2167//4573
f 2167//4574 2527//4574 2528//4574
f 2167//4172 2528//4172 2074//4172
f 2164//1958 2523//1958 2527//1958
f 2452//1958 2523//1958 2164//1958
f 2105//4575 2578//4575 2580//4575
f 2105//4576 2580//4576 2154//4576
f 2154//4572 2580//4572 2583//4572
f 2512//1958 2463//1958 2459//1958
f 2512//1958 2459//1958 2520//1958
f 2520//1958 2459//1958 2462//1958
f 2520//1958 2462//1958 2516//1958
f 2516//1958 2462//1958 2455//1958
f 2516//1958 2455//1958 2457//1958
f 2516//1958 2457//1958 2511//1958
f 2574//1958 2578//1958 2105//1958
f 2528//4577 2529//4577 2074//4577
f 2074//4574 2529//4574 2535//4574
f 2599//1902 2600//1902 2598//1902
f 2598//1902 2601//1902 2599//1902
f 2598//4578 2471//4578 2601//4578
f 2601//4579 2471//4579 2602//4579
f 2601//4580 2602//4580 2599//4580
f 2599//4581 2602//4581 2472//4581
f 2599//4582 2472//4582 2603//4582
f 2599//4583 2603//4583 2600//4583
f 2600//4584 2603//4584 2598//4584
f 2598//4585 2603//4585 2471//4585
f 2602//4586 2471//4586 2474//4586
f 2602//4587 2474//4587 2473//4587
f 2602//4588 2473//4588 2472//4588
f 2603//4589 2472//4589 2475//4589
f 2603//4590 2475//4590 2476//4590
f 2603//4591 2476//4591 2471//4591
f 2607//1902 2606//1902 2604//1902
f 2605//1902 2607//1902 2604//1902
f 2605//4592 2229//4592 2607//4592
f 2607//4593 2229//4593 2228//4593
f 2607//4594 2228//4594 2224//4594
f 2607//4595 2224//4595 2606//4595
f 2606//4596 2224//4596 2604//4596
f 2604//4597 2224//4597 2225//4597
f 2604//4598 2225//4598 2227//4598
f 2604//4599 2227//4599 2605//4599
f 2605//4600 2227//4600 2229//4600
f 2228//4601 2223//4601 2224//4601
f 2225//4602 2226//4602 2227//4602
f 2614//4603 2613//4603 2608//4603
f 2608//4604 2613//4604 2218//4604
f 2608//4605 2218//4605 2609//4605
f 2608//4606 2609//4606 2610//4606
f 2610//4607 2609//4607 2611//4607
f 2610//4608 2611//4608 2612//4608
f 2612//4609 2611//4609 2613//4609
f 2612//4610 2613//4610 2614//4610
f 2608//1902 2612//1902 2614//1902
f 2610//1902 2612//1902 2608//1902
f 2613//4611 2222//4611 2218//4611
f 2218//4612 2219//4612 2609//4612
f 2609//4613 2219//4613 2220//4613
f 2609//4614 2220//4614 2611//4614
f 2611//4615 2220//4615 2221//4615
f 2611//4616 2221//4616 2613//4616
f 2613//4617 2221//4617 2222//4617
f 2339//4618 2615//4618 2352//4618
f 2337//4619 2343//4619 2617//4619
f 2351//4620 2345//4620 2618//4620
f 2342//4621 2616//4621 2619//4621
f 2619//4622 2616//4622 2620//4622
f 2619//4623 2620//4623 2621//4623
f 2621//4624 2620//4624 2720//4624
f 2621//4625 2720//4625 2622//4625
f 2622//4626 2720//4626 2623//4626
f 2622//4627 2623//4627 2624//4627
f 2624//4628 2623//4628 2625//4628
f 2624//4629 2625//4629 2626//4629
f 2626//4630 2625//4630 2627//4630
f 2626//4631 2627//4631 2628//4631
f 2628//4632 2627//4632 2629//4632
f 2629//4633 2721//4633 2630//4633
f 2630//4634 2721//4634 2631//4634
f 2631//4635 2722//4635 2632//4635
f 2632//4636 2722//4636 2633//4636
f 2632//4637 2633//4637 2634//4637
f 2634//4638 2633//4638 2635//4638
f 2635//4639 2636//4639 2637//4639
f 2637//4640 2636//4640 2618//4640
f 2637//4641 2618//4641 2638//4641
f 2638//4642 2618//4642 2345//4642
f 2343//4643 2342//4643 2619//4643
f 2630//4644 2631//4644 2639//4644
f 2639//4645 2631//4645 2632//4645
f 2634//4646 2635//4646 2637//4646
f 2617//4647 2343//4647 2619//4647
f 2617//4648 2619//4648 2621//4648
f 2617//4649 2621//4649 2640//4649
f 2640//4650 2621//4650 2622//4650
f 2640//4651 2622//4651 2641//4651
f 2641//4652 2622//4652 2624//4652
f 2641//4653 2624//4653 2642//4653
f 2642//4654 2624//4654 2643//4654
f 2643//4655 2624//4655 2626//4655
f 2643//4656 2626//4656 2644//4656
f 2644//4657 2626//4657 2628//4657
f 2628//4658 2629//4658 2630//4658
f 2628//4659 2630//4659 2645//4659
f 2645//4660 2630//4660 2639//4660
f 2639//4661 2632//4661 2646//4661
f 2646//4662 2632//4662 2634//4662
f 2634//4663 2637//4663 2647//4663
f 2647//4664 2637//4664 2638//4664
f 2647//4665 2638//4665 2648//4665
f 2648//4666 2638//4666 2345//4666
f 2648//4667 2345//4667 2344//4667
f 2644//4668 2628//4668 2649//4668
f 2649//4669 2628//4669 2645//4669
f 2645//4670 2639//4670 2650//4670
f 2650//4671 2639//4671 2646//4671
f 2650//4672 2646//4672 2651//4672
f 2651//4673 2646//4673 2634//4673
f 2651//4674 2634//4674 2647//4674
f 2652//4675 2640//4675 2653//4675
f 2653//4676 2640//4676 2641//4676
f 2653//4677 2641//4677 2654//4677
f 2655//4678 2644//4678 2656//4678
f 2656//4679 2644//4679 2649//4679
f 2656//4680 2649//4680 2645//4680
f 2656//4681 2645//4681 2657//4681
f 2657//4682 2645//4682 2650//4682
f 2657//4683 2650//4683 2658//4683
f 2658//4684 2650//4684 2651//4684
f 2658//4685 2651//4685 2659//4685
f 2659//4686 2651//4686 2647//4686
f 2659//4687 2647//4687 2660//4687
f 2660//4688 2647//4688 2661//4688
f 2337//4689 2617//4689 2652//4689
f 2652//4690 2617//4690 2640//4690
f 2641//4691 2642//4691 2654//4691
f 2654//4692 2642//4692 2643//4692
f 2654//4693 2643//4693 2655//4693
f 2655//4694 2643//4694 2644//4694
f 2647//4695 2648//4695 2661//4695
f 2661//4696 2648//4696 2344//4696
f 2661//4697 2344//4697 2341//4697
f 2338//4698 2337//4698 2652//4698
f 2338//4699 2652//4699 2662//4699
f 2662//4700 2652//4700 2653//4700
f 2653//4701 2654//4701 2663//4701
f 2663//4702 2654//4702 2655//4702
f 2663//4703 2655//4703 2656//4703
f 2663//4704 2656//4704 2664//4704
f 2664//4705 2656//4705 2657//4705
f 2660//4706 2661//4706 2341//4706
f 2660//4707 2341//4707 2340//4707
f 2662//4708 2653//4708 2665//4708
f 2665//4709 2653//4709 2666//4709
f 2666//4710 2653//4710 2663//4710
f 2666//4711 2663//4711 2667//4711
f 2667//4712 2663//4712 2664//4712
f 2657//4713 2658//4713 2668//4713
f 2668//4714 2658//4714 2659//4714
f 2668//4715 2659//4715 2669//4715
f 2669//4716 2659//4716 2660//4716
f 2669//4717 2660//4717 2340//4717
f 2338//4718 2662//4718 2665//4718
f 2665//4719 2666//4719 2670//4719
f 2670//4720 2666//4720 2667//4720
f 2667//4721 2664//4721 2671//4721
f 2671//4722 2664//4722 2657//4722
f 2671//4723 2657//4723 2668//4723
f 2668//4724 2669//4724 2672//4724
f 2672//4725 2669//4725 2340//4725
f 2339//4726 2338//4726 2665//4726
f 2339//4727 2665//4727 2673//4727
f 2673//4728 2665//4728 2670//4728
f 2670//4729 2667//4729 2671//4729
f 2671//4730 2668//4730 2674//4730
f 2674//4731 2668//4731 2672//4731
f 2672//4732 2340//4732 2347//4732
f 2339//4733 2673//4733 2675//4733
f 2675//4734 2673//4734 2670//4734
f 2675//4735 2670//4735 2615//4735
f 2615//4736 2670//4736 2671//4736
f 2615//4737 2671//4737 2674//4737
f 2674//4738 2672//4738 2347//4738
f 2339//4739 2675//4739 2615//4739
f 2615//4740 2674//4740 2347//4740
f 2615//4741 2347//4741 2352//4741
f 2353//4742 2677//4742 2678//4742
f 2679//4743 2335//4743 2336//4743
f 2616//4744 2342//4744 2335//4744
f 2677//4745 2676//4745 2680//4745
f 2677//4746 2680//4746 2678//4746
f 2678//4747 2680//4747 2681//4747
f 2678//4748 2681//4748 2349//4748
f 2678//4749 2349//4749 2353//4749
f 2333//4750 2349//4750 2682//4750
f 2682//4751 2349//4751 2681//4751
f 2683//4752 2681//4752 2680//4752
f 2683//4753 2680//4753 2684//4753
f 2684//4754 2680//4754 2685//4754
f 2685//4755 2680//4755 2676//4755
f 2682//4756 2681//4756 2686//4756
f 2686//4757 2681//4757 2687//4757
f 2687//4758 2681//4758 2683//4758
f 2684//4759 2685//4759 2688//4759
f 2688//4760 2685//4760 2689//4760
f 2689//4761 2685//4761 2676//4761
f 2689//4762 2676//4762 2346//4762
f 2333//4763 2682//4763 2690//4763
f 2690//4764 2682//4764 2686//4764
f 2687//4765 2683//4765 2691//4765
f 2691//4766 2683//4766 2684//4766
f 2691//4767 2684//4767 2692//4767
f 2692//4768 2684//4768 2688//4768
f 2334//4769 2333//4769 2690//4769
f 2693//4770 2690//4770 2686//4770
f 2693//4771 2686//4771 2694//4771
f 2694//4772 2686//4772 2687//4772
f 2694//4773 2687//4773 2695//4773
f 2695//4774 2687//4774 2696//4774
f 2696//4775 2687//4775 2691//4775
f 2696//4776 2691//4776 2697//4776
f 2697//4777 2691//4777 2692//4777
f 2692//4778 2688//4778 2698//4778
f 2698//4779 2688//4779 2689//4779
f 2698//4780 2689//4780 2699//4780
f 2699//4781 2689//4781 2346//4781
f 2334//4782 2690//4782 2700//4782
f 2700//4783 2690//4783 2693//4783
f 2693//4784 2694//4784 2701//4784
f 2702//4785 2696//4785 2697//4785
f 2697//4786 2692//4786 2703//4786
f 2703//4787 2692//4787 2698//4787
f 2703//4788 2698//4788 2704//4788
f 2336//4789 2334//4789 2700//4789
f 2700//4790 2693//4790 2705//4790
f 2705//4791 2693//4791 2701//4791
f 2701//4792 2694//4792 2706//4792
f 2706//4793 2694//4793 2695//4793
f 2706//4794 2695//4794 2707//4794
f 2707//4795 2695//4795 2696//4795
f 2707//4796 2696//4796 2708//4796
f 2708//4797 2696//4797 2702//4797
f 2709//4798 2698//4798 2699//4798
f 2709//4799 2699//4799 2348//4799
f 2336//4800 2700//4800 2679//4800
f 2679//4801 2700//4801 2710//4801
f 2710//4802 2700//4802 2705//4802
f 2705//4803 2701//4803 2711//4803
f 2711//4804 2701//4804 2706//4804
f 2712//4805 2708//4805 2702//4805
f 2712//4806 2702//4806 2697//4806
f 2712//4807 2697//4807 2713//4807
f 2713//4808 2697//4808 2703//4808
f 2713//4809 2703//4809 2714//4809
f 2714//4810 2703//4810 2704//4810
f 2714//4811 2704//4811 2715//4811
f 2715//4812 2704//4812 2698//4812
f 2715//4813 2698//4813 2709//4813
f 2709//4814 2348//4814 2350//4814
f 2710//4815 2705//4815 2716//4815
f 2716//4816 2705//4816 2711//4816
f 2711//4817 2706//4817 2717//4817
f 2717//4818 2706//4818 2707//4818
f 2717//4819 2707//4819 2718//4819
f 2718//4820 2707//4820 2708//4820
f 2718//4821 2708//4821 2712//4821
f 2715//4822 2709//4822 2719//4822
f 2719//4823 2709//4823 2350//4823
f 2335//4824 2679//4824 2616//4824
f 2679//4825 2710//4825 2720//4825
f 2720//4826 2710//4826 2716//4826
f 2718//4827 2712//4827 2721//4827
f 2721//4828 2712//4828 2722//4828
f 2722//4829 2712//4829 2713//4829
f 2713//4830 2714//4830 2723//4830
f 2723//4831 2714//4831 2715//4831
f 2719//4832 2350//4832 2351//4832
f 2627//4833 2718//4833 2629//4833
f 2629//4834 2718//4834 2721//4834
f 2721//4835 2722//4835 2631//4835
f 2633//4836 2723//4836 2635//4836
f 2635//4837 2723//4837 2636//4837
f 2351//4838 2618//4838 2719//4838
f 2719//4839 2618//4839 2636//4839
f 2719//4840 2636//4840 2715//4840
f 2715//4841 2636//4841 2723//4841
f 2723//4842 2633//4842 2713//4842
f 2713//4843 2633//4843 2722//4843
f 2718//4844 2627//4844 2717//4844
f 2717//4845 2627//4845 2625//4845
f 2717//4846 2625//4846 2711//4846
f 2711//4847 2625//4847 2623//4847
f 2711//4848 2623//4848 2716//4848
f 2716//4849 2623//4849 2720//4849
f 2720//4850 2620//4850 2679//4850
f 2679//4851 2620//4851 2616//4851
f 2724//4852 2732//4852 2729//4852
f 2730//4853 2725//4853 2726//4853
f 2726//4854 2725//4854 2724//4854
f 2726//4855 2724//4855 2729//4855
f 2732//4856 2727//4856 2728//4856
f 2729//4857 2732//4857 2728//4857
f 2730//4858 2731//4858 2725//4858
f 2098//4859 2731//4859 2730//4859
f 2728//4860 2727//4860 2081//4860
f 2081//4861 2727//4861 2083//4861
f 2731//4862 2098//4862 2095//4862
f 2731//4863 2095//4863 2093//4863
f 2093//4864 2083//4864 2727//4864
f 2727//4865 2732//4865 2093//4865
f 2093//4866 2732//4866 2731//4866
f 2731//4867 2732//4867 2724//4867
f 2731//4868 2724//4868 2725//4868
f 2193//4869 2729//4869 2081//4869
f 2081//4870 2729//4870 2728//4870
f 2729//4871 2193//4871 2726//4871
f 2726//4872 2193//4872 2730//4872
f 2193//4873 2098//4873 2730//4873
f 2192//4874 2736//4874 2735//4874
f 2185//4875 2737//4875 2192//4875
f 2736//4876 2192//4876 2737//4876
f 2192//4877 2738//4877 2178//4877
f 2738//4878 2192//4878 2735//4878
f 2182//4879 2734//4879 2740//4879
f 2181//4880 2179//4880 2739//4880
f 2739//4881 2734//4881 2181//4881
f 2181//4882 2734//4882 2182//4882
f 2740//4883 2734//4883 2733//4883
f 2737//4884 2740//4884 2736//4884
f 2736//4885 2740//4885 2733//4885
f 2736//4886 2733//4886 2735//4886
f 2735//4887 2733//4887 2734//4887
f 2735//4888 2734//4888 2738//4888
f 2738//4889 2734//4889 2739//4889
f 2185//4890 2182//4890 2737//4890
f 2737//4891 2182//4891 2740//4891
f 2738//4892 2739//4892 2178//4892
f 2178//4893 2739//4893 2179//4893
f 2130//4894 2126//4894 2355//4894
f 2355//4895 2126//4895 2741//4895
f 2742//4896 2354//4896 2356//4896
f 2742//4897 2356//4897 2743//4897
f 2743//4898 2356//4898 2355//4898
f 2743//4899 2355//4899 2741//4899
f 2354//4900 2742//4900 2073//4900
f 2073//4901 2742//4901 2124//4901
f 2741//4902 2126//4902 2743//4902
f 2743//4903 2126//4903 2128//4903
f 2743//4904 2128//4904 2742//4904
f 2128//1902 2124//1902 2742//1902
f 2744//4905 2358//4905 2357//4905
f 2744//4906 2357//4906 2745//4906
f 2745//4907 2140//4907 2744//4907
f 2744//4908 2140//4908 2144//4908
f 2144//4909 2747//4909 2744//4909
f 2144//4240 2746//4240 2747//4240
f 2359//4910 2747//4910 2145//4910
f 2145//4911 2747//4911 2746//4911
f 2747//4912 2359//4912 2358//4912
f 2747//4913 2358//4913 2744//4913
f 2142//4914 2140//4914 2357//4914
f 2357//4915 2140//4915 2745//4915
f 2748//4916 2754//4916 2749//4916
f 2754//4917 2750//4917 2749//4917
f 2749//4918 2750//4918 2790//4918
f 2790//4919 2750//4919 2751//4919
f 2790//4920 2751//4920 2752//4920
f 2752//4921 2751//4921 2753//4921
f 2752//4922 2753//4922 2748//4922
f 2753//4923 2754//4923 2748//4923
f 2806//4924 2755//4924 2756//4924
f 2802//4925 2757//4925 2758//4925
f 2802//4926 2758//4926 2759//4926
f 2759//4927 2758//4927 2760//4927
f 2759//4928 2760//4928 2761//4928
f 2761//4929 2760//4929 2762//4929
f 2761//4930 2762//4930 2763//4930
f 2763//4931 2762//4931 2764//4931
f 2807//4932 2779//4932 2768//4932
f 2782//4933 2770//4933 2778//4933
f 2765//4934 2767//4934 2807//4934
f 2767//4935 2778//4935 2807//4935
f 2807//4936 2778//4936 2779//4936
f 2784//4937 2766//4937 2771//4937
f 2778//4938 2772//4938 2782//4938
f 2777//4939 2767//4939 2765//4939
f 2766//4940 2773//4940 2771//4940
f 2774//4941 2773//4941 2769//4941
f 2769//4942 2773//4942 2766//4942
f 2768//4943 2774//4943 2807//4943
f 2776//4944 2775//4944 2777//4944
f 2776//4945 2777//4945 2765//4945
f 2771//4946 2778//4946 2770//4946
f 2778//4947 2771//4947 2779//4947
f 2771//4948 2773//4948 2779//4948
f 2774//4949 2769//4949 2807//4949
f 2807//4950 2769//4950 2780//4950
f 2807//4951 2780//4951 2781//4951
f 2781//4952 2784//4952 2776//4952
f 2776//4953 2784//4953 2782//4953
f 2781//4954 2780//4954 2783//4954
f 2781//4955 2783//4955 2784//4955
f 2783//4956 2766//4956 2784//4956
f 2782//4957 2772//4957 2776//4957
f 2776//4958 2772//4958 2775//4958
f 2752//4959 2748//4959 2785//4959
f 2752//4960 2785//4960 2786//4960
f 2752//4961 2786//4961 2787//4961
f 2787//4962 2786//4962 2788//4962
f 2787//4963 2788//4963 2789//4963
f 2789//4964 2788//4964 2805//4964
f 2789//4965 2805//4965 2803//4965
f 2790//4966 2791//4966 2749//4966
f 2749//4967 2791//4967 2792//4967
f 2077//4968 2796//4968 2791//4968
f 2791//4969 2796//4969 2794//4969
f 2793//4970 2795//4970 2792//4970
f 2792//4971 2795//4971 2078//4971
f 2791//4972 2794//4972 2792//4972
f 2792//4973 2794//4973 2793//4973
f 2078//4974 2795//4974 2797//4974
f 2797//4975 2796//4975 2077//4975
f 2078//4976 2797//4976 2077//4976
f 2798//4977 2755//4977 2799//4977
f 2799//4978 2755//4978 2104//4978
f 2103//4979 2800//4979 2104//4979
f 2104//4980 2800//4980 2799//4980
f 2756//4981 2801//4981 2103//4981
f 2103//4982 2801//4982 2800//4982
f 2801//4983 2756//4983 2755//4983
f 2755//4984 2798//4984 2801//4984
f 2125//4985 2761//4985 2123//4985
f 2123//4986 2761//4986 2763//4986
f 2123//4987 2763//4987 2764//4987
f 2123//4574 2764//4574 2103//4574
f 2127//1958 2129//1958 2802//1958
f 2127//1958 2802//1958 2759//1958
f 2127//4988 2759//4988 2125//4988
f 2125//4989 2759//4989 2761//4989
f 2803//1958 2776//1958 2138//1958
f 2134//1958 2789//1958 2136//1958
f 2077//4990 2790//4990 2131//4990
f 2131//4991 2790//4991 2752//4991
f 2131//4064 2752//4064 2133//4064
f 2133//4992 2752//4992 2134//4992
f 2134//387 2752//387 2787//387
f 2134//1958 2787//1958 2789//1958
f 2764//4993 2804//4993 2103//4993
f 2765//1958 2802//1958 2129//1958
f 2804//4177 2756//4177 2103//4177
f 2791//4994 2790//4994 2077//4994
f 2138//1958 2776//1958 2129//1958
f 2129//1958 2776//1958 2765//1958
f 2789//1958 2803//1958 2136//1958
f 2136//1958 2803//1958 2138//1958
f 2760//1902 2758//1902 2110//1902
f 2749//1902 2792//1902 2078//1902
f 2110//1902 2758//1902 2113//1902
f 2115//1902 2781//1902 2805//1902
f 2104//4015 2755//4015 2806//4015
f 2760//4026 2110//4026 2762//4026
f 2762//4995 2110//4995 2108//4995
f 2762//4995 2108//4995 2806//4995
f 2806//4996 2108//4996 2104//4996
f 2758//1902 2757//1902 2113//1902
f 2118//1902 2786//1902 2785//1902
f 2118//1902 2785//1902 2120//1902
f 2120//4997 2785//4997 2748//4997
f 2120//4997 2748//4997 2078//4997
f 2078//4237 2748//4237 2749//4237
f 2115//1902 2805//1902 2116//1902
f 2757//1902 2807//1902 2113//1902
f 2116//1902 2805//1902 2788//1902
f 2116//1902 2788//1902 2118//1902
f 2118//1902 2788//1902 2786//1902
f 2113//1902 2807//1902 2115//1902
f 2115//1902 2807//1902 2781//1902
f 2808//4998 2804//4998 2764//4998
f 2804//4999 2808//4999 2809//4999
f 2804//5000 2809//5000 2806//5000
f 2806//5001 2809//5001 2810//5001
f 2806//5002 2810//5002 2762//5002
f 2762//5003 2810//5003 2811//5003
f 2762//5004 2811//5004 2764//5004
f 2764//5005 2811//5005 2808//5005
f 2806//5006 2756//5006 2804//5006
f 2793//5007 2750//5007 2754//5007
f 2750//5008 2793//5008 2794//5008
f 2750//5009 2794//5009 2751//5009
f 2751//5010 2794//5010 2796//5010
f 2751//5011 2796//5011 2797//5011
f 2751//5012 2797//5012 2753//5012
f 2795//5013 2754//5013 2753//5013
f 2795//5014 2753//5014 2797//5014
f 2793//5015 2754//5015 2795//5015
f 2812//5016 2811//5016 2799//5016
f 2799//5017 2811//5017 2810//5017
f 2811//5018 2812//5018 2813//5018
f 2811//5019 2813//5019 2808//5019
f 2808//5020 2813//5020 2814//5020
f 2808//5021 2814//5021 2809//5021
f 2798//5022 2809//5022 2814//5022
f 2799//5023 2810//5023 2798//5023
f 2798//5024 2810//5024 2809//5024
f 2799//5025 2800//5025 2812//5025
f 2812//5026 2800//5026 2813//5026
f 2813//5027 2800//5027 2801//5027
f 2813//5028 2801//5028 2814//5028
f 2814//5029 2801//5029 2798//5029
f 2765//5030 2807//5030 2802//5030
f 2802//5031 2807//5031 2757//5031
f 2803//5032 2805//5032 2776//5032
f 2776//5033 2805//5033 2781//5033
f 2816//5034 2815//5034 2817//5034
f 2817//5035 2815//5035 2818//5035
f 2817//5036 2818//5036 2819//5036
f 2819//5037 2818//5037 2771//5037
f 2819//5038 2771//5038 2820//5038
f 2820//5039 2771//5039 2770//5039
f 2820//5040 2770//5040 2816//5040
f 2816//5041 2770//5041 2815//5041
f 2816//217 2819//217 2820//217
f 2817//217 2819//217 2816//217
f 2821//5042 2822//5042 2823//5042
f 2823//5043 2822//5043 2783//5043
f 2823//5044 2783//5044 2824//5044
f 2823//5045 2824//5045 2825//5045
f 2825//5046 2824//5046 2769//5046
f 2825//5047 2769//5047 2826//5047
f 2826//5048 2769//5048 2766//5048
f 2826//5049 2766//5049 2821//5049
f 2821//5050 2766//5050 2822//5050
f 2821//217 2823//217 2825//217
f 2826//217 2821//217 2825//217
f 2827//5051 2832//5051 2775//5051
f 2827//5052 2775//5052 2828//5052
f 2828//5053 2775//5053 2772//5053
f 2828//5054 2772//5054 2830//5054
f 2830//5055 2772//5055 2829//5055
f 2830//5056 2829//5056 2831//5056
f 2831//5057 2829//5057 2767//5057
f 2831//5058 2767//5058 2827//5058
f 2827//5059 2767//5059 2832//5059
f 2828//217 2830//217 2827//217
f 2830//217 2831//217 2827//217
f 2833//5060 2834//5060 2835//5060
f 2835//5061 2834//5061 2773//5061
f 2835//5062 2773//5062 2774//5062
f 2835//5063 2774//5063 2836//5063
f 2836//5064 2774//5064 2768//5064
f 2836//5065 2768//5065 2837//5065
f 2837//5066 2768//5066 2779//5066
f 2837//5067 2779//5067 2833//5067
f 2833//5068 2779//5068 2834//5068
f 2833//217 2836//217 2837//217
f 2833//217 2835//217 2836//217
f 2832//5069 2777//5069 2775//5069
f 2772//5070 2778//5070 2829//5070
f 2829//5071 2778//5071 2767//5071
f 2767//5072 2777//5072 2832//5072
f 2815//5073 2782//5073 2818//5073
f 2818//5074 2782//5074 2784//5074
f 2818//5075 2784//5075 2771//5075
f 2770//5076 2782//5076 2815//5076
f 2822//5077 2766//5077 2783//5077
f 2783//5078 2780//5078 2824//5078
f 2824//5079 2780//5079 2769//5079
f 2834//5080 2779//5080 2773//5080
f 2838//5081 2844//5081 2839//5081
f 2839//5082 2844//5082 2840//5082
f 2839//5083 2840//5083 2882//5083
f 2882//5084 2840//5084 2841//5084
f 2882//4920 2841//4920 2842//4920
f 2842//5085 2841//5085 2843//5085
f 2842//5086 2843//5086 2838//5086
f 2838//5087 2843//5087 2844//5087
f 2898//4924 2845//4924 2846//4924
f 2894//4925 2847//4925 2848//4925
f 2894//4926 2848//4926 2849//4926
f 2849//4927 2848//4927 2850//4927
f 2849//4928 2850//4928 2851//4928
f 2851//4929 2850//4929 2852//4929
f 2851//4930 2852//4930 2853//4930
f 2853//4931 2852//4931 2854//4931
f 2899//5088 2859//5088 2858//5088
f 2858//5089 2859//5089 2857//5089
f 2899//5090 2871//5090 2856//5090
f 2899//5091 2856//5091 2862//5091
f 2858//5092 2857//5092 2865//5092
f 2862//5093 2861//5093 2899//5093
f 2899//5094 2861//5094 2859//5094
f 2858//5095 2865//5095 2863//5095
f 2862//5096 2867//5096 2861//5096
f 2868//5097 2865//5097 2867//5097
f 2866//5098 2855//5098 2873//5098
f 2872//5099 2869//5099 2870//5099
f 2872//5100 2870//5100 2866//5100
f 2855//5101 2864//5101 2871//5101
f 2855//5102 2871//5102 2899//5102
f 2868//5103 2862//5103 2872//5103
f 2863//5104 2875//5104 2873//5104
f 2868//5105 2867//5105 2862//5105
f 2855//5106 2874//5106 2860//5106
f 2855//5107 2860//5107 2864//5107
f 2864//5108 2860//5108 2869//5108
f 2872//5109 2866//5109 2868//5109
f 2865//5110 2868//5110 2863//5110
f 2863//5111 2868//5111 2875//5111
f 2863//5112 2873//5112 2855//5112
f 2872//5113 2864//5113 2869//5113
f 2866//5114 2876//5114 2855//5114
f 2855//5115 2876//5115 2874//5115
f 2876//5116 2866//5116 2870//5116
f 2842//4959 2838//4959 2877//4959
f 2842//4960 2877//4960 2878//4960
f 2842//4961 2878//4961 2879//4961
f 2879//4962 2878//4962 2880//4962
f 2879//4963 2880//4963 2881//4963
f 2881//4964 2880//4964 2897//4964
f 2881//4965 2897//4965 2895//4965
f 2882//4966 2883//4966 2839//4966
f 2839//4967 2883//4967 2884//4967
f 2074//5117 2886//5117 2887//5117
f 2074//5118 2887//5118 2883//5118
f 2884//5119 2885//5119 2075//5119
f 2075//5120 2886//5120 2074//5120
f 2883//5121 2887//5121 2884//5121
f 2884//5122 2887//5122 2885//5122
f 2885//5123 2888//5123 2075//5123
f 2075//5124 2888//5124 2886//5124
f 2889//5125 2845//5125 2107//5125
f 2105//5126 2890//5126 2107//5126
f 2107//5127 2890//5127 2889//5127
f 2846//5128 2892//5128 2893//5128
f 2105//5129 2891//5129 2890//5129
f 2846//5130 2893//5130 2105//5130
f 2105//5131 2893//5131 2891//5131
f 2845//5132 2889//5132 2892//5132
f 2892//5133 2846//5133 2845//5133
f 2111//1958 2851//1958 2109//1958
f 2109//1958 2851//1958 2853//1958
f 2109//4577 2853//4577 2854//4577
f 2109//4176 2854//4176 2105//4176
f 2112//1958 2114//1958 2894//1958
f 2112//1958 2894//1958 2849//1958
f 2112//1958 2849//1958 2111//1958
f 2111//1958 2849//1958 2851//1958
f 2895//1958 2863//1958 2114//1958
f 2119//1958 2881//1958 2117//1958
f 2074//4990 2882//4990 2121//4990
f 2121//5134 2882//5134 2842//5134
f 2121//5135 2842//5135 2119//5135
f 2119//4176 2842//4176 2879//4176
f 2119//1958 2879//1958 2881//1958
f 2854//4572 2896//4572 2105//4572
f 2855//1958 2894//1958 2114//1958
f 2896//4575 2846//4575 2105//4575
f 2883//5136 2882//5136 2074//5136
f 2114//1958 2863//1958 2855//1958
f 2881//1958 2895//1958 2117//1958
f 2117//1958 2895//1958 2114//1958
f 2850//1902 2848//1902 2094//1902
f 2839//4235 2884//4235 2075//4235
f 2094//1902 2848//1902 2092//1902
f 2084//4512 2858//4512 2897//4512
f 2107//5137 2845//5137 2898//5137
f 2850//1902 2094//1902 2096//1902
f 2850//4236 2096//4236 2852//4236
f 2852//5138 2096//5138 2100//5138
f 2852//5139 2100//5139 2102//5139
f 2852//5140 2102//5140 2898//5140
f 2898//5141 2102//5141 2107//5141
f 2848//1902 2847//1902 2092//1902
f 2092//4511 2847//4511 2084//4511
f 2088//1902 2878//1902 2085//1902
f 2085//1902 2878//1902 2877//1902
f 2085//4240 2877//4240 2838//4240
f 2085//4511 2838//4511 2075//4511
f 2075//5142 2838//5142 2839//5142
f 2084//4512 2897//4512 2090//4512
f 2847//5143 2899//5143 2084//5143
f 2090//1902 2897//1902 2880//1902
f 2090//1902 2880//1902 2088//1902
f 2088//1902 2880//1902 2878//1902
f 2084//5144 2899//5144 2858//5144
f 2900//5145 2896//5145 2854//5145
f 2896//4999 2900//4999 2901//4999
f 2896//5000 2901//5000 2898//5000
f 2898//5001 2901//5001 2902//5001
f 2898//5002 2902//5002 2852//5002
f 2852//5003 2902//5003 2903//5003
f 2852//5004 2903//5004 2854//5004
f 2854//5005 2903//5005 2900//5005
f 2898//5006 2846//5006 2896//5006
f 2840//5146 2885//5146 2904//5146
f 2840//5147 2904//5147 2841//5147
f 2841//5148 2904//5148 2905//5148
f 2841//5149 2905//5149 2843//5149
f 2888//5150 2844//5150 2843//5150
f 2888//5151 2843//5151 2905//5151
f 2885//5152 2840//5152 2844//5152
f 2885//5153 2844//5153 2888//5153
f 2890//5154 2902//5154 2889//5154
f 2890//5155 2903//5155 2902//5155
f 2890//5156 2891//5156 2903//5156
f 2903//5157 2891//5157 2900//5157
f 2900//5158 2891//5158 2893//5158
f 2900//5159 2893//5159 2901//5159
f 2892//5160 2901//5160 2893//5160
f 2889//5161 2902//5161 2892//5161
f 2892//5162 2902//5162 2901//5162
f 2885//5163 2887//5163 2904//5163
f 2904//5164 2887//5164 2905//5164
f 2905//5165 2887//5165 2886//5165
f 2905//5166 2886//5166 2888//5166
f 2855//5167 2899//5167 2894//5167
f 2894//5168 2899//5168 2847//5168
f 2895//5032 2897//5032 2863//5032
f 2863//5169 2897//5169 2858//5169
f 2911//5170 2873//5170 2906//5170
f 2906//5171 2873//5171 2875//5171
f 2906//5172 2875//5172 2868//5172
f 2906//5173 2868//5173 2907//5173
f 2907//5174 2868//5174 2908//5174
f 2907//5175 2908//5175 2909//5175
f 2909//5176 2908//5176 2910//5176
f 2909//5177 2910//5177 2911//5177
f 2911//5178 2910//5178 2873//5178
f 2911//217 2907//217 2909//217
f 2911//217 2906//217 2907//217
f 2912//5179 2867//5179 2865//5179
f 2912//5180 2865//5180 2913//5180
f 2913//5181 2865//5181 2857//5181
f 2913//5182 2857//5182 2914//5182
f 2914//5183 2857//5183 2859//5183
f 2914//5184 2859//5184 2861//5184
f 2914//5185 2861//5185 2915//5185
f 2915//5186 2861//5186 2912//5186
f 2912//5187 2861//5187 2867//5187
f 2913//217 2914//217 2912//217
f 2914//217 2915//217 2912//217
f 2916//5188 2874//5188 2876//5188
f 2916//5189 2876//5189 2917//5189
f 2917//5190 2876//5190 2918//5190
f 2917//5191 2918//5191 2919//5191
f 2919//5192 2918//5192 2869//5192
f 2919//5193 2869//5193 2920//5193
f 2920//5194 2869//5194 2860//5194
f 2920//5195 2860//5195 2916//5195
f 2916//5196 2860//5196 2874//5196
f 2919//217 2916//217 2917//217
f 2919//217 2920//217 2916//217
f 2925//5197 2864//5197 2921//5197
f 2921//5198 2864//5198 2872//5198
f 2921//5199 2872//5199 2922//5199
f 2921//5200 2922//5200 2923//5200
f 2923//5201 2922//5201 2856//5201
f 2923//5202 2856//5202 2924//5202
f 2924//5203 2856//5203 2871//5203
f 2924//5204 2871//5204 2925//5204
f 2925//5205 2871//5205 2864//5205
f 2925//217 2923//217 2924//217
f 2925//217 2921//217 2923//217
f 2876//5206 2870//5206 2918//5206
f 2918//5207 2870//5207 2869//5207
f 2908//5208 2868//5208 2866//5208
f 2908//5209 2866//5209 2910//5209
f 2910//5210 2866//5210 2873//5210
f 2872//5211 2862//5211 2922//5211
f 2922//5212 2862//5212 2856//5212
f 2926//1902 2927//1902 2928//1902
f 2929//5213 2930//5213 2931//5213
f 2926//5214 2928//5214 2932//5214
f 2929//5215 2931//5215 2933//5215
f 2933//1902 2934//1902 2929//1902
f 2929//1902 2934//1902 2935//1902
f 2931//5216 2930//5216 2926//5216
f 2928//5217 2927//5217 2936//5217
f 2937//4239 2938//4239 2939//4239
f 2936//5218 2941//5218 2942//5218
f 2926//5219 2932//5219 2943//5219
f 2943//5220 2944//5220 2926//5220
f 2926//5221 2944//5221 2931//5221
f 3005//5222 2940//5222 2936//5222
f 2936//5223 2940//5223 2941//5223
f 2946//5224 2945//5224 2939//5224
f 2939//5225 2945//5225 2937//5225
f 2939//4235 2938//4235 2947//4235
f 2929//4239 2935//4239 2945//4239
f 2929//5226 2945//5226 2946//5226
f 2936//5227 2942//5227 2928//5227
f 2937//5228 2945//5228 2948//5228
f 2948//5229 2949//5229 2937//5229
f 2949//5230 2938//5230 2937//5230
f 2945//5231 2950//5231 2948//5231
f 2948//5232 2951//5232 2949//5232
f 2945//5233 2935//5233 2950//5233
f 2948//5234 2950//5234 2952//5234
f 2948//5235 2952//5235 2951//5235
f 2949//5236 2951//5236 2953//5236
f 2949//5237 2953//5237 2938//5237
f 2938//5238 2953//5238 2947//5238
f 2950//5239 2935//5239 2954//5239
f 2950//5240 2954//5240 2955//5240
f 2950//5241 2955//5241 2956//5241
f 2950//5242 2956//5242 2952//5242
f 2952//5243 2956//5243 2957//5243
f 2952//5244 2957//5244 2951//5244
f 2951//5245 2957//5245 2958//5245
f 2951//5246 2958//5246 2953//5246
f 2935//5247 2934//5247 2954//5247
f 2956//5248 2959//5248 2957//5248
f 2958//5249 2957//5249 2960//5249
f 2958//5250 2960//5250 2961//5250
f 2958//5251 2961//5251 2953//5251
f 2953//5252 2961//5252 2962//5252
f 2953//5253 2962//5253 2947//5253
f 2947//5254 2962//5254 2939//5254
f 2954//5255 2934//5255 2963//5255
f 2954//5256 2963//5256 2955//5256
f 2955//5257 2963//5257 2964//5257
f 2955//5258 2964//5258 2965//5258
f 2955//5259 2965//5259 2956//5259
f 2956//5260 2965//5260 2966//5260
f 2956//5261 2966//5261 2959//5261
f 2957//5262 2959//5262 2967//5262
f 2957//5263 2967//5263 2968//5263
f 2957//5264 2968//5264 2960//5264
f 2960//5265 2969//5265 2961//5265
f 2934//5266 2933//5266 2963//5266
f 2966//5267 2965//5267 2970//5267
f 2959//5268 2966//5268 2967//5268
f 2960//5269 2968//5269 2971//5269
f 2960//5270 2971//5270 2969//5270
f 2961//5271 2969//5271 2972//5271
f 2961//5272 2972//5272 2973//5272
f 2961//5273 2973//5273 2962//5273
f 2962//5274 2973//5274 2946//5274
f 2962//5275 2946//5275 2939//5275
f 2964//5276 2963//5276 2974//5276
f 2964//5277 2974//5277 2965//5277
f 2965//5278 2974//5278 2975//5278
f 2965//5279 2975//5279 2970//5279
f 2966//5280 2970//5280 2976//5280
f 2966//5281 2976//5281 2967//5281
f 2967//5282 2976//5282 2977//5282
f 2967//5283 2977//5283 2968//5283
f 2968//5284 2977//5284 2978//5284
f 2968//5285 2978//5285 2971//5285
f 2971//5286 2979//5286 2969//5286
f 2933//5287 2931//5287 2963//5287
f 2963//5288 2931//5288 2980//5288
f 2963//5289 2980//5289 2974//5289
f 2970//5290 2975//5290 2981//5290
f 2970//5291 2981//5291 2976//5291
f 2978//5292 2982//5292 2971//5292
f 2971//5293 2982//5293 2979//5293
f 2969//5294 2979//5294 2983//5294
f 2969//5295 2983//5295 2972//5295
f 2972//5296 2983//5296 2984//5296
f 2972//5297 2984//5297 2973//5297
f 2973//5298 2984//5298 2985//5298
f 2973//5299 2985//5299 2946//5299
f 2975//5300 2974//5300 2986//5300
f 2975//5301 2986//5301 2981//5301
f 2976//5302 2987//5302 2977//5302
f 2977//5303 2987//5303 2978//5303
f 2978//5304 2987//5304 2988//5304
f 2978//5305 2988//5305 2982//5305
f 2979//5306 2982//5306 2989//5306
f 2979//5307 2989//5307 2983//5307
f 2984//5308 2983//5308 2990//5308
f 2946//5309 2985//5309 2929//5309
f 2931//5310 2944//5310 2980//5310
f 2980//5311 2944//5311 2991//5311
f 2980//5312 2991//5312 2974//5312
f 2974//5313 2991//5313 2992//5313
f 2974//5314 2992//5314 2986//5314
f 2981//5315 2986//5315 2993//5315
f 2981//5316 2993//5316 2976//5316
f 2976//5317 2993//5317 2987//5317
f 2987//5318 2994//5318 2988//5318
f 2982//5319 2988//5319 2995//5319
f 2982//5320 2995//5320 2989//5320
f 2983//5321 2989//5321 2996//5321
f 2983//5322 2996//5322 2990//5322
f 2984//5323 2990//5323 2985//5323
f 2986//5324 2992//5324 2997//5324
f 2986//5325 2997//5325 2993//5325
f 2993//5326 2998//5326 2987//5326
f 2987//5327 2998//5327 2994//5327
f 2988//5328 2994//5328 2999//5328
f 2988//5329 2999//5329 2995//5329
f 2995//5330 2999//5330 2989//5330
f 2989//5331 2999//5331 3000//5331
f 2989//5332 3000//5332 2996//5332
f 2996//5333 3000//5333 3001//5333
f 2996//5334 3001//5334 2990//5334
f 2990//5335 3001//5335 3002//5335
f 2990//5336 3002//5336 2985//5336
f 2985//5337 3002//5337 3003//5337
f 2985//5338 3003//5338 2929//5338
f 2929//5339 3003//5339 2930//5339
f 3005//5340 3004//5340 2940//5340
f 2944//5341 2943//5341 3006//5341
f 2944//5342 3006//5342 2991//5342
f 2991//5343 3006//5343 3007//5343
f 2991//5344 3007//5344 2992//5344
f 2992//5345 3007//5345 2997//5345
f 2993//5346 2997//5346 3008//5346
f 2993//5347 3008//5347 2998//5347
f 2994//5348 2998//5348 3009//5348
f 2994//5349 3009//5349 2999//5349
f 2999//5350 3009//5350 3010//5350
f 3007//5351 3011//5351 2997//5351
f 2997//5352 3011//5352 3012//5352
f 2997//5353 3012//5353 3008//5353
f 2998//5354 3008//5354 3009//5354
f 2999//5355 3010//5355 3013//5355
f 2999//5356 3013//5356 3000//5356
f 3000//5357 3013//5357 3014//5357
f 3000//5358 3014//5358 3001//5358
f 3001//5359 3014//5359 3015//5359
f 3001//5360 3015//5360 3002//5360
f 3002//5361 3015//5361 3003//5361
f 3003//5362 3015//5362 3016//5362
f 3003//5363 3016//5363 2930//5363
f 2943//5364 2932//5364 3006//5364
f 3006//5365 2932//5365 3017//5365
f 3006//5366 3017//5366 3007//5366
f 3007//5367 3017//5367 3011//5367
f 3008//5368 3012//5368 3018//5368
f 3008//5369 3018//5369 3009//5369
f 3009//5370 3018//5370 3019//5370
f 3009//5371 3019//5371 3010//5371
f 3010//5372 3019//5372 3013//5372
f 2930//5373 3016//5373 2926//5373
f 3011//5374 3017//5374 3020//5374
f 3011//5375 3020//5375 3021//5375
f 3011//5376 3021//5376 3012//5376
f 3012//5377 3021//5377 3022//5377
f 3012//5378 3022//5378 3018//5378
f 3013//5379 3019//5379 3023//5379
f 3013//5380 3023//5380 3014//5380
f 3014//5381 3023//5381 3024//5381
f 3014//5382 3024//5382 3015//5382
f 3015//5383 3024//5383 3025//5383
f 3015//5384 3025//5384 3016//5384
f 3016//5385 3025//5385 3026//5385
f 3016//5386 3026//5386 2926//5386
f 2932//5387 2928//5387 3027//5387
f 2932//5388 3027//5388 3017//5388
f 3017//5389 3027//5389 3020//5389
f 3018//5390 3022//5390 3028//5390
f 3018//5391 3028//5391 3019//5391
f 3019//5392 3028//5392 3029//5392
f 3019//5393 3029//5393 3023//5393
f 2926//5394 3026//5394 2927//5394
f 3027//5395 2928//5395 3030//5395
f 3027//5396 3030//5396 3020//5396
f 3020//5397 3030//5397 3021//5397
f 3021//5398 3030//5398 3031//5398
f 3021//5399 3031//5399 3022//5399
f 3022//5400 3031//5400 3028//5400
f 3029//5401 3032//5401 3023//5401
f 3023//5402 3032//5402 3033//5402
f 3023//5403 3033//5403 3024//5403
f 3024//5404 3033//5404 3034//5404
f 3024//5405 3034//5405 3025//5405
f 3025//5406 3034//5406 3026//5406
f 3026//5407 3034//5407 3035//5407
f 3026//5408 3035//5408 2927//5408
f 2928//5409 2942//5409 3030//5409
f 3028//5410 3031//5410 3036//5410
f 3028//5411 3036//5411 3037//5411
f 3028//5412 3037//5412 3029//5412
f 3029//5413 3037//5413 3032//5413
f 2927//5414 3035//5414 2936//5414
f 3030//5415 2942//5415 3038//5415
f 3030//5416 3038//5416 3039//5416
f 3030//5417 3039//5417 3031//5417
f 3031//5418 3039//5418 3036//5418
f 3032//5419 3037//5419 3033//5419
f 3033//5420 3037//5420 3040//5420
f 3033//5421 3040//5421 3034//5421
f 3034//5422 3040//5422 3041//5422
f 3034//5423 3041//5423 3035//5423
f 3035//5424 3041//5424 2936//5424
f 3039//5425 3038//5425 3042//5425
f 3039//5426 3042//5426 3036//5426
f 3036//5427 3042//5427 3037//5427
f 3037//5428 3042//5428 3040//5428
f 3040//5429 3043//5429 3041//5429
f 3041//5430 3043//5430 2936//5430
f 2942//5431 2941//5431 3044//5431
f 2942//5432 3044//5432 3038//5432
f 3038//5433 3044//5433 3042//5433
f 3042//5434 3044//5434 3004//5434
f 3042//5435 3004//5435 3040//5435
f 3040//5436 3004//5436 3043//5436
f 2936//5437 3043//5437 3005//5437
f 3044//5438 2941//5438 2940//5438
f 3044//5439 2940//5439 3004//5439
f 3043//5440 3004//5440 3005//5440
f 3045//5441 3046//5441 3047//5441
f 3047//5441 3046//5441 3048//5441
f 3046//3357 3049//3357 3048//3357
f 3048//3357 3049//3357 3050//3357
f 3049//3502 3051//3502 3050//3502
f 3050//3502 3051//3502 3052//3502
f 3051//217 3045//217 3052//217
f 3052//217 3045//217 3047//217
f 3048//1902 3050//1902 3047//1902
f 3047//1902 3050//1902 3052//1902
f 3051//1958 3049//1958 3045//1958
f 3045//1958 3049//1958 3046//1958
f 3054//5442 3055//5442 3053//5442
f 3053//5443 3055//5443 3056//5443
f 3058//5444 3057//5444 3055//5444
f 3055//5445 3057//5445 3056//5445
f 3059//5446 3060//5446 3061//5446
f 3062//5447 3102//5447 3063//5447
f 3064//5448 3065//5448 3066//5448
f 3066//5449 3065//5449 3067//5449
f 3053//1902 3056//1902 3070//1902
f 3053//5450 3070//5450 3069//5450
f 3069//5225 3068//5225 3071//5225
f 3069//5451 3070//5451 3068//5451
f 3068//1902 3070//1902 3072//1902
f 3068//1902 3072//1902 3073//1902
f 3075//4063 3074//4063 3076//4063
f 3077//1958 3057//1958 3058//1958
f 3074//5452 3078//5452 3077//5452
f 3074//5453 3077//5453 3054//5453
f 3077//1958 3058//1958 3054//1958
f 3075//4176 3079//4176 3074//4176
f 3074//4063 3079//4063 3078//4063
f 3081//5454 3065//5454 3071//5454
f 3080//5455 3076//5455 3067//5455
f 3081//5456 3067//5456 3065//5456
f 3076//5457 3080//5457 3075//5457
f 3075//5458 3081//5458 3068//5458
f 3068//5459 3081//5459 3071//5459
f 3075//5460 3080//5460 3081//5460
f 3081//5461 3080//5461 3067//5461
f 3075//5462 3068//5462 3079//5462
f 3079//5463 3068//5463 3073//5463
f 3072//5464 3078//5464 3073//5464
f 3073//5465 3078//5465 3079//5465
f 3078//5466 3072//5466 3077//5466
f 3077//5467 3072//5467 3070//5467
f 3056//5468 3057//5468 3070//5468
f 3070//5468 3057//5468 3077//5468
f 3053//5469 3069//5469 3102//5469
f 3074//5470 3054//5470 3059//5470
f 3059//5471 3054//5471 3060//5471
f 3102//5472 3062//5472 3053//5472
f 3053//5473 3062//5473 3064//5473
f 3053//5474 3064//5474 3054//5474
f 3054//5475 3064//5475 3066//5475
f 3054//5476 3066//5476 3060//5476
f 3086//5477 3465//5477 3088//5477
f 3086//5478 3088//5478 3087//5478
f 3087//5479 3088//5479 3474//5479
f 3474//5480 3463//5480 3087//5480
f 3089//5481 3519//5481 3090//5481
f 3090//5482 3519//5482 3520//5482
f 3095//5483 3096//5483 3093//5483
f 3096//5484 3095//5484 3091//5484
f 3091//5485 3095//5485 3092//5485
f 3091//5486 3092//5486 3098//5486
f 3098//5487 3092//5487 3637//5487
f 3100//5488 3099//5488 3064//5488
f 3062//5489 3101//5489 3064//5489
f 3064//5490 3101//5490 3100//5490
f 3069//5491 3218//5491 3211//5491
f 3069//5492 3211//5492 3102//5492
f 3065//5493 3103//5493 3071//5493
f 3071//5494 3103//5494 3104//5494
f 3106//5495 3105//5495 3107//5495
f 3106//5496 3107//5496 3108//5496
f 3108//5497 3107//5497 3109//5497
f 3108//5498 3109//5498 3110//5498
f 3110//5499 3109//5499 3111//5499
f 3106//5500 3112//5500 3105//5500
f 3105//5501 3112//5501 3113//5501
f 3113//5502 3112//5502 3114//5502
f 3113//5503 3114//5503 3115//5503
f 3115//5504 3114//5504 3116//5504
f 3115//5505 3116//5505 3111//5505
f 3111//5506 3116//5506 3110//5506
f 3119//5507 3117//5507 3118//5507
f 3119//5508 3120//5508 3117//5508
f 3118//5509 3121//5509 3122//5509
f 3121//5510 3118//5510 3117//5510
f 3123//5511 3122//5511 3121//5511
f 3122//5512 3123//5512 3124//5512
f 3125//5513 3126//5513 3124//5513
f 3125//5514 3124//5514 3123//5514
f 3126//5515 3127//5515 3128//5515
f 3126//5516 3125//5516 3127//5516
f 3119//5517 3128//5517 3120//5517
f 3120//5518 3128//5518 3127//5518
f 3113//5519 3123//5519 3121//5519
f 3113//5520 3121//5520 3105//5520
f 3105//5521 3121//5521 3107//5521
f 3107//5522 3121//5522 3117//5522
f 3115//5523 3125//5523 3123//5523
f 3115//5524 3123//5524 3113//5524
f 3111//5525 3127//5525 3115//5525
f 3115//5526 3127//5526 3125//5526
f 3107//5527 3117//5527 3120//5527
f 3107//5528 3120//5528 3109//5528
f 3109//5529 3120//5529 3111//5529
f 3111//5530 3120//5530 3127//5530
f 3122//5531 3124//5531 3130//5531
f 3130//5532 3118//5532 3122//5532
f 3129//5533 3126//5533 3131//5533
f 3131//5534 3126//5534 3128//5534
f 3130//5535 3124//5535 3129//5535
f 3129//5536 3124//5536 3126//5536
f 3128//5537 3133//5537 3131//5537
f 3136//1902 3137//1902 3138//1902
f 3139//5538 3141//5538 3142//5538
f 3188//5539 3143//5539 3144//5539
f 3160//5540 3140//5540 3145//5540
f 3146//5541 3139//5541 3142//5541
f 3147//5542 3148//5542 3149//5542
f 3149//5543 3148//5543 3150//5543
f 3152//4512 3153//4512 3154//4512
f 3155//5544 3156//5544 3152//5544
f 3152//5545 3156//5545 3153//5545
f 3144//5546 3157//5546 3188//5546
f 3188//5547 3157//5547 3151//5547
f 3427//5548 3149//5548 3151//5548
f 3153//5549 3158//5549 3159//5549
f 3153//5550 3159//5550 3154//5550
f 3149//5551 3150//5551 3141//5551
f 3149//5552 3141//5552 3151//5552
f 3151//5553 3141//5553 3139//5553
f 3151//5554 3139//5554 3188//5554
f 3188//5555 3139//5555 3140//5555
f 3149//5556 3427//5556 3161//5556
f 3149//5557 3161//5557 3153//5557
f 3153//5558 3161//5558 3158//5558
f 3159//5559 3143//5559 3154//5559
f 3154//5560 3143//5560 3188//5560
f 3154//5561 3188//5561 3163//5561
f 3163//5562 3188//5562 3164//5562
f 3163//5563 3130//5563 3154//5563
f 3154//5564 3130//5564 3129//5564
f 3154//5565 3129//5565 3217//5565
f 3217//5566 3129//5566 3164//5566
f 3165//5567 3170//5567 3167//5567
f 3167//5568 3170//5568 3168//5568
f 3168//5569 3464//5569 3167//5569
f 3167//5570 3464//5570 3162//5570
f 3167//1902 3162//1902 3166//1902
f 3169//5571 3170//5571 3165//5571
f 3464//5572 3168//5572 3171//5572
f 3464//5573 3171//5573 3172//5573
f 3188//5574 3172//5574 3164//5574
f 3164//5575 3172//5575 3217//5575
f 3217//5576 3172//5576 3171//5576
f 3171//5577 3169//5577 3217//5577
f 3436//5578 3217//5578 3169//5578
f 3165//5579 3136//5579 3138//5579
f 3165//5580 3138//5580 3436//5580
f 3165//5581 3436//5581 3169//5581
f 3096//5582 3091//5582 3134//5582
f 3134//5583 3091//5583 3173//5583
f 3134//5584 3173//5584 3188//5584
f 3188//5585 3173//5585 3174//5585
f 3188//5586 3174//5586 3172//5586
f 3172//5587 3174//5587 3096//5587
f 3172//5588 3096//5588 3134//5588
f 3177//5589 3596//5589 3134//5589
f 3179//5590 3178//5590 3176//5590
f 3160//5591 3179//5591 3140//5591
f 3140//5592 3179//5592 3188//5592
f 3180//5593 3181//5593 3135//5593
f 3135//5594 3181//5594 3134//5594
f 3182//5595 3183//5595 3178//5595
f 3178//5596 3183//5596 3176//5596
f 3176//5597 3184//5597 3175//5597
f 3176//5598 3175//5598 3185//5598
f 3176//5599 3185//5599 3179//5599
f 3179//5600 3185//5600 3186//5600
f 3179//5601 3186//5601 3188//5601
f 3188//5602 3186//5602 3187//5602
f 3134//5603 3596//5603 3135//5603
f 3134//5604 3188//5604 3177//5604
f 3135//5605 3596//5605 3176//5605
f 3176//5606 3596//5606 3184//5606
f 3443//5607 3193//5607 3194//5607
f 3189//5608 3443//5608 3194//5608
f 3167//5609 3190//5609 3165//5609
f 3165//5610 3190//5610 3444//5610
f 3192//5611 3193//5611 3191//5611
f 3194//5612 3193//5612 3192//5612
f 3615//5613 3195//5613 3196//5613
f 3196//5614 3195//5614 3197//5614
f 3196//5615 3197//5615 3198//5615
f 3196//5616 3198//5616 3191//5616
f 3191//5617 3198//5617 3192//5617
f 3138//5618 3199//5618 3438//5618
f 3202//5619 3200//5619 3215//5619
f 3201//5620 3203//5620 3202//5620
f 3202//5621 3203//5621 3200//5621
f 3138//5622 3438//5622 3436//5622
f 3208//5623 3207//5623 3209//5623
f 3216//5624 3215//5624 3099//5624
f 3099//5625 3100//5625 3219//5625
f 3099//5626 3219//5626 3216//5626
f 3216//5627 3219//5627 3209//5627
f 3209//5628 3219//5628 3208//5628
f 3208//5629 3219//5629 3100//5629
f 3100//5630 3101//5630 3214//5630
f 3100//5631 3214//5631 3208//5631
f 3208//5632 3214//5632 3206//5632
f 3208//5633 3206//5633 3207//5633
f 3221//5634 3213//5634 3210//5634
f 3210//5635 3213//5635 3212//5635
f 3218//5636 3221//5636 3211//5636
f 3211//5637 3221//5637 3210//5637
f 3218//5638 3220//5638 3221//5638
f 3218//5639 3217//5639 3220//5639
f 3222//1958 3223//1958 3224//1958
f 3227//1958 3228//1958 3229//1958
f 3229//1958 3228//1958 3230//1958
f 3233//5640 3234//5640 3235//5640
f 3235//5641 3234//5641 3236//5641
f 3215//5642 3237//5642 3238//5642
f 3215//5643 3238//5643 3232//5643
f 3232//1958 3238//1958 3239//1958
f 3232//1958 3239//1958 3231//1958
f 3234//1958 3233//1958 3240//1958
f 3251//1958 3246//1958 3241//1958
f 3242//5644 3243//5644 3250//5644
f 3244//5645 3242//5645 3245//5645
f 3244//5646 3245//5646 3247//5646
f 3244//5647 3247//5647 3233//5647
f 3233//1958 3247//1958 3240//1958
f 3241//1958 3246//1958 3248//1958
f 3249//1958 3248//1958 3250//1958
f 3241//1958 3248//1958 3249//1958
f 3247//1958 3245//1958 3251//1958
f 3247//1958 3251//1958 3252//1958
f 3252//1958 3251//1958 3241//1958
f 3253//5648 3254//5648 3255//5648
f 3249//5649 3250//5649 3243//5649
f 3249//5650 3243//5650 3254//5650
f 3249//4572 3254//4572 3256//4572
f 3256//4993 3254//4993 3253//4993
f 3257//5651 3255//5651 3258//5651
f 3255//5652 3260//5652 3261//5652
f 3255//5653 3261//5653 3253//5653
f 3260//5654 3255//5654 3262//5654
f 3262//5655 3255//5655 3257//5655
f 3262//5656 3257//5656 3259//5656
f 3259//5657 3257//5657 3225//5657
f 3230//1958 3263//1958 3264//1958
f 3264//1958 3263//1958 3265//1958
f 3264//5658 3265//5658 3266//5658
f 3266//5659 3265//5659 3267//5659
f 3268//4177 3269//4177 3233//4177
f 3269//5660 3600//5660 3270//5660
f 3269//5661 3270//5661 3233//5661
f 3233//5662 3270//5662 3244//5662
f 3603//5663 3273//5663 3272//5663
f 3272//5664 3273//5664 3600//5664
f 3272//5665 3600//5665 3269//5665
f 3271//5666 3274//5666 3244//5666
f 3244//5667 3274//5667 3243//5667
f 3244//5668 3243//5668 3242//5668
f 3603//5669 3254//5669 3243//5669
f 3275//5670 3264//5670 3433//5670
f 3433//5671 3264//5671 3276//5671
f 3433//5672 3276//5672 3277//5672
f 3278//5673 3279//5673 3276//5673
f 3276//5674 3279//5674 3277//5674
f 3283//5675 3282//5675 3277//5675
f 3277//5676 3282//5676 3433//5676
f 3284//5677 3285//5677 3283//5677
f 3283//5678 3285//5678 3286//5678
f 3283//4575 3286//4575 3232//4575
f 3232//5679 3431//5679 3283//5679
f 3431//5680 3282//5680 3283//5680
f 3280//5681 3275//5681 3287//5681
f 3258//5682 3488//5682 3257//5682
f 3257//5683 3289//5683 3288//5683
f 3488//5684 3289//5684 3257//5684
f 3254//5685 3603//5685 3272//5685
f 3254//5686 3272//5686 3290//5686
f 3254//5687 3290//5687 3497//5687
f 3269//5688 3268//5688 3291//5688
f 3269//5689 3291//5689 3292//5689
f 3236//5690 3237//5690 3235//5690
f 3235//5691 3237//5691 3215//5691
f 3295//5692 3296//5692 3297//5692
f 3297//5693 3215//5693 3295//5693
f 3295//5694 3215//5694 3200//5694
f 3295//1958 3200//1958 3294//1958
f 3293//5695 3299//5695 3296//5695
f 3293//5696 3296//5696 3295//5696
f 3215//5697 3297//5697 3298//5697
f 3215//5698 3298//5698 3235//5698
f 3610//5699 3235//5699 3298//5699
f 3293//4183 3222//4183 3224//4183
f 3293//5700 3224//5700 3610//5700
f 3293//5701 3610//5701 3299//5701
f 3299//5702 3610//5702 3298//5702
f 3232//5703 3280//5703 3281//5703
f 3232//5704 3281//5704 3431//5704
f 3230//1958 3264//1958 3229//1958
f 3229//5705 3264//5705 3275//5705
f 3267//5706 3259//5706 3266//5706
f 3266//5707 3259//5707 3225//5707
f 3266//5708 3225//5708 3300//5708
f 3301//5709 3302//5709 3225//5709
f 3225//5710 3302//5710 3300//5710
f 3229//1958 3304//1958 3227//1958
f 3304//1958 3306//1958 3227//1958
f 3231//1958 3226//1958 3232//1958
f 3232//1958 3226//1958 3227//1958
f 3232//1958 3227//1958 3280//1958
f 3280//1958 3227//1958 3306//1958
f 3280//5711 3303//5711 3275//5711
f 3275//5712 3303//5712 3307//5712
f 3229//1958 3305//1958 3304//1958
f 3275//5713 3307//5713 3229//5713
f 3229//1958 3307//1958 3305//1958
f 3280//1958 3306//1958 3303//1958
f 3143//5714 3281//5714 3144//5714
f 3144//5715 3281//5715 3280//5715
f 3144//5716 3280//5716 3157//5716
f 3157//5717 3280//5717 3287//5717
f 3157//5718 3287//5718 3151//5718
f 3151//5719 3287//5719 3275//5719
f 3429//5720 3359//5720 3143//5720
f 3143//5721 3359//5721 3281//5721
f 3426//5722 3432//5722 3430//5722
f 3430//5723 3432//5723 3358//5723
f 3310//5724 3309//5724 3308//5724
f 3309//5725 3310//5725 3311//5725
f 3311//5726 3310//5726 3146//5726
f 3301//5727 3312//5727 3313//5727
f 3312//5728 3308//5728 3313//5728
f 3313//5729 3308//5729 3309//5729
f 3225//5730 3139//5730 3314//5730
f 3314//5731 3139//5731 3315//5731
f 3146//5732 3310//5732 3139//5732
f 3139//5733 3310//5733 3315//5733
f 3225//5734 3314//5734 3301//5734
f 3301//5735 3314//5735 3312//5735
f 3266//5736 3300//5736 3316//5736
f 3141//5737 3317//5737 3142//5737
f 3141//5738 3316//5738 3317//5738
f 3266//5739 3316//5739 3141//5739
f 3318//5740 3319//5740 3141//5740
f 3141//5741 3319//5741 3266//5741
f 3360//5742 3361//5742 3318//5742
f 3318//5743 3361//5743 3319//5743
f 3321//5744 3322//5744 3320//5744
f 3321//5745 3320//5745 3323//5745
f 3329//5746 3326//5746 3327//5746
f 3326//5747 3328//5747 3327//5747
f 3327//5748 3328//5748 3323//5748
f 3323//5749 3328//5749 3321//5749
f 3320//5750 3322//5750 3325//5750
f 3325//5751 3322//5751 3324//5751
f 3324//5752 3329//5752 3325//5752
f 3325//5747 3329//5747 3327//5747
f 3279//5753 3278//5753 3147//5753
f 3147//5754 3278//5754 3148//5754
f 3339//5755 3330//5755 3331//5755
f 3334//5756 3332//5756 3333//5756
f 3330//5757 3334//5757 3331//5757
f 3331//5758 3334//5758 3333//5758
f 3336//5759 3332//5759 3335//5759
f 3337//5760 3339//5760 3331//5760
f 3335//288 3338//288 3336//288
f 3336//5761 3338//5761 3337//5761
f 3338//5762 3339//5762 3337//5762
f 3333//5763 3332//5763 3336//5763
f 3340//3502 3341//3502 3333//3502
f 3333//3502 3341//3502 3331//3502
f 3349//5764 3343//5764 3341//5764
f 3341//5765 3344//5765 3345//5765
f 3341//5766 3343//5766 3344//5766
f 3344//5767 3346//5767 3345//5767
f 3345//5768 3346//5768 3347//5768
f 3346//5769 3348//5769 3347//5769
f 3342//5770 3349//5770 3340//5770
f 3340//222 3349//222 3341//222
f 3347//5771 3348//5771 3340//5771
f 3340//5772 3348//5772 3342//5772
f 3156//5773 3155//5773 3284//5773
f 3284//5774 3155//5774 3285//5774
f 3104//5775 3354//5775 3353//5775
f 3351//5776 3352//5776 3353//5776
f 3350//5777 3354//5777 3103//5777
f 3103//5778 3354//5778 3104//5778
f 3355//5779 3357//5779 3103//5779
f 3103//5780 3357//5780 3350//5780
f 3351//5781 3356//5781 3352//5781
f 3352//5761 3356//5761 3355//5761
f 3356//5782 3357//5782 3355//5782
f 3104//5783 3353//5783 3352//5783
f 3151//5784 3275//5784 3428//5784
f 3428//5785 3275//5785 3434//5785
f 3428//5786 3434//5786 3426//5786
f 3426//5787 3434//5787 3432//5787
f 3430//5788 3358//5788 3429//5788
f 3429//5789 3358//5789 3359//5789
f 3325//5790 3327//5790 3360//5790
f 3360//5791 3327//5791 3361//5791
f 3363//5792 3302//5792 3362//5792
f 3309//5793 3370//5793 3313//5793
f 3313//5794 3370//5794 3364//5794
f 3309//5795 3369//5795 3370//5795
f 3311//5796 3369//5796 3309//5796
f 3311//5797 3365//5797 3368//5797
f 3311//5798 3368//5798 3369//5798
f 3311//5799 3142//5799 3365//5799
f 3311//5800 3146//5800 3142//5800
f 3313//5801 3364//5801 3362//5801
f 3313//5802 3362//5802 3301//5802
f 3301//5803 3362//5803 3302//5803
f 3204//5804 3440//5804 3209//5804
f 3205//5805 3367//5805 3213//5805
f 3213//5806 3367//5806 3212//5806
f 3212//5807 3367//5807 3206//5807
f 3206//5808 3367//5808 3207//5808
f 3367//5809 3205//5809 3207//5809
f 3207//5810 3205//5810 3204//5810
f 3213//5811 3221//5811 3366//5811
f 3366//5812 3221//5812 3220//5812
f 3220//5813 3217//5813 3366//5813
f 3209//5814 3207//5814 3204//5814
f 3365//5815 3378//5815 3368//5815
f 3363//5816 3300//5816 3302//5816
f 3377//5817 3376//5817 3375//5817
f 3371//5818 3377//5818 3375//5818
f 3316//5819 3371//5819 3317//5819
f 3371//5820 3375//5820 3317//5820
f 3317//5821 3375//5821 3378//5821
f 3317//5822 3378//5822 3142//5822
f 3142//5823 3378//5823 3365//5823
f 3362//5824 3364//5824 3379//5824
f 3379//5825 3364//5825 3370//5825
f 3379//5826 3370//5826 3374//5826
f 3374//5827 3370//5827 3376//5827
f 3376//5828 3370//5828 3369//5828
f 3376//5829 3369//5829 3375//5829
f 3375//5830 3369//5830 3368//5830
f 3372//5831 3316//5831 3300//5831
f 3316//5832 3372//5832 3379//5832
f 3316//5833 3379//5833 3373//5833
f 3373//5834 3379//5834 3374//5834
f 3363//5835 3372//5835 3300//5835
f 3372//5836 3363//5836 3362//5836
f 3372//5837 3362//5837 3379//5837
f 3375//5838 3368//5838 3378//5838
f 3380//5839 3390//5839 3381//5839
f 3380//5840 3381//5840 3382//5840
f 3382//5841 3381//5841 3383//5841
f 3382//5842 3383//5842 3384//5842
f 3384//5843 3383//5843 3385//5843
f 3384//5844 3385//5844 3386//5844
f 3386//5845 3385//5845 3387//5845
f 3387//5846 3385//5846 3388//5846
f 3387//5847 3388//5847 3389//5847
f 3389//5848 3388//5848 3390//5848
f 3389//5849 3390//5849 3380//5849
f 3388//5850 3398//5850 3391//5850
f 3388//5851 3391//5851 3390//5851
f 3390//5852 3391//5852 3392//5852
f 3390//5853 3392//5853 3381//5853
f 3381//5854 3392//5854 3393//5854
f 3381//5855 3393//5855 3394//5855
f 3394//5856 3393//5856 3395//5856
f 3394//5857 3395//5857 3396//5857
f 3396//5858 3395//5858 3397//5858
f 3396//5859 3397//5859 3385//5859
f 3385//5860 3397//5860 3398//5860
f 3385//5861 3398//5861 3388//5861
f 3206//5862 3214//5862 3393//5862
f 3397//5863 3395//5863 3062//5863
f 3395//5864 3101//5864 3062//5864
f 3393//5865 3214//5865 3395//5865
f 3395//5866 3214//5866 3101//5866
f 3392//5867 3206//5867 3393//5867
f 3392//5868 3212//5868 3206//5868
f 3212//5869 3392//5869 3391//5869
f 3210//5870 3212//5870 3391//5870
f 3398//5871 3210//5871 3391//5871
f 3210//5872 3398//5872 3211//5872
f 3211//5873 3398//5873 3397//5873
f 3211//5874 3397//5874 3102//5874
f 3102//5875 3397//5875 3063//5875
f 3397//5876 3062//5876 3063//5876
f 3381//5877 3394//5877 3383//5877
f 3383//5878 3394//5878 3396//5878
f 3383//5879 3396//5879 3385//5879
f 3316//5880 3314//5880 3315//5880
f 3315//5881 3371//5881 3316//5881
f 3310//5882 3377//5882 3371//5882
f 3310//5883 3371//5883 3315//5883
f 3308//5884 3377//5884 3310//5884
f 3308//5885 3376//5885 3377//5885
f 3376//5886 3308//5886 3374//5886
f 3374//5887 3308//5887 3312//5887
f 3399//5888 3374//5888 3312//5888
f 3374//5889 3399//5889 3373//5889
f 3373//5890 3399//5890 3314//5890
f 3373//5891 3314//5891 3316//5891
f 3150//5892 3360//5892 3318//5892
f 3150//5893 3318//5893 3141//5893
f 3264//5894 3319//5894 3361//5894
f 3264//5895 3361//5895 3276//5895
f 3266//5896 3319//5896 3264//5896
f 3360//5897 3150//5897 3325//5897
f 3327//5898 3276//5898 3361//5898
f 3148//5899 3320//5899 3325//5899
f 3148//5900 3325//5900 3150//5900
f 3276//5901 3327//5901 3278//5901
f 3278//5902 3327//5902 3323//5902
f 3278//5903 3323//5903 3148//5903
f 3148//5904 3323//5904 3320//5904
f 3217//5905 3218//5905 3154//5905
f 3218//5906 3069//5906 3071//5906
f 3218//5907 3071//5907 3154//5907
f 3154//5908 3071//5908 3104//5908
f 3154//5909 3104//5909 3152//5909
f 3286//5910 3103//5910 3232//5910
f 3232//5911 3103//5911 3065//5911
f 3232//5912 3065//5912 3064//5912
f 3232//5913 3064//5913 3215//5913
f 3215//5914 3064//5914 3099//5914
f 3152//5915 3104//5915 3155//5915
f 3155//5916 3104//5916 3352//5916
f 3285//5917 3355//5917 3103//5917
f 3285//5918 3103//5918 3286//5918
f 3355//5919 3285//5919 3155//5919
f 3355//5920 3155//5920 3352//5920
f 3341//5921 3283//5921 3331//5921
f 3331//5921 3283//5921 3277//5921
f 3283//5922 3341//5922 3284//5922
f 3284//5923 3341//5923 3345//5923
f 3279//5924 3337//5924 3331//5924
f 3279//5925 3331//5925 3277//5925
f 3284//5926 3345//5926 3347//5926
f 3284//5927 3347//5927 3156//5927
f 3147//5928 3336//5928 3279//5928
f 3279//5929 3336//5929 3337//5929
f 3340//5930 3153//5930 3347//5930
f 3347//5931 3153//5931 3156//5931
f 3336//5932 3147//5932 3333//5932
f 3333//5933 3147//5933 3149//5933
f 3333//5934 3149//5934 3340//5934
f 3340//5934 3149//5934 3153//5934
f 3399//5935 3312//5935 3314//5935
f 3401//5936 3400//5936 3402//5936
f 3402//5937 3400//5937 3403//5937
f 3402//5938 3403//5938 3404//5938
f 3404//5939 3403//5939 3405//5939
f 3404//5940 3405//5940 3406//5940
f 3406//5941 3405//5941 3350//5941
f 3406//5942 3350//5942 3407//5942
f 3406//5943 3407//5943 3408//5943
f 3408//5944 3407//5944 3409//5944
f 3409//5945 3407//5945 3410//5945
f 3409//5946 3410//5946 3411//5946
f 3409//5947 3411//5947 3412//5947
f 3412//5948 3411//5948 3400//5948
f 3412//5949 3400//5949 3401//5949
f 3414//5950 3413//5950 3415//5950
f 3415//5951 3413//5951 3416//5951
f 3415//5952 3416//5952 3417//5952
f 3417//5953 3416//5953 3418//5953
f 3417//5954 3418//5954 3419//5954
f 3419//5955 3418//5955 3330//5955
f 3419//5956 3330//5956 3420//5956
f 3419//5957 3420//5957 3421//5957
f 3421//5958 3420//5958 3422//5958
f 3422//5959 3420//5959 3423//5959
f 3422//5960 3423//5960 3424//5960
f 3422//5961 3424//5961 3425//5961
f 3425//5962 3424//5962 3413//5962
f 3425//5963 3413//5963 3414//5963
f 3403//5964 3354//5964 3405//5964
f 3405//5965 3354//5965 3350//5965
f 3350//5966 3357//5966 3407//5966
f 3407//5967 3357//5967 3410//5967
f 3410//5968 3357//5968 3356//5968
f 3410//5969 3356//5969 3411//5969
f 3411//5970 3356//5970 3351//5970
f 3411//5971 3351//5971 3400//5971
f 3400//5972 3351//5972 3353//5972
f 3400//5973 3353//5973 3403//5973
f 3403//5974 3353//5974 3354//5974
f 3416//5964 3334//5964 3418//5964
f 3418//5965 3334//5965 3330//5965
f 3330//5966 3339//5966 3420//5966
f 3420//5975 3339//5975 3423//5975
f 3423//5968 3339//5968 3338//5968
f 3423//5976 3338//5976 3424//5976
f 3424//5970 3338//5970 3335//5970
f 3424//5971 3335//5971 3413//5971
f 3413//5977 3335//5977 3332//5977
f 3413//5973 3332//5973 3416//5973
f 3416//5974 3332//5974 3334//5974
f 3412//5978 3346//5978 3409//5978
f 3409//5979 3346//5979 3344//5979
f 3409//5980 3344//5980 3408//5980
f 3408//5981 3344//5981 3406//5981
f 3406//5982 3344//5982 3343//5982
f 3406//5983 3343//5983 3404//5983
f 3404//5984 3343//5984 3349//5984
f 3404//5985 3349//5985 3402//5985
f 3402//5986 3349//5986 3342//5986
f 3402//5987 3342//5987 3401//5987
f 3401//5988 3342//5988 3348//5988
f 3401//5989 3348//5989 3412//5989
f 3412//5990 3348//5990 3346//5990
f 3425//5978 3321//5978 3422//5978
f 3422//5991 3321//5991 3328//5991
f 3422//5980 3328//5980 3421//5980
f 3421//5981 3328//5981 3419//5981
f 3419//5982 3328//5982 3326//5982
f 3419//5983 3326//5983 3417//5983
f 3417//5984 3326//5984 3329//5984
f 3417//5985 3329//5985 3415//5985
f 3415//5986 3329//5986 3324//5986
f 3415//5987 3324//5987 3414//5987
f 3414//5988 3324//5988 3322//5988
f 3414//5992 3322//5992 3425//5992
f 3425//5990 3322//5990 3321//5990
f 3151//5993 3428//5993 3427//5993
f 3161//5994 3427//5994 3426//5994
f 3427//5995 3428//5995 3426//5995
f 3158//5996 3161//5996 3426//5996
f 3158//5997 3426//5997 3430//5997
f 3143//5998 3159//5998 3429//5998
f 3159//5999 3158//5999 3429//5999
f 3429//6000 3158//6000 3430//6000
f 3434//6001 3275//6001 3433//6001
f 3281//6002 3359//6002 3431//6002
f 3432//6003 3434//6003 3433//6003
f 3359//6004 3358//6004 3431//6004
f 3431//6005 3358//6005 3282//6005
f 3433//6006 3282//6006 3432//6006
f 3432//6007 3282//6007 3358//6007
f 3435//6008 3199//6008 3138//6008
f 3200//6009 3203//6009 3435//6009
f 3200//6010 3435//6010 3137//6010
f 3137//6011 3435//6011 3138//6011
f 3366//6012 3217//6012 3436//6012
f 3437//6013 3366//6013 3436//6013
f 3437//6014 3436//6014 3438//6014
f 3438//6015 3439//6015 3437//6015
f 3437//6016 3439//6016 3205//6016
f 3205//6017 3213//6017 3437//6017
f 3437//6018 3213//6018 3366//6018
f 3204//6019 3205//6019 3439//6019
f 3438//6020 3201//6020 3439//6020
f 3202//6021 3215//6021 3216//6021
f 3202//6022 3216//6022 3440//6022
f 3440//6023 3216//6023 3209//6023
f 3201//6024 3202//6024 3439//6024
f 3439//6025 3202//6025 3440//6025
f 3439//6026 3440//6026 3204//6026
f 3203//6027 3201//6027 3435//6027
f 3435//6028 3201//6028 3438//6028
f 3435//6029 3438//6029 3199//6029
f 3294//6030 3200//6030 3136//6030
f 3136//6031 3200//6031 3137//6031
f 3165//6032 3443//6032 3295//6032
f 3443//6033 3189//6033 3295//6033
f 3295//6034 3189//6034 3441//6034
f 3295//6035 3441//6035 3293//6035
f 3293//6036 3441//6036 3617//6036
f 3136//6037 3165//6037 3294//6037
f 3294//6038 3165//6038 3295//6038
f 3614//6039 3615//6039 3444//6039
f 3444//6040 3615//6040 3442//6040
f 3614//6041 3444//6041 3190//6041
f 3615//6042 3196//6042 3442//6042
f 3443//6043 3165//6043 3444//6043
f 3443//6044 3444//6044 3191//6044
f 3193//6045 3443//6045 3191//6045
f 3196//6046 3191//6046 3444//6046
f 3444//6047 3442//6047 3196//6047
f 3445//6048 3618//6048 3617//6048
f 3445//6049 3617//6049 3441//6049
f 3192//6050 3445//6050 3441//6050
f 3189//6051 3194//6051 3192//6051
f 3189//6052 3192//6052 3441//6052
f 3197//6053 3195//6053 3445//6053
f 3445//6054 3195//6054 3618//6054
f 3192//6055 3198//6055 3445//6055
f 3198//6056 3197//6056 3445//6056
f 3451//6057 3169//6057 3446//6057
f 3451//6058 3446//6058 3447//6058
f 3447//6059 3446//6059 3448//6059
f 3447//6060 3448//6060 3449//6060
f 3449//6061 3448//6061 3168//6061
f 3449//6062 3168//6062 3450//6062
f 3450//6063 3168//6063 3170//6063
f 3450//6064 3170//6064 3169//6064
f 3450//6065 3169//6065 3451//6065
f 3450//1902 3451//1902 3447//1902
f 3447//1902 3449//1902 3450//1902
f 3446//6066 3169//6066 3171//6066
f 3446//6067 3171//6067 3448//6067
f 3448//6068 3171//6068 3168//6068
f 3163//6069 3132//6069 3130//6069
f 3130//6070 3132//6070 3118//6070
f 3129//6071 3131//6071 3164//6071
f 3164//6072 3131//6072 3133//6072
f 3164//6073 3133//6073 3163//6073
f 3132//6074 3163//6074 3133//6074
f 3132//6075 3133//6075 3452//6075
f 3128//6076 3119//6076 3133//6076
f 3133//6077 3119//6077 3452//6077
f 3119//6078 3118//6078 3452//6078
f 3452//6079 3118//6079 3132//6079
f 3453//6080 3098//6080 3637//6080
f 3093//6081 3454//6081 3097//6081
f 3097//6082 3454//6082 3455//6082
f 3616//6083 3458//6083 3459//6083
f 3190//6084 3616//6084 3459//6084
f 3457//6085 3458//6085 3456//6085
f 3459//6086 3458//6086 3457//6086
f 3195//6087 3615//6087 3456//6087
f 3456//6088 3615//6088 3460//6088
f 3456//6089 3460//6089 3457//6089
f 3235//6090 3609//6090 3465//6090
f 3468//6091 3467//6091 3470//6091
f 3470//6092 3467//6092 3466//6092
f 3470//6093 3466//6093 3469//6093
f 3469//6094 3466//6094 3609//6094
f 3609//6095 3466//6095 3465//6095
f 3467//6096 3088//6096 3466//6096
f 3466//6097 3088//6097 3465//6097
f 3469//6098 3531//6098 3470//6098
f 3470//6099 3471//6099 3468//6099
f 3468//6100 3471//6100 3472//6100
f 3474//6101 3461//6101 3463//6101
f 3475//6102 3474//6102 3462//6102
f 3462//6103 3474//6103 3088//6103
f 3461//6104 3474//6104 3473//6104
f 3473//6105 3474//6105 3475//6105
f 3472//6106 3473//6106 3475//6106
f 3472//6107 3475//6107 3468//6107
f 3462//6108 3468//6108 3475//6108
f 3185//6109 3243//6109 3186//6109
f 3186//6110 3243//6110 3274//6110
f 3186//6111 3274//6111 3187//6111
f 3187//6112 3274//6112 3271//6112
f 3187//6113 3271//6113 3188//6113
f 3188//6114 3271//6114 3244//6114
f 3188//6115 3244//6115 3476//6115
f 3476//6116 3244//6116 3602//6116
f 3597//6117 3601//6117 3599//6117
f 3599//6118 3601//6118 3527//6118
f 3482//6119 3477//6119 3257//6119
f 3257//6120 3477//6120 3140//6120
f 3140//6121 3477//6121 3478//6121
f 3140//6122 3478//6122 3145//6122
f 3479//6123 3478//6123 3480//6123
f 3480//6124 3478//6124 3481//6124
f 3288//6125 3482//6125 3257//6125
f 3145//6126 3478//6126 3479//6126
f 3480//6127 3481//6127 3483//6127
f 3483//6128 3481//6128 3482//6128
f 3483//6129 3482//6129 3288//6129
f 3160//6130 3550//6130 3179//6130
f 3179//6131 3550//6131 3486//6131
f 3486//6132 3550//6132 3544//6132
f 3258//6133 3486//6133 3487//6133
f 3551//6134 3258//6134 3543//6134
f 3543//6135 3258//6135 3487//6135
f 3551//6136 3488//6136 3258//6136
f 3179//6137 3486//6137 3258//6137
f 3179//6138 3258//6138 3255//6138
f 3179//6139 3255//6139 3484//6139
f 3179//6140 3484//6140 3485//6140
f 3485//6141 3484//6141 3489//6141
f 3489//6142 3484//6142 3490//6142
f 3491//6143 3493//6143 3492//6143
f 3492//6144 3493//6144 3494//6144
f 3495//6145 3491//6145 3492//6145
f 3494//6146 3493//6146 3496//6146
f 3494//6147 3496//6147 3497//6147
f 3497//6148 3496//6148 3498//6148
f 3495//6149 3498//6149 3499//6149
f 3497//6150 3498//6150 3495//6150
f 3495//6151 3499//6151 3491//6151
f 3183//6152 3182//6152 3290//6152
f 3290//6153 3182//6153 3497//6153
f 3503//6154 3504//6154 3505//6154
f 3505//6155 3504//6155 3506//6155
f 3503//6156 3500//6156 3504//6156
f 3501//6157 3508//6157 3500//6157
f 3507//6158 3508//6158 3502//6158
f 3502//6159 3508//6159 3501//6159
f 3501//6160 3500//6160 3503//6160
f 3505//6161 3506//6161 3507//6161
f 3505//6162 3507//6162 3502//6162
f 3501//5441 3503//5441 3509//5441
f 3509//5441 3503//5441 3510//5441
f 3511//6163 3512//6163 3509//6163
f 3509//6164 3512//6164 3513//6164
f 3510//6165 3511//6165 3509//6165
f 3513//6166 3512//6166 3514//6166
f 3513//6167 3514//6167 3515//6167
f 3515//6168 3514//6168 3516//6168
f 3510//6169 3516//6169 3517//6169
f 3515//6170 3516//6170 3510//6170
f 3510//6171 3517//6171 3511//6171
f 3292//6172 3291//6172 3180//6172
f 3180//6173 3291//6173 3181//6173
f 3521//6174 3522//6174 3520//6174
f 3522//6175 3521//6175 3523//6175
f 3520//6176 3518//6176 3521//6176
f 3519//6177 3526//6177 3518//6177
f 3525//6178 3524//6178 3526//6178
f 3525//6179 3526//6179 3519//6179
f 3519//6180 3518//6180 3520//6180
f 3522//6181 3523//6181 3524//6181
f 3522//6182 3524//6182 3525//6182
f 3598//6183 3528//6183 3185//6183
f 3185//6184 3528//6184 3243//6184
f 3599//6185 3527//6185 3598//6185
f 3598//6186 3527//6186 3528//6186
f 3476//6187 3602//6187 3597//6187
f 3597//6188 3602//6188 3601//6188
f 3489//6189 3490//6189 3492//6189
f 3492//6190 3490//6190 3495//6190
f 3145//6191 3538//6191 3539//6191
f 3539//6192 3160//6192 3145//6192
f 3145//6193 3479//6193 3538//6193
f 3479//6194 3535//6194 3537//6194
f 3479//6195 3537//6195 3538//6195
f 3540//6196 3535//6196 3480//6196
f 3480//6197 3535//6197 3479//6197
f 3540//6198 3480//6198 3483//6198
f 3540//6199 3483//6199 3541//6199
f 3529//6200 3541//6200 3483//6200
f 3483//6201 3288//6201 3529//6201
f 3529//6202 3288//6202 3289//6202
f 3609//6203 3531//6203 3469//6203
f 3534//6204 3530//6204 3471//6204
f 3470//6205 3531//6205 3534//6205
f 3470//6206 3534//6206 3471//6206
f 3472//6207 3532//6207 3473//6207
f 3461//6208 3473//6208 3532//6208
f 3532//6209 3472//6209 3530//6209
f 3530//6210 3472//6210 3471//6210
f 3464//6211 3461//6211 3532//6211
f 3613//6212 3532//6212 3530//6212
f 3534//6213 3531//6213 3533//6213
f 3535//6214 3540//6214 3547//6214
f 3537//6215 3536//6215 3538//6215
f 3541//6216 3529//6216 3542//6216
f 3547//6217 3546//6217 3535//6217
f 3540//6218 3548//6218 3547//6218
f 3543//6219 3548//6219 3549//6219
f 3538//6220 3536//6220 3539//6220
f 3539//6221 3550//6221 3160//6221
f 3536//6222 3545//6222 3550//6222
f 3535//6223 3546//6223 3537//6223
f 3537//6224 3546//6224 3545//6224
f 3537//6225 3545//6225 3536//6225
f 3539//6226 3536//6226 3550//6226
f 3545//6227 3544//6227 3550//6227
f 3548//6228 3540//6228 3541//6228
f 3548//6229 3541//6229 3549//6229
f 3541//6230 3542//6230 3549//6230
f 3551//6231 3543//6231 3549//6231
f 3551//6232 3549//6232 3488//6232
f 3488//6233 3549//6233 3542//6233
f 3488//6234 3542//6234 3529//6234
f 3488//6235 3529//6235 3289//6235
f 3477//6236 3552//6236 3553//6236
f 3477//6237 3553//6237 3478//6237
f 3478//6238 3553//6238 3554//6238
f 3478//6239 3554//6239 3555//6239
f 3478//6240 3555//6240 3556//6240
f 3478//6241 3556//6241 3481//6241
f 3481//6242 3556//6242 3557//6242
f 3481//6243 3557//6243 3482//6243
f 3482//6244 3557//6244 3558//6244
f 3482//6245 3558//6245 3477//6245
f 3477//6246 3558//6246 3552//6246
f 3556//6247 3563//6247 3559//6247
f 3556//6248 3559//6248 3557//6248
f 3557//6249 3559//6249 3560//6249
f 3557//6250 3560//6250 3552//6250
f 3553//6251 3565//6251 3561//6251
f 3553//6252 3561//6252 3554//6252
f 3554//6253 3561//6253 3562//6253
f 3554//6254 3562//6254 3556//6254
f 3556//6255 3562//6255 3563//6255
f 3552//6256 3560//6256 3564//6256
f 3552//6257 3564//6257 3565//6257
f 3565//6258 3553//6258 3552//6258
f 3560//6259 3548//6259 3543//6259
f 3560//6260 3543//6260 3564//6260
f 3559//6261 3548//6261 3560//6261
f 3559//6262 3547//6262 3548//6262
f 3547//6263 3559//6263 3563//6263
f 3563//6264 3546//6264 3547//6264
f 3545//6265 3546//6265 3562//6265
f 3562//6266 3546//6266 3563//6266
f 3561//6267 3545//6267 3562//6267
f 3545//6268 3561//6268 3544//6268
f 3544//6269 3561//6269 3486//6269
f 3486//6270 3561//6270 3565//6270
f 3487//6271 3486//6271 3565//6271
f 3564//6272 3487//6272 3565//6272
f 3564//6273 3543//6273 3487//6273
f 3090//6274 3520//6274 3268//6274
f 3465//6275 3086//6275 3235//6275
f 3235//6276 3086//6276 3233//6276
f 3233//6277 3086//6277 3090//6277
f 3233//6278 3090//6278 3268//6278
f 3463//6279 3172//6279 3087//6279
f 3134//6280 3519//6280 3089//6280
f 3134//6281 3089//6281 3172//6281
f 3172//6282 3089//6282 3087//6282
f 3464//6283 3463//6283 3461//6283
f 3172//6284 3463//6284 3464//6284
f 3522//6285 3291//6285 3268//6285
f 3522//6286 3268//6286 3520//6286
f 3181//6287 3525//6287 3519//6287
f 3181//6288 3519//6288 3134//6288
f 3525//6289 3181//6289 3522//6289
f 3522//6290 3181//6290 3291//6290
f 3254//6291 3490//6291 3484//6291
f 3254//6292 3484//6292 3255//6292
f 3489//6293 3178//6293 3485//6293
f 3485//6294 3178//6294 3179//6294
f 3490//6295 3254//6295 3495//6295
f 3492//6296 3178//6296 3489//6296
f 3254//6297 3497//6297 3495//6297
f 3178//6298 3492//6298 3182//6298
f 3182//6299 3492//6299 3494//6299
f 3494//6300 3497//6300 3182//6300
f 3269//6301 3292//6301 3515//6301
f 3269//6301 3515//6301 3510//6301
f 3503//6302 3272//6302 3510//6302
f 3510//6302 3272//6302 3269//6302
f 3515//6303 3292//6303 3180//6303
f 3515//6304 3180//6304 3513//6304
f 3505//6305 3290//6305 3272//6305
f 3505//6305 3272//6305 3503//6305
f 3135//6306 3509//6306 3180//6306
f 3180//6307 3509//6307 3513//6307
f 3290//6308 3505//6308 3502//6308
f 3290//6309 3502//6309 3183//6309
f 3176//6310 3501//6310 3135//6310
f 3135//6310 3501//6310 3509//6310
f 3183//6311 3502//6311 3501//6311
f 3183//6312 3501//6312 3176//6312
f 3577//6313 3566//6313 3567//6313
f 3567//6314 3566//6314 3568//6314
f 3567//6315 3568//6315 3569//6315
f 3569//6316 3568//6316 3570//6316
f 3569//6317 3570//6317 3571//6317
f 3571//6318 3570//6318 3572//6318
f 3571//6319 3572//6319 3573//6319
f 3571//6320 3573//6320 3574//6320
f 3574//6321 3573//6321 3575//6321
f 3574//6322 3575//6322 3511//6322
f 3511//6323 3575//6323 3576//6323
f 3511//6324 3576//6324 3577//6324
f 3577//6325 3576//6325 3578//6325
f 3577//6326 3578//6326 3566//6326
f 3590//6327 3579//6327 3580//6327
f 3580//6328 3579//6328 3581//6328
f 3580//6329 3581//6329 3582//6329
f 3582//6330 3581//6330 3583//6330
f 3582//6331 3583//6331 3584//6331
f 3584//6332 3583//6332 3585//6332
f 3584//6319 3585//6319 3586//6319
f 3584//6333 3586//6333 3587//6333
f 3587//6334 3586//6334 3588//6334
f 3587//6335 3588//6335 3491//6335
f 3491//6323 3588//6323 3589//6323
f 3491//6336 3589//6336 3590//6336
f 3590//6337 3589//6337 3591//6337
f 3590//6338 3591//6338 3579//6338
f 3511//6339 3517//6339 3574//6339
f 3574//6340 3517//6340 3516//6340
f 3574//6341 3516//6341 3571//6341
f 3571//6342 3516//6342 3569//6342
f 3569//6343 3516//6343 3514//6343
f 3569//6344 3514//6344 3567//6344
f 3567//6345 3514//6345 3512//6345
f 3567//6346 3512//6346 3577//6346
f 3577//6347 3512//6347 3511//6347
f 3581//6348 3507//6348 3583//6348
f 3583//6349 3507//6349 3506//6349
f 3583//6350 3506//6350 3585//6350
f 3585//6351 3506//6351 3504//6351
f 3585//6352 3504//6352 3586//6352
f 3586//6353 3504//6353 3588//6353
f 3588//6354 3504//6354 3500//6354
f 3588//6355 3500//6355 3589//6355
f 3589//6356 3500//6356 3591//6356
f 3591//6357 3500//6357 3508//6357
f 3591//6358 3508//6358 3579//6358
f 3579//6359 3508//6359 3507//6359
f 3579//6360 3507//6360 3581//6360
f 3568//6348 3524//6348 3570//6348
f 3570//6361 3524//6361 3523//6361
f 3570//6350 3523//6350 3572//6350
f 3572//6362 3523//6362 3521//6362
f 3572//6352 3521//6352 3573//6352
f 3573//6353 3521//6353 3575//6353
f 3575//6354 3521//6354 3518//6354
f 3575//6355 3518//6355 3576//6355
f 3576//6356 3518//6356 3578//6356
f 3578//6357 3518//6357 3526//6357
f 3578//6358 3526//6358 3566//6358
f 3566//6359 3526//6359 3524//6359
f 3566//6360 3524//6360 3568//6360
f 3491//6339 3499//6339 3587//6339
f 3587//6340 3499//6340 3498//6340
f 3587//6341 3498//6341 3584//6341
f 3584//6363 3498//6363 3582//6363
f 3582//6343 3498//6343 3496//6343
f 3582//6344 3496//6344 3580//6344
f 3580//6364 3496//6364 3493//6364
f 3580//6346 3493//6346 3590//6346
f 3590//6347 3493//6347 3491//6347
f 3593//6365 3088//6365 3595//6365
f 3088//6366 3593//6366 3462//6366
f 3468//6367 3462//6367 3592//6367
f 3592//6368 3462//6368 3593//6368
f 3468//6369 3592//6369 3594//6369
f 3594//6370 3467//6370 3468//6370
f 3595//6371 3467//6371 3594//6371
f 3467//6372 3595//6372 3088//6372
f 3592//6373 3380//6373 3594//6373
f 3594//6374 3380//6374 3382//6374
f 3594//6375 3382//6375 3384//6375
f 3594//6376 3384//6376 3595//6376
f 3595//6377 3384//6377 3386//6377
f 3595//6378 3386//6378 3593//6378
f 3593//6379 3386//6379 3387//6379
f 3593//6380 3387//6380 3592//6380
f 3592//6381 3387//6381 3389//6381
f 3592//6382 3389//6382 3380//6382
f 3558//6383 3557//6383 3552//6383
f 3555//6384 3554//6384 3556//6384
f 3188//6385 3476//6385 3177//6385
f 3596//6386 3177//6386 3597//6386
f 3597//6387 3177//6387 3476//6387
f 3184//6388 3596//6388 3597//6388
f 3184//6389 3597//6389 3599//6389
f 3598//6390 3175//6390 3599//6390
f 3175//6391 3184//6391 3599//6391
f 3598//6392 3185//6392 3175//6392
f 3602//6393 3244//6393 3270//6393
f 3601//6394 3602//6394 3600//6394
f 3600//6395 3602//6395 3270//6395
f 3600//6396 3273//6396 3601//6396
f 3601//6397 3273//6397 3527//6397
f 3528//6398 3527//6398 3603//6398
f 3603//6399 3527//6399 3273//6399
f 3243//6400 3528//6400 3603//6400
f 3224//6401 3604//6401 3605//6401
f 3606//6402 3162//6402 3464//6402
f 3224//6403 3605//6403 3611//6403
f 3607//6404 3608//6404 3606//6404
f 3606//6405 3608//6405 3162//6405
f 3224//6406 3611//6406 3610//6406
f 3604//6407 3224//6407 3223//6407
f 3604//6408 3223//6408 3608//6408
f 3608//6409 3223//6409 3162//6409
f 3610//6410 3531//6410 3609//6410
f 3610//6411 3609//6411 3235//6411
f 3531//6412 3610//6412 3533//6412
f 3533//6413 3610//6413 3611//6413
f 3611//6414 3605//6414 3533//6414
f 3605//6415 3612//6415 3533//6415
f 3533//6416 3612//6416 3534//6416
f 3605//6417 3607//6417 3612//6417
f 3534//6418 3612//6418 3530//6418
f 3464//6419 3532//6419 3606//6419
f 3613//6420 3606//6420 3532//6420
f 3607//6421 3606//6421 3612//6421
f 3612//6422 3606//6422 3613//6422
f 3612//6423 3613//6423 3530//6423
f 3608//6424 3607//6424 3604//6424
f 3604//6425 3607//6425 3605//6425
f 3293//6426 3616//6426 3190//6426
f 3293//6427 3190//6427 3167//6427
f 3222//6428 3293//6428 3166//6428
f 3166//6429 3293//6429 3167//6429
f 3166//6430 3162//6430 3222//6430
f 3222//6431 3162//6431 3223//6431
f 3190//6432 3459//6432 3457//6432
f 3190//6433 3457//6433 3614//6433
f 3457//6434 3460//6434 3614//6434
f 3615//6435 3614//6435 3460//6435
f 3616//6436 3293//6436 3617//6436
f 3616//6437 3617//6437 3618//6437
f 3458//6438 3616//6438 3456//6438
f 3456//6439 3616//6439 3618//6439
f 3456//6440 3618//6440 3195//6440
f 3623//6441 3619//6441 3620//6441
f 3620//6442 3619//6442 3296//6442
f 3620//6443 3296//6443 3621//6443
f 3621//6444 3296//6444 3299//6444
f 3621//6445 3299//6445 3298//6445
f 3621//6446 3298//6446 3622//6446
f 3622//6447 3298//6447 3623//6447
f 3623//6448 3298//6448 3619//6448
f 3620//1958 3621//1958 3622//1958
f 3622//1958 3623//1958 3620//1958
f 3298//6449 3297//6449 3619//6449
f 3619//6450 3297//6450 3296//6450
f 3174//6451 3454//6451 3096//6451
f 3096//6452 3454//6452 3093//6452
f 3091//6453 3098//6453 3173//6453
f 3173//6454 3098//6454 3453//6454
f 3173//6455 3453//6455 3174//6455
f 3624//6456 3455//6456 3453//6456
f 3453//6457 3455//6457 3174//6457
f 3174//6458 3455//6458 3454//6458
f 3094//6459 3624//6459 3637//6459
f 3637//6460 3624//6460 3453//6460
f 3094//6461 3097//6461 3624//6461
f 3624//6462 3097//6462 3455//6462
f 3626//6463 3627//6463 3625//6463
f 3625//6464 3627//6464 3628//6464
f 3628//6465 3627//6465 3629//6465
f 3628//6466 3629//6466 3630//6466
f 3630//6467 3629//6467 3635//6467
f 3626//6468 3625//6468 3631//6468
f 3626//6469 3631//6469 3632//6469
f 3632//6470 3631//6470 3633//6470
f 3633//6471 3631//6471 3634//6471
f 3633//6472 3634//6472 3635//6472
f 3635//6473 3634//6473 3630//6473
f 3092//6474 3636//6474 3637//6474
f 3092//6475 3638//6475 3636//6475
f 3639//6476 3637//6476 3636//6476
f 3637//6477 3639//6477 3094//6477
f 3640//6478 3094//6478 3639//6478
f 3640//6479 3097//6479 3094//6479
f 3097//6480 3640//6480 3641//6480
f 3097//6481 3641//6481 3093//6481
f 3642//6482 3093//6482 3641//6482
f 3642//6483 3095//6483 3093//6483
f 3642//6484 3638//6484 3095//6484
f 3095//6485 3638//6485 3092//6485
f 3633//6486 3641//6486 3632//6486
f 3632//6487 3641//6487 3640//6487
f 3629//6488 3636//6488 3638//6488
f 3629//6489 3638//6489 3635//6489
f 3635//6490 3638//6490 3642//6490
f 3632//6491 3640//6491 3626//6491
f 3626//6492 3640//6492 3639//6492
f 3626//6493 3639//6493 3627//6493
f 3627//6494 3639//6494 3636//6494
f 3627//6495 3636//6495 3629//6495
f 3635//6496 3642//6496 3633//6496
f 3633//6497 3642//6497 3641//6497
f 3643//6498 3628//6498 3630//6498
f 3643//6499 3630//6499 3634//6499
f 3625//6500 3628//6500 3643//6500
f 3625//6501 3643//6501 3631//6501
f 3631//6502 3643//6502 3634//6502
f 3112//6503 3108//6503 3110//6503
f 3110//6504 3116//6504 3112//6504
f 3106//6505 3108//6505 3112//6505
f 3114//6506 3112//6506 3116//6506
f 3650//6507 3651//6507 3652//6507
f 3652//6508 3651//6508 3705//6508
f 3303//6509 3653//6509 3307//6509
f 3307//6510 3653//6510 3654//6510
f 3307//6511 3654//6511 3305//6511
f 3305//6512 3654//6512 3655//6512
f 3305//6513 3655//6513 3304//6513
f 3304//6514 3655//6514 3656//6514
f 3304//6515 3656//6515 3657//6515
f 3304//6516 3657//6516 3306//6516
f 3306//6517 3657//6517 3658//6517
f 3306//6518 3658//6518 3303//6518
f 3303//6519 3658//6519 3653//6519
f 3659//6520 3660//6520 3661//6520
f 3665//1902 3666//1902 3667//1902
f 3672//6521 3673//6521 3674//6521
f 3676//6522 3675//6522 3677//6522
f 3679//6523 3678//6523 4164//6523
f 3679//6524 4164//6524 3676//6524
f 3676//6525 4164//6525 3675//6525
f 3705//6526 3683//6526 3706//6526
f 3706//6527 3683//6527 3678//6527
f 3680//6528 3681//6528 3682//6528
f 3672//6529 4043//6529 3685//6529
f 3685//6530 4043//6530 3686//6530
f 3686//6531 4043//6531 3067//6531
f 3687//6532 3688//6532 3689//6532
f 3689//6533 3688//6533 3671//6533
f 3671//6534 3690//6534 3670//6534
f 3694//6535 3695//6535 3671//6535
f 3671//5606 3695//5606 3690//5606
f 3696//5593 3697//5593 3694//5593
f 3694//6536 3697//6536 3693//6536
f 3692//6537 3698//6537 3693//6537
f 3693//6538 3698//6538 3694//6538
f 3694//6539 3698//6539 3695//6539
f 3691//6540 3699//6540 3700//6540
f 3689//6541 3671//6541 3670//6541
f 3699//6542 3649//6542 3670//6542
f 3670//6543 3649//6543 3689//6543
f 3701//6544 3702//6544 3692//6544
f 3692//6545 3693//6545 3701//6545
f 3701//6546 3693//6546 3663//6546
f 3701//6547 3663//6547 3703//6547
f 3703//6548 3663//6548 3704//6548
f 3682//1902 3653//1902 3658//1902
f 3674//1902 3657//1902 3656//1902
f 3674//1902 3656//1902 3705//1902
f 3656//1902 3655//1902 3705//1902
f 3705//1902 3654//1902 3682//1902
f 3682//1902 3654//1902 3653//1902
f 3682//1902 3657//1902 3674//1902
f 3682//1902 3658//1902 3657//1902
f 3705//1902 3655//1902 3654//1902
f 3669//6549 3706//6549 3668//6549
f 3668//6550 3706//6550 3679//6550
f 3679//6551 3706//6551 3678//6551
f 3707//6552 3708//6552 3677//6552
f 3677//6553 3708//6553 3676//6553
f 3677//6554 3675//6554 3680//6554
f 3677//6555 3680//6555 3067//6555
f 3067//6556 3680//6556 3674//6556
f 3067//6557 3674//6557 3673//6557
f 3067//6558 3673//6558 3686//6558
f 3709//6559 4043//6559 3662//6559
f 3662//6560 4043//6560 3684//6560
f 3684//6561 4043//6561 3672//6561
f 3684//6562 3672//6562 3710//6562
f 3710//6563 3672//6563 3674//6563
f 3709//6564 3711//6564 3663//6564
f 3663//6565 3711//6565 3664//6565
f 3713//5567 3717//5567 3715//5567
f 3715//6566 3717//6566 3718//6566
f 3716//5571 3717//5571 3713//5571
f 3718//6567 3663//6567 3715//6567
f 3715//6568 3663//6568 3712//6568
f 3715//1902 3712//1902 3714//1902
f 3663//6569 3718//6569 3719//6569
f 3663//6570 3719//6570 4043//6570
f 3663//6571 4043//6571 3709//6571
f 3719//6572 3716//6572 4043//6572
f 4171//6573 4043//6573 3716//6573
f 3713//5579 3665//5579 3667//5579
f 3713//6574 3667//6574 4171//6574
f 3713//6575 4171//6575 3716//6575
f 3720//1902 3649//1902 3721//1902
f 3721//6576 3649//6576 3699//6576
f 3720//1902 3722//1902 3649//1902
f 3649//1902 3722//1902 3723//1902
f 3649//6577 3723//6577 3648//6577
f 3645//1902 3724//1902 3725//1902
f 3726//6578 3725//6578 3727//6578
f 3727//6579 3650//6579 3728//6579
f 3727//6580 3728//6580 3726//6580
f 3724//6581 3734//6581 3729//6581
f 3729//6582 3734//6582 3730//6582
f 3729//6583 3730//6583 3731//6583
f 3731//6584 3730//6584 3723//6584
f 3723//6585 3730//6585 3648//6585
f 3645//1902 3732//1902 3724//1902
f 3724//6586 3732//6586 3734//6586
f 3733//6587 3645//6587 3735//6587
f 3735//6588 3645//6588 3725//6588
f 3725//6589 3726//6589 3735//6589
f 3705//1902 3736//1902 3737//1902
f 3736//1902 3705//1902 3651//1902
f 3736//1902 3651//1902 3738//1902
f 3738//6590 3651//6590 3650//6590
f 3738//6591 3650//6591 3727//6591
f 3705//6592 3682//6592 3683//6592
f 3739//1902 3674//1902 3740//1902
f 3740//1902 3674//1902 3705//1902
f 3740//1902 3705//1902 3737//1902
f 3741//6593 3742//6593 3692//6593
f 3692//6594 3742//6594 3721//6594
f 3741//6595 3692//6595 3743//6595
f 3739//1902 3744//1902 3674//1902
f 3674//1902 3744//1902 3710//1902
f 3680//6596 3682//6596 3674//6596
f 3749//6597 3745//6597 3699//6597
f 3692//6598 3746//6598 3747//6598
f 3691//1902 3750//1902 3749//1902
f 3691//6599 3749//6599 3699//6599
f 3748//1902 3746//1902 3721//1902
f 3663//6600 3664//6600 3751//6600
f 3663//6601 3751//6601 3704//6601
f 3704//6602 3751//6602 3743//6602
f 3704//6603 3743//6603 3702//6603
f 3702//6604 3743//6604 3692//6604
f 3691//6605 3692//6605 3750//6605
f 3745//6606 3748//6606 3699//6606
f 3699//6607 3748//6607 3721//6607
f 3721//6608 3746//6608 3692//6608
f 3692//6609 3747//6609 3750//6609
f 3661//6610 3752//6610 3753//6610
f 3754//5673 3755//5673 3752//5673
f 3752//5674 3755//5674 3753//5674
f 3758//5677 3759//5677 3760//5677
f 3760//6611 3759//6611 3761//6611
f 3760//4991 3761//4991 3762//4991
f 3767//6612 3768//6612 3756//6612
f 3756//6613 3768//6613 3757//6613
f 3769//1958 3763//1958 3764//1958
f 3769//6614 3764//6614 3762//6614
f 3770//1958 3772//1958 3771//1958
f 3771//1958 3772//1958 3773//1958
f 3774//6615 3775//6615 3765//6615
f 3765//6616 3775//6616 3766//6616
f 3766//6617 3995//6617 3996//6617
f 3756//6618 3757//6618 3647//6618
f 4167//6619 3776//6619 3760//6619
f 4168//6620 4169//6620 3753//6620
f 3646//6621 3778//6621 3779//6621
f 3646//6622 3779//6622 3647//6622
f 3647//6623 3779//6623 3756//6623
f 3756//6624 3779//6624 3780//6624
f 3996//6625 3781//6625 3766//6625
f 3766//6626 3781//6626 3782//6626
f 3766//6627 3782//6627 3765//6627
f 3760//6628 3776//6628 3753//6628
f 3753//6629 3776//6629 4168//6629
f 3778//6630 3646//6630 3783//6630
f 3781//6631 3777//6631 3782//6631
f 3782//6632 3777//6632 3784//6632
f 3782//6633 3784//6633 3762//6633
f 3762//6634 3784//6634 3760//6634
f 3760//6635 3784//6635 4167//6635
f 3781//6636 3786//6636 3777//6636
f 3777//1958 3786//1958 3778//1958
f 3777//1958 3778//1958 3644//1958
f 3644//6637 3778//6637 3792//6637
f 3644//6638 3792//6638 3787//6638
f 3777//6639 3788//6639 3789//6639
f 3777//6640 3789//6640 3659//6640
f 3777//6641 3659//6641 3661//6641
f 3753//6642 4169//6642 3790//6642
f 3753//6643 3790//6643 3661//6643
f 3661//6644 3790//6644 3791//6644
f 3661//6645 3791//6645 3777//6645
f 3756//6646 3780//6646 3766//6646
f 3766//6647 3780//6647 3995//6647
f 3794//6648 3795//6648 3762//6648
f 3644//6649 3796//6649 3777//6649
f 3777//6650 3796//6650 3797//6650
f 3770//6651 3785//6651 3764//6651
f 3798//6652 3785//6652 3770//6652
f 3771//6653 4005//6653 3770//6653
f 3770//6654 4005//6654 3799//6654
f 3799//6655 3798//6655 3770//6655
f 3762//6656 3795//6656 3782//6656
f 3782//6657 3795//6657 3799//6657
f 3783//6658 3793//6658 3778//6658
f 3785//6659 3794//6659 3764//6659
f 3764//6660 3794//6660 3762//6660
f 3799//6661 4005//6661 3782//6661
f 3793//6662 3792//6662 3778//6662
f 3777//6663 3797//6663 3788//6663
f 3246//6664 3746//6664 3248//6664
f 3248//6665 3746//6665 3748//6665
f 3248//6666 3748//6666 3250//6666
f 3250//6667 3748//6667 3745//6667
f 3250//6668 3745//6668 3749//6668
f 3250//6669 3749//6669 3242//6669
f 3242//6670 3749//6670 3750//6670
f 3242//6671 3750//6671 3245//6671
f 3245//6672 3750//6672 3251//6672
f 3251//6673 3750//6673 3747//6673
f 3251//6674 3747//6674 3746//6674
f 3251//6675 3746//6675 3246//6675
f 3801//6676 3800//6676 3074//6676
f 3059//6677 3802//6677 3074//6677
f 3074//6678 3802//6678 3801//6678
f 3066//6679 4044//6679 4036//6679
f 3066//6680 4036//6680 3803//6680
f 3803//6681 3060//6681 3066//6681
f 3076//6682 3804//6682 3067//6682
f 3067//6683 3804//6683 3805//6683
f 3812//6684 3808//6684 3686//6684
f 3686//6685 3808//6685 3685//6685
f 3685//5533 3809//5533 3811//5533
f 3811//5534 3809//5534 3810//5534
f 3686//6686 3807//6686 3812//6686
f 3685//5536 3808//5536 3809//5536
f 3866//6687 3821//6687 3819//6687
f 3819//6688 3821//6688 3820//6688
f 3820//6689 3821//6689 3875//6689
f 3820//6690 3875//6690 3865//6690
f 3822//6691 3925//6691 3823//6691
f 3823//6692 3925//6692 3926//6692
f 3825//6693 3826//6693 3824//6693
f 3824//6694 3826//6694 3827//6694
f 3827//6695 3826//6695 3828//6695
f 3827//6696 3828//6696 3829//6696
f 3829//6697 3828//6697 3830//6697
f 3824//6698 3831//6698 3825//6698
f 3825//6699 3831//6699 3832//6699
f 3832//6700 3831//6700 3833//6700
f 3832//6701 3833//6701 3834//6701
f 3832//6702 3834//6702 3835//6702
f 3835//6703 3834//6703 3830//6703
f 3830//6704 3834//6704 3829//6704
f 3837//6705 3836//6705 3838//6705
f 3836//6706 3837//6706 3839//6706
f 3838//6707 3840//6707 3841//6707
f 3840//6708 3838//6708 3836//6708
f 3841//6709 3843//6709 3842//6709
f 3843//6710 3841//6710 3840//6710
f 3842//6711 3844//6711 3845//6711
f 3842//6712 3843//6712 3844//6712
f 3845//6713 3846//6713 3847//6713
f 3845//6714 3844//6714 3846//6714
f 3847//6715 3846//6715 3839//6715
f 3847//6716 3839//6716 3837//6716
f 3826//6717 3836//6717 3839//6717
f 3826//6718 3839//6718 3830//6718
f 3830//6719 3839//6719 3835//6719
f 3835//6720 3839//6720 3846//6720
f 3825//6721 3843//6721 3840//6721
f 3825//6722 3840//6722 3826//6722
f 3826//6723 3840//6723 3836//6723
f 3846//6724 3844//6724 3835//6724
f 3835//6725 3844//6725 3832//6725
f 3832//6726 3844//6726 3843//6726
f 3832//6727 3843//6727 3825//6727
f 3828//6728 3826//6728 3830//6728
f 3838//5487 3848//5487 3837//5487
f 3837//6729 3848//6729 3701//6729
f 3845//6730 3847//6730 3703//6730
f 3703//6731 3847//6731 3701//6731
f 3701//6732 3847//6732 3837//6732
f 3849//6733 3848//6733 3838//6733
f 3845//6734 3850//6734 3842//6734
f 3842//6735 3850//6735 3851//6735
f 3764//6736 4175//6736 3852//6736
f 3770//6737 4011//6737 3853//6737
f 3764//6738 3852//6738 3770//6738
f 3770//6739 3852//6739 4011//6739
f 3853//6740 3856//6740 3857//6740
f 3854//6741 3853//6741 3857//6741
f 3855//6742 3856//6742 4012//6742
f 3857//6743 3856//6743 3855//6743
f 3858//6744 3859//6744 3860//6744
f 3860//6745 3859//6745 3861//6745
f 3861//6746 3859//6746 3862//6746
f 3861//6747 3862//6747 4014//6747
f 4014//6748 3862//6748 3855//6748
f 4014//6749 3855//6749 4012//6749
f 3782//6750 4004//6750 3866//6750
f 3869//6751 3868//6751 3870//6751
f 3870//6092 3868//6092 3867//6092
f 3870//6752 3867//6752 3871//6752
f 3871//6753 3867//6753 4004//6753
f 4004//6754 3867//6754 3866//6754
f 3868//6755 3821//6755 3867//6755
f 3867//6756 3821//6756 3866//6756
f 3871//6757 3940//6757 3870//6757
f 3870//6099 3872//6099 3869//6099
f 3869//6100 3872//6100 3873//6100
f 3865//6758 3875//6758 3876//6758
f 3876//6759 3875//6759 3864//6759
f 3864//6760 3875//6760 3821//6760
f 3863//6761 3865//6761 3874//6761
f 3874//6762 3865//6762 3876//6762
f 3873//6106 3874//6106 3876//6106
f 3873//6107 3876//6107 3869//6107
f 3864//6108 3869//6108 3876//6108
f 3700//6763 3779//6763 3778//6763
f 3700//6764 3778//6764 3691//6764
f 3691//6112 3778//6112 3786//6112
f 3691//6113 3786//6113 3692//6113
f 3692//6765 3786//6765 3781//6765
f 3692//6766 3781//6766 3877//6766
f 3877//6767 3781//6767 3994//6767
f 3991//6768 3936//6768 3993//6768
f 3993//6769 3936//6769 3997//6769
f 3884//6770 3878//6770 3644//6770
f 3644//6771 3878//6771 3645//6771
f 3878//6772 3879//6772 3645//6772
f 3881//6773 3880//6773 3882//6773
f 3645//6774 3879//6774 3732//6774
f 3732//6775 3879//6775 3883//6775
f 3883//6776 3879//6776 3881//6776
f 3881//6777 3879//6777 3880//6777
f 3882//6778 3880//6778 3884//6778
f 3882//6779 3884//6779 3787//6779
f 3787//6780 3884//6780 3644//6780
f 3734//6781 3955//6781 3730//6781
f 3730//6782 3955//6782 3887//6782
f 3887//6132 3955//6132 3950//6132
f 3783//6133 3887//6133 3888//6133
f 3956//6134 3783//6134 3949//6134
f 3949//6135 3783//6135 3888//6135
f 3956//6783 3793//6783 3783//6783
f 3885//6784 3886//6784 3730//6784
f 3885//6785 3730//6785 3646//6785
f 3646//6786 3730//6786 3783//6786
f 3783//6787 3730//6787 3887//6787
f 3886//6788 3885//6788 3889//6788
f 3889//6789 3885//6789 3890//6789
f 3892//6790 3891//6790 3893//6790
f 3892//6791 3893//6791 3894//6791
f 3894//6792 3893//6792 3895//6792
f 3896//6793 3891//6793 3892//6793
f 3894//6794 3895//6794 3897//6794
f 3894//6795 3897//6795 3898//6795
f 3897//6796 3899//6796 3898//6796
f 3896//4951 3900//4951 3901//4951
f 3898//6797 3899//6797 3900//6797
f 3898//6798 3900//6798 3896//6798
f 3896//6799 3901//6799 3891//6799
f 3688//6800 3687//6800 3767//6800
f 3767//6801 3687//6801 3768//6801
f 3904//6802 3910//6802 3905//6802
f 3906//6803 3907//6803 3908//6803
f 3908//6804 3907//6804 3909//6804
f 3902//6805 3912//6805 3906//6805
f 3903//6806 3911//6806 3902//6806
f 3906//6807 3912//6807 3907//6807
f 3905//6808 3911//6808 3904//6808
f 3904//6159 3911//6159 3903//6159
f 3903//6809 3902//6809 3906//6809
f 3908//6810 3909//6810 3910//6810
f 3908//6811 3910//6811 3904//6811
f 3903//5441 3906//5441 3913//5441
f 3913//5441 3906//5441 3914//5441
f 3913//6812 3915//6812 3916//6812
f 3913//6813 3916//6813 3917//6813
f 3917//6814 3916//6814 3918//6814
f 3914//6815 3915//6815 3913//6815
f 3917//6816 3918//6816 3919//6816
f 3917//6817 3919//6817 3920//6817
f 3920//6818 3919//6818 3921//6818
f 3914//6819 3923//6819 3922//6819
f 3921//6820 3923//6820 3920//6820
f 3920//6821 3923//6821 3914//6821
f 3914//6822 3922//6822 3915//6822
f 3775//6823 3774//6823 3696//6823
f 3696//6824 3774//6824 3697//6824
f 3927//6825 3928//6825 3926//6825
f 3928//6826 3927//6826 3929//6826
f 3924//6827 3933//6827 3926//6827
f 3930//6828 3934//6828 3931//6828
f 3925//6829 3932//6829 3924//6829
f 3926//6830 3933//6830 3927//6830
f 3931//6831 3934//6831 3932//6831
f 3931//6179 3932//6179 3925//6179
f 3925//6832 3924//6832 3926//6832
f 3928//6833 3929//6833 3930//6833
f 3928//6834 3930//6834 3931//6834
f 3992//6835 3935//6835 3700//6835
f 3700//6836 3935//6836 3779//6836
f 3993//6837 3997//6837 3992//6837
f 3992//6838 3997//6838 3935//6838
f 3877//6839 3994//6839 3991//6839
f 3991//6840 3994//6840 3936//6840
f 3889//6841 3890//6841 3892//6841
f 3892//6842 3890//6842 3896//6842
f 3945//6843 3734//6843 3944//6843
f 3944//6844 3734//6844 3732//6844
f 3732//6845 3883//6845 3944//6845
f 3883//6846 3941//6846 3943//6846
f 3883//6847 3943//6847 3944//6847
f 3946//6848 3941//6848 3881//6848
f 3881//6849 3941//6849 3883//6849
f 3946//6850 3881//6850 3882//6850
f 3946//6851 3882//6851 3947//6851
f 3937//6852 3947//6852 3882//6852
f 3882//6853 3787//6853 3937//6853
f 3937//6202 3787//6202 3792//6202
f 4006//6854 3938//6854 3872//6854
f 3870//6855 3940//6855 3872//6855
f 3873//6207 3939//6207 3874//6207
f 3863//6856 3874//6856 3939//6856
f 3939//6209 3873//6209 3938//6209
f 3938//6210 3873//6210 3872//6210
f 3663//6857 3863//6857 3939//6857
f 4007//6212 3939//6212 3938//6212
f 4006//6858 3872//6858 3940//6858
f 3941//6214 3946//6214 3953//6214
f 3943//6859 3942//6859 3944//6859
f 3947//6860 3937//6860 3948//6860
f 3953//6217 3952//6217 3941//6217
f 3946//6861 3954//6861 3953//6861
f 3944//6862 3942//6862 3945//6862
f 3945//6863 3955//6863 3734//6863
f 3942//6864 3951//6864 3955//6864
f 3941//6223 3952//6223 3943//6223
f 3943//6224 3952//6224 3951//6224
f 3943//6225 3951//6225 3942//6225
f 3945//6226 3942//6226 3955//6226
f 3951//6227 3950//6227 3955//6227
f 3954//6865 3946//6865 3947//6865
f 3954//6866 3947//6866 3948//6866
f 3956//6867 3949//6867 3954//6867
f 3956//6868 3954//6868 3948//6868
f 3956//6869 3948//6869 3793//6869
f 3793//6870 3948//6870 3937//6870
f 3793//6871 3937//6871 3792//6871
f 3878//6872 3957//6872 3958//6872
f 3878//6873 3958//6873 3879//6873
f 3879//6874 3958//6874 3959//6874
f 3879//6875 3959//6875 3880//6875
f 3880//6876 3959//6876 3960//6876
f 3880//6877 3960//6877 3961//6877
f 3880//6878 3961//6878 3962//6878
f 3880//6879 3962//6879 3884//6879
f 3884//6880 3962//6880 3963//6880
f 3884//6881 3963//6881 3957//6881
f 3884//6882 3957//6882 3878//6882
f 3961//6883 3968//6883 3964//6883
f 3961//6884 3964//6884 3965//6884
f 3961//6885 3965//6885 3963//6885
f 3957//6886 3970//6886 3966//6886
f 3957//6887 3966//6887 3959//6887
f 3959//6888 3966//6888 3967//6888
f 3959//6889 3967//6889 3968//6889
f 3959//6890 3968//6890 3960//6890
f 3960//6891 3968//6891 3961//6891
f 3963//6892 3965//6892 3969//6892
f 3963//6893 3969//6893 3957//6893
f 3957//6894 3969//6894 3970//6894
f 3965//6895 3954//6895 3949//6895
f 3965//6260 3949//6260 3969//6260
f 3964//6896 3954//6896 3965//6896
f 3964//6897 3953//6897 3954//6897
f 3953//6263 3964//6263 3968//6263
f 3968//6264 3952//6264 3953//6264
f 3951//6265 3952//6265 3967//6265
f 3967//6898 3952//6898 3968//6898
f 3966//6267 3951//6267 3967//6267
f 3951//6268 3966//6268 3950//6268
f 3950//6269 3966//6269 3887//6269
f 3887//6270 3966//6270 3970//6270
f 3888//6271 3887//6271 3970//6271
f 3969//6272 3888//6272 3970//6272
f 3969//6273 3949//6273 3888//6273
f 3823//6899 3926//6899 3765//6899
f 3782//6900 3866//6900 3765//6900
f 3765//6901 3866//6901 3823//6901
f 3823//6902 3866//6902 3819//6902
f 3663//6903 3865//6903 3863//6903
f 3663//6904 3822//6904 3820//6904
f 3663//6905 3820//6905 3865//6905
f 3663//6906 3693//6906 3822//6906
f 3822//6907 3693//6907 3925//6907
f 3765//6908 3926//6908 3774//6908
f 3774//6909 3926//6909 3928//6909
f 3697//6287 3931//6287 3925//6287
f 3697//6910 3925//6910 3693//6910
f 3931//6289 3697//6289 3928//6289
f 3928//6911 3697//6911 3774//6911
f 3885//6912 3647//6912 3890//6912
f 3890//6913 3647//6913 3757//6913
f 3647//6914 3885//6914 3646//6914
f 3886//6915 3648//6915 3730//6915
f 3689//6916 3649//6916 3889//6916
f 3889//6917 3649//6917 3648//6917
f 3889//6918 3648//6918 3886//6918
f 3890//6919 3757//6919 3896//6919
f 3892//6920 3689//6920 3889//6920
f 3768//6921 3898//6921 3896//6921
f 3768//6922 3896//6922 3757//6922
f 3689//6923 3892//6923 3687//6923
f 3687//6299 3892//6299 3894//6299
f 3898//6924 3768//6924 3894//6924
f 3894//6925 3768//6925 3687//6925
f 3914//6301 3766//6301 3920//6301
f 3920//6926 3766//6926 3775//6926
f 3906//6302 3756//6302 3914//6302
f 3914//6302 3756//6302 3766//6302
f 3920//6927 3775//6927 3696//6927
f 3920//6304 3696//6304 3917//6304
f 3908//6928 3767//6928 3906//6928
f 3906//6929 3767//6929 3756//6929
f 3694//6306 3913//6306 3696//6306
f 3696//6307 3913//6307 3917//6307
f 3767//6930 3908//6930 3904//6930
f 3767//6931 3904//6931 3688//6931
f 3671//6310 3903//6310 3694//6310
f 3694//6310 3903//6310 3913//6310
f 3688//6311 3904//6311 3903//6311
f 3688//6312 3903//6312 3671//6312
f 3971//6932 3978//6932 3918//6932
f 3918//6933 3978//6933 3934//6933
f 3918//6934 3934//6934 3919//6934
f 3919//6935 3934//6935 3972//6935
f 3919//6936 3972//6936 3973//6936
f 3973//6937 3972//6937 3929//6937
f 3973//6938 3929//6938 3974//6938
f 3974//6939 3929//6939 3927//6939
f 3974//6940 3927//6940 3933//6940
f 3974//6941 3933//6941 3975//6941
f 3975//6942 3933//6942 3976//6942
f 3975//6943 3976//6943 3915//6943
f 3915//6944 3976//6944 3977//6944
f 3977//6945 3976//6945 3978//6945
f 3977//6946 3978//6946 3971//6946
f 3979//6947 3986//6947 3895//6947
f 3895//6948 3986//6948 3905//6948
f 3895//6934 3905//6934 3897//6934
f 3897//6949 3905//6949 3980//6949
f 3897//6950 3980//6950 3981//6950
f 3981//6937 3980//6937 3909//6937
f 3981//6951 3909//6951 3982//6951
f 3982//6952 3909//6952 3907//6952
f 3982//6953 3907//6953 3912//6953
f 3982//6954 3912//6954 3983//6954
f 3983//6942 3912//6942 3984//6942
f 3983//6955 3984//6955 3891//6955
f 3891//6956 3984//6956 3985//6956
f 3985//6957 3984//6957 3986//6957
f 3985//6958 3986//6958 3979//6958
f 3915//6959 3922//6959 3975//6959
f 3975//6960 3922//6960 3974//6960
f 3974//6961 3922//6961 3923//6961
f 3974//6962 3923//6962 3921//6962
f 3974//6963 3921//6963 3973//6963
f 3973//6964 3921//6964 3919//6964
f 3971//6965 3918//6965 3916//6965
f 3971//6966 3916//6966 3977//6966
f 3977//6967 3916//6967 3915//6967
f 3980//6968 3910//6968 3909//6968
f 3984//6969 3912//6969 3902//6969
f 3984//6970 3902//6970 3986//6970
f 3986//6971 3902//6971 3911//6971
f 3986//6972 3911//6972 3905//6972
f 3980//6973 3905//6973 3910//6973
f 3972//6968 3930//6968 3929//6968
f 3976//6969 3933//6969 3924//6969
f 3976//6974 3924//6974 3978//6974
f 3978//6971 3924//6971 3932//6971
f 3978//6972 3932//6972 3934//6972
f 3972//6973 3934//6973 3930//6973
f 3891//6959 3901//6959 3983//6959
f 3983//6975 3901//6975 3982//6975
f 3982//6976 3901//6976 3900//6976
f 3982//6962 3900//6962 3899//6962
f 3982//6977 3899//6977 3981//6977
f 3981//6964 3899//6964 3897//6964
f 3979//6965 3895//6965 3893//6965
f 3979//6966 3893//6966 3985//6966
f 3985//6967 3893//6967 3891//6967
f 3988//6978 3821//6978 3990//6978
f 3821//6979 3988//6979 3864//6979
f 3869//6367 3864//6367 3987//6367
f 3987//6368 3864//6368 3988//6368
f 3869//6369 3987//6369 3989//6369
f 3989//6370 3868//6370 3869//6370
f 3990//6371 3868//6371 3989//6371
f 3868//6980 3990//6980 3821//6980
f 3987//6981 3816//6981 3989//6981
f 3989//6982 3816//6982 3815//6982
f 3989//6983 3815//6983 3990//6983
f 3990//6984 3815//6984 3813//6984
f 3990//6985 3813//6985 3814//6985
f 3990//6986 3814//6986 3988//6986
f 3988//6987 3814//6987 3817//6987
f 3988//6988 3817//6988 3818//6988
f 3988//6989 3818//6989 3987//6989
f 3987//6990 3818//6990 3816//6990
f 3962//6991 3961//6991 3963//6991
f 3958//6992 3957//6992 3959//6992
f 3692//6993 3877//6993 3698//6993
f 3695//6994 3698//6994 3991//6994
f 3991//6387 3698//6387 3877//6387
f 3690//6995 3695//6995 3991//6995
f 3690//6996 3991//6996 3993//6996
f 3992//6997 3670//6997 3993//6997
f 3670//6998 3690//6998 3993//6998
f 3699//6999 3670//6999 3700//6999
f 3992//7000 3700//7000 3670//7000
f 3994//7001 3781//7001 3996//7001
f 3936//7002 3994//7002 3995//7002
f 3995//7003 3994//7003 3996//7003
f 3995//7004 3780//7004 3936//7004
f 3936//7005 3780//7005 3997//7005
f 3997//7006 3780//7006 3935//7006
f 3779//7007 3935//7007 3780//7007
f 3771//7008 3998//7008 3999//7008
f 4000//7009 3712//7009 3663//7009
f 4001//6404 4002//6404 4000//6404
f 4000//6405 4002//6405 3712//6405
f 3771//7010 3999//7010 4005//7010
f 3998//6407 3771//6407 3773//6407
f 3998//6408 3773//6408 4002//6408
f 4002//6409 3773//6409 3712//6409
f 4003//7011 3940//7011 3871//7011
f 4005//7012 3871//7012 4004//7012
f 4005//7013 4004//7013 3782//7013
f 3871//7014 4005//7014 4003//7014
f 4003//7015 4005//7015 3999//7015
f 3999//7016 4006//7016 4003//7016
f 4006//7017 3940//7017 4003//7017
f 3999//7018 4001//7018 4006//7018
f 3663//6419 3939//6419 4000//6419
f 4007//6420 4000//6420 3939//6420
f 4001//7019 4000//7019 4006//7019
f 4006//7020 4000//7020 4007//7020
f 4006//7021 4007//7021 3938//7021
f 4002//6424 4001//6424 3998//6424
f 3998//7022 4001//7022 3999//7022
f 3770//7023 3853//7023 3854//7023
f 3770//7024 3854//7024 3715//7024
f 3715//7025 3854//7025 4008//7025
f 3715//7026 4008//7026 3713//7026
f 3713//7027 4008//7027 4177//7027
f 3772//7028 3770//7028 3714//7028
f 3714//7029 3770//7029 3715//7029
f 3714//6430 3712//6430 3772//6430
f 3772//6431 3712//6431 3773//6431
f 4009//7030 4179//7030 4013//7030
f 4013//7031 4179//7031 3861//7031
f 4178//7032 4177//7032 3859//7032
f 4177//7033 4010//7033 3859//7033
f 4010//7034 4177//7034 4008//7034
f 3854//7035 3857//7035 3855//7035
f 3854//7036 3855//7036 4010//7036
f 3854//7037 4010//7037 4008//7037
f 3859//7038 3858//7038 4178//7038
f 4010//7039 3855//7039 3862//7039
f 3862//7040 3859//7040 4010//7040
f 4009//7041 4013//7041 4011//7041
f 4009//7042 4011//7042 3852//7042
f 3860//7043 3861//7043 4179//7043
f 4013//7044 4014//7044 4012//7044
f 4012//7045 3853//7045 4011//7045
f 3856//7046 3853//7046 4012//7046
f 4012//7047 4011//7047 4013//7047
f 4014//7048 4013//7048 3861//7048
f 4019//7049 3794//7049 4015//7049
f 4015//7050 3794//7050 3785//7050
f 4015//7051 3785//7051 4016//7051
f 4016//7052 3785//7052 3798//7052
f 4016//7053 3798//7053 4017//7053
f 4016//7054 4017//7054 4018//7054
f 4018//7055 4017//7055 4019//7055
f 4019//7056 4017//7056 3795//7056
f 4019//7057 3795//7057 3794//7057
f 4016//1958 4018//1958 4019//1958
f 4015//1958 4016//1958 4019//1958
f 3798//7058 3799//7058 4017//7058
f 4017//7059 3799//7059 3795//7059
f 3704//7060 3850//7060 3703//7060
f 3703//7061 3850//7061 3845//7061
f 3701//7062 3848//7062 3702//7062
f 3702//7063 3848//7063 3849//7063
f 3702//7064 3849//7064 3704//7064
f 4020//6456 3851//6456 3849//6456
f 3849//7065 3851//7065 3704//7065
f 3704//7066 3851//7066 3850//7066
f 3841//7067 4020//7067 3838//7067
f 3838//6460 4020//6460 3849//6460
f 3841//7068 3842//7068 4020//7068
f 4020//7069 3842//7069 3851//7069
f 3810//5537 4022//5537 3811//5537
f 4176//7070 4025//7070 4026//7070
f 4175//7071 4176//7071 4026//7071
f 4024//7072 4025//7072 4023//7072
f 4026//7073 4025//7073 4024//7073
f 3858//7074 3860//7074 4027//7074
f 3858//7075 4027//7075 4023//7075
f 4023//7076 4027//7076 4024//7076
f 3667//5618 4028//5618 4172//5618
f 4030//7077 3769//7077 3762//7077
f 4029//5620 4031//5620 4030//5620
f 4030//5621 4031//5621 3769//5621
f 3667//7078 4172//7078 4171//7078
f 4033//7079 4034//7079 4035//7079
f 4039//7080 4037//7080 4038//7080
f 4042//7081 3762//7081 3800//7081
f 3800//7082 3801//7082 4045//7082
f 3800//7083 4045//7083 4042//7083
f 4042//7084 4045//7084 4035//7084
f 4035//5628 4045//5628 4033//5628
f 4033//7085 4045//7085 3801//7085
f 3801//7086 3802//7086 4041//7086
f 3801//7087 4041//7087 4033//7087
f 4033//7088 4041//7088 4040//7088
f 4033//7089 4040//7089 4034//7089
f 4046//7090 4038//7090 4047//7090
f 4036//7091 4047//7091 3803//7091
f 4044//7092 4046//7092 4036//7092
f 4036//7093 4046//7093 4047//7093
f 3803//7094 4047//7094 4037//7094
f 4038//7095 4037//7095 4047//7095
f 4044//7096 4043//7096 4046//7096
f 3680//7097 3784//7097 3681//7097
f 3681//7098 3784//7098 3777//7098
f 3681//5716 3777//5716 3682//5716
f 3682//5717 3777//5717 3791//5717
f 3682//7099 3791//7099 3683//7099
f 3683//7100 3791//7100 3790//7100
f 4161//7101 4166//7101 3680//7101
f 3680//7102 4166//7102 3784//7102
f 4159//7103 4102//7103 4163//7103
f 4163//7104 4102//7104 4048//7104
f 4051//7105 4050//7105 4049//7105
f 4050//7106 4051//7106 4052//7106
f 4052//7107 4051//7107 3733//7107
f 3796//7108 4056//7108 4053//7108
f 4056//7109 4049//7109 4053//7109
f 4053//7110 4049//7110 4050//7110
f 3644//7111 3645//7111 4054//7111
f 3733//7112 4051//7112 4055//7112
f 3733//7113 4055//7113 3645//7113
f 3645//7114 4055//7114 4054//7114
f 3644//7115 4054//7115 4056//7115
f 3644//7116 4056//7116 3796//7116
f 3789//7117 3728//7117 3650//7117
f 3789//7118 3788//7118 4057//7118
f 3728//7119 4058//7119 3726//7119
f 3728//7120 4059//7120 4058//7120
f 3789//7121 4057//7121 4059//7121
f 3789//7122 4059//7122 3728//7122
f 4060//7123 4061//7123 3650//7123
f 3650//7124 4061//7124 3659//7124
f 3650//7125 3659//7125 3789//7125
f 4103//7126 4104//7126 4060//7126
f 4060//5743 4104//5743 4061//5743
f 4065//7127 4066//7127 4064//7127
f 4071//7128 4068//7128 4067//7128
f 4066//7129 4062//7129 4063//7129
f 4065//5745 4064//5745 4070//5745
f 4062//7130 4071//7130 4063//7130
f 4063//7131 4071//7131 4067//7131
f 4067//7132 4068//7132 4070//7132
f 4070//7133 4068//7133 4069//7133
f 4070//7134 4069//7134 4065//7134
f 4064//7135 4066//7135 4063//7135
f 3755//7136 3754//7136 3668//7136
f 3668//7137 3754//7137 3669//7137
f 4072//7138 4081//7138 4073//7138
f 4076//7139 4074//7139 4075//7139
f 4073//7140 4076//7140 4072//7140
f 4072//5758 4076//5758 4075//5758
f 4074//7141 4077//7141 4078//7141
f 4080//7142 4082//7142 4079//7142
f 4079//7143 4081//7143 4080//7143
f 4080//294 4081//294 4072//294
f 4077//7144 4082//7144 4078//7144
f 4078//7145 4082//7145 4080//7145
f 4075//6159 4074//6159 4078//6159
f 4083//3502 4084//3502 4075//3502
f 4075//3502 4084//3502 4072//3502
f 4091//7146 4085//7146 4083//7146
f 4084//7147 4086//7147 4087//7147
f 4087//7148 4086//7148 4088//7148
f 4084//7149 4092//7149 4086//7149
f 4088//7150 4089//7150 4087//7150
f 4087//5768 4089//5768 4090//5768
f 4089//7151 4091//7151 4090//7151
f 4085//7152 4092//7152 4083//7152
f 4083//7153 4092//7153 4084//7153
f 4090//7154 4091//7154 4083//7154
f 3708//7155 3707//7155 3758//7155
f 3758//7156 3707//7156 3759//7156
f 3805//7157 4097//7157 4096//7157
f 4093//7158 4097//7158 3804//7158
f 3804//7159 4097//7159 3805//7159
f 4098//7160 4099//7160 4100//7160
f 4098//7161 4100//7161 3804//7161
f 4098//7162 4101//7162 4099//7162
f 3804//7163 4100//7163 4093//7163
f 4094//7164 4101//7164 4095//7164
f 4095//7165 4101//7165 4098//7165
f 3805//7166 4096//7166 4095//7166
f 4095//7167 4096//7167 4094//7167
f 3683//7168 3790//7168 4160//7168
f 4160//7169 3790//7169 4165//7169
f 4160//7170 4165//7170 4159//7170
f 4159//7171 4165//7171 4102//7171
f 4163//7172 4048//7172 4162//7172
f 4162//7173 4048//7173 4166//7173
f 4162//7174 4166//7174 4161//7174
f 4063//7175 4067//7175 4103//7175
f 4103//7176 4067//7176 4104//7176
f 4109//7177 3797//7177 4105//7177
f 4050//7178 4113//7178 4053//7178
f 4053//5794 4113//5794 4106//5794
f 4050//5795 4112//5795 4113//5795
f 4052//5796 4112//5796 4050//5796
f 4052//7179 4108//7179 4111//7179
f 4052//7180 4111//7180 4112//7180
f 4052//7181 3735//7181 4108//7181
f 4052//7182 3733//7182 3735//7182
f 4053//5801 4106//5801 4105//5801
f 4053//7183 4105//7183 3796//7183
f 3796//7184 4105//7184 3797//7184
f 4034//7185 4174//7185 4035//7185
f 4040//7186 4039//7186 4034//7186
f 4171//7187 4107//7187 4038//7187
f 4046//7188 4043//7188 4171//7188
f 4046//7189 4171//7189 4038//7189
f 4038//7190 4032//7190 4039//7190
f 4034//7191 4039//7191 4032//7191
f 4111//7192 4108//7192 4110//7192
f 4117//7193 4116//7193 4119//7193
f 4118//7194 4117//7194 4119//7194
f 4059//7195 4118//7195 4058//7195
f 4118//7196 4119//7196 4058//7196
f 4058//7197 4119//7197 4110//7197
f 4058//7198 4110//7198 3726//7198
f 3726//7199 4110//7199 3735//7199
f 3735//7200 4110//7200 4108//7200
f 4105//7201 4106//7201 4120//7201
f 4120//7202 4106//7202 4113//7202
f 4120//7203 4113//7203 4116//7203
f 4116//7204 4113//7204 4119//7204
f 4119//7205 4113//7205 4112//7205
f 4119//7206 4112//7206 4111//7206
f 4119//7207 4111//7207 4110//7207
f 4114//7208 4059//7208 4057//7208
f 4057//7209 4120//7209 4114//7209
f 4114//7210 4120//7210 4115//7210
f 4120//7211 4057//7211 3788//7211
f 4109//7212 3788//7212 3797//7212
f 3788//7213 4109//7213 4105//7213
f 3788//7214 4105//7214 4120//7214
f 4115//7215 4120//7215 4116//7215
f 3816//7216 4121//7216 3815//7216
f 3815//7217 4121//7217 4122//7217
f 3815//7218 4122//7218 4123//7218
f 3815//7219 4123//7219 3813//7219
f 3813//7220 4123//7220 4124//7220
f 3813//7221 4124//7221 3817//7221
f 3817//7222 4124//7222 4125//7222
f 3817//7223 4125//7223 3818//7223
f 3818//7224 4125//7224 4126//7224
f 3818//7225 4126//7225 3816//7225
f 3816//7226 4126//7226 4121//7226
f 3817//7227 3814//7227 3813//7227
f 4125//7228 4127//7228 4128//7228
f 4125//7229 4128//7229 4126//7229
f 4126//7230 4128//7230 4121//7230
f 4121//7231 4128//7231 4129//7231
f 4121//7232 4129//7232 4130//7232
f 4121//7233 4130//7233 4122//7233
f 4122//7234 4130//7234 4131//7234
f 4122//7235 4131//7235 4123//7235
f 4123//7236 4131//7236 4132//7236
f 4123//7237 4132//7237 4133//7237
f 4123//7238 4133//7238 4125//7238
f 4125//7239 4133//7239 4127//7239
f 4040//7240 4041//7240 4130//7240
f 4131//7241 3059//7241 4132//7241
f 4131//7242 3802//7242 3059//7242
f 4130//7243 4041//7243 4131//7243
f 4131//7244 4041//7244 3802//7244
f 4129//7245 4040//7245 4130//7245
f 4040//7246 4129//7246 4128//7246
f 4040//7247 4128//7247 4039//7247
f 4127//7248 4037//7248 4128//7248
f 4128//7249 4037//7249 4039//7249
f 4037//7250 4127//7250 3803//7250
f 3803//7251 4127//7251 4133//7251
f 3803//7252 4133//7252 3060//7252
f 3060//7253 4133//7253 4132//7253
f 3060//7254 4132//7254 3061//7254
f 4132//7255 3059//7255 3061//7255
f 4124//7256 4123//7256 4125//7256
f 4054//7257 4118//7257 4059//7257
f 4054//7258 4055//7258 4118//7258
f 4051//7259 4117//7259 4118//7259
f 4051//7260 4118//7260 4055//7260
f 4051//7261 4116//7261 4117//7261
f 4049//7262 4116//7262 4051//7262
f 4049//7263 4115//7263 4116//7263
f 4115//7264 4049//7264 4056//7264
f 4115//7265 4056//7265 4114//7265
f 4114//7266 4056//7266 4134//7266
f 4114//7267 4134//7267 4059//7267
f 4059//7268 4134//7268 4054//7268
f 4103//7269 4060//7269 3652//7269
f 3652//7270 4060//7270 3650//7270
f 3706//7271 4103//7271 3705//7271
f 3705//7272 4103//7272 3652//7272
f 3752//7273 3661//7273 4104//7273
f 4104//7274 3661//7274 3660//7274
f 4104//7275 3660//7275 4061//7275
f 3659//7276 4061//7276 3660//7276
f 4103//7277 3706//7277 4063//7277
f 4067//7278 3752//7278 4104//7278
f 3706//7279 3669//7279 4064//7279
f 3706//7280 4064//7280 4063//7280
f 3752//7281 4067//7281 3754//7281
f 3754//5902 4067//5902 4070//5902
f 3754//7282 4070//7282 3669//7282
f 3669//7283 4070//7283 4064//7283
f 3677//7284 3067//7284 3805//7284
f 4043//7285 4044//7285 3066//7285
f 3067//7286 4043//7286 3066//7286
f 3761//7287 3800//7287 3762//7287
f 3074//7288 3800//7288 3076//7288
f 3076//7289 3800//7289 3761//7289
f 3076//7290 3761//7290 3804//7290
f 4095//7291 3707//7291 3805//7291
f 3805//7292 3707//7292 3677//7292
f 3759//7293 4098//7293 3804//7293
f 3759//7294 3804//7294 3761//7294
f 4098//7295 3759//7295 3707//7295
f 4098//7296 3707//7296 4095//7296
f 4084//5921 3760//5921 4072//5921
f 4072//5921 3760//5921 3753//5921
f 3760//5922 4084//5922 3758//5922
f 3758//5923 4084//5923 4087//5923
f 3755//5924 4080//5924 4072//5924
f 3755//5925 4072//5925 3753//5925
f 3758//5926 4087//5926 4090//5926
f 3758//7297 4090//7297 3708//7297
f 3668//7298 4078//7298 3755//7298
f 3755//5929 4078//5929 4080//5929
f 4083//7299 3676//7299 3708//7299
f 3708//7300 4090//7300 4083//7300
f 4078//7301 3668//7301 4075//7301
f 4075//7302 3668//7302 3679//7302
f 4075//5934 3679//5934 4083//5934
f 4083//5934 3679//5934 3676//5934
f 4134//7303 4056//7303 4054//7303
f 4135//7304 4146//7304 4136//7304
f 4135//7305 4136//7305 4085//7305
f 4085//7306 4136//7306 4137//7306
f 4085//7307 4137//7307 4138//7307
f 4138//7308 4137//7308 4139//7308
f 4139//7309 4137//7309 4093//7309
f 4139//7310 4093//7310 4140//7310
f 4139//7311 4140//7311 4141//7311
f 4141//7312 4140//7312 4142//7312
f 4142//7313 4140//7313 4143//7313
f 4142//7314 4143//7314 4144//7314
f 4144//7315 4143//7315 4101//7315
f 4144//7316 4101//7316 4145//7316
f 4145//7317 4101//7317 4146//7317
f 4145//7318 4146//7318 4135//7318
f 4147//7319 4158//7319 4148//7319
f 4147//7320 4148//7320 4062//7320
f 4062//7321 4148//7321 4149//7321
f 4062//7322 4149//7322 4150//7322
f 4150//7323 4149//7323 4151//7323
f 4151//7324 4149//7324 4073//7324
f 4151//7310 4073//7310 4152//7310
f 4151//7325 4152//7325 4153//7325
f 4153//7326 4152//7326 4154//7326
f 4154//7327 4152//7327 4155//7327
f 4154//7328 4155//7328 4156//7328
f 4156//7329 4155//7329 4082//7329
f 4156//7330 4082//7330 4157//7330
f 4157//7331 4082//7331 4158//7331
f 4157//7332 4158//7332 4147//7332
f 4137//7333 4097//7333 4093//7333
f 4140//7334 4093//7334 4100//7334
f 4140//7335 4100//7335 4099//7335
f 4140//7336 4099//7336 4143//7336
f 4143//7337 4099//7337 4101//7337
f 4101//7338 4094//7338 4146//7338
f 4146//7339 4094//7339 4096//7339
f 4146//7340 4096//7340 4136//7340
f 4136//7341 4096//7341 4097//7341
f 4136//7342 4097//7342 4137//7342
f 4149//7333 4076//7333 4073//7333
f 4152//7334 4073//7334 4081//7334
f 4152//7343 4081//7343 4079//7343
f 4152//7344 4079//7344 4155//7344
f 4155//7337 4079//7337 4082//7337
f 4082//7338 4077//7338 4158//7338
f 4158//7345 4077//7345 4074//7345
f 4158//7340 4074//7340 4148//7340
f 4148//7346 4074//7346 4076//7346
f 4148//7342 4076//7342 4149//7342
f 4144//7347 4089//7347 4088//7347
f 4144//7348 4088//7348 4142//7348
f 4142//7349 4088//7349 4141//7349
f 4141//7350 4088//7350 4086//7350
f 4141//7351 4086//7351 4139//7351
f 4139//7352 4086//7352 4092//7352
f 4139//7353 4092//7353 4138//7353
f 4138//7354 4092//7354 4085//7354
f 4135//7355 4085//7355 4091//7355
f 4135//7356 4091//7356 4145//7356
f 4145//7357 4091//7357 4089//7357
f 4145//7358 4089//7358 4144//7358
f 4156//7347 4065//7347 4069//7347
f 4156//7348 4069//7348 4154//7348
f 4154//7349 4069//7349 4153//7349
f 4153//7350 4069//7350 4068//7350
f 4153//7351 4068//7351 4151//7351
f 4151//7352 4068//7352 4071//7352
f 4151//7353 4071//7353 4150//7353
f 4150//7354 4071//7354 4062//7354
f 4147//7359 4062//7359 4066//7359
f 4147//7356 4066//7356 4157//7356
f 4157//7357 4066//7357 4065//7357
f 4157//7358 4065//7358 4156//7358
f 3683//7360 4160//7360 3678//7360
f 4159//7361 3678//7361 4160//7361
f 4164//7362 3678//7362 4163//7362
f 4163//7363 3678//7363 4159//7363
f 3680//7364 3675//7364 4161//7364
f 4161//7365 3675//7365 4162//7365
f 3675//7366 4164//7366 4162//7366
f 4162//7367 4164//7367 4163//7367
f 4165//7368 3790//7368 4169//7368
f 3784//7369 4166//7369 4167//7369
f 4102//7370 4165//7370 4168//7370
f 4168//7371 4165//7371 4169//7371
f 4166//7372 4048//7372 4167//7372
f 4167//7373 4048//7373 3776//7373
f 4168//7374 3776//7374 4102//7374
f 4102//7375 3776//7375 4048//7375
f 4170//6008 4028//6008 3667//6008
f 3769//6009 4031//6009 4170//6009
f 3769//6010 4170//6010 3666//6010
f 3666//6011 4170//6011 3667//6011
f 4107//7376 4171//7376 4172//7376
f 4172//7377 4173//7377 4107//7377
f 4107//7378 4173//7378 4032//7378
f 4032//7379 4038//7379 4107//7379
f 4032//7380 4173//7380 4174//7380
f 4174//7381 4173//7381 4029//7381
f 4172//7382 4029//7382 4173//7382
f 4030//7383 3762//7383 4042//7383
f 4035//7384 4174//7384 4042//7384
f 4042//7385 4174//7385 4030//7385
f 4029//7386 4030//7386 4174//7386
f 4032//7387 4174//7387 4034//7387
f 4031//6027 4029//6027 4170//6027
f 4170//6028 4029//6028 4172//6028
f 4170//6029 4172//6029 4028//6029
f 3763//6030 3769//6030 3665//6030
f 3665//6031 3769//6031 3666//6031
f 3713//6032 4176//6032 3764//6032
f 4176//7388 4175//7388 3764//7388
f 3665//6037 3713//6037 3763//6037
f 3763//6038 3713//6038 3764//6038
f 4176//6043 3713//6043 4177//6043
f 4176//7389 4177//7389 4023//7389
f 4025//7390 4176//7390 4023//7390
f 4178//7391 4023//7391 4177//7391
f 4178//7392 3858//7392 4023//7392
f 3852//7393 4024//7393 4009//7393
f 4175//7394 4026//7394 4024//7394
f 4175//7395 4024//7395 3852//7395
f 4024//7396 4027//7396 4009//7396
f 4009//7397 4027//7397 4179//7397
f 4027//7398 3860//7398 4179//7398
f 4185//6057 3716//6057 4180//6057
f 4185//6058 4180//6058 4181//6058
f 4181//6059 4180//6059 4182//6059
f 4181//6060 4182//6060 4183//6060
f 4183//6061 4182//6061 3718//6061
f 4183//6062 3718//6062 4184//6062
f 4184//6063 3718//6063 3717//6063
f 4184//6064 3717//6064 3716//6064
f 4184//6065 3716//6065 4185//6065
f 4185//1902 4181//1902 4184//1902
f 4181//1902 4183//1902 4184//1902
f 4180//6066 3716//6066 3719//6066
f 4180//6067 3719//6067 4182//6067
f 4182//6068 3719//6068 3718//6068
f 3673//7399 4021//7399 3686//7399
f 3686//7400 4021//7400 3807//7400
f 3685//6071 3811//6071 3672//6071
f 3672//6072 3811//6072 4022//6072
f 3672//7401 4022//7401 3673//7401
f 4021//7402 3673//7402 4022//7402
f 4021//6075 4022//6075 4186//6075
f 3810//6076 3806//6076 4022//6076
f 4022//6077 3806//6077 4186//6077
f 3806//6078 3807//6078 4186//6078
f 4186//6079 3807//6079 4021//6079
f 4188//7403 4187//7403 4189//7403
f 4189//7404 4187//7404 4190//7404
f 4189//7405 4190//7405 4196//7405
f 4196//7406 4190//7406 4195//7406
f 4188//7407 4191//7407 4187//7407
f 4187//7408 4191//7408 4192//7408
f 4192//7409 4191//7409 4193//7409
f 4193//7410 4191//7410 4194//7410
f 4193//7411 4194//7411 4195//7411
f 4195//7412 4194//7412 4196//7412
f 3806//5507 4197//5507 3807//5507
f 3806//7413 4198//7413 4197//7413
f 3807//5509 4199//5509 3812//5509
f 4199//5510 3807//5510 4197//5510
f 4200//5511 3812//5511 4199//5511
f 3812//5512 4200//5512 3808//5512
f 4201//7414 3809//7414 3808//7414
f 4201//5514 3808//5514 4200//5514
f 3809//5515 4202//5515 3810//5515
f 3809//5516 4201//5516 4202//5516
f 3806//5517 3810//5517 4198//5517
f 4198//5518 3810//5518 4202//5518
f 4192//7415 4200//7415 4199//7415
f 4192//7416 4199//7416 4187//7416
f 4187//7417 4199//7417 4197//7417
f 4187//7418 4197//7418 4190//7418
f 4195//7419 4201//7419 4193//7419
f 4193//7420 4201//7420 4200//7420
f 4193//7421 4200//7421 4192//7421
f 4190//7422 4202//7422 4195//7422
f 4195//7423 4202//7423 4201//7423
f 4190//7424 4197//7424 4198//7424
f 4190//7425 4198//7425 4202//7425
f 3831//7426 3829//7426 3834//7426
f 3824//7427 3829//7427 3831//7427
f 3827//7428 3829//7428 3824//7428
f 3833//7429 3831//7429 3834//7429
f 4191//7430 4189//7430 4203//7430
f 4203//7431 4194//7431 4191//7431
f 4196//7432 4203//7432 4189//7432
f 4188//7433 4189//7433 4191//7433
f 4194//7434 4203//7434 4196//7434
f 3740//7435 3227//7435 3739//7435
f 3739//7436 3227//7436 3226//7436
f 3739//7437 3226//7437 3744//7437
f 3744//7438 3226//7438 3231//7438
f 3744//7439 3231//7439 3710//7439
f 3710//7440 3231//7440 3239//7440
f 3710//7441 3239//7441 3684//7441
f 3684//7442 3239//7442 3238//7442
f 3684//7443 3238//7443 3662//7443
f 3662//7444 3238//7444 3237//7444
f 3662//7445 3237//7445 3709//7445
f 3709//7446 3237//7446 3236//7446
f 3709//7447 3236//7447 3711//7447
f 3711//7448 3236//7448 3234//7448
f 3711//7449 3234//7449 3664//7449
f 3664//7450 3234//7450 3240//7450
f 3664//7451 3240//7451 3751//7451
f 3751//7452 3240//7452 3743//7452
f 3743//7453 3240//7453 3247//7453
f 3743//7454 3247//7454 3741//7454
f 3741//7455 3247//7455 3252//7455
f 3741//7456 3252//7456 3742//7456
f 3742//7457 3252//7457 3241//7457
f 3742//7458 3241//7458 3721//7458
f 3721//7459 3241//7459 3249//7459
f 3721//7460 3249//7460 3720//7460
f 3720//7461 3249//7461 3722//7461
f 3722//7462 3249//7462 3256//7462
f 3722//7463 3256//7463 3253//7463
f 3722//7464 3253//7464 3723//7464
f 3723//7465 3253//7465 3261//7465
f 3723//7466 3261//7466 3731//7466
f 3731//7467 3261//7467 3260//7467
f 3731//7468 3260//7468 3729//7468
f 3729//7469 3260//7469 3262//7469
f 3729//7470 3262//7470 3724//7470
f 3724//7471 3262//7471 3259//7471
f 3724//7472 3259//7472 3725//7472
f 3725//7473 3259//7473 3267//7473
f 3725//7474 3267//7474 3727//7474
f 3727//7475 3267//7475 3265//7475
f 3727//7476 3265//7476 3738//7476
f 3738//7477 3265//7477 3263//7477
f 3738//7478 3263//7478 3736//7478
f 3736//7479 3263//7479 3230//7479
f 3736//7480 3230//7480 3737//7480
f 3737//7481 3230//7481 3228//7481
f 3737//7482 3228//7482 3740//7482
f 3740//7483 3228//7483 3227//7483
f 3225//7484 3257//7484 3139//7484
f 3139//7485 3257//7485 3140//7485
f 4209//7486 4204//7486 3087//7486
f 4205//7487 3087//7487 4204//7487
f 4205//1902 4204//1902 4206//1902
f 3089//7488 4207//7488 3087//7488
f 3087//7489 4207//7489 4209//7489
f 4209//1902 4207//1902 4208//1902
f 4215//7490 4210//7490 3819//7490
f 3819//7491 4210//7491 3823//7491
f 4211//1958 4212//1958 4213//1958
f 4211//7492 4213//7492 3819//7492
f 3819//7493 4213//7493 4214//7493
f 3819//7494 4214//7494 4215//7494
f 4211//7495 3819//7495 3820//7495
f 4211//7496 3820//7496 4205//7496
f 4205//7497 3820//7497 3086//7497
f 4205//7498 3086//7498 3087//7498
f 4205//7499 4206//7499 3084//7499
f 3085//7500 4212//7500 4211//7500
f 3084//3997 4206//3997 3085//3997
f 3085//3997 4206//3997 4212//3997
f 4205//7501 3084//7501 4211//7501
f 4211//7501 3084//7501 3085//7501
f 4213//7502 4212//7502 4204//7502
f 4204//7502 4212//7502 4206//7502
f 4204//7503 4209//7503 4213//7503
f 4213//7504 4209//7504 4214//7504
f 4208//7505 4215//7505 4214//7505
f 4208//7506 4214//7506 4209//7506
f 4208//7507 4207//7507 4215//7507
f 4215//7508 4207//7508 4210//7508
f 3822//7509 3823//7509 3083//7509
f 3082//7510 3089//7510 3090//7510
f 3089//7511 3082//7511 4207//7511
f 3822//7512 3083//7512 3090//7512
f 3090//7513 3083//7513 3082//7513
f 4207//7514 3082//7514 3083//7514
f 4207//7515 3083//7515 4210//7515
f 4210//7516 3083//7516 3823//7516
f 3820//7517 3822//7517 3086//7517
f 3086//7518 3822//7518 3090//7518
f 3058//7519 3055//7519 3054//7519
f 4217//1958 4218//1958 4216//1958
f 4217//1958 4220//1958 4219//1958
f 4216//1958 4220//1958 4217//1958
f 4222//1902 4223//1902 4221//1902
f 4222//1902 4221//1902 4224//1902
f 4224//7520 4218//7520 4217//7520
f 4224//7521 4217//7521 4222//7521
f 4222//7522 4217//7522 4219//7522
f 4222//7523 4219//7523 4223//7523
f 4223//7524 4219//7524 4220//7524
f 4223//7525 4220//7525 4221//7525
f 4221//7526 4220//7526 4216//7526
f 4221//7527 4216//7527 4218//7527
f 4221//7528 4218//7528 4224//7528
f 4225//7529 4226//7529 4227//7529
f 4225//7530 4227//7530 4228//7530
f 4225//7531 4228//7531 4229//7531
f 4229//7532 4228//7532 4230//7532
f 4230//7533 4228//7533 4231//7533
f 4230//7534 4231//7534 4232//7534
f 4230//7535 4232//7535 4233//7535
f 4233//7536 4232//7536 4234//7536
f 4233//7537 4234//7537 4226//7537
f 4233//7538 4226//7538 4225//7538
f 4239//7539 4232//7539 4235//7539
f 4235//7540 4232//7540 4231//7540
f 4235//7541 4231//7541 4228//7541
f 4235//7542 4228//7542 4236//7542
f 4236//7543 4228//7543 4237//7543
f 4237//7544 4228//7544 4227//7544
f 4237//7545 4227//7545 4238//7545
f 4238//7546 4227//7546 4226//7546
f 4238//7547 4226//7547 4239//7547
f 4239//7548 4226//7548 4234//7548
f 4239//7549 4234//7549 4232//7549
f 4239//7550 4233//7550 4238//7550
f 4238//7551 4233//7551 4225//7551
f 4238//7552 4225//7552 4237//7552
f 4237//7553 4225//7553 4229//7553
f 4237//7554 4229//7554 4236//7554
f 4236//7555 4229//7555 4230//7555
f 4236//7556 4230//7556 4235//7556
f 4235//7557 4230//7557 4239//7557
f 4239//7558 4230//7558 4233//7558
f 4241//7559 4240//7559 4242//7559
f 4241//7560 4242//7560 4243//7560
f 4241//7561 4243//7561 4244//7561
f 4244//7562 4243//7562 4245//7562
f 4245//7563 4243//7563 4246//7563
f 4245//7564 4246//7564 4247//7564
f 4247//7565 4246//7565 4248//7565
f 4247//7566 4248//7566 4240//7566
f 4247//7567 4240//7567 4241//7567
f 4245//7568 4249//7568 4244//7568
f 4244//7569 4249//7569 4250//7569
f 4244//7570 4250//7570 4251//7570
f 4244//7571 4251//7571 4241//7571
f 4241//7572 4251//7572 4252//7572
f 4241//7573 4252//7573 4253//7573
f 4241//7574 4253//7574 4247//7574
f 4247//7575 4253//7575 4254//7575
f 4247//7576 4254//7576 4255//7576
f 4247//7577 4255//7577 4245//7577
f 4245//7578 4255//7578 4249//7578
f 4246//7579 4249//7579 4255//7579
f 4246//7580 4255//7580 4254//7580
f 4246//7581 4254//7581 4248//7581
f 4248//7582 4254//7582 4253//7582
f 4248//7583 4253//7583 4240//7583
f 4240//7584 4253//7584 4242//7584
f 4242//7585 4253//7585 4252//7585
f 4242//7586 4252//7586 4251//7586
f 4242//7587 4251//7587 4243//7587
f 4243//7588 4251//7588 4250//7588
f 4243//7589 4250//7589 4249//7589
f 4243//7590 4249//7590 4246//7590
f 4264//7591 4256//7591 4257//7591
f 4257//7592 4256//7592 4258//7592
f 4257//7593 4258//7593 4259//7593
f 4259//7594 4258//7594 4260//7594
f 4259//7595 4260//7595 4261//7595
f 4259//7596 4261//7596 4262//7596
f 4262//7597 4261//7597 4263//7597
f 4262//7598 4263//7598 4264//7598
f 4264//7599 4263//7599 4256//7599
f 4264//7600 4269//7600 4265//7600
f 4264//7601 4265//7601 4262//7601
f 4262//7602 4265//7602 4266//7602
f 4262//7603 4266//7603 4259//7603
f 4259//7604 4266//7604 4267//7604
f 4259//7605 4267//7605 4268//7605
f 4259//7606 4268//7606 4257//7606
f 4257//7607 4268//7607 4269//7607
f 4257//7608 4269//7608 4264//7608
f 4265//7609 4269//7609 4256//7609
f 4256//7610 4269//7610 4258//7610
f 4258//7611 4269//7611 4268//7611
f 4258//7612 4268//7612 4260//7612
f 4260//7613 4268//7613 4267//7613
f 4260//7614 4267//7614 4266//7614
f 4260//7615 4266//7615 4261//7615
f 4261//7616 4266//7616 4263//7616
f 4263//7617 4266//7617 4265//7617
f 4263//7618 4265//7618 4256//7618
f 4270//7619 4271//7619 4272//7619
f 4270//7620 4272//7620 4273//7620
f 4273//7621 4272//7621 4274//7621
f 4273//7622 4274//7622 4275//7622
f 4275//7623 4274//7623 4276//7623
f 4275//7624 4276//7624 4277//7624
f 4277//7625 4276//7625 4278//7625
f 4277//7626 4278//7626 4270//7626
f 4270//7627 4278//7627 4271//7627
f 4275//7628 4285//7628 4279//7628
f 4275//7629 4279//7629 4273//7629
f 4273//7630 4279//7630 4280//7630
f 4273//7631 4280//7631 4281//7631
f 4273//7632 4281//7632 4270//7632
f 4270//7633 4281//7633 4282//7633
f 4270//7634 4282//7634 4277//7634
f 4277//7635 4282//7635 4283//7635
f 4277//7636 4283//7636 4284//7636
f 4277//7637 4284//7637 4275//7637
f 4275//7638 4284//7638 4285//7638
f 4274//7639 4285//7639 4284//7639
f 4274//7640 4284//7640 4276//7640
f 4276//7641 4284//7641 4283//7641
f 4276//7642 4283//7642 4278//7642
f 4278//7643 4283//7643 4282//7643
f 4278//7644 4282//7644 4271//7644
f 4271//7645 4282//7645 4281//7645
f 4271//7646 4281//7646 4272//7646
f 4272//7647 4281//7647 4280//7647
f 4272//7648 4280//7648 4279//7648
f 4272//7649 4279//7649 4274//7649
f 4274//7650 4279//7650 4285//7650
f 4289//7651 4291//7651 4288//7651
f 4287//7652 4291//7652 4289//7652
f 4290//7653 4286//7653 4291//7653
f 4290//7654 4291//7654 4287//7654
f 4293//7655 4286//7655 4290//7655
f 4292//7656 4293//7656 4290//7656
f 4294//7657 4295//7657 4292//7657
f 4292//7658 4295//7658 4293//7658
f 4296//7659 4295//7659 4294//7659
f 4296//7660 4298//7660 4295//7660
f 4297//7661 4298//7661 4296//7661
f 4289//7662 4288//7662 4297//7662
f 4297//7663 4288//7663 4298//7663
f 4299//7664 4298//7664 4305//7664
f 4305//7665 4298//7665 4288//7665
f 4299//7666 4300//7666 4298//7666
f 4300//7667 4295//7667 4298//7667
f 4295//7668 4300//7668 4301//7668
f 4295//7669 4301//7669 4302//7669
f 4302//7670 4293//7670 4295//7670
f 4303//7671 4293//7671 4302//7671
f 4303//7672 4286//7672 4293//7672
f 4286//7673 4303//7673 4304//7673
f 4286//7674 4304//7674 4291//7674
f 4305//7675 4291//7675 4304//7675
f 4305//7676 4288//7676 4291//7676
f 4297//7677 4296//7677 4300//7677
f 4297//7678 4299//7678 4289//7678
f 4289//7679 4299//7679 4305//7679
f 4300//7680 4299//7680 4297//7680
f 4294//7681 4292//7681 4302//7681
f 4303//7682 4290//7682 4304//7682
f 4304//7683 4290//7683 4287//7683
f 4304//7684 4287//7684 4305//7684
f 4305//7685 4287//7685 4289//7685
f 4302//7686 4292//7686 4290//7686
f 4302//7687 4290//7687 4303//7687
f 4294//7688 4302//7688 4301//7688
f 4294//7689 4301//7689 4296//7689
f 4296//7690 4301//7690 4300//7690
f 4308//7691 4311//7691 4309//7691
f 4310//7692 4311//7692 4308//7692
f 4311//7693 4310//7693 4312//7693
f 4312//7694 4313//7694 4311//7694
f 4313//7695 4312//7695 4307//7695
f 4313//7696 4307//7696 4306//7696
f 4314//7697 4306//7697 4307//7697
f 4316//7698 4306//7698 4314//7698
f 4314//7699 4315//7699 4316//7699
f 4308//7700 4309//7700 4315//7700
f 4315//7701 4309//7701 4316//7701
f 4318//7702 4309//7702 4317//7702
f 4309//7703 4318//7703 4316//7703
f 4319//7704 4306//7704 4318//7704
f 4318//7705 4306//7705 4316//7705
f 4306//7706 4319//7706 4320//7706
f 4320//7707 4313//7707 4306//7707
f 4313//7708 4320//7708 4321//7708
f 4313//7709 4321//7709 4311//7709
f 4322//7710 4311//7710 4321//7710
f 4309//7711 4311//7711 4317//7711
f 4317//7712 4311//7712 4322//7712
f 4312//7713 4321//7713 4307//7713
f 4318//7714 4317//7714 4308//7714
f 4314//7715 4319//7715 4318//7715
f 4314//7716 4318//7716 4315//7716
f 4321//7717 4312//7717 4322//7717
f 4315//7718 4318//7718 4308//7718
f 4312//7719 4310//7719 4322//7719
f 4322//7720 4310//7720 4308//7720
f 4322//7721 4308//7721 4317//7721
f 4321//7722 4320//7722 4307//7722
f 4307//7723 4320//7723 4314//7723
f 4314//7724 4320//7724 4319//7724
f 4325//7725 4323//7725 4326//7725
f 4326//7726 4324//7726 4325//7726
f 4327//7727 4326//7727 4330//7727
f 4330//7728 4326//7728 4323//7728
f 4326//7729 4327//7729 4328//7729
f 4326//7730 4328//7730 4324//7730
f 4324//7731 4328//7731 4329//7731
f 4324//7732 4329//7732 4325//7732
f 4325//7733 4329//7733 4330//7733
f 4325//7734 4330//7734 4323//7734
f 4327//7735 4329//7735 4328//7735
f 4330//7736 4329//7736 4327//7736
f 4331//7737 4333//7737 4332//7737
f 4332//7738 4334//7738 4331//7738
f 4337//3998 4335//3998 4336//3998
f 4336//3997 4335//3997 4338//3997
f 4337//7739 4333//7739 4331//7739
f 4337//7740 4331//7740 4335//7740
f 4335//7741 4331//7741 4338//7741
f 4338//7742 4331//7742 4334//7742
f 4338//7743 4334//7743 4332//7743
f 4338//7744 4332//7744 4336//7744
f 4336//7745 4332//7745 4333//7745
f 4336//7746 4333//7746 4337//7746
f 4340//7747 4339//7747 4341//7747
f 4340//7748 4341//7748 4342//7748
f 4342//7749 4341//7749 4343//7749
f 4342//7750 4343//7750 4344//7750
f 4344//7751 4343//7751 4345//7751
f 4344//7752 4345//7752 4346//7752
f 4346//7753 4345//7753 4339//7753
f 4346//7754 4339//7754 4340//7754
f 4340//7755 4347//7755 4346//7755
f 4346//7756 4347//7756 4348//7756
f 4346//7757 4348//7757 4344//7757
f 4344//7758 4348//7758 4349//7758
f 4344//7759 4349//7759 4350//7759
f 4344//7760 4350//7760 4342//7760
f 4342//7761 4350//7761 4351//7761
f 4342//7762 4351//7762 4340//7762
f 4340//7763 4351//7763 4347//7763
f 4343//7764 4350//7764 4349//7764
f 4343//7765 4349//7765 4345//7765
f 4345//7766 4349//7766 4348//7766
f 4345//7767 4348//7767 4339//7767
f 4339//7768 4348//7768 4347//7768
f 4339//7769 4347//7769 4351//7769
f 4339//7770 4351//7770 4341//7770
f 4341//7771 4351//7771 4343//7771
f 4343//7772 4351//7772 4350//7772
f 4353//7773 4352//7773 4354//7773
f 4353//7774 4354//7774 4355//7774
f 4355//7775 4354//7775 4356//7775
f 4355//7776 4356//7776 4357//7776
f 4357//7777 4356//7777 4358//7777
f 4357//7778 4358//7778 4359//7778
f 4359//7779 4358//7779 4360//7779
f 4359//7780 4360//7780 4361//7780
f 4361//7781 4360//7781 4362//7781
f 4361//7782 4362//7782 4352//7782
f 4361//7783 4352//7783 4353//7783
f 4357//7784 4369//7784 4363//7784
f 4357//7785 4363//7785 4355//7785
f 4355//7786 4363//7786 4364//7786
f 4355//7787 4364//7787 4353//7787
f 4353//7788 4364//7788 4365//7788
f 4353//7789 4365//7789 4366//7789
f 4353//7790 4366//7790 4361//7790
f 4361//7791 4366//7791 4367//7791
f 4361//7792 4367//7792 4359//7792
f 4359//7793 4367//7793 4368//7793
f 4359//7794 4368//7794 4369//7794
f 4359//7795 4369//7795 4357//7795
f 4363//7796 4369//7796 4356//7796
f 4356//7797 4369//7797 4358//7797
f 4358//7798 4369//7798 4368//7798
f 4358//7799 4368//7799 4367//7799
f 4358//7800 4367//7800 4360//7800
f 4360//7801 4367//7801 4362//7801
f 4362//7802 4367//7802 4366//7802
f 4362//7803 4366//7803 4352//7803
f 4352//7804 4366//7804 4365//7804
f 4352//7805 4365//7805 4354//7805
f 4354//7806 4365//7806 4364//7806
f 4354//7807 4364//7807 4363//7807
f 4354//7808 4363//7808 4356//7808
f 4371//7809 4370//7809 4377//7809
f 4370//7810 4371//7810 4372//7810
f 4370//7811 4372//7811 4373//7811
f 4373//7812 4372//7812 4374//7812
f 4373//7813 4374//7813 4375//7813
f 4375//7814 4374//7814 4376//7814
f 4375//7815 4376//7815 4377//7815
f 4377//7816 4376//7816 4371//7816
f 4371//7817 4378//7817 4379//7817
f 4371//7818 4379//7818 4372//7818
f 4372//7819 4379//7819 4380//7819
f 4372//7820 4380//7820 4381//7820
f 4372//7821 4381//7821 4374//7821
f 4374//7822 4381//7822 4382//7822
f 4374//7823 4382//7823 4376//7823
f 4376//7824 4382//7824 4383//7824
f 4376//7825 4383//7825 4371//7825
f 4371//7826 4383//7826 4378//7826
f 4377//7827 4378//7827 4383//7827
f 4377//7828 4383//7828 4375//7828
f 4375//7829 4383//7829 4382//7829
f 4375//7830 4382//7830 4381//7830
f 4375//7831 4381//7831 4373//7831
f 4373//7832 4381//7832 4380//7832
f 4373//7833 4380//7833 4370//7833
f 4370//7834 4380//7834 4379//7834
f 4370//7835 4379//7835 4378//7835
f 4370//7836 4378//7836 4377//7836
f 4384//7837 4393//7837 4385//7837
f 4384//7838 4385//7838 4386//7838
f 4386//7839 4385//7839 4387//7839
f 4386//7840 4387//7840 4388//7840
f 4388//7841 4387//7841 4389//7841
f 4388//7842 4389//7842 4390//7842
f 4388//7843 4390//7843 4391//7843
f 4391//7844 4390//7844 4392//7844
f 4391//7845 4392//7845 4393//7845
f 4391//7846 4393//7846 4384//7846
f 4388//7847 4394//7847 4386//7847
f 4386//7848 4394//7848 4395//7848
f 4386//7849 4395//7849 4396//7849
f 4386//7850 4396//7850 4384//7850
f 4384//7851 4396//7851 4391//7851
f 4391//7852 4396//7852 4397//7852
f 4391//7853 4397//7853 4398//7853
f 4391//7854 4398//7854 4399//7854
f 4391//7855 4399//7855 4388//7855
f 4388//7856 4399//7856 4394//7856
f 4387//7857 4394//7857 4389//7857
f 4389//7858 4394//7858 4399//7858
f 4389//7859 4399//7859 4390//7859
f 4390//7860 4399//7860 4398//7860
f 4390//7861 4398//7861 4392//7861
f 4392//7862 4398//7862 4397//7862
f 4392//7863 4397//7863 4396//7863
f 4392//7864 4396//7864 4393//7864
f 4393//7865 4396//7865 4385//7865
f 4385//7866 4396//7866 4395//7866
f 4385//7867 4395//7867 4394//7867
f 4385//7868 4394//7868 4387//7868
f 4402//7869 4405//7869 4403//7869
f 4404//7870 4405//7870 4402//7870
f 4405//7871 4404//7871 4406//7871
f 4406//7694 4407//7694 4405//7694
f 4407//7872 4406//7872 4401//7872
f 4407//7696 4401//7696 4400//7696
f 4408//7873 4400//7873 4401//7873
f 4410//7874 4400//7874 4408//7874
f 4408//7875 4409//7875 4410//7875
f 4402//7876 4403//7876 4409//7876
f 4409//7877 4403//7877 4410//7877
f 4412//7702 4403//7702 4411//7702
f 4403//7703 4412//7703 4410//7703
f 4413//7704 4400//7704 4412//7704
f 4412//7878 4400//7878 4410//7878
f 4400//7706 4413//7706 4414//7706
f 4414//7879 4407//7879 4400//7879
f 4407//7880 4414//7880 4415//7880
f 4407//7881 4415//7881 4405//7881
f 4416//7882 4405//7882 4415//7882
f 4403//7883 4405//7883 4411//7883
f 4411//7884 4405//7884 4416//7884
f 4406//7885 4415//7885 4401//7885
f 4412//7886 4411//7886 4402//7886
f 4408//7887 4413//7887 4412//7887
f 4408//7888 4412//7888 4409//7888
f 4415//7889 4406//7889 4416//7889
f 4409//7890 4412//7890 4402//7890
f 4406//7891 4404//7891 4416//7891
f 4416//7892 4404//7892 4402//7892
f 4416//7893 4402//7893 4411//7893
f 4415//7894 4414//7894 4401//7894
f 4401//7895 4414//7895 4408//7895
f 4408//7896 4414//7896 4413//7896
f 4417//5445 4419//5445 4418//5445
f 4418//4391 4420//4391 4417//4391
f 4418//7897 4421//7897 4420//7897
f 4420//7898 4421//7898 4422//7898
f 4420//7899 4422//7899 4423//7899
f 4420//7900 4423//7900 4417//7900
f 4417//7901 4423//7901 4424//7901
f 4417//7902 4424//7902 4419//7902
f 4419//7903 4424//7903 4425//7903
f 4419//7904 4425//7904 4418//7904
f 4418//7905 4425//7905 4421//7905
f 4425//7906 4422//7906 4421//7906
f 4423//7907 4422//7907 4425//7907
f 4425//7908 4424//7908 4423//7908
f 4429//7909 4431//7909 4428//7909
f 4427//7910 4431//7910 4429//7910
f 4430//7653 4426//7653 4431//7653
f 4430//7911 4431//7911 4427//7911
f 4433//7912 4426//7912 4430//7912
f 4432//7913 4433//7913 4430//7913
f 4434//7657 4435//7657 4432//7657
f 4432//7658 4435//7658 4433//7658
f 4436//7659 4435//7659 4434//7659
f 4436//7660 4438//7660 4435//7660
f 4437//7914 4438//7914 4436//7914
f 4429//7662 4428//7662 4437//7662
f 4437//7915 4428//7915 4438//7915
f 4439//7916 4438//7916 4445//7916
f 4445//7917 4438//7917 4428//7917
f 4439//7666 4440//7666 4438//7666
f 4440//7918 4435//7918 4438//7918
f 4435//7919 4440//7919 4441//7919
f 4435//7920 4441//7920 4442//7920
f 4442//7921 4433//7921 4435//7921
f 4443//7922 4433//7922 4442//7922
f 4443//7923 4426//7923 4433//7923
f 4426//7924 4443//7924 4444//7924
f 4426//7925 4444//7925 4431//7925
f 4445//7675 4431//7675 4444//7675
f 4445//7926 4428//7926 4431//7926
f 4437//7927 4436//7927 4440//7927
f 4437//7928 4439//7928 4429//7928
f 4429//7929 4439//7929 4445//7929
f 4440//7930 4439//7930 4437//7930
f 4434//7681 4432//7681 4442//7681
f 4443//7931 4430//7931 4444//7931
f 4444//7932 4430//7932 4427//7932
f 4444//7933 4427//7933 4445//7933
f 4445//7934 4427//7934 4429//7934
f 4442//7686 4432//7686 4430//7686
f 4442//7935 4430//7935 4443//7935
f 4434//7936 4442//7936 4441//7936
f 4434//7937 4441//7937 4436//7937
f 4436//7690 4441//7690 4440//7690
f 4446//7938 4448//7938 4447//7938
f 4446//7939 4449//7939 4448//7939
f 4450//3997 4452//3997 4451//3997
f 4450//7940 4449//7940 4446//7940
f 4450//7941 4446//7941 4452//7941
f 4452//7942 4446//7942 4447//7942
f 4452//7943 4447//7943 4451//7943
f 4451//7944 4447//7944 4448//7944
f 4451//7945 4448//7945 4449//7945
f 4451//7946 4449//7946 4450//7946
f 4453//1958 4455//1958 4454//1958
f 4456//1958 4455//1958 4453//1958
f 4459//1902 4457//1902 4458//1902
f 4460//1902 4459//1902 4458//1902
f 4458//7947 4454//7947 4455//7947
f 4458//7948 4455//7948 4460//7948
f 4460//7949 4455//7949 4456//7949
f 4460//7950 4456//7950 4459//7950
f 4459//7951 4456//7951 4453//7951
f 4459//7952 4453//7952 4457//7952
f 4457//7953 4453//7953 4454//7953
f 4457//7954 4454//7954 4458//7954
f 4469//7955 4470//7955 4468//7955
f 4469//7956 4468//7956 4690//7956
f 4469//7957 4690//7957 4471//7957
f 4467//7958 4473//7958 4474//7958
f 4474//7959 4473//7959 4472//7959
f 4469//7960 4472//7960 4470//7960
f 4467//7961 4475//7961 4473//7961
f 4467//7962 4476//7962 4475//7962
f 4477//7963 4478//7963 4467//7963
f 4467//7964 4478//7964 4476//7964
f 4483//7965 4479//7965 4477//7965
f 4477//7966 4479//7966 4478//7966
f 4480//7967 4481//7967 4482//7967
f 4481//7968 4483//7968 4484//7968
f 4484//7969 4483//7969 4477//7969
f 4480//7970 4485//7970 4486//7970
f 4480//7971 4486//7971 4481//7971
f 4480//7972 4487//7972 4485//7972
f 4471//7973 4647//7973 4480//7973
f 4647//7974 4487//7974 4480//7974
f 4471//7975 4690//7975 4647//7975
f 4488//7976 4493//7976 4489//7976
f 4489//7977 4493//7977 4492//7977
f 4481//7978 4484//7978 4482//7978
f 4482//7979 4484//7979 4490//7979
f 4482//7980 4490//7980 4491//7980
f 4491//7981 4490//7981 4492//7981
f 4491//7982 4492//7982 4493//7982
f 4472//7983 4469//7983 4474//7983
f 4474//7984 4469//7984 4494//7984
f 4474//7985 4494//7985 4495//7985
f 4495//7986 4494//7986 4496//7986
f 4495//7987 4496//7987 4497//7987
f 4497//7988 4496//7988 4498//7988
f 4497//7989 4498//7989 4499//7989
f 4499//7990 4498//7990 4500//7990
f 4499//7991 4500//7991 4501//7991
f 4500//7992 4502//7992 4501//7992
f 4501//7993 4502//7993 4503//7993
f 4503//7994 4502//7994 4504//7994
f 4503//7995 4504//7995 4505//7995
f 4505//7996 4504//7996 4506//7996
f 4505//7997 4506//7997 4507//7997
f 4507//7998 4506//7998 4508//7998
f 4507//7999 4508//7999 4509//7999
f 4508//8000 4510//8000 4509//8000
f 4509//8001 4510//8001 4511//8001
f 4511//8002 4510//8002 4512//8002
f 4511//8003 4512//8003 4513//8003
f 4513//8004 4512//8004 4514//8004
f 4513//8005 4514//8005 4515//8005
f 4515//8006 4514//8006 4516//8006
f 4515//8007 4516//8007 4517//8007
f 4517//8008 4516//8008 4518//8008
f 4517//8009 4518//8009 4489//8009
f 4489//8010 4518//8010 4488//8010
f 4520//217 4521//217 4489//217
f 4489//217 4521//217 4517//217
f 4522//217 4499//217 4523//217
f 4523//217 4499//217 4501//217
f 4522//217 4497//217 4499//217
f 4489//217 4492//217 4520//217
f 4519//217 4484//217 4477//217
f 4519//217 4477//217 4524//217
f 4524//8011 4477//8011 4467//8011
f 4517//2452 4521//2452 4526//2452
f 4513//8012 4515//8012 4526//8012
f 4527//217 4511//217 4513//217
f 4490//8013 4525//8013 4492//8013
f 4492//8014 4525//8014 4520//8014
f 4484//8015 4525//8015 4490//8015
f 4513//8016 4526//8016 4527//8016
f 4528//233 4507//233 4509//233
f 4528//8017 4509//8017 4527//8017
f 4527//217 4509//217 4511//217
f 4524//8018 4467//8018 4474//8018
f 4524//217 4474//217 4495//217
f 4519//8019 4525//8019 4484//8019
f 4495//8020 4529//8020 4524//8020
f 4517//8021 4526//8021 4515//8021
f 4497//8022 4529//8022 4495//8022
f 4530//8023 4505//8023 4507//8023
f 4522//8024 4529//8024 4497//8024
f 4501//217 4503//217 4523//217
f 4523//217 4503//217 4505//217
f 4523//8025 4505//8025 4530//8025
f 4528//8026 4530//8026 4507//8026
f 4518//8027 4542//8027 4488//8027
f 4469//3357 4531//3357 4494//3357
f 4493//8028 4533//8028 4491//8028
f 4491//3357 4533//3357 4534//3357
f 4482//8029 4536//8029 4480//8029
f 4480//8030 4536//8030 4471//8030
f 4471//3169 4536//3169 4469//3169
f 4494//3357 4531//3357 4537//3357
f 4494//3357 4537//3357 4496//3357
f 4498//8031 4538//8031 4500//8031
f 4535//3357 4506//3357 4504//3357
f 4502//8032 4538//8032 4504//8032
f 4508//8033 4540//8033 4510//8033
f 4510//8034 4540//8034 4512//8034
f 4514//3357 4532//3357 4516//3357
f 4516//3357 4532//3357 4541//3357
f 4518//3357 4516//3357 4542//3357
f 4488//8035 4542//8035 4493//8035
f 4548//3357 4539//3357 4482//3357
f 4482//8036 4539//8036 4536//8036
f 4500//8037 4538//8037 4502//8037
f 4512//8038 4540//8038 4514//8038
f 4493//3170 4542//3170 4533//3170
f 4533//8039 4542//8039 4545//8039
f 4469//3357 4536//3357 4531//3357
f 4531//8040 4536//8040 4546//8040
f 4550//3357 4543//3357 4498//3357
f 4498//3357 4543//3357 4538//3357
f 4491//3357 4534//3357 4482//3357
f 4482//3357 4534//3357 4548//3357
f 4504//3357 4538//3357 4535//3357
f 4535//8041 4538//8041 4549//8041
f 4514//8038 4540//8038 4532//8038
f 4557//8042 4544//8042 4516//8042
f 4516//8043 4544//8043 4542//8043
f 4496//3357 4537//3357 4550//3357
f 4496//3357 4550//3357 4498//3357
f 4552//3364 4547//3364 4508//3364
f 4508//288 4547//288 4540//288
f 4532//8044 4540//8044 4556//8044
f 4516//8045 4541//8045 4557//8045
f 4533//8046 4545//8046 4553//8046
f 4531//8047 4546//8047 4554//8047
f 4506//8028 4535//8028 4551//8028
f 4506//8048 4551//8048 4508//8048
f 4508//8049 4551//8049 4552//8049
f 4535//8050 4549//8050 4555//8050
f 4544//8051 4580//8051 4542//8051
f 4542//8052 4580//8052 4579//8052
f 4580//8053 4544//8053 4557//8053
f 4579//8054 4581//8054 4542//8054
f 4581//8055 4545//8055 4542//8055
f 4553//8056 4545//8056 4578//8056
f 4581//8057 4578//8057 4545//8057
f 4582//8058 4558//8058 4562//8058
f 4578//8059 4570//8059 4553//8059
f 4570//8060 4578//8060 4581//8060
f 4579//8061 4580//8061 4566//8061
f 4581//8062 4579//8062 4566//8062
f 4581//8063 4566//8063 4570//8063
f 4547//8064 4585//8064 4540//8064
f 4540//8065 4585//8065 4582//8065
f 4585//8066 4547//8066 4586//8066
f 4586//8067 4547//8067 4552//8067
f 4582//8068 4562//8068 4540//8068
f 4540//8069 4584//8069 4556//8069
f 4584//8070 4540//8070 4562//8070
f 4543//8071 4588//8071 4538//8071
f 4538//8072 4588//8072 4574//8072
f 4588//8073 4543//8073 4550//8073
f 4574//8074 4591//8074 4538//8074
f 4591//8075 4549//8075 4538//8075
f 4555//8076 4549//8076 4587//8076
f 4591//8077 4587//8077 4549//8077
f 4539//8078 4590//8078 4536//8078
f 4536//8079 4590//8079 4583//8079
f 4590//8080 4539//8080 4548//8080
f 4583//8081 4592//8081 4536//8081
f 4592//8082 4546//8082 4536//8082
f 4554//8083 4546//8083 4589//8083
f 4592//8084 4589//8084 4546//8084
f 4582//8085 4585//8085 4586//8085
f 4589//8086 4577//8086 4554//8086
f 4577//8087 4589//8087 4592//8087
f 4592//8088 4583//8088 4577//8088
f 4580//8089 4557//8089 4541//8089
f 4580//8090 4565//8090 4566//8090
f 4563//8091 4556//8091 4584//8091
f 4563//8092 4584//8092 4562//8092
f 4556//8093 4563//8093 4532//8093
f 4532//8094 4563//8094 4564//8094
f 4532//8095 4564//8095 4565//8095
f 4532//8096 4565//8096 4541//8096
f 4541//8097 4565//8097 4580//8097
f 4590//8098 4567//8098 4583//8098
f 4569//8099 4553//8099 4570//8099
f 4553//8100 4569//8100 4533//8100
f 4533//8101 4569//8101 4568//8101
f 4533//8102 4568//8102 4534//8102
f 4534//8103 4568//8103 4567//8103
f 4534//8104 4567//8104 4548//8104
f 4548//8105 4567//8105 4590//8105
f 4552//8106 4560//8106 4561//8106
f 4552//8107 4561//8107 4586//8107
f 4561//8108 4558//8108 4586//8108
f 4586//8109 4558//8109 4582//8109
f 4551//8110 4560//8110 4552//8110
f 4573//8111 4555//8111 4587//8111
f 4573//8112 4587//8112 4591//8112
f 4555//8113 4573//8113 4535//8113
f 4535//8114 4573//8114 4572//8114
f 4535//8115 4572//8115 4571//8115
f 4535//8116 4571//8116 4551//8116
f 4551//8117 4571//8117 4559//8117
f 4551//8118 4559//8118 4560//8118
f 4588//8119 4575//8119 4574//8119
f 4554//8120 4577//8120 4531//8120
f 4531//8121 4577//8121 4576//8121
f 4531//8122 4576//8122 4537//8122
f 4537//8123 4576//8123 4575//8123
f 4537//8124 4575//8124 4550//8124
f 4550//8125 4575//8125 4588//8125
f 4603//8126 4593//8126 4594//8126
f 4593//8127 4595//8127 4596//8127
f 4597//8128 4595//8128 4598//8128
f 4598//8129 4599//8129 4600//8129
f 4599//8130 4601//8130 4753//8130
f 4608//8131 4607//8131 4609//8131
f 4610//8132 4609//8132 4611//8132
f 4611//8133 4609//8133 4612//8133
f 4619//8134 4618//8134 4620//8134
f 4622//8135 4621//8135 4750//8135
f 4631//8136 4630//8136 4632//8136
f 4636//8137 4682//8137 4635//8137
f 4634//8138 4637//8138 4635//8138
f 4593//8139 4641//8139 4642//8139
f 4642//8140 4641//8140 4643//8140
f 4645//8141 4644//8141 4646//8141
f 4649//8142 4647//8142 4648//8142
f 4651//8143 4648//8143 4650//8143
f 4650//8144 4648//8144 4690//8144
f 4651//8145 4643//8145 4641//8145
f 4486//8146 4652//8146 4653//8146
f 4487//8147 4649//8147 4652//8147
f 4653//8148 4645//8148 4646//8148
f 4653//8149 4652//8149 4645//8149
f 4671//8150 4659//8150 4670//8150
f 4661//8151 4677//8151 4678//8151
f 4664//8152 4675//8152 4665//8152
f 4656//8153 4640//8153 4666//8153
f 4668//8154 4667//8154 4662//8154
f 4670//8155 4633//8155 4671//8155
f 4676//8156 4702//8156 4663//8156
f 4680//8157 4681//8157 4679//8157
f 4475//8158 4689//8158 4685//8158
f 4475//8159 4476//8159 4689//8159
f 4476//8160 4478//8160 4684//8160
f 4684//8161 4478//8161 4686//8161
f 4686//8162 4687//8162 4688//8162
f 4642//8163 4643//8163 4473//8163
f 4473//8164 4643//8164 4472//8164
f 4485//8165 4487//8165 4652//8165
f 4486//8166 4485//8166 4652//8166
f 4649//8167 4487//8167 4647//8167
f 4468//8168 4650//8168 4690//8168
f 4651//8169 4650//8169 4468//8169
f 4647//8170 4690//8170 4648//8170
f 4651//8171 4468//8171 4470//8171
f 4651//8172 4470//8172 4643//8172
f 4643//8173 4470//8173 4472//8173
f 4486//8174 4653//8174 4481//8174
f 4481//8175 4653//8175 4646//8175
f 4646//8176 4644//8176 4481//8176
f 4481//8177 4644//8177 4483//8177
f 4475//8178 4685//8178 4473//8178
f 4473//8179 4685//8179 4642//8179
f 4483//8180 4644//8180 4688//8180
f 4483//8181 4688//8181 4687//8181
f 4483//8182 4687//8182 4479//8182
f 4479//8183 4687//8183 4686//8183
f 4479//8184 4686//8184 4478//8184
f 4691//8185 4464//8185 4463//8185
f 4464//8186 4692//8186 4465//8186
f 4465//8187 4692//8187 4466//8187
f 4461//8188 4466//8188 4692//8188
f 4463//8189 4462//8189 4691//8189
f 4660//8190 4693//8190 4669//8190
f 4694//8191 4697//8191 4696//8191
f 4695//8192 4694//8192 4696//8192
f 4697//8193 4698//8193 4696//8193
f 4696//8194 4698//8194 4699//8194
f 4700//8195 4699//8195 4698//8195
f 4677//8196 4699//8196 4700//8196
f 4678//8197 4677//8197 4700//8197
f 4680//8198 4701//8198 4681//8198
f 4681//8199 4701//8199 4679//8199
f 4694//8200 4695//8200 4679//8200
f 4694//8201 4679//8201 4701//8201
f 4669//8202 4693//8202 4680//8202
f 4680//8203 4693//8203 4701//8203
f 4660//8204 4661//8204 4693//8204
f 4693//8205 4661//8205 4678//8205
f 4662//8206 4703//8206 4668//8206
f 4668//8207 4703//8207 4667//8207
f 4675//8208 4664//8208 4704//8208
f 4704//8209 4664//8209 4667//8209
f 4704//8210 4667//8210 4703//8210
f 4703//8211 4662//8211 4702//8211
f 4702//8212 4662//8212 4663//8212
f 4706//8213 4705//8213 4707//8213
f 4676//8214 4706//8214 4702//8214
f 4708//8215 4707//8215 4705//8215
f 4675//8216 4709//8216 4665//8216
f 4713//8217 4716//8217 4717//8217
f 4714//8218 4711//8218 4712//8218
f 4716//8219 4719//8219 4717//8219
f 4721//8220 4672//8220 4673//8220
f 4640//8221 4722//8221 4666//8221
f 4722//8222 4724//8222 4656//8222
f 4722//8223 4656//8223 4666//8223
f 4654//8224 4723//8224 4674//8224
f 4724//8225 4723//8225 4654//8225
f 4654//8226 4655//8226 4724//8226
f 4724//8227 4655//8227 4656//8227
f 4723//8228 4720//8228 4674//8228
f 4725//8229 4722//8229 4640//8229
f 4640//8230 4639//8230 4725//8230
f 4725//8231 4639//8231 4638//8231
f 4725//8232 4638//8232 4673//8232
f 4725//8233 4673//8233 4672//8233
f 4713//8234 4712//8234 4711//8234
f 4738//8235 4737//8235 4718//8235
f 4657//8236 4659//8236 4652//8236
f 4683//8237 4461//8237 4692//8237
f 4649//8238 4658//8238 4652//8238
f 4692//8239 4740//8239 4683//8239
f 4649//8240 4683//8240 4658//8240
f 4652//8241 4658//8241 4657//8241
f 4659//8242 4645//8242 4652//8242
f 4645//8243 4659//8243 4632//8243
f 4632//8244 4659//8244 4671//8244
f 4644//8245 4630//8245 4688//8245
f 4688//8246 4630//8246 4629//8246
f 4688//8247 4629//8247 4628//8247
f 4618//8248 4476//8248 4620//8248
f 4476//8249 4618//8249 4617//8249
f 4476//8250 4617//8250 4689//8250
f 4617//8251 4676//8251 4663//8251
f 4685//8252 4662//8252 4667//8252
f 4617//8253 4663//8253 4689//8253
f 4689//8254 4663//8254 4685//8254
f 4685//8255 4663//8255 4662//8255
f 4595//8256 4642//8256 4685//8256
f 4595//8257 4685//8257 4598//8257
f 4685//8258 4667//8258 4599//8258
f 4685//8259 4599//8259 4598//8259
f 4665//8260 4601//8260 4664//8260
f 4664//8261 4601//8261 4599//8261
f 4664//8262 4599//8262 4667//8262
f 4639//8263 4640//8263 4593//8263
f 4593//8264 4640//8264 4641//8264
f 4641//8265 4640//8265 4656//8265
f 4651//8266 4654//8266 4648//8266
f 4648//8267 4654//8267 4674//8267
f 4654//8268 4651//8268 4655//8268
f 4655//8269 4651//8269 4656//8269
f 4656//8270 4651//8270 4641//8270
f 4691//8271 4674//8271 4464//8271
f 4464//8272 4674//8272 4720//8272
f 4464//8273 4720//8273 4718//8273
f 4464//8274 4718//8274 4692//8274
f 4674//8275 4691//8275 4648//8275
f 4648//8276 4691//8276 4462//8276
f 4648//8277 4462//8277 4649//8277
f 4462//8278 4461//8278 4649//8278
f 4461//8279 4683//8279 4649//8279
f 4741//8280 4614//8280 4613//8280
f 4741//8281 4613//8281 4612//8281
f 4727//8282 4612//8282 4609//8282
f 4727//8283 4609//8283 4728//8283
f 4726//8284 4699//8284 4626//8284
f 4726//8285 4626//8285 4682//8285
f 4699//8286 4726//8286 4609//8286
f 4609//8287 4726//8287 4728//8287
f 4625//8288 4634//8288 4635//8288
f 4625//8289 4635//8289 4626//8289
f 4626//8290 4635//8290 4682//8290
f 4624//8291 4634//8291 4625//8291
f 4671//8292 4633//8292 4632//8292
f 4634//8293 4624//8293 4632//8293
f 4634//8294 4632//8294 4633//8294
f 4727//8295 4741//8295 4612//8295
f 4741//8296 4727//8296 4729//8296
f 4684//8297 4680//8297 4679//8297
f 4686//8298 4680//8298 4684//8298
f 4660//8299 4669//8299 4688//8299
f 4669//8300 4686//8300 4688//8300
f 4684//8301 4679//8301 4695//8301
f 4684//8302 4695//8302 4696//8302
f 4669//8303 4680//8303 4686//8303
f 4688//8304 4628//8304 4660//8304
f 4626//8305 4677//8305 4627//8305
f 4627//8306 4677//8306 4661//8306
f 4627//8307 4661//8307 4628//8307
f 4628//8308 4661//8308 4660//8308
f 4626//8309 4699//8309 4677//8309
f 4615//8310 4696//8310 4699//8310
f 4696//8311 4623//8311 4750//8311
f 4623//8312 4696//8312 4615//8312
f 4615//8313 4705//8313 4616//8313
f 4616//8314 4705//8314 4706//8314
f 4616//8315 4706//8315 4617//8315
f 4617//8316 4706//8316 4676//8316
f 4699//8317 4709//8317 4708//8317
f 4601//8318 4665//8318 4709//8318
f 4601//8319 4709//8319 4699//8319
f 4699//8320 4708//8320 4615//8320
f 4615//8321 4708//8321 4705//8321
f 4642//8322 4595//8322 4593//8322
f 4601//8323 4673//8323 4602//8323
f 4602//8324 4673//8324 4638//8324
f 4639//8325 4593//8325 4603//8325
f 4639//8326 4603//8326 4602//8326
f 4639//8327 4602//8327 4638//8327
f 4699//8328 4719//8328 4721//8328
f 4609//8329 4717//8329 4719//8329
f 4609//8330 4719//8330 4699//8330
f 4699//8331 4721//8331 4601//8331
f 4601//8332 4721//8332 4673//8332
f 4614//8333 4741//8333 4738//8333
f 4614//8334 4738//8334 4604//8334
f 4604//8335 4738//8335 4718//8335
f 4604//8336 4718//8336 4710//8336
f 4740//8337 4692//8337 4737//8337
f 4737//8338 4692//8338 4718//8338
f 4604//8339 4710//8339 4605//8339
f 4605//8340 4710//8340 4715//8340
f 4605//8341 4715//8341 4606//8341
f 4606//8342 4715//8342 4714//8342
f 4606//8343 4714//8343 4607//8343
f 4607//8344 4714//8344 4712//8344
f 4607//8345 4712//8345 4609//8345
f 4609//8346 4712//8346 4713//8346
f 4609//8347 4713//8347 4717//8347
f 4696//8348 4750//8348 4684//8348
f 4684//8349 4750//8349 4621//8349
f 4684//8350 4621//8350 4620//8350
f 4684//8351 4620//8351 4476//8351
f 4632//8352 4630//8352 4644//8352
f 4632//8353 4644//8353 4645//8353
f 4727//8354 4728//8354 4731//8354
f 4728//8355 4726//8355 4731//8355
f 4732//8356 4731//8356 4726//8356
f 4682//8357 4732//8357 4726//8357
f 4732//8358 4682//8358 4636//8358
f 4733//8359 4741//8359 4730//8359
f 4683//8360 4734//8360 4658//8360
f 4670//8361 4735//8361 4633//8361
f 4736//8362 4735//8362 4659//8362
f 4659//8363 4735//8363 4670//8363
f 4657//8364 4658//8364 4734//8364
f 4657//8365 4734//8365 4736//8365
f 4657//8366 4736//8366 4659//8366
f 4739//8367 4683//8367 4740//8367
f 4737//8368 4739//8368 4740//8368
f 4739//8369 4734//8369 4683//8369
f 4636//8370 4635//8370 4637//8370
f 4637//8371 4634//8371 4633//8371
f 4637//8372 4633//8372 4735//8372
f 4729//8373 4730//8373 4741//8373
f 4741//8374 4733//8374 4738//8374
f 4630//8375 4631//8375 4629//8375
f 4626//8376 4627//8376 4625//8376
f 4624//8377 4742//8377 4632//8377
f 4742//8378 4631//8378 4632//8378
f 4744//8379 4629//8379 4631//8379
f 4629//8380 4744//8380 4746//8380
f 4629//8381 4746//8381 4628//8381
f 4628//8382 4746//8382 4627//8382
f 4627//8383 4746//8383 4745//8383
f 4743//8384 4625//8384 4745//8384
f 4745//8385 4625//8385 4627//8385
f 4624//8386 4625//8386 4743//8386
f 4616//8387 4617//8387 4747//8387
f 4747//8388 4617//8388 4618//8388
f 4620//8389 4621//8389 4619//8389
f 4623//8390 4615//8390 4750//8390
f 4747//8391 4618//8391 4748//8391
f 4749//8392 4616//8392 4747//8392
f 4749//8393 4750//8393 4615//8393
f 4619//8394 4621//8394 4622//8394
f 4748//8395 4618//8395 4619//8395
f 4749//8396 4615//8396 4616//8396
f 4609//8397 4610//8397 4608//8397
f 4607//8398 4608//8398 4606//8398
f 4614//8399 4604//8399 4613//8399
f 4613//8400 4751//8400 4752//8400
f 4752//8401 4611//8401 4612//8401
f 4613//8402 4604//8402 4751//8402
f 4752//8403 4612//8403 4613//8403
f 4604//8404 4605//8404 4606//8404
f 4611//8405 4752//8405 4610//8405
f 4598//8406 4600//8406 4597//8406
f 4596//8407 4595//8407 4597//8407
f 4599//8408 4753//8408 4600//8408
f 4603//8409 4594//8409 4602//8409
f 4594//8410 4593//8410 4596//8410
f 4637//8411 4735//8411 4734//8411
f 4736//8412 4734//8412 4735//8412
f 4734//8413 4739//8413 4733//8413
f 4737//8414 4738//8414 4739//8414
f 4739//8415 4738//8415 4733//8415
f 4733//8416 4730//8416 4734//8416
f 4734//8417 4730//8417 4637//8417
f 4637//8418 4730//8418 4729//8418
f 4637//8419 4729//8419 4727//8419
f 4637//8420 4727//8420 4636//8420
f 4636//8421 4727//8421 4731//8421
f 4731//8422 4732//8422 4636//8422
f 4693//8423 4694//8423 4701//8423
f 4700//8424 4698//8424 4697//8424
f 4694//8425 4678//8425 4697//8425
f 4697//8426 4678//8426 4700//8426
f 4693//8427 4678//8427 4694//8427
f 4707//8428 4675//8428 4706//8428
f 4706//8429 4675//8429 4704//8429
f 4708//8430 4709//8430 4707//8430
f 4707//8431 4709//8431 4675//8431
f 4704//8432 4702//8432 4706//8432
f 4704//8433 4703//8433 4702//8433
f 4721//8434 4719//8434 4716//8434
f 4716//8435 4672//8435 4721//8435
f 4672//8436 4716//8436 4725//8436
f 4725//8437 4716//8437 4713//8437
f 4725//8438 4713//8438 4711//8438
f 4725//8439 4711//8439 4723//8439
f 4723//8440 4711//8440 4714//8440
f 4723//8441 4714//8441 4715//8441
f 4718//8442 4720//8442 4710//8442
f 4710//8443 4720//8443 4715//8443
f 4715//8444 4720//8444 4723//8444
f 4724//8445 4722//8445 4725//8445
f 4725//8446 4723//8446 4724//8446
f 4755//8447 4594//8447 4596//8447
f 4755//8448 4596//8448 4756//8448
f 4756//8449 4596//8449 4757//8449
f 4757//8450 4596//8450 4597//8450
f 4757//8451 4597//8451 4600//8451
f 4757//8452 4600//8452 4753//8452
f 4757//8453 4753//8453 4758//8453
f 4758//8454 4753//8454 4601//8454
f 4758//8455 4601//8455 4759//8455
f 4759//8456 4601//8456 4602//8456
f 4759//8457 4602//8457 4755//8457
f 4755//8458 4602//8458 4594//8458
f 4760//8459 4757//8459 4758//8459
f 4758//8460 4759//8460 4766//8460
f 4766//8461 4760//8461 4758//8461
f 4767//8462 4768//8462 4773//8462
f 4763//8463 4768//8463 4767//8463
f 4763//8464 4769//8464 4768//8464
f 4763//8465 4764//8465 4769//8465
f 4764//8466 4770//8466 4769//8466
f 4764//8467 4761//8467 4770//8467
f 4761//8468 4773//8468 4770//8468
f 4773//8469 4761//8469 4771//8469
f 4762//8470 4771//8470 4761//8470
f 4762//8471 4772//8471 4771//8471
f 4772//8472 4762//8472 4754//8472
f 4754//8473 4760//8473 4772//8473
f 4769//8474 4765//8474 4768//8474
f 4770//8475 4765//8475 4769//8475
f 4764//8476 4763//8476 4760//8476
f 4757//8477 4760//8477 4756//8477
f 4756//8478 4760//8478 4754//8478
f 4771//8479 4767//8479 4773//8479
f 4772//8480 4767//8480 4771//8480
f 4772//8481 4763//8481 4767//8481
f 4760//8482 4763//8482 4772//8482
f 4766//8483 4764//8483 4760//8483
f 4766//8484 4761//8484 4764//8484
f 4759//8485 4761//8485 4766//8485
f 4755//8486 4762//8486 4759//8486
f 4759//8487 4762//8487 4761//8487
f 4756//8488 4754//8488 4755//8488
f 4755//8489 4754//8489 4762//8489
f 4765//8490 4770//8490 4773//8490
f 4773//8491 4768//8491 4765//8491
f 4775//8492 4749//8492 4776//8492
f 4776//8493 4749//8493 4747//8493
f 4776//8494 4747//8494 4777//8494
f 4777//8495 4747//8495 4748//8495
f 4777//8496 4748//8496 4774//8496
f 4774//8497 4748//8497 4619//8497
f 4774//8498 4619//8498 4778//8498
f 4778//8499 4619//8499 4622//8499
f 4778//8500 4622//8500 4750//8500
f 4778//8501 4750//8501 4775//8501
f 4775//8502 4750//8502 4749//8502
f 4774//8503 4776//8503 4777//8503
f 4774//8504 4775//8504 4776//8504
f 4775//8505 4774//8505 4778//8505
f 4780//8506 4743//8506 4781//8506
f 4781//8507 4743//8507 4745//8507
f 4781//8508 4745//8508 4782//8508
f 4782//8509 4745//8509 4746//8509
f 4782//8510 4746//8510 4783//8510
f 4783//8511 4746//8511 4744//8511
f 4783//8512 4744//8512 4631//8512
f 4783//8513 4631//8513 4742//8513
f 4783//8514 4742//8514 4779//8514
f 4779//8515 4742//8515 4624//8515
f 4779//8516 4624//8516 4743//8516
f 4779//8517 4743//8517 4780//8517
f 4787//8518 4781//8518 4782//8518
f 4783//8519 4784//8519 4782//8519
f 4783//8520 4779//8520 4784//8520
f 4786//8521 4784//8521 4779//8521
f 4782//8522 4793//8522 4787//8522
f 4795//8523 4792//8523 4791//8523
f 4790//8524 4789//8524 4796//8524
f 4794//8525 4795//8525 4801//8525
f 4794//8526 4792//8526 4795//8526
f 4796//8527 4789//8527 4797//8527
f 4797//8528 4789//8528 4788//8528
f 4797//8529 4788//8529 4798//8529
f 4788//8530 4786//8530 4798//8530
f 4798//8531 4786//8531 4799//8531
f 4799//8532 4786//8532 4785//8532
f 4799//8533 4785//8533 4800//8533
f 4800//8534 4785//8534 4787//8534
f 4800//8535 4787//8535 4793//8535
f 4780//8536 4781//8536 4787//8536
f 4801//8537 4796//8537 4797//8537
f 4797//8538 4794//8538 4801//8538
f 4798//8539 4794//8539 4797//8539
f 4799//8540 4792//8540 4798//8540
f 4798//8541 4792//8541 4794//8541
f 4799//8542 4791//8542 4792//8542
f 4800//8543 4791//8543 4799//8543
f 4800//8544 4790//8544 4791//8544
f 4793//8545 4790//8545 4800//8545
f 4793//8546 4789//8546 4790//8546
f 4793//8547 4782//8547 4789//8547
f 4782//8548 4784//8548 4789//8548
f 4784//8549 4788//8549 4789//8549
f 4786//8550 4788//8550 4784//8550
f 4779//8551 4785//8551 4786//8551
f 4780//8552 4785//8552 4779//8552
f 4787//8553 4785//8553 4780//8553
f 4801//8554 4791//8554 4790//8554
f 4796//8555 4801//8555 4790//8555
f 4801//8556 4795//8556 4791//8556
f 4802//8557 4807//8557 4806//8557
f 4803//8558 4604//8558 4804//8558
f 4804//8559 4604//8559 4606//8559
f 4804//8560 4606//8560 4805//8560
f 4805//8561 4606//8561 4608//8561
f 4805//8562 4608//8562 4806//8562
f 4806//8563 4608//8563 4610//8563
f 4806//8564 4610//8564 4802//8564
f 4802//8565 4610//8565 4752//8565
f 4802//8566 4752//8566 4751//8566
f 4802//8567 4751//8567 4803//8567
f 4803//8568 4751//8568 4604//8568
f 4804//8569 4805//8569 4807//8569
f 4807//8570 4805//8570 4806//8570
f 4804//8571 4807//8571 4802//8571
f 4804//8572 4802//8572 4803//8572
f 4463//8573 4809//8573 4462//8573
f 4462//8574 4809//8574 4461//8574
f 4465//8575 4810//8575 4464//8575
f 4464//8576 4810//8576 4463//8576
f 4810//8577 4814//8577 4811//8577
f 4808//8578 4466//8578 4813//8578
f 4814//8579 4810//8579 4465//8579
f 4814//8580 4465//8580 4808//8580
f 4815//8581 4463//8581 4814//8581
f 4812//8582 4461//8582 4813//8582
f 4813//8583 4461//8583 4809//8583
f 4808//8584 4465//8584 4466//8584
f 4461//8585 4812//8585 4466//8585
f 4466//8586 4812//8586 4813//8586
f 4810//8587 4811//8587 4463//8587
f 4463//8588 4811//8588 4814//8588
f 4815//8589 4809//8589 4463//8589
f 4809//8590 4815//8590 4813//8590
f 4814//8591 4813//8591 4815//8591
f 4813//8592 4814//8592 4808//8592
f 4816//250 4819//250 4818//250
f 4816//6821 4820//6821 4819//6821
f 4816//217 4821//217 4820//217
f 4816//8593 4822//8593 4821//8593
f 4816//222 4823//222 4822//222
f 4816//217 4824//217 4823//217
f 4825//217 4824//217 4816//217
f 4817//217 4825//217 4816//217
f 4825//8594 4525//8594 4824//8594
f 4820//8595 4530//8595 4819//8595
f 4529//8596 4822//8596 4524//8596
f 4524//8597 4822//8597 4823//8597
f 4524//8598 4823//8598 4824//8598
f 4524//8599 4824//8599 4519//8599
f 4519//8600 4824//8600 4525//8600
f 4530//8601 4820//8601 4523//8601
f 4523//8602 4820//8602 4821//8602
f 4523//8603 4821//8603 4522//8603
f 4522//8604 4821//8604 4822//8604
f 4522//8605 4822//8605 4529//8605
f 4526//8606 4816//8606 4527//8606
f 4527//8607 4816//8607 4818//8607
f 4527//8608 4818//8608 4819//8608
f 4527//8609 4819//8609 4528//8609
f 4528//8610 4819//8610 4530//8610
f 4525//8611 4825//8611 4520//8611
f 4520//8612 4825//8612 4817//8612
f 4520//8613 4817//8613 4521//8613
f 4521//8614 4817//8614 4816//8614
f 4521//8615 4816//8615 4526//8615
f 4826//8616 4558//8616 4561//8616
f 4826//8617 4561//8617 4560//8617
f 4826//8618 4571//8618 4827//8618
f 4827//8619 4571//8619 4572//8619
f 4827//8620 4572//8620 4573//8620
f 4827//8621 4573//8621 4828//8621
f 4828//8622 4573//8622 4591//8622
f 4828//8623 4591//8623 4574//8623
f 4828//8624 4574//8624 4829//8624
f 4829//8625 4574//8625 4575//8625
f 4829//8626 4575//8626 4576//8626
f 4829//8627 4576//8627 4830//8627
f 4830//8628 4576//8628 4577//8628
f 4830//8629 4577//8629 4583//8629
f 4830//8630 4583//8630 4567//8630
f 4830//8631 4567//8631 4831//8631
f 4831//8632 4567//8632 4568//8632
f 4831//8633 4568//8633 4832//8633
f 4832//8634 4568//8634 4569//8634
f 4832//8635 4569//8635 4570//8635
f 4832//8636 4570//8636 4833//8636
f 4833//8637 4570//8637 4566//8637
f 4833//8638 4566//8638 4565//8638
f 4833//8639 4565//8639 4834//8639
f 4834//8640 4565//8640 4564//8640
f 4834//8641 4564//8641 4835//8641
f 4835//8642 4564//8642 4563//8642
f 4835//8643 4563//8643 4562//8643
f 4835//8644 4562//8644 4836//8644
f 4836//8645 4562//8645 4558//8645
f 4836//8646 4558//8646 4826//8646
f 4826//8647 4560//8647 4559//8647
f 4826//8648 4559//8648 4571//8648
f 4835//3357 4832//3357 4833//3357
f 4831//3357 4832//3357 4835//3357
f 4830//3357 4831//3357 4835//3357
f 4835//3357 4829//3357 4830//3357
f 4828//3357 4829//3357 4835//3357
f 4827//3357 4828//3357 4835//3357
f 4836//3357 4826//3357 4835//3357
f 4835//3357 4826//3357 4827//3357
f 4833//3357 4834//3357 4835//3357
f 4845//8649 4847//8649 4846//8649
f 4846//8650 4847//8650 4992//8650
f 4846//8651 4992//8651 4848//8651
f 4844//8652 4851//8652 4850//8652
f 4849//8653 4846//8653 4851//8653
f 4846//8654 4849//8654 4845//8654
f 4844//8655 4843//8655 4851//8655
f 4852//8656 5036//8656 4843//8656
f 4852//8657 4843//8657 4844//8657
f 4852//8658 4853//8658 5036//8658
f 4857//8659 4854//8659 4852//8659
f 4852//8660 4854//8660 4853//8660
f 4855//8661 4856//8661 4857//8661
f 4858//8662 4857//8662 4852//8662
f 4859//8663 4860//8663 4855//8663
f 4855//8664 4860//8664 4856//8664
f 4861//8665 4862//8665 4859//8665
f 4861//8666 4859//8666 4855//8666
f 4848//8667 4989//8667 4861//8667
f 4989//8668 4862//8668 4861//8668
f 4848//8669 4992//8669 4989//8669
f 4864//8670 4865//8670 4867//8670
f 4864//8671 4867//8671 4868//8671
f 4868//8672 4867//8672 4869//8672
f 4868//8673 4869//8673 4870//8673
f 4870//8674 4869//8674 4871//8674
f 4870//8675 4871//8675 4866//8675
f 4866//8676 4871//8676 4873//8676
f 4866//8677 4873//8677 4872//8677
f 4872//8678 4873//8678 4874//8678
f 4872//8679 4874//8679 4876//8679
f 4872//8680 4876//8680 4877//8680
f 4877//8681 4876//8681 4878//8681
f 4877//8682 4878//8682 4879//8682
f 4879//8683 4878//8683 4880//8683
f 4879//8684 4880//8684 4881//8684
f 4881//8685 4880//8685 4882//8685
f 4881//8686 4882//8686 4883//8686
f 4883//8687 4882//8687 4875//8687
f 4883//8688 4875//8688 4884//8688
f 4884//8689 4875//8689 4885//8689
f 4857//8690 4858//8690 4855//8690
f 4855//8691 4858//8691 4886//8691
f 4886//8692 4858//8692 4887//8692
f 4886//8693 4887//8693 4888//8693
f 4888//8694 4887//8694 4889//8694
f 4888//8695 4889//8695 4885//8695
f 4885//8696 4889//8696 4884//8696
f 4851//8697 4846//8697 4850//8697
f 4850//8698 4846//8698 4891//8698
f 4891//8699 4846//8699 4892//8699
f 4891//8700 4892//8700 4893//8700
f 4891//8701 4893//8701 4894//8701
f 4894//8702 4893//8702 4863//8702
f 4894//8703 4863//8703 4890//8703
f 4865//8704 4864//8704 4890//8704
f 4865//8705 4890//8705 4863//8705
f 4896//217 4858//217 4895//217
f 4895//8706 4858//8706 4852//8706
f 4899//217 4887//217 4896//217
f 4896//217 4887//217 4858//217
f 4898//217 4877//217 4897//217
f 4897//217 4877//217 4879//217
f 4898//217 4872//217 4877//217
f 4899//217 4889//217 4887//217
f 4900//217 4884//217 4899//217
f 4899//217 4884//217 4889//217
f 4897//217 4879//217 4881//217
f 4897//217 4881//217 4900//217
f 4901//217 4866//217 4898//217
f 4898//217 4866//217 4872//217
f 4900//217 4881//217 4883//217
f 4900//217 4883//217 4884//217
f 4904//217 4890//217 4903//217
f 4903//217 4890//217 4902//217
f 4902//217 4890//217 4864//217
f 4904//217 4891//217 4894//217
f 4904//217 4894//217 4890//217
f 4895//233 4852//233 4905//233
f 4902//217 4864//217 4868//217
f 4902//217 4868//217 4901//217
f 4901//217 4868//217 4870//217
f 4901//217 4870//217 4866//217
f 4906//217 4891//217 4904//217
f 4852//218 4844//218 4905//218
f 4905//222 4844//222 4850//222
f 4905//217 4850//217 4906//217
f 4906//217 4850//217 4891//217
f 4907//8707 4867//8707 4908//8707
f 4909//3357 4869//3357 4907//3357
f 4907//3357 4869//3357 4867//3357
f 4863//8708 4914//8708 4865//8708
f 4865//8709 4914//8709 4867//8709
f 4910//3357 4880//3357 4878//3357
f 4892//3357 4911//3357 4893//3357
f 4893//8710 4911//8710 4912//8710
f 4893//3170 4914//3170 4863//3170
f 4911//3357 4892//3357 4846//3357
f 4911//8711 4846//8711 4913//8711
f 4871//8712 4924//8712 4873//8712
f 4873//8713 4924//8713 4874//8713
f 4861//8714 4919//8714 4848//8714
f 4848//8715 4919//8715 4846//8715
f 4874//8716 4924//8716 4876//8716
f 4882//8717 4921//8717 4875//8717
f 4855//3170 4919//3170 4861//3170
f 4893//8718 4912//8718 4920//8718
f 4876//8719 4924//8719 4915//8719
f 4888//8720 4917//8720 4918//8720
f 4888//3357 4918//3357 4886//3357
f 4867//8709 4914//8709 4908//8709
f 4875//8721 4921//8721 4885//8721
f 4885//8722 4921//8722 4888//8722
f 4871//8723 4923//8723 4924//8723
f 4876//8030 4915//8030 4916//8030
f 4876//3357 4916//3357 4910//3357
f 4876//3357 4910//3357 4878//3357
f 4855//8724 4922//8724 4925//8724
f 4893//8725 4920//8725 4914//8725
f 4886//3357 4918//3357 4855//3357
f 4855//303 4918//303 4922//303
f 4923//8726 4871//8726 4909//8726
f 4909//8036 4871//8036 4869//8036
f 4882//8727 4926//8727 4927//8727
f 4880//8728 4910//8728 4926//8728
f 4880//8715 4926//8715 4882//8715
f 4855//8729 4925//8729 4919//8729
f 4846//8730 4919//8730 4913//8730
f 4882//8727 4927//8727 4921//8727
f 4888//8731 4921//8731 4917//8731
f 4930//8732 4921//8732 4928//8732
f 4928//8733 4921//8733 4927//8733
f 4926//8734 4928//8734 4927//8734
f 4929//8735 4917//8735 4921//8735
f 4929//8736 4921//8736 4930//8736
f 4938//8737 4924//8737 4931//8737
f 4923//8738 4931//8738 4924//8738
f 4916//8739 4915//8739 4935//8739
f 4935//8740 4915//8740 4938//8740
f 4938//8741 4915//8741 4924//8741
f 4933//8742 4914//8742 4932//8742
f 4932//8743 4914//8743 4920//8743
f 4912//8744 4932//8744 4920//8744
f 4936//8745 4908//8745 4914//8745
f 4936//8746 4914//8746 4933//8746
f 4939//8747 4919//8747 4934//8747
f 4934//8748 4919//8748 4925//8748
f 4922//8749 4934//8749 4925//8749
f 4937//8750 4913//8750 4919//8750
f 4937//8751 4919//8751 4939//8751
f 4941//8752 4940//8752 4942//8752
f 4941//8753 4942//8753 4943//8753
f 4952//8754 4951//8754 4953//8754
f 4955//8755 4954//8755 4956//8755
f 4963//8756 4962//8756 4964//8756
f 4965//8757 4964//8757 4966//8757
f 5098//8758 4968//8758 4969//8758
f 4960//8759 4969//8759 4961//8759
f 4973//8760 4972//8760 4974//8760
f 4975//8761 4974//8761 4976//8761
f 4981//8762 4982//8762 4983//8762
f 5017//8763 5018//8763 4984//8763
f 4942//8764 4995//8764 5031//8764
f 5031//8765 4995//8765 4986//8765
f 4986//8766 4995//8766 4987//8766
f 4991//8767 4989//8767 4990//8767
f 4994//8768 4990//8768 4992//8768
f 4847//8769 4993//8769 4994//8769
f 4994//8770 4993//8770 4995//8770
f 4993//8771 4987//8771 4995//8771
f 4859//8772 4997//8772 4996//8772
f 4862//8773 4991//8773 4997//8773
f 5004//8774 5006//8774 5024//8774
f 5009//8775 5021//8775 5020//8775
f 5009//8776 5020//8776 5010//8776
f 5000//8777 5012//8777 5011//8777
f 5008//8778 5014//8778 5013//8778
f 5007//8779 5026//8779 5025//8779
f 4982//8780 5027//8780 4983//8780
f 5029//8781 4853//8781 4854//8781
f 4843//8782 5036//8782 5035//8782
f 5036//8783 4853//8783 5030//8783
f 5030//8784 4853//8784 5029//8784
f 5029//8785 4854//8785 5033//8785
f 5032//8786 5035//8786 5036//8786
f 4986//8787 4987//8787 4851//8787
f 4851//8788 4987//8788 4849//8788
f 4859//8789 4862//8789 4997//8789
f 4996//8790 4860//8790 4859//8790
f 4991//8791 4862//8791 4989//8791
f 4994//8792 4992//8792 4847//8792
f 4993//8793 4847//8793 4845//8793
f 4989//8794 4992//8794 4990//8794
f 4849//8795 4987//8795 4845//8795
f 4845//8796 4987//8796 4993//8796
f 4860//8797 4996//8797 4856//8797
f 4856//8798 4996//8798 4988//8798
f 4988//8799 5034//8799 4856//8799
f 4856//8800 5034//8800 4857//8800
f 4843//8801 5035//8801 5032//8801
f 4843//8802 5032//8802 4851//8802
f 4851//8803 5032//8803 5031//8803
f 4986//8804 4851//8804 5031//8804
f 4857//8805 5034//8805 5033//8805
f 4857//8806 5033//8806 4854//8806
f 5037//8807 4841//8807 4840//8807
f 5037//8808 4840//8808 5039//8808
f 5039//8809 4840//8809 4839//8809
f 4841//8810 5037//8810 4842//8810
f 4838//8811 4837//8811 5038//8811
f 5038//8812 4837//8812 4842//8812
f 4838//8813 5039//8813 4839//8813
f 5005//8814 5040//8814 5015//8814
f 5041//8815 5044//8815 5042//8815
f 5042//8816 5044//8816 5043//8816
f 5044//8817 5045//8817 5043//8817
f 5043//8818 5045//8818 5046//8818
f 5006//8819 5046//8819 5045//8819
f 5024//8820 5006//8820 5045//8820
f 5007//8821 5047//8821 5026//8821
f 5026//8822 5047//8822 5025//8822
f 5041//8823 5042//8823 5025//8823
f 5041//8824 5025//8824 5047//8824
f 5015//8825 5040//8825 5007//8825
f 5007//8826 5040//8826 5047//8826
f 5048//8827 5040//8827 5005//8827
f 5005//8828 5004//8828 5048//8828
f 5048//8829 5004//8829 5024//8829
f 5049//8830 5023//8830 5022//8830
f 5008//8831 5050//8831 5014//8831
f 5014//8832 5050//8832 5013//8832
f 5009//8833 5010//8833 5050//8833
f 5050//8834 5010//8834 5013//8834
f 5050//8835 5008//8835 5049//8835
f 5049//8836 5008//8836 5023//8836
f 5052//8837 5054//8837 5051//8837
f 5052//8838 5053//8838 5054//8838
f 5056//8839 5054//8839 5055//8839
f 5055//8840 5054//8840 5053//8840
f 5055//8841 5020//8841 5056//8841
f 5021//8842 5056//8842 5020//8842
f 5022//8843 5052//8843 5049//8843
f 5064//8844 5061//8844 5063//8844
f 5064//8845 5062//8845 5061//8845
f 5061//8846 5062//8846 5060//8846
f 5074//8847 5059//8847 5058//8847
f 5063//8848 5066//8848 5064//8848
f 5066//8849 5069//8849 5064//8849
f 5066//8850 5068//8850 5069//8850
f 5068//8851 5018//8851 5069//8851
f 5069//8852 5018//8852 5017//8852
f 5012//8853 5070//8853 5011//8853
f 5070//8854 5072//8854 5011//8854
f 5011//8855 5072//8855 5000//8855
f 4998//8856 5071//8856 5019//8856
f 4998//8857 4999//8857 5071//8857
f 5071//8858 4999//8858 5000//8858
f 5071//8859 5000//8859 5072//8859
f 5071//8860 5067//8860 5019//8860
f 5073//8861 5070//8861 5012//8861
f 5012//8862 4985//8862 5073//8862
f 5073//8863 4985//8863 5018//8863
f 5018//8864 4985//8864 4984//8864
f 5060//8865 5059//8865 5074//8865
f 5028//8866 5038//8866 4842//8866
f 4991//8867 5028//8867 4997//8867
f 4997//8868 5028//8868 5002//8868
f 4842//8869 5091//8869 5028//8869
f 4997//8870 5002//8870 4996//8870
f 4996//8871 5002//8871 5001//8871
f 4988//8872 4996//8872 5001//8872
f 5001//8873 5003//8873 4988//8873
f 4988//8874 5003//8874 5075//8874
f 5075//8875 5003//8875 5016//8875
f 5034//8876 4977//8876 4976//8876
f 5034//8877 5029//8877 5033//8877
f 4964//8878 5036//8878 4966//8878
f 5036//8879 4964//8879 4962//8879
f 5036//8880 5022//8880 5023//8880
f 5036//8881 5023//8881 5032//8881
f 5008//8882 5013//8882 5031//8882
f 5032//8883 5008//8883 5031//8883
f 5032//8884 5023//8884 5008//8884
f 4945//8885 4944//8885 5031//8885
f 5031//8886 4944//8886 4942//8886
f 5013//8887 4945//8887 5031//8887
f 4945//8888 5013//8888 5010//8888
f 4945//8889 5010//8889 4946//8889
f 4946//8890 5010//8890 4947//8890
f 4947//8891 5010//8891 5020//8891
f 4942//8892 5012//8892 4995//8892
f 4995//8893 5012//8893 5000//8893
f 4998//8894 5019//8894 4994//8894
f 4994//8895 5019//8895 4990//8895
f 4998//8896 4994//8896 4999//8896
f 4999//8897 4994//8897 4995//8897
f 4999//8898 4995//8898 5000//8898
f 5039//8899 5019//8899 5037//8899
f 5037//8900 5019//8900 5067//8900
f 5037//8901 5067//8901 5065//8901
f 5019//8902 5039//8902 4990//8902
f 4990//8903 5039//8903 4838//8903
f 4990//8904 4838//8904 4991//8904
f 4838//8905 5038//8905 4991//8905
f 5038//8906 5028//8906 4991//8906
f 4958//8907 4957//8907 5094//8907
f 4957//8908 4956//8908 5079//8908
f 5094//8909 4959//8909 4958//8909
f 5079//8910 4956//8910 5077//8910
f 5077//8911 4956//8911 4954//8911
f 5076//8912 4972//8912 4983//8912
f 4954//8913 5076//8913 5077//8913
f 4970//8914 4981//8914 4983//8914
f 4970//8915 4983//8915 4971//8915
f 4971//8916 4983//8916 4972//8916
f 5016//8917 4980//8917 5075//8917
f 4981//8918 4970//8918 5075//8918
f 4981//8919 5075//8919 4980//8919
f 5079//8920 5094//8920 4957//8920
f 5094//8921 5079//8921 5080//8921
f 5086//8922 5094//8922 5080//8922
f 5030//8923 5007//8923 5025//8923
f 5029//8924 5007//8924 5030//8924
f 5005//8925 5015//8925 5034//8925
f 5015//8926 5029//8926 5034//8926
f 5030//8927 5025//8927 5042//8927
f 5029//8928 5015//8928 5007//8928
f 5034//8929 4976//8929 5005//8929
f 5005//8930 4976//8930 4974//8930
f 4972//8931 5006//8931 5004//8931
f 4972//8932 5004//8932 4974//8932
f 4974//8933 5004//8933 5005//8933
f 5076//8934 5046//8934 4972//8934
f 4972//8935 5046//8935 5006//8935
f 4961//8936 5043//8936 5046//8936
f 4961//8937 5046//8937 5076//8937
f 5030//8938 5042//8938 4968//8938
f 4968//8939 5042//8939 4969//8939
f 4969//8940 5042//8940 5043//8940
f 4969//8941 5043//8941 4961//8941
f 5036//8942 4962//8942 5097//8942
f 5036//8943 5097//8943 5022//8943
f 4961//8944 5053//8944 5052//8944
f 4961//8945 5052//8945 5097//8945
f 5097//8946 5052//8946 5022//8946
f 4947//8947 5020//8947 5055//8947
f 4947//8948 5055//8948 5076//8948
f 5076//8949 5055//8949 4961//8949
f 4961//8950 5055//8950 5053//8950
f 4947//8951 5017//8951 4948//8951
f 4948//8952 5017//8952 4984//8952
f 4948//8953 4984//8953 4949//8953
f 4940//8954 5012//8954 4942//8954
f 5012//8955 4940//8955 4949//8955
f 5012//8956 4949//8956 4985//8956
f 4985//8957 4949//8957 4984//8957
f 4954//8958 5064//8958 5069//8958
f 4954//8959 5069//8959 5076//8959
f 5076//8960 5069//8960 4947//8960
f 4947//8961 5069//8961 5017//8961
f 4959//8962 5094//8962 5090//8962
f 4959//8963 5090//8963 4950//8963
f 4950//8964 5090//8964 5065//8964
f 4950//8965 5065//8965 5057//8965
f 5091//8966 4842//8966 5037//8966
f 5091//8967 5037//8967 5090//8967
f 5090//8968 5037//8968 5065//8968
f 4950//8969 5057//8969 4951//8969
f 4951//8970 5057//8970 5058//8970
f 4951//8971 5058//8971 5059//8971
f 4951//8972 5059//8972 4953//8972
f 4953//8973 5059//8973 5060//8973
f 4953//8974 5060//8974 5062//8974
f 4953//8975 5062//8975 4954//8975
f 4954//8976 5062//8976 5064//8976
f 4968//8977 4967//8977 5030//8977
f 5030//8978 4967//8978 4966//8978
f 5030//8979 4966//8979 5036//8979
f 4979//8980 4978//8980 5075//8980
f 5075//8981 4978//8981 5034//8981
f 5034//8982 4978//8982 4977//8982
f 4970//8983 4979//8983 5075//8983
f 5075//8984 5034//8984 4988//8984
f 5079//8985 5077//8985 5081//8985
f 5079//8986 5078//8986 5080//8986
f 5077//8987 5076//8987 5081//8987
f 5081//8988 5076//8988 5083//8988
f 5083//8989 5076//8989 5082//8989
f 4983//8990 5082//8990 5076//8990
f 5082//8991 4983//8991 5027//8991
f 5084//8992 5086//8992 5085//8992
f 5085//8993 5086//8993 5080//8993
f 5085//8994 5080//8994 5078//8994
f 5078//8995 5079//8995 5081//8995
f 5028//8996 5087//8996 5002//8996
f 5016//8997 5088//8997 4980//8997
f 5089//8998 5088//8998 5003//8998
f 5003//8999 5088//8999 5016//8999
f 5001//9000 5002//9000 5087//9000
f 5001//9001 5087//9001 5089//9001
f 5001//9002 5089//9002 5003//9002
f 5090//9003 5092//9003 5091//9003
f 5091//9004 5087//9004 5028//9004
f 5027//9005 4982//9005 5093//9005
f 5093//9006 4982//9006 4981//9006
f 5093//9007 4981//9007 4980//9007
f 5093//9008 4980//9008 5088//9008
f 5086//9009 5084//9009 5094//9009
f 5084//9010 5090//9010 5094//9010
f 4974//9011 4975//9011 4973//9011
f 4972//9012 4973//9012 4971//9012
f 4978//9013 4979//9013 5095//9013
f 5095//9014 4977//9014 4978//9014
f 4973//9015 4975//9015 5096//9015
f 5096//9016 4971//9016 4973//9016
f 4968//9017 5098//9017 4967//9017
f 4964//9018 4965//9018 4963//9018
f 5097//9019 4962//9019 4963//9019
f 5097//9020 5101//9020 4961//9020
f 4960//9021 4961//9021 5101//9021
f 5098//9022 4969//9022 4960//9022
f 5100//9023 4963//9023 5099//9023
f 5099//9024 4963//9024 4965//9024
f 5101//9025 5097//9025 5100//9025
f 5100//9026 5097//9026 4963//9026
f 4959//9027 4950//9027 4958//9027
f 4954//9028 4955//9028 4953//9028
f 5102//9029 4950//9029 4951//9029
f 5102//9030 4951//9030 4952//9030
f 4947//9031 4948//9031 5103//9031
f 4943//9032 4942//9032 4944//9032
f 4946//9033 4947//9033 4945//9033
f 4947//9034 5103//9034 5104//9034
f 4947//9035 5104//9035 4945//9035
f 4945//9036 5104//9036 5105//9036
f 4945//9037 5105//9037 4944//9037
f 4941//9038 4949//9038 4940//9038
f 5093//9039 5088//9039 5087//9039
f 5089//9040 5087//9040 5088//9040
f 5087//9041 5084//9041 5085//9041
f 5087//9042 5091//9042 5084//9042
f 5092//9043 5090//9043 5084//9043
f 5092//9044 5084//9044 5091//9044
f 5087//9045 5085//9045 5093//9045
f 5093//9046 5085//9046 5078//9046
f 5093//9047 5078//9047 5027//9047
f 5027//9048 5078//9048 5081//9048
f 5083//9049 5082//9049 5081//9049
f 5081//9050 5082//9050 5027//9050
f 5048//9051 5047//9051 5040//9051
f 5048//9052 5041//9052 5047//9052
f 5041//9053 5024//9053 5044//9053
f 5044//9054 5024//9054 5045//9054
f 5041//9055 5048//9055 5024//9055
f 5051//9056 5021//9056 5009//9056
f 5051//9057 5009//9057 5052//9057
f 5054//9058 5056//9058 5051//9058
f 5051//9059 5056//9059 5021//9059
f 5009//9060 5049//9060 5052//9060
f 5009//9061 5050//9061 5049//9061
f 5063//9062 5068//9062 5066//9062
f 5061//9063 5018//9063 5063//9063
f 5063//9064 5018//9064 5068//9064
f 5018//9065 5061//9065 5073//9065
f 5073//9066 5061//9066 5060//9066
f 5073//9067 5060//9067 5071//9067
f 5071//9068 5060//9068 5074//9068
f 5071//9069 5074//9069 5058//9069
f 5057//9070 5065//9070 5067//9070
f 5057//9071 5067//9071 5058//9071
f 5058//9072 5067//9072 5071//9072
f 5072//9073 5070//9073 5071//9073
f 5071//9074 5070//9074 5073//9074
f 5111//9075 5105//9075 5104//9075
f 5111//9076 5104//9076 5109//9076
f 5109//9077 5104//9077 5103//9077
f 5109//9078 5103//9078 5110//9078
f 5110//9079 5103//9079 4948//9079
f 5110//9080 4948//9080 4949//9080
f 5110//9081 4949//9081 5107//9081
f 5107//9082 4949//9082 4941//9082
f 5107//9083 4941//9083 5108//9083
f 5108//9084 4941//9084 4943//9084
f 5108//9085 4943//9085 4944//9085
f 5108//9086 4944//9086 5105//9086
f 5108//9087 5105//9087 5111//9087
f 5112//9088 5111//9088 5109//9088
f 5109//9089 5110//9089 5119//9089
f 5119//9090 5112//9090 5109//9090
f 5120//9091 5121//9091 5122//9091
f 5122//9092 5121//9092 5123//9092
f 5116//9093 5123//9093 5121//9093
f 5116//9094 5124//9094 5123//9094
f 5116//9095 5117//9095 5124//9095
f 5116//9096 5115//9096 5117//9096
f 5117//9097 5115//9097 5125//9097
f 5113//9098 5120//9098 5125//9098
f 5113//9099 5125//9099 5115//9099
f 5120//9100 5113//9100 5126//9100
f 5114//9101 5126//9101 5113//9101
f 5114//9102 5127//9102 5126//9102
f 5127//9103 5114//9103 5106//9103
f 5106//9104 5112//9104 5127//9104
f 5118//9105 5122//9105 5123//9105
f 5124//9106 5118//9106 5123//9106
f 5124//9107 5117//9107 5118//9107
f 5106//9108 5108//9108 5112//9108
f 5108//9109 5111//9109 5112//9109
f 5126//9110 5121//9110 5120//9110
f 5127//9111 5121//9111 5126//9111
f 5127//9112 5116//9112 5121//9112
f 5112//9113 5116//9113 5127//9113
f 5115//9114 5116//9114 5112//9114
f 5119//9115 5115//9115 5112//9115
f 5110//9116 5113//9116 5115//9116
f 5110//9117 5115//9117 5119//9117
f 5107//9118 5114//9118 5110//9118
f 5110//9119 5114//9119 5113//9119
f 5108//9120 5106//9120 5107//9120
f 5107//9121 5106//9121 5114//9121
f 5117//9122 5125//9122 5120//9122
f 5120//9123 5122//9123 5118//9123
f 5120//9124 5118//9124 5117//9124
f 5128//9125 4965//9125 5132//9125
f 5132//9126 4965//9126 4966//9126
f 5132//9127 4966//9127 4967//9127
f 5132//9128 4967//9128 5129//9128
f 5129//9129 4967//9129 5098//9129
f 5129//9130 5098//9130 4960//9130
f 5129//9131 4960//9131 5130//9131
f 5130//9132 4960//9132 5101//9132
f 5130//9133 5101//9133 5100//9133
f 5130//9134 5100//9134 5131//9134
f 5131//9135 5100//9135 5099//9135
f 5131//9136 5099//9136 5128//9136
f 5128//9137 5099//9137 4965//9137
f 5128//9138 5130//9138 5131//9138
f 5128//9139 5129//9139 5130//9139
f 5129//9140 5128//9140 5132//9140
f 5134//9141 5096//9141 5135//9141
f 5135//9142 5096//9142 4975//9142
f 5135//9143 4975//9143 5136//9143
f 5136//9144 4975//9144 4976//9144
f 5136//9145 4976//9145 4977//9145
f 5136//9146 4977//9146 5095//9146
f 5136//9147 5095//9147 4979//9147
f 5136//9148 4979//9148 5133//9148
f 5133//9149 4979//9149 4970//9149
f 5133//9150 4970//9150 4971//9150
f 5133//9151 4971//9151 5134//9151
f 5134//9152 4971//9152 5096//9152
f 5140//9153 5135//9153 5137//9153
f 5136//9154 5137//9154 5135//9154
f 5136//9155 5133//9155 5137//9155
f 5139//9156 5137//9156 5133//9156
f 5137//9157 5145//9157 5140//9157
f 5147//9158 5144//9158 5143//9158
f 5143//9159 5142//9159 5148//9159
f 5146//9160 5147//9160 5153//9160
f 5147//9161 5146//9161 5144//9161
f 5148//9162 5142//9162 5149//9162
f 5149//9163 5142//9163 5141//9163
f 5149//9164 5141//9164 5150//9164
f 5141//9165 5139//9165 5150//9165
f 5150//9166 5139//9166 5151//9166
f 5151//9167 5139//9167 5138//9167
f 5151//9168 5138//9168 5152//9168
f 5152//9169 5138//9169 5140//9169
f 5152//9170 5140//9170 5145//9170
f 5140//9171 5134//9171 5135//9171
f 5153//9172 5148//9172 5149//9172
f 5149//9173 5146//9173 5153//9173
f 5150//9174 5146//9174 5149//9174
f 5151//9175 5146//9175 5150//9175
f 5151//9176 5144//9176 5146//9176
f 5152//9177 5143//9177 5151//9177
f 5151//9178 5143//9178 5144//9178
f 5145//9179 5143//9179 5152//9179
f 5145//9180 5142//9180 5143//9180
f 5145//9181 5137//9181 5142//9181
f 5137//9182 5141//9182 5142//9182
f 5139//9183 5141//9183 5137//9183
f 5133//9184 5138//9184 5139//9184
f 5134//9185 5138//9185 5133//9185
f 5140//9186 5138//9186 5134//9186
f 5148//9187 5153//9187 5143//9187
f 5153//9188 5147//9188 5143//9188
f 5158//9189 4956//9189 4957//9189
f 5158//9190 4957//9190 5154//9190
f 5154//9191 4957//9191 4958//9191
f 5154//9192 4958//9192 5155//9192
f 5155//9193 4958//9193 4950//9193
f 5155//9194 4950//9194 5102//9194
f 5155//9195 5102//9195 5156//9195
f 5156//9196 5102//9196 4952//9196
f 5156//9197 4952//9197 5157//9197
f 5157//9198 4952//9198 4953//9198
f 5157//9199 4953//9199 5158//9199
f 5158//9200 4953//9200 4955//9200
f 5158//9201 4955//9201 4956//9201
f 5157//9202 5154//9202 5156//9202
f 5154//9203 5157//9203 5158//9203
f 5154//9204 5155//9204 5156//9204
f 4837//9205 5160//9205 4842//9205
f 4842//9206 5160//9206 5161//9206
f 4842//9207 5161//9207 4841//9207
f 4841//9208 5161//9208 4840//9208
f 4840//9209 5162//9209 4839//9209
f 5165//9210 4839//9210 5163//9210
f 5164//9211 4837//9211 5166//9211
f 5166//9212 4837//9212 4838//9212
f 5162//9213 4840//9213 5163//9213
f 4839//9214 5162//9214 5163//9214
f 5165//9215 4838//9215 4839//9215
f 4838//9216 5165//9216 5166//9216
f 4837//9217 5164//9217 5160//9217
f 5159//9218 5161//9218 5160//9218
f 5159//9219 5160//9219 5166//9219
f 5163//9220 4840//9220 5161//9220
f 5163//9221 5161//9221 5159//9221
f 5160//9222 5164//9222 5166//9222
f 5163//9223 5166//9223 5165//9223
f 5166//9224 5163//9224 5159//9224
f 5170//8048 5169//8048 5168//8048
f 5168//9225 5169//9225 5167//9225
f 5168//8728 5171//8728 5170//8728
f 5174//9226 5172//9226 5168//9226
f 5173//8049 5174//8049 5168//8049
f 5168//3357 5175//3357 5173//3357
f 5168//8043 5176//8043 5175//8043
f 5168//9227 5177//9227 5176//9227
f 5178//3357 5179//3357 5168//3357
f 5168//3357 5179//3357 5177//3357
f 5167//9228 5178//9228 5168//9228
f 4929//9229 4930//9229 5174//9229
f 5177//9230 4939//9230 5176//9230
f 4939//9231 4934//9231 5176//9231
f 5177//9232 4937//9232 4939//9232
f 5167//9233 4933//9233 4932//9233
f 4936//9234 4933//9234 5169//9234
f 5169//9235 4933//9235 5167//9235
f 4935//9236 4938//9236 5171//9236
f 5171//9237 4938//9237 4931//9237
f 4930//9238 4928//9238 5174//9238
f 5174//9239 4928//9239 5172//9239
f 4931//9240 4923//9240 5171//9240
f 5171//9241 4923//9241 4909//9241
f 5171//9242 4909//9242 5170//9242
f 5170//9243 4909//9243 4907//9243
f 5170//9244 4907//9244 5169//9244
f 5169//9245 4907//9245 4908//9245
f 5169//9246 4908//9246 4936//9246
f 4928//9247 4926//9247 5172//9247
f 5172//9248 4926//9248 4910//9248
f 5172//9249 4910//9249 5168//9249
f 5168//9250 4910//9250 4916//9250
f 5168//9251 4916//9251 4935//9251
f 5168//9252 4935//9252 5171//9252
f 5176//9253 4934//9253 4922//9253
f 5176//9254 4922//9254 4918//9254
f 5176//9255 4918//9255 5175//9255
f 5175//9256 4918//9256 5173//9256
f 5173//9257 4918//9257 4917//9257
f 5173//9258 4917//9258 5174//9258
f 5174//9259 4917//9259 4929//9259
f 4932//9260 4912//9260 5167//9260
f 5167//9261 4912//9261 5178//9261
f 5178//9262 4912//9262 4911//9262
f 5178//9263 4911//9263 5179//9263
f 5179//9264 4911//9264 4913//9264
f 5179//9265 4913//9265 5177//9265
f 5177//9266 4913//9266 4937//9266
f 4903//9267 5180//9267 4904//9267
f 4904//9268 5180//9268 5181//9268
f 4904//9269 5181//9269 4906//9269
f 4906//9270 5181//9270 5182//9270
f 4906//9271 5182//9271 4905//9271
f 4905//9272 5182//9272 5183//9272
f 4905//9273 5183//9273 4895//9273
f 4895//9274 5183//9274 5184//9274
f 4895//9275 5184//9275 4896//9275
f 4896//9276 5184//9276 4899//9276
f 4899//9277 5184//9277 5185//9277
f 4899//9278 5185//9278 5186//9278
f 4899//9279 5186//9279 4900//9279
f 4900//9280 5186//9280 5187//9280
f 4900//9281 5187//9281 4897//9281
f 4897//9282 5187//9282 5188//9282
f 4897//9283 5188//9283 4898//9283
f 4898//9284 5188//9284 5189//9284
f 4898//9285 5189//9285 5190//9285
f 4898//9286 5190//9286 4901//9286
f 4901//9287 5190//9287 5191//9287
f 4901//9288 5191//9288 4902//9288
f 4902//9289 5191//9289 5192//9289
f 4902//9290 5192//9290 4903//9290
f 4903//9291 5192//9291 5180//9291
f 5184//217 5180//217 5192//217
f 5184//217 5181//217 5180//217
f 5184//217 5182//217 5181//217
f 5184//217 5183//217 5182//217
f 5186//217 5185//217 5184//217
f 5188//217 5187//217 5184//217
f 5184//217 5187//217 5186//217
f 5189//217 5188//217 5184//217
f 5184//217 5190//217 5189//217
f 5191//217 5190//217 5184//217
f 5192//217 5191//217 5184//217
f 5195//9292 5202//9292 5194//9292
f 5194//9293 5200//9293 5193//9293
f 5193//9294 5200//9294 5198//9294
f 5198//9295 5200//9295 5201//9295
f 5198//9296 5201//9296 5197//9296
f 5197//9297 5201//9297 5196//9297
f 5196//9298 5202//9298 5195//9298
f 5196//9299 5203//9299 5202//9299
f 5206//9300 5202//9300 5204//9300
f 5205//9301 5200//9301 5194//9301
f 5205//9302 5194//9302 5207//9302
f 5203//9303 5196//9303 5204//9303
f 5204//9304 5196//9304 5201//9304
f 5202//9305 5203//9305 5204//9305
f 5194//9306 5202//9306 5206//9306
f 5200//9307 5207//9307 5199//9307
f 5200//9308 5199//9308 5201//9308
f 5194//9309 5206//9309 5207//9309
f 5201//9310 5199//9310 5204//9310
f 5200//9311 5205//9311 5207//9311
f 5204//9223 5207//9223 5206//9223
f 5207//9224 5204//9224 5199//9224
f 5210//9312 5211//9312 5212//9312
f 5244//9313 5245//9313 5213//9313
f 5216//9314 5217//9314 5218//9314
f 5271//9315 5269//9315 5222//9315
f 5221//9316 5217//9316 5269//9316
f 5265//9317 5223//9317 5224//9317
f 5249//9318 5234//9318 5232//9318
f 5232//9319 5235//9319 5249//9319
f 5236//9320 5237//9320 5238//9320
f 5228//9321 5215//9321 5239//9321
f 5241//9322 5242//9322 5240//9322
f 5251//9323 5252//9323 5250//9323
f 5253//9324 5229//9324 5254//9324
f 5274//9325 5256//9325 5257//9325
f 5255//9326 5263//9326 5259//9326
f 5258//9327 5257//9327 5256//9327
f 5256//9328 5274//9328 5261//9328
f 5263//9329 5255//9329 5258//9329
f 5218//9330 5260//9330 5263//9330
f 5218//9331 5217//9331 5273//9331
f 5273//9332 5217//9332 5268//9332
f 5265//9333 5266//9333 5223//9333
f 5266//9334 5220//9334 5223//9334
f 5220//9335 5266//9335 5267//9335
f 5220//9336 5267//9336 5219//9336
f 5268//9337 5269//9337 5270//9337
f 5269//9338 5271//9338 5270//9338
f 5222//9339 5219//9339 5271//9339
f 5267//9340 5271//9340 5219//9340
f 5268//9341 5217//9341 5221//9341
f 5268//9342 5221//9342 5269//9342
f 5265//9343 5224//9343 5264//9343
f 5264//9344 5224//9344 5225//9344
f 5225//9345 5262//9345 5264//9345
f 5264//9346 5262//9346 5272//9346
f 5259//9347 5263//9347 5273//9347
f 5273//9348 5263//9348 5260//9348
f 5273//9349 5260//9349 5218//9349
f 5272//9350 5262//9350 5261//9350
f 5272//9351 5261//9351 5274//9351
f 5275//9352 5197//9352 5196//9352
f 5275//9353 5196//9353 5195//9353
f 5198//9354 5197//9354 5276//9354
f 5276//9355 5193//9355 5198//9355
f 5193//9356 5277//9356 5194//9356
f 5194//9357 5277//9357 5195//9357
f 5195//9358 5277//9358 5275//9358
f 5233//9359 5278//9359 5243//9359
f 5279//9360 5282//9360 5280//9360
f 5280//9361 5282//9361 5281//9361
f 5282//9362 5283//9362 5281//9362
f 5281//9363 5283//9363 5285//9363
f 5285//9364 5283//9364 5284//9364
f 5285//9365 5284//9365 5249//9365
f 5249//9366 5284//9366 5234//9366
f 5251//9367 5286//9367 5252//9367
f 5252//9368 5286//9368 5250//9368
f 5279//9369 5280//9369 5286//9369
f 5286//9370 5280//9370 5250//9370
f 5243//9371 5278//9371 5251//9371
f 5251//9372 5278//9372 5286//9372
f 5232//9373 5278//9373 5233//9373
f 5233//9374 5235//9374 5232//9374
f 5287//8830 5248//8830 5247//8830
f 5241//9375 5288//9375 5242//9375
f 5242//9376 5288//9376 5240//9376
f 5236//9377 5238//9377 5288//9377
f 5288//9378 5238//9378 5240//9378
f 5288//9379 5241//9379 5287//9379
f 5287//9380 5241//9380 5248//9380
f 5290//9381 5291//9381 5289//9381
f 5292//9382 5289//9382 5291//9382
f 5293//9383 5237//9383 5236//9383
f 5247//9384 5290//9384 5287//9384
f 5300//9385 5298//9385 5301//9385
f 5301//9386 5303//9386 5300//9386
f 5303//9387 5307//9387 5300//9387
f 5304//9388 5302//9388 5305//9388
f 5303//9389 5306//9389 5307//9389
f 5306//8851 5245//8851 5307//8851
f 5307//9390 5245//9390 5244//9390
f 5215//9391 5308//9391 5239//9391
f 5308//9392 5310//9392 5228//9392
f 5308//9393 5228//9393 5239//9393
f 5226//9394 5309//9394 5246//9394
f 5226//9395 5227//9395 5309//9395
f 5309//9396 5227//9396 5228//9396
f 5309//9397 5228//9397 5310//9397
f 5304//9398 5305//9398 5246//9398
f 5304//9399 5246//9399 5309//9399
f 5311//9400 5308//9400 5215//9400
f 5215//9401 5214//9401 5311//9401
f 5311//9402 5214//9402 5213//9402
f 5311//9403 5213//9403 5245//9403
f 5296//9404 5299//9404 5297//9404
f 5312//9405 5313//9405 5319//9405
f 5315//9406 5314//9406 5316//9406
f 5320//9407 5317//9407 5318//9407
f 5321//9408 5312//9408 5323//9408
f 5321//9409 5320//9409 5312//9409
f 5315//9410 5324//9410 5322//9410
f 5323//9411 5312//9411 5319//9411
f 5314//9412 5315//9412 5322//9412
f 5319//9413 5313//9413 5322//9413
f 5318//9414 5312//9414 5320//9414
f 5315//9415 5316//9415 5324//9415
f 5321//9416 5323//9416 5319//9416
f 5335//9417 5325//9417 5330//9417
f 5332//9418 5328//9418 5329//9418
f 5334//9419 5336//9419 5333//9419
f 5334//9420 5332//9420 5336//9420
f 5336//9421 5325//9421 5333//9421
f 5332//9422 5329//9422 5336//9422
f 5326//9423 5327//9423 5331//9423
f 5326//9424 5331//9424 5330//9424
f 5328//9425 5332//9425 5327//9425
f 5344//9426 5338//9426 5339//9426
f 5345//9427 5339//9427 5340//9427
f 5346//9428 5340//9428 5341//9428
f 5348//9429 5342//9429 5347//9429
f 5348//9430 5346//9430 5342//9430
f 5349//9431 5344//9431 5345//9431
f 5340//9432 5346//9432 5345//9432
f 5343//9433 5338//9433 5344//9433
f 5341//9434 5342//9434 5346//9434
f 5339//9435 5345//9435 5344//9435
f 5337//9436 5338//9436 5343//9436
f 5337//9437 5343//9437 5347//9437
f 5353//9438 5352//9438 5354//9438
f 5359//9439 5354//9439 5355//9439
f 5361//9440 5356//9440 5357//9440
f 5358//9441 5360//9441 5351//9441
f 5360//9442 5361//9442 5357//9442
f 5360//9443 5357//9443 5351//9443
f 5355//9444 5356//9444 5359//9444
f 5359//9445 5362//9445 5354//9445
f 5354//9446 5362//9446 5353//9446
f 5351//9447 5363//9447 5358//9447
f 5350//9448 5351//9448 5357//9448
f 5363//9449 5352//9449 5353//9449
f 5220//9450 5229//9450 5223//9450
f 5276//9451 5378//9451 5254//9451
f 5220//9452 5254//9452 5229//9452
f 5223//9453 5229//9453 5224//9453
f 5224//9454 5229//9454 5230//9454
f 5225//9455 5224//9455 5230//9455
f 5225//9456 5230//9456 5356//9456
f 5356//9457 5230//9457 5231//9457
f 5262//9458 5355//9458 5354//9458
f 5354//9459 5256//9459 5261//9459
f 5354//9460 5261//9460 5262//9460
f 5339//9461 5258//9461 5256//9461
f 5339//9462 5256//9462 5340//9462
f 5258//9463 5339//9463 5338//9463
f 5258//9464 5338//9464 5263//9464
f 5218//9465 5241//9465 5240//9465
f 5338//9466 5247//9466 5248//9466
f 5338//9467 5248//9467 5263//9467
f 5263//9468 5241//9468 5218//9468
f 5263//9469 5248//9469 5241//9469
f 5314//9470 5322//9470 5218//9470
f 5218//9471 5322//9471 5313//9471
f 5240//9472 5314//9472 5218//9472
f 5314//9473 5240//9473 5238//9473
f 5314//9474 5238//9474 5316//9474
f 5316//9475 5238//9475 5317//9475
f 5317//9476 5238//9476 5237//9476
f 5214//9477 5215//9477 5216//9477
f 5216//9478 5215//9478 5217//9478
f 5217//9479 5215//9479 5228//9479
f 5222//9480 5226//9480 5219//9480
f 5219//9481 5226//9481 5246//9481
f 5226//9482 5222//9482 5227//9482
f 5227//9483 5222//9483 5269//9483
f 5227//9484 5269//9484 5228//9484
f 5228//9485 5269//9485 5217//9485
f 5275//9486 5246//9486 5305//9486
f 5275//9487 5305//9487 5197//9487
f 5197//9488 5305//9488 5302//9488
f 5246//9489 5275//9489 5219//9489
f 5219//9490 5275//9490 5277//9490
f 5219//9491 5277//9491 5193//9491
f 5219//9492 5193//9492 5220//9492
f 5220//9493 5193//9493 5276//9493
f 5276//9494 5254//9494 5220//9494
f 5378//9495 5276//9495 5197//9495
f 5380//9496 5336//9496 5329//9496
f 5329//9497 5328//9497 5371//9497
f 5371//9498 5328//9498 5327//9498
f 5371//9499 5327//9499 5365//9499
f 5364//9500 5285//9500 5351//9500
f 5364//9501 5351//9501 5211//9501
f 5285//9502 5364//9502 5366//9502
f 5285//9503 5366//9503 5327//9503
f 5327//9504 5366//9504 5365//9504
f 5350//9505 5209//9505 5212//9505
f 5350//9506 5212//9506 5351//9506
f 5351//9507 5212//9507 5211//9507
f 5357//9508 5209//9508 5350//9508
f 5231//9509 5208//9509 5356//9509
f 5209//9510 5357//9510 5356//9510
f 5209//9511 5356//9511 5208//9511
f 5371//9512 5380//9512 5329//9512
f 5371//9513 5367//9513 5380//9513
f 5380//9514 5367//9514 5368//9514
f 5341//9515 5251//9515 5250//9515
f 5256//9516 5251//9516 5341//9516
f 5243//9517 5256//9517 5354//9517
f 5243//9518 5354//9518 5233//9518
f 5341//9519 5250//9519 5280//9519
f 5243//9520 5251//9520 5256//9520
f 5249//9521 5363//9521 5351//9521
f 5233//9522 5354//9522 5352//9522
f 5363//9523 5249//9523 5235//9523
f 5363//9524 5235//9524 5352//9524
f 5352//9525 5235//9525 5233//9525
f 5351//9526 5285//9526 5249//9526
f 5347//9527 5281//9527 5285//9527
f 5280//9528 5342//9528 5341//9528
f 5342//9529 5280//9529 5347//9529
f 5347//9530 5280//9530 5281//9530
f 5347//9531 5291//9531 5337//9531
f 5337//9532 5291//9532 5290//9532
f 5337//9533 5290//9533 5338//9533
f 5338//9534 5290//9534 5247//9534
f 5285//9535 5293//9535 5292//9535
f 5317//9536 5237//9536 5293//9536
f 5317//9537 5293//9537 5285//9537
f 5285//9538 5292//9538 5347//9538
f 5347//9539 5292//9539 5291//9539
f 5218//9540 5313//9540 5216//9540
f 5216//9541 5313//9541 5312//9541
f 5317//9542 5244//9542 5213//9542
f 5317//9543 5213//9543 5318//9543
f 5312//9544 5214//9544 5216//9544
f 5214//9545 5312//9545 5318//9545
f 5214//9546 5318//9546 5213//9546
f 5327//9547 5300//9547 5307//9547
f 5327//9548 5307//9548 5285//9548
f 5285//9549 5307//9549 5317//9549
f 5317//9550 5307//9550 5244//9550
f 5336//9551 5380//9551 5325//9551
f 5325//9552 5380//9552 5375//9552
f 5325//9553 5375//9553 5197//9553
f 5325//9554 5197//9554 5294//9554
f 5378//9555 5197//9555 5375//9555
f 5197//9556 5302//9556 5294//9556
f 5325//9557 5294//9557 5295//9557
f 5325//9558 5295//9558 5330//9558
f 5330//9559 5295//9559 5296//9559
f 5330//9560 5296//9560 5297//9560
f 5330//9561 5297//9561 5326//9561
f 5326//9562 5297//9562 5299//9562
f 5300//9563 5327//9563 5326//9563
f 5326//9564 5299//9564 5298//9564
f 5326//9565 5298//9565 5300//9565
f 5256//9566 5341//9566 5340//9566
f 5262//9567 5356//9567 5355//9567
f 5356//9568 5262//9568 5225//9568
f 5369//9569 5371//9569 5365//9569
f 5366//9570 5369//9570 5365//9570
f 5210//9571 5364//9571 5211//9571
f 5380//9572 5368//9572 5370//9572
f 5368//9573 5367//9573 5370//9573
f 5254//9574 5372//9574 5253//9574
f 5231//9575 5373//9575 5208//9575
f 5374//9576 5373//9576 5230//9576
f 5230//9577 5373//9577 5231//9577
f 5229//9578 5253//9578 5372//9578
f 5229//9579 5372//9579 5374//9579
f 5229//9580 5374//9580 5230//9580
f 5375//9581 5377//9581 5378//9581
f 5377//9582 5372//9582 5254//9582
f 5254//9583 5378//9583 5377//9583
f 5210//9584 5212//9584 5379//9584
f 5379//9585 5212//9585 5209//9585
f 5379//9586 5209//9586 5208//9586
f 5379//9587 5208//9587 5373//9587
f 5380//9588 5376//9588 5375//9588
f 5391//9589 5381//9589 5388//9589
f 5391//9590 5388//9590 5392//9590
f 5399//9591 5385//9591 5394//9591
f 5394//9592 5386//9592 5395//9592
f 5393//9593 5382//9593 5402//9593
f 5398//9594 5391//9594 5392//9594
f 5398//9595 5390//9595 5391//9595
f 5397//9596 5390//9596 5398//9596
f 5397//9597 5389//9597 5390//9597
f 5397//9598 5396//9598 5389//9598
f 5396//9599 5388//9599 5389//9599
f 5396//9600 5395//9600 5388//9600
f 5395//9601 5387//9601 5388//9601
f 5395//9602 5386//9602 5387//9602
f 5394//9603 5385//9603 5386//9603
f 5399//9604 5384//9604 5385//9604
f 5384//9605 5399//9605 5400//9605
f 5401//9606 5384//9606 5400//9606
f 5402//9607 5383//9607 5401//9607
f 5401//9608 5383//9608 5384//9608
f 5402//9609 5382//9609 5383//9609
f 5394//9610 5395//9610 5382//9610
f 5381//9611 5389//9611 5388//9611
f 5388//9612 5387//9612 5392//9612
f 5390//9613 5381//9613 5391//9613
f 5390//9614 5389//9614 5381//9614
f 5392//9615 5387//9615 5386//9615
f 5392//9616 5386//9616 5398//9616
f 5398//9617 5386//9617 5385//9617
f 5384//9618 5398//9618 5385//9618
f 5398//9619 5384//9619 5397//9619
f 5397//9620 5384//9620 5383//9620
f 5397//9621 5383//9621 5396//9621
f 5383//9622 5382//9622 5396//9622
f 5396//9623 5382//9623 5395//9623
f 5394//9624 5393//9624 5399//9624
f 5394//9625 5382//9625 5393//9625
f 5402//9626 5358//9626 5393//9626
f 5393//9627 5358//9627 5363//9627
f 5393//9628 5363//9628 5353//9628
f 5393//9629 5353//9629 5362//9629
f 5393//9630 5362//9630 5399//9630
f 5399//9631 5362//9631 5359//9631
f 5399//9632 5359//9632 5400//9632
f 5400//9633 5359//9633 5356//9633
f 5400//9634 5356//9634 5401//9634
f 5401//9635 5356//9635 5361//9635
f 5401//9636 5361//9636 5360//9636
f 5401//9637 5360//9637 5402//9637
f 5402//9638 5360//9638 5358//9638
f 5406//9138 5404//9138 5407//9138
f 5406//9139 5405//9139 5404//9139
f 5405//9140 5406//9140 5403//9140
f 5406//9639 5349//9639 5345//9639
f 5406//9640 5345//9640 5403//9640
f 5403//9641 5345//9641 5346//9641
f 5403//9642 5346//9642 5348//9642
f 5403//9643 5348//9643 5405//9643
f 5405//9644 5348//9644 5347//9644
f 5405//9645 5347//9645 5343//9645
f 5405//9646 5343//9646 5404//9646
f 5404//9647 5343//9647 5407//9647
f 5407//9648 5343//9648 5344//9648
f 5407//9649 5344//9649 5406//9649
f 5406//9650 5344//9650 5349//9650
f 5409//9651 5408//9651 5411//9651
f 5415//9652 5410//9652 5408//9652
f 5415//9653 5408//9653 5409//9653
f 5408//9654 5410//9654 5418//9654
f 5410//9655 5419//9655 5418//9655
f 5418//9656 5411//9656 5408//9656
f 5420//9657 5428//9657 5424//9657
f 5424//9658 5428//9658 5414//9658
f 5423//9659 5418//9659 5419//9659
f 5423//9660 5417//9660 5418//9660
f 5422//9661 5417//9661 5423//9661
f 5422//9662 5416//9662 5417//9662
f 5421//9663 5415//9663 5416//9663
f 5427//9664 5412//9664 5415//9664
f 5427//9665 5415//9665 5421//9665
f 5426//9666 5412//9666 5427//9666
f 5425//9667 5413//9667 5426//9667
f 5426//9668 5413//9668 5412//9668
f 5424//9669 5413//9669 5425//9669
f 5424//9670 5414//9670 5413//9670
f 5427//9671 5421//9671 5428//9671
f 5428//9672 5421//9672 5416//9672
f 5411//9673 5418//9673 5417//9673
f 5411//9674 5417//9674 5409//9674
f 5416//9675 5409//9675 5417//9675
f 5409//9676 5416//9676 5415//9676
f 5415//9677 5412//9677 5410//9677
f 5412//9678 5419//9678 5410//9678
f 5419//9679 5412//9679 5423//9679
f 5413//9680 5423//9680 5412//9680
f 5413//9681 5422//9681 5423//9681
f 5422//9682 5413//9682 5414//9682
f 5414//9683 5428//9683 5422//9683
f 5422//9684 5428//9684 5416//9684
f 5428//9685 5420//9685 5427//9685
f 5420//9686 5324//9686 5427//9686
f 5427//9687 5324//9687 5316//9687
f 5427//9688 5316//9688 5317//9688
f 5427//9689 5317//9689 5426//9689
f 5426//9690 5317//9690 5320//9690
f 5426//9691 5320//9691 5321//9691
f 5426//9692 5321//9692 5425//9692
f 5425//9693 5321//9693 5424//9693
f 5424//9694 5321//9694 5319//9694
f 5424//9695 5319//9695 5420//9695
f 5420//9696 5319//9696 5322//9696
f 5420//9697 5322//9697 5324//9697
f 5429//217 5430//217 5431//217
f 5432//217 5433//217 5434//217
f 5450//217 5435//217 5436//217
f 5432//217 5437//217 5433//217
f 5431//217 5438//217 5429//217
f 5429//217 5438//217 5439//217
f 5436//217 5435//217 5440//217
f 5432//217 5441//217 5437//217
f 5442//217 5443//217 5444//217
f 5444//217 5443//217 5445//217
f 5445//9698 5443//9698 5454//9698
f 5458//9699 5449//9699 5446//9699
f 5431//9700 5430//9700 5459//9700
f 5432//9701 5447//9701 5441//9701
f 5441//9702 5447//9702 5448//9702
f 5429//217 5439//217 5448//217
f 5429//9703 5448//9703 5447//9703
f 5431//9704 5459//9704 5451//9704
f 5452//9705 5454//9705 5453//9705
f 5433//217 5455//217 5434//217
f 5434//217 5455//217 5449//217
f 5434//9706 5449//9706 5458//9706
f 5445//9707 5454//9707 5452//9707
f 5436//217 5457//217 5450//217
f 5450//222 5457//222 5453//222
f 5450//9708 5453//9708 5454//9708
f 5440//217 5435//217 5446//217
f 5446//9709 5435//9709 5458//9709
f 5451//9710 5459//9710 5456//9710
f 5442//217 5444//217 5456//217
f 5442//9711 5456//9711 5459//9711
f 5461//3357 5462//3357 5463//3357
f 5464//3170 5465//3170 5460//3170
f 5466//3357 5467//3357 5468//3357
f 5468//3357 5467//3357 5481//3357
f 5469//3357 5464//3357 5470//3357
f 5469//3357 5470//3357 5471//3357
f 5460//9712 5465//9712 5472//9712
f 5472//9713 5465//9713 5473//9713
f 5475//9714 5476//9714 5483//9714
f 5475//9715 5483//9715 5477//9715
f 5480//9716 5479//9716 5481//9716
f 5482//7139 5489//7139 5483//7139
f 5471//3357 5470//3357 5484//3357
f 5471//9717 5484//9717 5485//9717
f 5486//288 5474//288 5461//288
f 5461//8036 5474//8036 5462//8036
f 5474//9718 5479//9718 5487//9718
f 5487//9719 5479//9719 5480//9719
f 5488//9720 5489//9720 5482//9720
f 5478//9721 5490//9721 5491//9721
f 5491//9722 5490//9722 5484//9722
f 5464//8043 5494//8043 5465//8043
f 5492//9723 5488//9723 5466//9723
f 5466//3357 5488//3357 5467//3357
f 5464//9724 5469//9724 5493//9724
f 5464//9725 5493//9725 5494//9725
f 5465//9726 5495//9726 5473//9726
f 5481//9727 5479//9727 5496//9727
f 5474//306 5497//306 5479//306
f 5488//3169 5501//3169 5489//3169
f 5483//9728 5489//9728 5477//9728
f 5478//8048 5498//8048 5490//8048
f 5497//9729 5474//9729 5486//9729
f 5481//9730 5496//9730 5468//9730
f 5498//9731 5478//9731 5499//9731
f 5499//9732 5478//9732 5500//9732
f 5499//9733 5500//9733 5475//9733
f 5475//3357 5500//3357 5476//3357
f 5484//9734 5490//9734 5485//9734
f 5501//9735 5488//9735 5492//9735
f 5463//3357 5462//3357 5473//3357
f 5463//9736 5473//9736 5495//9736
f 5484//9737 5268//9737 5270//9737
f 5270//9738 5271//9738 5484//9738
f 5484//9739 5271//9739 5491//9739
f 5457//9740 5273//9740 5453//9740
f 5268//9741 5484//9741 5273//9741
f 5457//9742 5259//9742 5273//9742
f 5258//9743 5255//9743 5436//9743
f 5436//9744 5255//9744 5457//9744
f 5457//9745 5255//9745 5259//9745
f 5257//9746 5258//9746 5436//9746
f 5274//9747 5257//9747 5440//9747
f 5440//9748 5257//9748 5436//9748
f 5272//9749 5274//9749 5440//9749
f 5478//9750 5264//9750 5272//9750
f 5446//9751 5272//9751 5440//9751
f 5266//9752 5265//9752 5478//9752
f 5478//9753 5265//9753 5264//9753
f 5491//9754 5266//9754 5478//9754
f 5267//9755 5266//9755 5491//9755
f 5491//9756 5271//9756 5267//9756
f 5444//9757 5472//9757 5456//9757
f 5456//9758 5472//9758 5473//9758
f 5456//9759 5473//9759 5462//9759
f 5456//9760 5462//9760 5451//9760
f 5451//9761 5462//9761 5474//9761
f 5451//9762 5474//9762 5431//9762
f 5431//9763 5474//9763 5487//9763
f 5431//9764 5487//9764 5438//9764
f 5438//9765 5487//9765 5480//9765
f 5438//9766 5480//9766 5439//9766
f 5439//9767 5480//9767 5481//9767
f 5439//9768 5481//9768 5448//9768
f 5448//9769 5481//9769 5467//9769
f 5448//9770 5467//9770 5441//9770
f 5441//9771 5467//9771 5488//9771
f 5441//9772 5488//9772 5437//9772
f 5437//9773 5488//9773 5482//9773
f 5437//9774 5482//9774 5433//9774
f 5433//9775 5482//9775 5483//9775
f 5272//9776 5446//9776 5478//9776
f 5478//9777 5446//9777 5500//9777
f 5500//9778 5446//9778 5449//9778
f 5500//9779 5449//9779 5476//9779
f 5476//9780 5449//9780 5455//9780
f 5476//9781 5455//9781 5483//9781
f 5483//9782 5455//9782 5433//9782
f 5273//9783 5484//9783 5453//9783
f 5453//9784 5484//9784 5470//9784
f 5453//9785 5470//9785 5452//9785
f 5452//9786 5470//9786 5464//9786
f 5452//9787 5464//9787 5445//9787
f 5445//9788 5464//9788 5460//9788
f 5445//9789 5460//9789 5444//9789
f 5472//9790 5444//9790 5460//9790
f 5502//222 5504//222 5503//222
f 5502//8706 5505//8706 5504//8706
f 5502//217 5506//217 5505//217
f 5502//9791 5507//9791 5506//9791
f 5509//217 5508//217 5502//217
f 5502//231 5508//231 5507//231
f 5510//233 5511//233 5502//233
f 5502//217 5511//217 5509//217
f 5512//9792 5510//9792 5502//9792
f 5502//217 5513//217 5512//217
f 5510//9793 5447//9793 5511//9793
f 5502//9794 5459//9794 5513//9794
f 5447//9795 5510//9795 5429//9795
f 5429//9796 5510//9796 5512//9796
f 5429//9797 5512//9797 5430//9797
f 5430//9798 5512//9798 5513//9798
f 5430//9799 5513//9799 5459//9799
f 5447//9800 5432//9800 5511//9800
f 5511//9801 5432//9801 5509//9801
f 5509//9802 5432//9802 5434//9802
f 5509//9803 5434//9803 5508//9803
f 5508//9804 5434//9804 5507//9804
f 5507//9805 5434//9805 5458//9805
f 5454//9806 5504//9806 5450//9806
f 5450//9807 5504//9807 5505//9807
f 5450//9808 5505//9808 5435//9808
f 5435//9809 5505//9809 5506//9809
f 5435//9810 5506//9810 5507//9810
f 5435//9811 5507//9811 5458//9811
f 5459//9812 5502//9812 5442//9812
f 5442//9813 5502//9813 5503//9813
f 5442//9814 5503//9814 5443//9814
f 5443//9815 5503//9815 5504//9815
f 5443//9816 5504//9816 5454//9816
f 5379//9039 5373//9039 5372//9039
f 5374//9040 5372//9040 5373//9040
f 5372//9817 5380//9817 5370//9817
f 5372//9818 5377//9818 5380//9818
f 5375//9819 5376//9819 5377//9819
f 5377//9820 5376//9820 5380//9820
f 5372//9045 5370//9045 5379//9045
f 5379//9821 5370//9821 5367//9821
f 5379//9822 5367//9822 5371//9822
f 5379//9823 5371//9823 5210//9823
f 5366//9824 5364//9824 5369//9824
f 5369//9825 5364//9825 5371//9825
f 5371//9826 5364//9826 5210//9826
f 5232//9827 5286//9827 5278//9827
f 5282//9828 5284//9828 5283//9828
f 5279//9829 5234//9829 5282//9829
f 5282//9830 5234//9830 5284//9830
f 5279//9831 5232//9831 5234//9831
f 5286//9832 5232//9832 5279//9832
f 5289//9833 5236//9833 5290//9833
f 5292//9834 5293//9834 5289//9834
f 5289//9835 5293//9835 5236//9835
f 5236//9836 5287//9836 5290//9836
f 5236//9837 5288//9837 5287//9837
f 5301//9838 5306//9838 5303//9838
f 5301//9839 5245//9839 5306//9839
f 5245//9840 5301//9840 5298//9840
f 5245//9841 5298//9841 5311//9841
f 5311//9842 5298//9842 5299//9842
f 5311//9843 5299//9843 5309//9843
f 5309//9844 5299//9844 5296//9844
f 5309//9845 5296//9845 5295//9845
f 5294//9846 5302//9846 5304//9846
f 5294//9847 5304//9847 5295//9847
f 5309//9848 5295//9848 5304//9848
f 5310//9849 5308//9849 5309//9849
f 5309//9850 5308//9850 5311//9850
f 5515//9851 5517//9851 5514//9851
f 5517//9203 5515//9203 5518//9203
f 5517//9852 5516//9852 5514//9852
f 5518//9853 5332//9853 5517//9853
f 5517//9854 5332//9854 5334//9854
f 5517//9855 5334//9855 5516//9855
f 5516//9856 5334//9856 5333//9856
f 5516//9857 5333//9857 5325//9857
f 5516//9858 5325//9858 5514//9858
f 5514//9859 5325//9859 5335//9859
f 5514//9860 5335//9860 5330//9860
f 5514//9861 5330//9861 5515//9861
f 5515//9862 5330//9862 5331//9862
f 5515//9863 5331//9863 5518//9863
f 5518//9864 5331//9864 5327//9864
f 5518//9865 5327//9865 5332//9865
f 5519//8714 5520//8714 5521//8714
f 5522//3357 5519//3357 5521//3357
f 5524//8715 5523//8715 5521//8715
f 5521//8036 5523//8036 5522//8036
f 5525//8028 5524//8028 5521//8028
f 5521//8030 5527//8030 5526//8030
f 5521//3169 5528//3169 5527//3169
f 5521//8038 5529//8038 5528//8038
f 5521//3357 5530//3357 5529//3357
f 5521//8036 5520//8036 5530//8036
f 5479//9866 5538//9866 5537//9866
f 5538//9867 5479//9867 5497//9867
f 5538//9868 5497//9868 5539//9868
f 5539//9869 5497//9869 5540//9869
f 5486//9870 5540//9870 5497//9870
f 5541//9871 5496//9871 5479//9871
f 5541//9872 5479//9872 5537//9872
f 5489//9873 5532//9873 5531//9873
f 5543//9874 5477//9874 5489//9874
f 5543//9875 5489//9875 5531//9875
f 5532//9876 5489//9876 5501//9876
f 5532//9877 5501//9877 5542//9877
f 5501//9878 5492//9878 5542//9878
f 5490//9879 5534//9879 5533//9879
f 5534//9880 5490//9880 5498//9880
f 5534//9881 5498//9881 5544//9881
f 5498//9882 5499//9882 5544//9882
f 5545//9883 5485//9883 5490//9883
f 5545//9884 5490//9884 5533//9884
f 5465//9885 5536//9885 5535//9885
f 5536//9886 5465//9886 5494//9886
f 5536//9887 5494//9887 5546//9887
f 5494//9888 5493//9888 5546//9888
f 5547//9889 5495//9889 5465//9889
f 5547//9890 5465//9890 5535//9890
f 5520//9891 5519//9891 5536//9891
f 5520//9892 5536//9892 5546//9892
f 5520//9893 5546//9893 5493//9893
f 5495//9894 5547//9894 5519//9894
f 5519//9895 5547//9895 5535//9895
f 5519//9896 5535//9896 5536//9896
f 5523//9897 5539//9897 5540//9897
f 5524//9898 5541//9898 5537//9898
f 5524//9899 5537//9899 5538//9899
f 5524//9900 5538//9900 5523//9900
f 5523//9901 5538//9901 5539//9901
f 5468//9902 5496//9902 5541//9902
f 5532//9903 5542//9903 5521//9903
f 5521//9904 5531//9904 5532//9904
f 5526//9905 5543//9905 5531//9905
f 5526//9906 5531//9906 5521//9906
f 5528//9907 5533//9907 5534//9907
f 5528//9908 5534//9908 5544//9908
f 5545//9909 5533//9909 5529//9909
f 5529//9910 5533//9910 5528//9910
f 5540//9911 5486//9911 5523//9911
f 5523//9912 5486//9912 5461//9912
f 5523//9913 5461//9913 5522//9913
f 5522//9914 5461//9914 5463//9914
f 5522//9915 5463//9915 5519//9915
f 5519//9916 5463//9916 5495//9916
f 5542//9917 5492//9917 5521//9917
f 5521//9918 5492//9918 5466//9918
f 5521//9919 5466//9919 5525//9919
f 5525//9920 5466//9920 5468//9920
f 5525//9921 5468//9921 5524//9921
f 5524//9922 5468//9922 5541//9922
f 5544//9923 5499//9923 5528//9923
f 5528//9924 5499//9924 5475//9924
f 5528//9925 5475//9925 5527//9925
f 5527//9926 5475//9926 5526//9926
f 5526//9927 5475//9927 5477//9927
f 5526//9928 5477//9928 5543//9928
f 5520//9929 5493//9929 5469//9929
f 5520//9930 5469//9930 5530//9930
f 5530//9931 5469//9931 5471//9931
f 5530//9932 5471//9932 5529//9932
f 5529//9933 5471//9933 5485//9933
f 5529//9934 5485//9934 5545//9934
f 5548//9935 5555//9935 5553//9935
f 5553//9936 5555//9936 5552//9936
f 5552//9937 5559//9937 5558//9937
f 5552//9938 5558//9938 5551//9938
f 5554//9939 5555//9939 5559//9939
f 5559//9940 5552//9940 5554//9940
f 5557//9941 5550//9941 5560//9941
f 5560//9942 5550//9942 5551//9942
f 5556//9943 5548//9943 5549//9943
f 5556//9944 5549//9944 5560//9944
f 5554//9945 5552//9945 5555//9945
f 5548//9946 5556//9946 5555//9946
f 5555//9947 5556//9947 5559//9947
f 5551//9948 5558//9948 5560//9948
f 5557//9949 5549//9949 5550//9949
f 5549//9950 5557//9950 5560//9950
f 5556//9951 5560//9951 5559//9951
f 5559//9952 5560//9952 5558//9952
f 5562//9953 5610//9953 5564//9953
f 5598//9954 5567//9954 5565//9954
f 5669//9955 5568//9955 5624//9955
f 5624//9956 5568//9956 5569//9956
f 5569//9957 5568//9957 5570//9957
f 5582//9958 5571//9958 5572//9958
f 5578//9959 5573//9959 5577//9959
f 5577//9960 5576//9960 5578//9960
f 5576//9961 5575//9961 5578//9961
f 5575//9962 5570//9962 5578//9962
f 5578//9963 5570//9963 5568//9963
f 5617//9964 5579//9964 5615//9964
f 5615//9965 5579//9965 5581//9965
f 5581//9966 5582//9966 5572//9966
f 5581//9967 5579//9967 5582//9967
f 5574//9968 5579//9968 5580//9968
f 5587//9969 5589//9969 5590//9969
f 5602//9970 5601//9970 5592//9970
f 5592//9971 5601//9971 5672//9971
f 5604//9972 5605//9972 5603//9972
f 5608//9973 5609//9973 5607//9973
f 5575//9974 5576//9974 5614//9974
f 5618//9975 5577//9975 5573//9975
f 5580//9976 5579//9976 5617//9976
f 5574//9977 5580//9977 5618//9977
f 5618//9978 5573//9978 5574//9978
f 5628//9979 5569//9979 5613//9979
f 5613//9980 5569//9980 5570//9980
f 5575//9981 5614//9981 5570//9981
f 5570//9982 5614//9982 5613//9982
f 5572//9983 5616//9983 5581//9983
f 5581//9984 5616//9984 5615//9984
f 5616//9985 5572//9985 5619//9985
f 5619//9986 5572//9986 5571//9986
f 5622//9987 5620//9987 5625//9987
f 5621//9988 5620//9988 5622//9988
f 5627//9989 5623//9989 5621//9989
f 5623//9990 5627//9990 5628//9990
f 5628//9991 5627//9991 5624//9991
f 5569//9992 5628//9992 5624//9992
f 5619//9993 5571//9993 5626//9993
f 5619//9994 5626//9994 5625//9994
f 5619//9995 5625//9995 5629//9995
f 5629//9996 5625//9996 5620//9996
f 5630//9997 5552//9997 5551//9997
f 5630//9998 5551//9998 5631//9998
f 5631//9999 5551//9999 5550//9999
f 5552//10000 5630//10000 5632//10000
f 5552//10001 5632//10001 5553//10001
f 5632//10002 5548//10002 5553//10002
f 5548//10003 5633//10003 5549//10003
f 5549//10004 5633//10004 5550//10004
f 5550//10005 5633//10005 5631//10005
f 5608//10006 5634//10006 5609//10006
f 5609//10007 5634//10007 5607//10007
f 5635//10008 5638//10008 5636//10008
f 5636//10009 5638//10009 5637//10009
f 5636//10010 5607//10010 5634//10010
f 5638//10011 5640//10011 5637//10011
f 5637//10012 5640//10012 5639//10012
f 5587//10013 5639//10013 5606//10013
f 5635//10014 5636//10014 5634//10014
f 5641//10015 5596//10015 5588//10015
f 5596//10016 5641//10016 5608//10016
f 5608//10017 5641//10017 5634//10017
f 5589//10018 5641//10018 5588//10018
f 5606//10019 5589//10019 5587//10019
f 5590//10020 5589//10020 5588//10020
f 5643//10021 5644//10021 5642//10021
f 5605//10022 5643//10022 5603//10022
f 5643//10023 5645//10023 5644//10023
f 5647//10024 5644//10024 5645//10024
f 5647//10025 5645//10025 5646//10025
f 5646//10026 5648//10026 5647//10026
f 5672//10027 5601//10027 5646//10027
f 5646//10028 5601//10028 5648//10028
f 5591//10029 5649//10029 5595//10029
f 5592//10030 5595//10030 5649//10030
f 5649//10031 5650//10031 5592//10031
f 5592//10032 5650//10032 5602//10032
f 5603//10033 5651//10033 5604//10033
f 5649//10034 5591//10034 5651//10034
f 5651//10035 5591//10035 5604//10035
f 5602//10036 5648//10036 5601//10036
f 5603//10037 5643//10037 5642//10037
f 5600//10038 5652//10038 5599//10038
f 5653//10039 5593//10039 5594//10039
f 5653//10040 5654//10040 5584//10040
f 5653//10041 5584//10041 5593//10041
f 5600//10042 5583//10042 5652//10042
f 5652//10043 5583//10043 5584//10043
f 5652//10044 5584//10044 5654//10044
f 5662//10045 5661//10045 5660//10045
f 5660//10046 5661//10046 5659//10046
f 5658//10047 5659//10047 5657//10047
f 5662//10048 5667//10048 5661//10048
f 5667//10049 5666//10049 5661//10049
f 5667//10050 5665//10050 5666//10050
f 5665//10051 5567//10051 5598//10051
f 5665//10052 5598//10052 5666//10052
f 5664//10053 5599//10053 5652//10053
f 5668//10054 5653//10054 5594//10054
f 5567//10055 5668//10055 5565//10055
f 5565//10056 5668//10056 5566//10056
f 5566//10057 5668//10057 5594//10057
f 5658//10058 5657//10058 5656//10058
f 5659//10059 5658//10059 5660//10059
f 5678//10060 5672//10060 5673//10060
f 5678//10061 5673//10061 5677//10061
f 5679//10062 5680//10062 5676//10062
f 5671//10063 5679//10063 5676//10063
f 5672//10064 5678//10064 5679//10064
f 5669//10065 5674//10065 5675//10065
f 5689//10066 5684//10066 5685//10066
f 5690//10067 5682//10067 5688//10067
f 5690//10068 5688//10068 5683//10068
f 5687//10069 5681//10069 5691//10069
f 5684//10070 5689//10070 5683//10070
f 5699//10071 5693//10071 5694//10071
f 5694//10072 5693//10072 5695//10072
f 5694//10073 5695//10073 5700//10073
f 5697//10074 5704//10074 5705//10074
f 5704//10075 5697//10075 5692//10075
f 5705//10076 5701//10076 5697//10076
f 5703//10077 5694//10077 5702//10077
f 5702//10078 5694//10078 5700//10078
f 5703//10079 5699//10079 5694//10079
f 5697//10080 5701//10080 5696//10080
f 5696//10081 5701//10081 5700//10081
f 5693//10082 5699//10082 5692//10082
f 5698//10083 5692//10083 5697//10083
f 5716//10084 5706//10084 5715//10084
f 5708//10085 5709//10085 5717//10085
f 5708//10086 5717//10086 5707//10086
f 5706//10087 5714//10087 5712//10087
f 5710//10088 5711//10088 5713//10088
f 5706//10089 5716//10089 5714//10089
f 5712//10090 5714//10090 5711//10090
f 5718//10091 5719//10091 5663//10091
f 5585//10092 5586//10092 5579//10092
f 5574//10093 5611//10093 5579//10093
f 5632//10094 5720//10094 5612//10094
f 5574//10093 5612//10093 5611//10093
f 5579//10095 5611//10095 5585//10095
f 5586//10096 5582//10096 5579//10096
f 5582//10097 5586//10097 5597//10097
f 5571//10098 5710//10098 5713//10098
f 5571//10099 5713//10099 5709//10099
f 5709//10100 5625//10100 5626//10100
f 5709//10101 5626//10101 5571//10101
f 5697//10102 5622//10102 5625//10102
f 5621//10103 5700//10103 5695//10103
f 5621//10104 5695//10104 5627//10104
f 5627//10105 5591//10105 5624//10105
f 5695//10106 5605//10106 5604//10106
f 5624//10107 5591//10107 5595//10107
f 5695//10108 5604//10108 5627//10108
f 5627//10109 5604//10109 5591//10109
f 5624//10110 5676//10110 5670//10110
f 5624//10111 5595//10111 5671//10111
f 5624//10112 5671//10112 5676//10112
f 5592//10113 5672//10113 5679//10113
f 5592//10114 5679//10114 5595//10114
f 5595//10115 5679//10115 5671//10115
f 5566//10116 5594//10116 5669//10116
f 5594//10117 5593//10117 5669//10117
f 5669//10118 5593//10118 5568//10118
f 5568//10119 5593//10119 5584//10119
f 5600//10120 5599//10120 5578//10120
f 5578//10121 5599//10121 5573//10121
f 5600//10122 5578//10122 5583//10122
f 5583//10123 5578//10123 5584//10123
f 5584//10124 5578//10124 5568//10124
f 5631//10125 5573//10125 5599//10125
f 5631//10126 5599//10126 5630//10126
f 5630//10127 5599//10127 5664//10127
f 5630//10128 5664//10128 5663//10128
f 5631//10129 5633//10129 5573//10129
f 5573//10130 5633//10130 5548//10130
f 5573//10131 5548//10131 5574//10131
f 5632//10132 5612//10132 5574//10132
f 5632//10133 5574//10133 5548//10133
f 5685//10134 5725//10134 5686//10134
f 5733//10135 5687//10135 5691//10135
f 5733//10136 5691//10136 5686//10136
f 5725//10137 5685//10137 5684//10137
f 5729//10138 5646//10138 5715//10138
f 5729//10139 5715//10139 5610//10139
f 5646//10140 5729//10140 5728//10140
f 5646//10141 5728//10141 5684//10141
f 5684//10142 5728//10142 5725//10142
f 5706//10143 5564//10143 5715//10143
f 5715//10144 5564//10144 5610//10144
f 5712//10145 5561//10145 5706//10145
f 5706//10146 5561//10146 5564//10146
f 5597//10147 5563//10147 5712//10147
f 5561//10148 5712//10148 5563//10148
f 5725//10149 5733//10149 5686//10149
f 5725//10150 5726//10150 5733//10150
f 5733//10151 5726//10151 5731//10151
f 5608//10152 5607//10152 5697//10152
f 5625//10153 5608//10153 5697//10153
f 5596//10154 5625//10154 5709//10154
f 5596//10155 5709//10155 5588//10155
f 5607//10156 5636//10156 5697//10156
f 5596//10157 5608//10157 5625//10157
f 5588//10158 5709//10158 5708//10158
f 5715//10159 5587//10159 5707//10159
f 5707//10160 5587//10160 5590//10160
f 5707//10161 5590//10161 5708//10161
f 5708//10162 5590//10162 5588//10162
f 5646//10163 5639//10163 5715//10163
f 5715//10164 5639//10164 5587//10164
f 5692//10165 5637//10165 5639//10165
f 5692//10166 5639//10166 5646//10166
f 5636//10167 5698//10167 5697//10167
f 5698//10168 5636//10168 5637//10168
f 5698//10169 5637//10169 5692//10169
f 5695//10170 5693//10170 5605//10170
f 5692//10171 5645//10171 5693//10171
f 5693//10172 5645//10172 5643//10172
f 5693//10173 5643//10173 5605//10173
f 5692//10174 5646//10174 5645//10174
f 5624//10175 5670//10175 5669//10175
f 5672//10176 5598//10176 5673//10176
f 5673//10177 5598//10177 5565//10177
f 5675//10178 5566//10178 5669//10178
f 5566//10179 5675//10179 5674//10179
f 5566//10180 5674//10180 5673//10180
f 5566//10181 5673//10181 5565//10181
f 5684//10182 5661//10182 5666//10182
f 5684//10183 5666//10183 5646//10183
f 5646//10184 5666//10184 5672//10184
f 5672//10185 5666//10185 5598//10185
f 5687//10186 5733//10186 5681//10186
f 5681//10187 5733//10187 5718//10187
f 5681//10188 5718//10188 5663//10188
f 5681//10189 5663//10189 5655//10189
f 5720//10190 5632//10190 5630//10190
f 5720//10191 5630//10191 5719//10191
f 5719//10192 5630//10192 5663//10192
f 5681//10193 5655//10193 5682//10193
f 5682//10194 5655//10194 5656//10194
f 5682//10195 5656//10195 5688//10195
f 5688//10196 5656//10196 5657//10196
f 5688//10197 5657//10197 5683//10197
f 5683//10198 5657//10198 5659//10198
f 5683//10199 5659//10199 5684//10199
f 5684//10200 5659//10200 5661//10200
f 5622//10201 5697//10201 5696//10201
f 5622//10202 5696//10202 5621//10202
f 5621//10203 5696//10203 5700//10203
f 5597//10204 5711//10204 5571//10204
f 5571//10205 5711//10205 5710//10205
f 5597//10206 5712//10206 5711//10206
f 5597//10207 5571//10207 5582//10207
f 5597//10208 5721//10208 5563//10208
f 5722//10209 5721//10209 5586//10209
f 5586//10210 5721//10210 5597//10210
f 5723//10211 5611//10211 5612//10211
f 5722//10212 5586//10212 5585//10212
f 5722//10213 5585//10213 5723//10213
f 5723//10214 5585//10214 5611//10214
f 5720//10215 5723//10215 5612//10215
f 5727//10216 5724//10216 5725//10216
f 5725//10217 5724//10217 5726//10217
f 5725//10218 5728//10218 5727//10218
f 5562//10219 5729//10219 5610//10219
f 5731//10220 5726//10220 5724//10220
f 5561//10221 5563//10221 5721//10221
f 5721//10222 5732//10222 5561//10222
f 5561//10223 5732//10223 5564//10223
f 5564//10224 5732//10224 5562//10224
f 5731//10225 5730//10225 5733//10225
f 5730//10226 5718//10226 5733//10226
f 5752//10227 5740//10227 5739//10227
f 5752//10228 5743//10228 5740//10228
f 5743//10229 5741//10229 5740//10229
f 5743//10230 5734//10230 5741//10230
f 5744//10231 5756//10231 5753//10231
f 5737//10232 5743//10232 5752//10232
f 5737//10233 5742//10233 5743//10233
f 5751//10234 5742//10234 5737//10234
f 5751//10235 5741//10235 5742//10235
f 5750//10236 5741//10236 5751//10236
f 5750//10237 5740//10237 5741//10237
f 5750//10238 5749//10238 5740//10238
f 5749//10239 5739//10239 5740//10239
f 5749//10240 5748//10240 5739//10240
f 5748//10241 5738//10241 5739//10241
f 5747//10242 5738//10242 5748//10242
f 5746//10243 5738//10243 5747//10243
f 5746//10244 5737//10244 5738//10244
f 5745//10245 5737//10245 5746//10245
f 5745//10246 5736//10246 5737//10246
f 5736//10247 5745//10247 5755//10247
f 5754//10248 5735//10248 5755//10248
f 5755//10249 5735//10249 5736//10249
f 5753//10250 5735//10250 5754//10250
f 5753//10251 5756//10251 5735//10251
f 5745//10252 5746//10252 5747//10252
f 5748//10253 5756//10253 5747//10253
f 5739//10254 5738//10254 5752//10254
f 5742//10255 5734//10255 5743//10255
f 5742//10256 5741//10256 5734//10256
f 5738//10257 5737//10257 5752//10257
f 5736//10258 5751//10258 5737//10258
f 5736//10259 5750//10259 5751//10259
f 5750//10260 5736//10260 5735//10260
f 5750//10261 5735//10261 5749//10261
f 5735//10262 5756//10262 5749//10262
f 5749//10263 5756//10263 5748//10263
f 5747//10264 5744//10264 5745//10264
f 5744//10265 5747//10265 5756//10265
f 5744//10266 5717//10266 5709//10266
f 5744//10267 5709//10267 5745//10267
f 5745//10268 5709//10268 5713//10268
f 5745//10269 5713//10269 5711//10269
f 5745//10270 5711//10270 5755//10270
f 5755//10271 5711//10271 5714//10271
f 5755//10272 5714//10272 5754//10272
f 5754//10273 5714//10273 5716//10273
f 5754//10274 5716//10274 5753//10274
f 5753//10275 5716//10275 5715//10275
f 5753//10276 5715//10276 5707//10276
f 5753//10277 5707//10277 5744//10277
f 5744//10278 5707//10278 5717//10278
f 5759//10279 5757//10279 5761//10279
f 5760//10280 5761//10280 5758//10280
f 5761//10281 5760//10281 5759//10281
f 5759//10282 5704//10282 5692//10282
f 5759//10283 5692//10283 5757//10283
f 5757//10284 5692//10284 5699//10284
f 5757//10285 5699//10285 5703//10285
f 5757//10286 5703//10286 5702//10286
f 5757//10287 5702//10287 5761//10287
f 5761//10288 5702//10288 5700//10288
f 5761//10289 5700//10289 5758//10289
f 5758//10290 5700//10290 5701//10290
f 5758//10291 5701//10291 5705//10291
f 5758//10292 5705//10292 5760//10292
f 5760//10293 5705//10293 5704//10293
f 5760//10294 5704//10294 5759//10294
f 5763//10295 5762//10295 5766//10295
f 5763//10296 5764//10296 5762//10296
f 5764//10297 5765//10297 5773//10297
f 5773//10298 5766//10298 5762//10298
f 5773//10299 5762//10299 5764//10299
f 5781//10300 5775//10300 5780//10300
f 5780//10301 5775//10301 5769//10301
f 5777//8479 5771//8479 5773//8479
f 5776//10302 5771//10302 5777//10302
f 5776//10303 5772//10303 5771//10303
f 5775//10304 5772//10304 5776//10304
f 5770//10305 5772//10305 5775//10305
f 5774//10306 5770//10306 5775//10306
f 5778//10307 5767//10307 5770//10307
f 5778//10308 5770//10308 5774//10308
f 5779//10309 5768//10309 5778//10309
f 5778//10310 5768//10310 5767//10310
f 5780//10311 5769//10311 5779//10311
f 5779//10312 5769//10312 5768//10312
f 5782//10313 5778//10313 5774//10313
f 5774//10314 5775//10314 5782//10314
f 5771//8462 5766//8462 5773//8462
f 5772//10315 5766//10315 5771//10315
f 5772//10316 5763//10316 5766//10316
f 5772//10317 5764//10317 5763//10317
f 5772//10318 5770//10318 5764//10318
f 5764//10319 5770//10319 5765//10319
f 5767//10320 5773//10320 5765//10320
f 5767//10321 5765//10321 5770//10321
f 5773//10322 5767//10322 5777//10322
f 5768//10323 5777//10323 5767//10323
f 5768//10324 5776//10324 5777//10324
f 5776//10325 5768//10325 5769//10325
f 5769//10326 5775//10326 5776//10326
f 5775//10327 5781//10327 5782//10327
f 5779//10328 5677//10328 5674//10328
f 5779//10329 5674//10329 5669//10329
f 5779//10330 5669//10330 5780//10330
f 5780//10331 5669//10331 5670//10331
f 5780//10332 5670//10332 5781//10332
f 5781//10333 5670//10333 5676//10333
f 5781//10334 5676//10334 5680//10334
f 5781//10335 5680//10335 5679//10335
f 5781//10336 5679//10336 5782//10336
f 5782//10337 5679//10337 5678//10337
f 5782//10338 5678//10338 5778//10338
f 5778//10339 5678//10339 5677//10339
f 5778//10340 5677//10340 5779//10340
f 5673//10341 5674//10341 5677//10341
f 5783//217 5784//217 5785//217
f 5783//217 5791//217 5786//217
f 5783//217 5786//217 5784//217
f 5784//217 5787//217 5785//217
f 5785//217 5787//217 5788//217
f 5788//217 5787//217 5789//217
f 5788//217 5789//217 5805//217
f 5790//217 5791//217 5783//217
f 5792//217 5793//217 5794//217
f 5795//8018 5809//8018 5796//8018
f 5795//217 5796//217 5790//217
f 5790//217 5796//217 5791//217
f 5793//233 5797//233 5794//233
f 5792//217 5798//217 5793//217
f 5799//217 5804//217 5800//217
f 5800//217 5804//217 5801//217
f 5802//217 5803//217 5799//217
f 5799//217 5803//217 5804//217
f 5802//217 5806//217 5803//217
f 5805//217 5808//217 5806//217
f 5805//217 5806//217 5802//217
f 5789//217 5807//217 5805//217
f 5805//217 5807//217 5808//217
f 5794//10342 5797//10342 5809//10342
f 5794//6821 5809//6821 5795//6821
f 5800//217 5801//217 5810//217
f 5800//217 5810//217 5811//217
f 5811//217 5810//217 5812//217
f 5811//217 5812//217 5792//217
f 5792//217 5812//217 5798//217
f 5813//3357 5814//3357 5815//3357
f 5816//3357 5817//3357 5818//3357
f 5815//3357 5814//3357 5819//3357
f 5822//3357 5841//3357 5823//3357
f 5819//10343 5814//10343 5824//10343
f 5819//10344 5825//10344 5826//10344
f 5818//3357 5817//3357 5829//3357
f 5822//10345 5823//10345 5830//10345
f 5826//8717 5825//8717 5827//8717
f 5827//10346 5825//10346 5828//10346
f 5820//3357 5821//3357 5833//3357
f 5820//10347 5833//10347 5834//10347
f 5846//3170 5825//3170 5819//3170
f 5828//3364 5825//3364 5832//3364
f 5831//10348 5842//10348 5837//10348
f 5837//10349 5842//10349 5833//10349
f 5813//3357 5815//3357 5838//3357
f 5813//10350 5838//10350 5839//10350
f 5841//10344 5842//10344 5831//10344
f 5836//3357 5835//3357 5843//3357
f 5843//3169 5835//3169 5838//3169
f 5824//10351 5846//10351 5819//10351
f 5829//10352 5840//10352 5844//10352
f 5852//8043 5842//8043 5841//8043
f 5833//8049 5842//8049 5845//8049
f 5850//3364 5835//3364 5836//3364
f 5844//10353 5840//10353 5847//10353
f 5838//306 5835//306 5848//306
f 5828//10354 5832//10354 5879//10354
f 5854//8715 5840//8715 5829//8715
f 5816//3357 5818//3357 5828//3357
f 5816//10355 5828//10355 5879//10355
f 5847//10356 5840//10356 5849//10356
f 5856//10357 5850//10357 5851//10357
f 5858//8028 5854//8028 5829//8028
f 5841//10358 5822//10358 5853//10358
f 5853//10359 5852//10359 5841//10359
f 5833//10360 5845//10360 5834//10360
f 5847//10361 5849//10361 5830//10361
f 5847//7167 5830//7167 5855//7167
f 5855//10362 5830//10362 5823//10362
f 5821//3357 5820//3357 5857//3357
f 5857//3357 5820//3357 5851//3357
f 5857//8043 5851//8043 5836//8043
f 5836//8043 5851//8043 5850//8043
f 5838//10363 5848//10363 5839//10363
f 5829//3357 5817//3357 5858//3357
f 5838//10364 5614//10364 5576//10364
f 5809//10365 5628//10365 5796//10365
f 5628//10366 5613//10366 5838//10366
f 5838//10367 5613//10367 5614//10367
f 5809//10368 5623//10368 5628//10368
f 5809//10369 5621//10369 5623//10369
f 5797//10370 5620//10370 5809//10370
f 5809//10371 5620//10371 5621//10371
f 5619//10372 5629//10372 5797//10372
f 5797//10373 5629//10373 5620//10373
f 5836//10374 5616//10374 5857//10374
f 5857//10375 5616//10375 5619//10375
f 5836//10376 5617//10376 5615//10376
f 5836//10377 5615//10377 5616//10377
f 5843//10378 5580//10378 5836//10378
f 5836//10379 5580//10379 5617//10379
f 5618//10380 5580//10380 5843//10380
f 5838//10381 5576//10381 5577//10381
f 5838//10382 5577//10382 5843//10382
f 5843//10383 5577//10383 5618//10383
f 5826//10384 5827//10384 5784//10384
f 5628//10385 5838//10385 5796//10385
f 5796//10386 5838//10386 5815//10386
f 5796//10387 5815//10387 5791//10387
f 5791//10388 5815//10388 5819//10388
f 5791//10389 5819//10389 5786//10389
f 5786//10390 5819//10390 5826//10390
f 5786//10391 5826//10391 5784//10391
f 5619//10392 5797//10392 5857//10392
f 5857//10393 5797//10393 5793//10393
f 5857//10394 5793//10394 5821//10394
f 5821//10395 5793//10395 5798//10395
f 5821//10396 5798//10396 5833//10396
f 5833//10397 5798//10397 5812//10397
f 5833//10398 5812//10398 5837//10398
f 5831//10399 5837//10399 5812//10399
f 5810//10400 5831//10400 5812//10400
f 5806//10401 5847//10401 5803//10401
f 5831//10402 5810//10402 5841//10402
f 5841//10403 5810//10403 5801//10403
f 5841//10404 5801//10404 5804//10404
f 5841//10405 5804//10405 5823//10405
f 5823//10406 5804//10406 5803//10406
f 5823//10407 5803//10407 5855//10407
f 5855//10408 5803//10408 5847//10408
f 5847//10409 5806//10409 5844//10409
f 5844//10410 5806//10410 5808//10410
f 5844//10411 5808//10411 5829//10411
f 5829//10412 5808//10412 5807//10412
f 5829//10413 5807//10413 5818//10413
f 5818//10414 5807//10414 5789//10414
f 5818//10415 5789//10415 5828//10415
f 5828//10416 5789//10416 5787//10416
f 5828//10417 5787//10417 5827//10417
f 5784//10418 5827//10418 5787//10418
f 5860//8036 5861//8036 5859//8036
f 5860//10419 5862//10419 5861//10419
f 5863//10420 5862//10420 5860//10420
f 5864//3169 5863//3169 5860//3169
f 5860//287 5865//287 5864//287
f 5866//3357 5867//3357 5860//3357
f 5860//8030 5868//8030 5866//8030
f 5860//8038 5869//8038 5868//8038
f 5870//8036 5869//8036 5860//8036
f 5859//8714 5870//8714 5860//8714
f 5875//10421 5835//10421 5850//10421
f 5875//10422 5850//10422 5876//10422
f 5850//10423 5856//10423 5876//10423
f 5877//10424 5848//10424 5875//10424
f 5875//10425 5848//10425 5835//10425
f 5839//10426 5848//10426 5877//10426
f 5872//10427 5825//10427 5846//10427
f 5872//10428 5846//10428 5878//10428
f 5846//10429 5824//10429 5878//10429
f 5880//10430 5832//10430 5872//10430
f 5872//10431 5832//10431 5825//10431
f 5879//10432 5832//10432 5880//10432
f 5840//10433 5874//10433 5873//10433
f 5874//10434 5840//10434 5854//10434
f 5874//10435 5854//10435 5881//10435
f 5858//10436 5881//10436 5854//10436
f 5882//10437 5849//10437 5873//10437
f 5873//10438 5849//10438 5840//10438
f 5830//10439 5849//10439 5882//10439
f 5876//10440 5856//10440 5851//10440
f 5863//10441 5875//10441 5862//10441
f 5875//10442 5876//10442 5862//10442
f 5839//10443 5877//10443 5863//10443
f 5863//10444 5877//10444 5875//10444
f 5860//10445 5872//10445 5865//10445
f 5865//10446 5872//10446 5878//10446
f 5878//10447 5824//10447 5865//10447
f 5860//10448 5879//10448 5880//10448
f 5860//10449 5880//10449 5872//10449
f 5882//10450 5873//10450 5868//10450
f 5868//10451 5873//10451 5874//10451
f 5868//10452 5874//10452 5881//10452
f 5870//10453 5883//10453 5853//10453
f 5871//10454 5883//10454 5859//10454
f 5859//10455 5883//10455 5870//10455
f 5834//10456 5884//10456 5859//10456
f 5859//10457 5884//10457 5871//10457
f 5839//10458 5863//10458 5813//10458
f 5813//10459 5863//10459 5864//10459
f 5813//10460 5864//10460 5814//10460
f 5814//10461 5864//10461 5865//10461
f 5814//10462 5865//10462 5824//10462
f 5862//10463 5876//10463 5851//10463
f 5862//10464 5851//10464 5820//10464
f 5862//10465 5820//10465 5861//10465
f 5861//10466 5820//10466 5834//10466
f 5861//10467 5834//10467 5859//10467
f 5882//10468 5868//10468 5869//10468
f 5882//10469 5869//10469 5830//10469
f 5830//10470 5869//10470 5822//10470
f 5822//10471 5869//10471 5870//10471
f 5822//10472 5870//10472 5853//10472
f 5879//10473 5860//10473 5816//10473
f 5816//10474 5860//10474 5867//10474
f 5816//10475 5867//10475 5817//10475
f 5817//10476 5867//10476 5866//10476
f 5817//10477 5866//10477 5868//10477
f 5817//10478 5868//10478 5858//10478
f 5858//10479 5868//10479 5881//10479
f 5884//10480 5845//10480 5871//10480
f 5871//10481 5845//10481 5842//10481
f 5834//10482 5845//10482 5884//10482
f 5871//10483 5842//10483 5852//10483
f 5871//10484 5852//10484 5883//10484
f 5852//10485 5853//10485 5883//10485
f 5723//10486 5732//10486 5722//10486
f 5722//10487 5732//10487 5721//10487
f 5731//10488 5723//10488 5730//10488
f 5719//10489 5718//10489 5720//10489
f 5720//10490 5718//10490 5730//10490
f 5723//10491 5720//10491 5730//10491
f 5723//10492 5731//10492 5732//10492
f 5731//10493 5724//10493 5732//10493
f 5727//10494 5732//10494 5724//10494
f 5727//10495 5562//10495 5732//10495
f 5729//10496 5562//10496 5727//10496
f 5728//10497 5729//10497 5727//10497
f 5589//10498 5634//10498 5641//10498
f 5589//10499 5635//10499 5634//10499
f 5639//10500 5638//10500 5635//10500
f 5639//10501 5635//10501 5606//10501
f 5638//10502 5639//10502 5640//10502
f 5635//10503 5589//10503 5606//10503
f 5649//10504 5651//10504 5603//10504
f 5649//10505 5603//10505 5650//10505
f 5642//10506 5650//10506 5603//10506
f 5650//10507 5642//10507 5602//10507
f 5648//10508 5602//10508 5644//10508
f 5644//10509 5602//10509 5642//10509
f 5647//10510 5648//10510 5644//10510
f 5653//10511 5652//10511 5654//10511
f 5652//10512 5653//10512 5668//10512
f 5665//10513 5662//10513 5660//10513
f 5665//10514 5660//10514 5567//10514
f 5662//10515 5665//10515 5667//10515
f 5567//10516 5660//10516 5668//10516
f 5668//10517 5660//10517 5658//10517
f 5668//10518 5658//10518 5652//10518
f 5652//10519 5658//10519 5656//10519
f 5664//10520 5656//10520 5655//10520
f 5664//10521 5655//10521 5663//10521
f 5664//10522 5652//10522 5656//10522
f 5889//10523 5888//10523 5886//10523
f 5889//10524 5886//10524 5885//10524
f 5889//10525 5887//10525 5888//10525
f 5887//10526 5681//10526 5682//10526
f 5887//10527 5682//10527 5888//10527
f 5888//10528 5682//10528 5690//10528
f 5888//10529 5690//10529 5886//10529
f 5886//10530 5690//10530 5683//10530
f 5886//10531 5683//10531 5885//10531
f 5885//10532 5683//10532 5689//10532
f 5885//10533 5689//10533 5685//10533
f 5885//10534 5685//10534 5889//10534
f 5889//10535 5685//10535 5686//10535
f 5889//10536 5686//10536 5691//10536
f 5889//10537 5691//10537 5887//10537
f 5887//10538 5691//10538 5681//10538
f 5891//217 5892//217 5890//217
f 5893//217 5892//217 5891//217
f 5891//217 5895//217 5894//217
f 5891//217 5896//217 5895//217
f 5891//217 5897//217 5896//217
f 5891//217 5898//217 5897//217
f 5899//217 5898//217 5891//217
f 5891//217 5900//217 5899//217
f 5901//217 5900//217 5891//217
f 5890//217 5901//217 5891//217
f 5890//10539 5811//10539 5792//10539
f 5890//10540 5792//10540 5901//10540
f 5901//10541 5792//10541 5900//10541
f 5900//10542 5792//10542 5794//10542
f 5900//10543 5794//10543 5899//10543
f 5899//10544 5794//10544 5795//10544
f 5899//10545 5795//10545 5898//10545
f 5898//10546 5795//10546 5790//10546
f 5898//10547 5790//10547 5783//10547
f 5898//10548 5783//10548 5897//10548
f 5897//10549 5783//10549 5785//10549
f 5897//10550 5785//10550 5896//10550
f 5896//10551 5785//10551 5788//10551
f 5896//10552 5788//10552 5895//10552
f 5895//10553 5788//10553 5805//10553
f 5895//10554 5805//10554 5894//10554
f 5894//10555 5805//10555 5891//10555
f 5891//10556 5805//10556 5802//10556
f 5891//10557 5802//10557 5893//10557
f 5893//10558 5802//10558 5799//10558
f 5893//10559 5799//10559 5892//10559
f 5892//10560 5799//10560 5800//10560
f 5892//10561 5800//10561 5890//10561
f 5890//10562 5800//10562 5811//10562
f 5902//1958 5903//1958 5904//1958
f 5904//1958 5903//1958 5905//1958
f 5906//217 5902//217 5907//217
f 5907//217 5902//217 5904//217
f 5908//1902 5906//1902 5909//1902
f 5909//1902 5906//1902 5907//1902
f 5903//3357 5908//3357 5905//3357
f 5905//3357 5908//3357 5909//3357
f 5906//3502 5908//3502 5902//3502
f 5902//3502 5908//3502 5903//3502
f 5909//5441 5907//5441 5905//5441
f 5905//5441 5907//5441 5904//5441
f 5913//10563 5914//10563 5917//10563
f 5913//10564 5917//10564 5912//10564
f 5910//10565 5911//10565 5918//10565
f 5910//10566 5918//10566 5915//10566
f 5915//10567 5918//10567 5914//10567
f 5911//10568 5916//10568 5920//10568
f 5911//10569 5920//10569 5919//10569
f 5911//10570 5919//10570 5918//10570
f 5921//10571 5918//10571 5920//10571
f 5918//10572 5919//10572 5920//10572
f 5921//10573 5914//10573 5918//10573
f 5914//10574 5923//10574 5922//10574
f 5914//10575 5922//10575 5917//10575
f 5914//10576 5921//10576 5923//10576
f 5917//10577 5922//10577 5923//10577
f 5916//10578 5912//10578 5917//10578
f 5916//10579 5917//10579 5923//10579
f 5916//10580 5911//10580 5912//10580
f 5920//10581 5923//10581 5921//10581
f 5923//10582 5920//10582 5916//10582
f 5927//10583 5973//10583 5926//10583
f 5965//10584 5966//10584 5928//10584
f 5965//10585 5928//10585 5929//10585
f 6044//10586 5937//10586 5930//10586
f 5930//10587 5937//10587 5931//10587
f 5931//10588 5937//10588 5932//10588
f 5933//10589 5934//10589 5942//10589
f 5938//10590 5935//10590 5992//10590
f 5992//10591 5994//10591 5938//10591
f 5941//10592 5940//10592 5942//10592
f 5940//10593 5933//10593 5942//10593
f 5936//10594 5940//10594 5939//10594
f 5949//10595 5950//10595 5952//10595
f 5954//10596 5956//10596 5955//10596
f 5955//10597 5956//10597 5957//10597
f 5955//10598 5957//10598 6036//10598
f 5962//10599 5951//10599 5963//10599
f 5970//10600 5971//10600 5972//10600
f 5978//10601 5983//10601 5980//10601
f 5976//10602 5975//10602 5984//10602
f 5984//10603 5975//10603 5981//10603
f 5978//10604 5977//10604 5983//10604
f 5980//10605 5983//10605 5979//10605
f 5979//10606 5930//10606 5931//10606
f 5930//10607 5979//10607 5983//10607
f 5984//10608 5981//10608 5985//10608
f 5985//10609 5981//10609 5982//10609
f 5977//10610 5976//10610 5984//10610
f 5985//10611 5982//10611 5934//10611
f 5931//10612 5932//10612 5986//10612
f 5986//10613 5932//10613 5991//10613
f 5940//10614 5989//10614 5939//10614
f 5940//10615 5941//10615 5988//10615
f 5988//10616 5989//10616 5940//10616
f 5989//10617 5936//10617 5939//10617
f 5994//10618 5992//10618 5993//10618
f 5993//10619 5938//10619 5994//10619
f 5992//10620 5935//10620 5936//10620
f 5993//10621 5937//10621 5938//10621
f 5991//10622 5932//10622 5990//10622
f 5990//10623 5932//10623 5937//10623
f 5990//10624 5937//10624 5993//10624
f 5988//10625 5941//10625 5987//10625
f 5987//10626 5941//10626 5942//10626
f 5942//10627 5934//10627 5987//10627
f 5987//10628 5934//10628 5995//10628
f 5979//10629 5986//10629 5980//10629
f 5931//10630 5986//10630 5979//10630
f 5982//10631 5995//10631 5934//10631
f 5982//10632 5981//10632 5995//10632
f 5995//10633 5981//10633 5975//10633
f 5996//10634 5911//10634 5910//10634
f 5996//10635 5910//10635 5915//10635
f 5911//10636 5996//10636 5912//10636
f 5912//10637 5996//10637 5997//10637
f 5914//10638 5913//10638 5935//10638
f 5935//10639 5913//10639 5997//10639
f 5997//10640 5913//10640 5912//10640
f 5914//10641 5935//10641 5915//10641
f 5951//10642 5998//10642 5963//10642
f 5963//10643 5998//10643 5962//10643
f 5999//10644 6002//10644 6000//10644
f 6000//10645 6002//10645 6001//10645
f 6002//10646 6003//10646 6004//10646
f 6002//10647 6004//10647 6001//10647
f 5952//10648 6004//10648 6003//10648
f 5952//10649 6003//10649 5969//10649
f 5971//10650 6005//10650 5972//10650
f 5972//10651 6005//10651 5970//10651
f 5999//10652 6000//10652 5970//10652
f 5999//10653 5970//10653 6005//10653
f 5962//10654 5998//10654 5971//10654
f 5971//10655 5998//10655 6005//10655
f 5949//10656 5998//10656 5951//10656
f 5951//10657 5950//10657 5949//10657
f 5949//10658 5952//10658 5969//10658
f 6006//10659 5953//10659 5968//10659
f 5961//10660 6007//10660 5960//10660
f 5954//10661 5955//10661 5960//10661
f 5954//10662 5960//10662 6007//10662
f 6007//10663 5953//10663 6006//10663
f 5953//10664 6007//10664 5961//10664
f 6009//10665 6011//10665 6008//10665
f 6009//10666 6010//10666 6011//10666
f 6012//10667 6011//10667 6010//10667
f 6036//10668 5957//10668 6013//10668
f 6013//10669 5957//10669 5956//10669
f 5968//10670 6009//10670 6006//10670
f 6006//10671 6009//10671 6008//10671
f 6021//10672 6018//10672 6022//10672
f 6017//10673 6019//10673 6016//10673
f 6016//10674 6020//10674 6015//10674
f 6015//10675 6020//10675 6014//10675
f 6020//10676 6016//10676 6019//10676
f 6019//10677 6017//10677 6018//10677
f 6022//10678 6024//10678 6025//10678
f 6022//10679 6025//10679 6021//10679
f 6027//10680 5967//10680 6026//10680
f 6026//10681 6023//10681 6027//10681
f 6024//10682 6028//10682 6025//10682
f 6024//10683 5966//10683 6028//10683
f 6028//10684 5966//10684 5965//10684
f 5959//10685 6029//10685 5958//10685
f 6029//10686 6031//10686 5958//10686
f 5958//10687 6031//10687 5945//10687
f 5943//10688 6030//10688 5967//10688
f 5943//10689 5944//10689 6030//10689
f 6030//10690 5944//10690 5945//10690
f 6030//10691 5945//10691 6031//10691
f 6026//10692 5967//10692 6030//10692
f 6032//10693 6029//10693 5959//10693
f 5959//10694 5929//10694 6032//10694
f 6032//10695 5929//10695 5928//10695
f 6042//10696 6044//10696 6033//10696
f 6043//10697 6033//10697 6034//10697
f 6045//10698 6035//10698 6036//10698
f 6045//10699 6036//10699 6037//10699
f 6037//10700 6036//10700 6038//10700
f 6039//10701 6037//10701 6040//10701
f 6039//10702 6045//10702 6037//10702
f 6034//10703 6035//10703 6043//10703
f 6042//10704 6033//10704 6043//10704
f 6038//10705 6041//10705 6040//10705
f 6055//10706 6046//10706 6047//10706
f 6056//10707 6048//10707 6049//10707
f 6058//10708 6051//10708 6052//10708
f 6049//10709 6050//10709 6056//10709
f 6057//10710 6055//10710 6048//10710
f 6047//10711 6048//10711 6055//10711
f 6046//10712 6055//10712 6054//10712
f 6053//10713 6051//10713 6058//10713
f 6057//10714 6048//10714 6056//10714
f 6066//10715 6069//10715 6070//10715
f 6071//10716 6064//10716 6070//10716
f 6069//10717 6066//10717 6059//10717
f 6070//10718 6064//10718 6066//10718
f 6067//10719 6068//10719 6063//10719
f 6062//10720 6063//10720 6068//10720
f 6065//10721 6066//10721 6064//10721
f 6064//10722 6071//10722 6063//10722
f 6068//10723 6061//10723 6062//10723
f 6060//10724 6061//10724 6059//10724
f 6073//10725 6072//10725 6074//10725
f 6083//10726 6076//10726 6077//10726
f 6082//10727 6073//10727 6074//10727
f 6082//10728 6074//10728 6081//10728
f 6076//10729 6083//10729 6084//10729
f 6076//10730 6084//10730 6081//10730
f 6077//10731 6080//10731 6083//10731
f 6075//10732 6081//10732 6074//10732
f 6098//10733 6097//10733 6023//10733
f 5936//10734 5947//10734 5940//10734
f 5936//10735 5974//10735 5947//10735
f 5946//10736 5940//10736 5947//10736
f 5940//10737 5946//10737 5948//10737
f 5940//10738 5948//10738 5933//10738
f 5933//10739 5948//10739 5964//10739
f 5934//10740 6078//10740 5985//10740
f 5985//10741 6078//10741 6077//10741
f 6065//10742 5984//10742 5985//10742
f 6063//10743 6062//10743 5983//10743
f 5977//10744 6063//10744 5983//10744
f 5983//10745 5961//10745 5930//10745
f 5930//10746 5961//10746 5960//10746
f 5983//10747 5968//10747 5953//10747
f 5983//10748 5953//10748 5961//10748
f 5960//10749 6035//10749 5930//10749
f 5930//10750 6035//10750 6034//10750
f 5955//10751 6036//10751 6035//10751
f 5955//10752 6035//10752 5960//10752
f 5930//10753 6034//10753 6033//10753
f 5929//10754 5959//10754 6044//10754
f 6044//10755 5959//10755 5958//10755
f 6044//10756 5958//10756 5937//10756
f 5937//10757 5958//10757 5945//10757
f 5943//10758 5967//10758 5938//10758
f 5938//10759 5967//10759 5935//10759
f 5943//10760 5938//10760 5944//10760
f 5944//10761 5938//10761 5937//10761
f 5944//10762 5937//10762 5945//10762
f 5967//10763 5915//10763 5935//10763
f 5915//10764 5967//10764 5996//10764
f 5996//10765 5967//10765 6027//10765
f 5996//10766 6027//10766 6023//10766
f 5936//10767 5935//10767 5997//10767
f 5997//10768 5974//10768 5936//10768
f 5974//10769 5997//10769 6099//10769
f 6052//10770 6051//10770 6091//10770
f 6089//10771 6051//10771 6050//10771
f 6089//10772 6050//10772 6086//10772
f 6049//10773 6086//10773 6050//10773
f 6085//10774 6004//10774 6075//10774
f 6085//10775 6075//10775 5973//10775
f 6004//10776 6085//10776 6087//10776
f 6004//10777 6087//10777 6049//10777
f 6049//10778 6087//10778 6086//10778
f 6072//10779 5925//10779 6074//10779
f 6074//10780 5925//10780 5926//10780
f 6074//10781 5926//10781 5973//10781
f 6074//10782 5973//10782 6075//10782
f 5925//10783 6072//10783 5924//10783
f 6089//10784 6088//10784 6091//10784
f 6051//10785 6089//10785 6091//10785
f 6088//10786 6092//10786 6091//10786
f 6065//10787 5971//10787 5970//10787
f 5985//10788 5971//10788 6065//10788
f 5962//10789 5985//10789 5951//10789
f 6065//10790 5970//10790 6000//10790
f 5962//10791 5971//10791 5985//10791
f 5985//10792 6077//10792 6076//10792
f 5985//10793 6076//10793 5951//10793
f 6081//10794 5952//10794 5950//10794
f 6081//10795 5950//10795 6076//10795
f 6076//10796 5950//10796 5951//10796
f 6075//10797 5952//10797 6081//10797
f 6075//10798 6004//10798 5952//10798
f 6059//10799 6001//10799 6004//10799
f 6066//10800 6000//10800 6059//10800
f 6059//10801 6000//10801 6001//10801
f 6065//10802 6000//10802 6066//10802
f 6062//10803 6061//10803 5983//10803
f 5983//10804 6061//10804 5968//10804
f 6059//10805 6010//10805 6060//10805
f 6060//10806 6010//10806 6009//10806
f 6060//10807 6009//10807 6061//10807
f 6061//10808 6009//10808 5968//10808
f 6004//10809 6013//10809 6012//10809
f 6036//10810 6013//10810 6004//10810
f 6004//10811 6012//10811 6059//10811
f 6059//10812 6012//10812 6010//10812
f 6033//10813 6044//10813 5930//10813
f 6036//10814 5965//10814 6038//10814
f 6044//10815 6041//10815 5929//10815
f 6041//10816 6038//10816 5929//10816
f 5929//10817 6038//10817 5965//10817
f 6004//10818 6025//10818 6028//10818
f 6049//10819 6021//10819 6025//10819
f 6049//10820 6025//10820 6004//10820
f 6004//10821 6028//10821 6036//10821
f 6036//10822 6028//10822 5965//10822
f 6052//10823 6091//10823 6098//10823
f 6052//10824 6098//10824 6054//10824
f 6054//10825 6098//10825 6023//10825
f 6054//10826 6023//10826 6014//10826
f 6099//10827 5997//10827 5996//10827
f 6099//10828 5996//10828 6097//10828
f 6097//10829 5996//10829 6023//10829
f 6021//10830 6049//10830 6018//10830
f 6018//10831 6049//10831 6048//10831
f 6018//10832 6048//10832 6019//10832
f 6019//10833 6048//10833 6047//10833
f 6019//10834 6047//10834 6020//10834
f 6020//10835 6047//10835 6046//10835
f 6020//10836 6046//10836 6014//10836
f 6014//10837 6046//10837 6054//10837
f 6065//10838 6064//10838 5984//10838
f 5984//10839 6064//10839 5977//10839
f 5977//10840 6064//10840 6063//10840
f 6072//10841 5964//10841 5924//10841
f 6072//10842 6079//10842 5964//10842
f 5964//10843 6079//10843 5934//10843
f 5934//10844 6079//10844 6078//10844
f 5964//10845 5934//10845 5933//10845
f 6089//10846 6086//10846 6090//10846
f 6089//10847 6093//10847 6088//10847
f 6086//10848 6087//10848 6090//10848
f 5927//10849 6085//10849 5973//10849
f 6092//10850 6088//10850 6093//10850
f 6093//10851 6089//10851 6090//10851
f 5974//10852 6094//10852 5947//10852
f 5964//10853 6095//10853 5924//10853
f 6096//10854 6095//10854 5948//10854
f 5948//10855 6095//10855 5964//10855
f 5946//10856 5947//10856 6094//10856
f 5946//10857 6094//10857 6096//10857
f 5946//10858 6096//10858 5948//10858
f 6097//10859 6098//10859 6099//10859
f 6099//10860 6094//10860 5974//10860
f 5927//10861 5926//10861 6100//10861
f 6100//10862 5926//10862 5925//10862
f 6100//10863 5925//10863 5924//10863
f 6100//10864 5924//10864 6095//10864
f 6051//10865 6053//10865 6050//10865
f 6110//10866 6101//10866 6107//10866
f 6110//10867 6107//10867 6111//10867
f 6118//10868 6104//10868 6113//10868
f 6113//10869 6105//10869 6114//10869
f 6112//10870 6102//10870 6121//10870
f 6117//10871 6110//10871 6111//10871
f 6117//10872 6109//10872 6110//10872
f 6116//10873 6109//10873 6117//10873
f 6116//10874 6108//10874 6109//10874
f 6116//10875 6115//10875 6108//10875
f 6115//10876 6107//10876 6108//10876
f 6115//10877 6114//10877 6107//10877
f 6114//10878 6106//10878 6107//10878
f 6114//10879 6105//10879 6106//10879
f 6113//10880 6104//10880 6105//10880
f 6104//10881 6118//10881 6119//10881
f 6104//10882 6119//10882 6103//10882
f 6120//10883 6103//10883 6119//10883
f 6121//10884 6103//10884 6120//10884
f 6121//10885 6102//10885 6103//10885
f 6113//10886 6114//10886 6102//10886
f 6101//10887 6108//10887 6107//10887
f 6107//10888 6106//10888 6111//10888
f 6109//10889 6101//10889 6110//10889
f 6109//10890 6108//10890 6101//10890
f 6111//10891 6106//10891 6105//10891
f 6111//10892 6105//10892 6117//10892
f 6104//10893 6117//10893 6105//10893
f 6117//10894 6104//10894 6116//10894
f 6116//10895 6104//10895 6103//10895
f 6116//10896 6103//10896 6115//10896
f 6103//10897 6102//10897 6115//10897
f 6115//10898 6102//10898 6114//10898
f 6113//10899 6112//10899 6118//10899
f 6113//10900 6102//10900 6112//10900
f 6118//10901 6083//10901 6080//10901
f 6118//10902 6080//10902 6119//10902
f 6119//10903 6080//10903 6078//10903
f 6119//10904 6078//10904 6079//10904
f 6119//10905 6079//10905 6120//10905
f 6120//10906 6079//10906 6072//10906
f 6120//10907 6072//10907 6073//10907
f 6120//10908 6073//10908 6082//10908
f 6120//10909 6082//10909 6121//10909
f 6121//10910 6082//10910 6081//10910
f 6121//10911 6081//10911 6112//10911
f 6112//10912 6081//10912 6084//10912
f 6112//10913 6084//10913 6083//10913
f 6112//10914 6083//10914 6118//10914
f 6077//10915 6078//10915 6080//10915
f 6124//10916 6126//10916 6125//10916
f 6124//10917 6123//10917 6126//10917
f 6123//10918 6124//10918 6122//10918
f 6123//10919 6069//10919 6059//10919
f 6123//10920 6059//10920 6126//10920
f 6126//10921 6059//10921 6061//10921
f 6126//10922 6061//10922 6125//10922
f 6125//10923 6061//10923 6068//10923
f 6125//10924 6068//10924 6067//10924
f 6125//10925 6067//10925 6063//10925
f 6125//10926 6063//10926 6124//10926
f 6124//10927 6063//10927 6071//10927
f 6124//10928 6071//10928 6122//10928
f 6122//10929 6071//10929 6070//10929
f 6122//10930 6070//10930 6123//10930
f 6123//10931 6070//10931 6069//10931
f 6128//10932 6127//10932 6130//10932
f 6134//10933 6129//10933 6127//10933
f 6134//10934 6127//10934 6128//10934
f 6127//10935 6129//10935 6137//10935
f 6129//10936 6142//10936 6137//10936
f 6137//10937 6130//10937 6127//10937
f 6133//10938 6143//10938 6138//10938
f 6133//10939 6138//10939 6147//10939
f 6141//10940 6137//10940 6142//10940
f 6141//10941 6136//10941 6137//10941
f 6140//10942 6136//10942 6141//10942
f 6140//10943 6135//10943 6136//10943
f 6139//10944 6134//10944 6135//10944
f 6146//10945 6131//10945 6134//10945
f 6146//10946 6134//10946 6139//10946
f 6145//10947 6131//10947 6146//10947
f 6144//10948 6132//10948 6145//10948
f 6145//10949 6132//10949 6131//10949
f 6143//10950 6132//10950 6144//10950
f 6143//10951 6133//10951 6132//10951
f 6146//10952 6139//10952 6147//10952
f 6147//10953 6139//10953 6135//10953
f 6130//10954 6137//10954 6136//10954
f 6130//10955 6136//10955 6128//10955
f 6135//10956 6128//10956 6136//10956
f 6128//10957 6135//10957 6134//10957
f 6134//10958 6131//10958 6129//10958
f 6131//10959 6142//10959 6129//10959
f 6142//10960 6131//10960 6141//10960
f 6132//10961 6141//10961 6131//10961
f 6132//10962 6140//10962 6141//10962
f 6140//10963 6132//10963 6133//10963
f 6133//10964 6147//10964 6140//10964
f 6140//10965 6147//10965 6135//10965
f 6147//10966 6138//10966 6146//10966
f 6145//10967 6040//10967 6144//10967
f 6144//10968 6040//10968 6041//10968
f 6144//10969 6041//10969 6044//10969
f 6144//10970 6044//10970 6143//10970
f 6143//10971 6044//10971 6042//10971
f 6143//10972 6042//10972 6138//10972
f 6138//10973 6042//10973 6043//10973
f 6138//10974 6043//10974 6035//10974
f 6138//10975 6035//10975 6146//10975
f 6146//10976 6035//10976 6045//10976
f 6146//10977 6045//10977 6039//10977
f 6146//10978 6039//10978 6145//10978
f 6145//10979 6039//10979 6040//10979
f 6038//10980 6040//10980 6037//10980
f 6148//10981 6161//10981 6149//10981
f 6150//10982 6151//10982 6152//10982
f 6150//10983 6152//10983 6153//10983
f 6161//10984 6162//10984 6149//10984
f 6149//10985 6162//10985 6154//10985
f 6155//10986 6178//10986 6150//10986
f 6150//10987 6178//10987 6151//10987
f 6156//10988 6166//10988 6157//10988
f 6166//10989 6158//10989 6157//10989
f 6157//10990 6158//10990 6159//10990
f 6160//10991 6167//10991 6161//10991
f 6160//10992 6161//10992 6148//10992
f 6154//10993 6162//10993 6163//10993
f 6163//10994 6162//10994 6164//10994
f 6163//10995 6164//10995 6165//10995
f 6153//10996 6152//10996 6166//10996
f 6153//10997 6166//10997 6156//10997
f 6159//10998 6158//10998 6167//10998
f 6159//10999 6167//10999 6160//10999
f 6165//11000 6164//11000 6168//11000
f 6168//11001 6164//11001 6169//11001
f 6170//11002 6177//11002 6171//11002
f 6177//11003 6172//11003 6171//11003
f 6171//11004 6172//11004 6173//11004
f 6173//11005 6172//11005 6174//11005
f 6173//11006 6174//11006 6175//11006
f 6168//11007 6169//11007 6176//11007
f 6176//11008 6169//11008 6177//11008
f 6176//11009 6177//11009 6170//11009
f 6175//11010 6174//11010 6178//11010
f 6175//11011 6178//11011 6155//11011
f 6184//1902 6185//1902 6186//1902
f 6180//1902 6179//1902 6187//1902
f 6180//1902 6187//1902 6188//1902
f 6182//4512 6181//4512 6189//4512
f 6189//4235 6181//4235 6215//4235
f 6186//1902 6185//1902 6190//1902
f 6191//1902 6179//1902 6180//1902
f 6198//11012 6199//11012 6200//11012
f 6200//4235 6199//4235 6201//4235
f 6183//11013 6192//11013 6193//11013
f 6190//11014 6202//11014 6194//11014
f 6194//11015 6202//11015 6191//11015
f 6181//11016 6182//11016 6209//11016
f 6201//1902 6199//1902 6203//1902
f 6201//1902 6203//1902 6204//1902
f 6211//4239 6202//4239 6190//4239
f 6205//4240 6206//4240 6200//4240
f 6204//11017 6203//11017 6207//11017
f 6191//11018 6202//11018 6208//11018
f 6196//11019 6195//11019 6209//11019
f 6197//4241 6206//4241 6205//4241
f 6204//11020 6192//11020 6183//11020
f 6192//11021 6210//11021 6193//11021
f 6216//11022 6195//11022 6196//11022
f 6214//4512 6206//4512 6197//4512
f 6217//4238 6192//4238 6204//4238
f 6212//11023 6211//11023 6190//11023
f 6191//11024 6208//11024 6179//11024
f 6200//11025 6206//11025 6198//11025
f 6190//11026 6185//11026 6212//11026
f 6218//11027 6216//11027 6196//11027
f 6209//11028 6195//11028 6213//11028
f 6219//11029 6214//11029 6215//11029
f 6207//11030 6217//11030 6204//11030
f 6184//4033 6186//4033 6193//4033
f 6184//11031 6193//11031 6210//11031
f 6188//11032 6187//11032 6196//11032
f 6196//11033 6187//11033 6218//11033
f 6189//11034 6215//11034 6197//11034
f 6197//11034 6215//11034 6214//11034
f 6209//11035 6213//11035 6181//11035
f 6173//11036 5980//11036 5986//11036
f 6200//11037 5991//11037 5990//11037
f 5990//11038 5993//11038 6200//11038
f 5993//11039 6205//11039 6200//11039
f 6175//11040 5978//11040 6173//11040
f 6173//11041 5978//11041 5980//11041
f 6175//11042 5977//11042 5978//11042
f 6155//11043 5976//11043 5977//11043
f 6155//11044 5977//11044 6175//11044
f 5995//11045 5975//11045 6155//11045
f 6155//11046 5975//11046 5976//11046
f 6189//11047 5988//11047 5987//11047
f 6189//11048 5987//11048 5995//11048
f 6150//11049 5995//11049 6155//11049
f 5989//11050 5988//11050 6197//11050
f 6197//11051 5988//11051 6189//11051
f 6205//11052 5936//11052 6197//11052
f 5936//11053 5989//11053 6197//11053
f 6205//11054 5992//11054 5936//11054
f 5993//11055 5992//11055 6205//11055
f 6183//11056 6193//11056 6176//11056
f 6176//11057 6193//11057 6168//11057
f 6168//11058 6193//11058 6186//11058
f 6168//11059 6186//11059 6165//11059
f 6165//11060 6186//11060 6163//11060
f 6163//11061 6186//11061 6190//11061
f 6163//11062 6190//11062 6154//11062
f 6154//11063 6190//11063 6194//11063
f 6154//11064 6194//11064 6149//11064
f 6149//11065 6194//11065 6191//11065
f 6149//11066 6191//11066 6148//11066
f 6148//11067 6191//11067 6180//11067
f 6148//11068 6180//11068 6160//11068
f 6160//11069 6180//11069 6188//11069
f 6160//11070 6188//11070 6159//11070
f 6159//11071 6188//11071 6196//11071
f 6159//11072 6196//11072 6157//11072
f 6157//11073 6196//11073 6209//11073
f 6157//11074 6209//11074 6156//11074
f 5995//11075 6150//11075 6189//11075
f 6189//11076 6150//11076 6153//11076
f 6189//11077 6153//11077 6182//11077
f 6182//11078 6153//11078 6209//11078
f 6209//11079 6153//11079 6156//11079
f 6183//11080 6176//11080 6204//11080
f 6204//11081 6176//11081 6170//11081
f 6204//11082 6170//11082 6171//11082
f 6204//11083 6171//11083 6201//11083
f 6201//11084 6171//11084 6173//11084
f 6201//11085 6173//11085 6200//11085
f 6200//11086 6173//11086 5986//11086
f 6200//11087 5986//11087 5991//11087
f 6100//11088 6095//11088 6094//11088
f 6096//11089 6094//11089 6095//11089
f 6091//11090 6092//11090 6094//11090
f 6094//11091 6099//11091 6091//11091
f 6098//11092 6091//11092 6099//11092
f 6094//11093 6092//11093 6093//11093
f 6094//11094 6093//11094 6100//11094
f 6100//11095 6093//11095 6090//11095
f 6090//11096 5927//11096 6100//11096
f 6087//11097 6085//11097 6090//11097
f 6090//11098 6085//11098 5927//11098
f 5949//11099 6005//11099 5998//11099
f 5949//11100 5999//11100 6005//11100
f 5999//11101 5969//11101 6002//11101
f 6002//11102 5969//11102 6003//11102
f 5999//11103 5949//11103 5969//11103
f 6008//11104 5956//11104 5954//11104
f 6012//11105 6013//11105 6011//11105
f 6011//11106 6013//11106 6008//11106
f 6008//11107 6013//11107 5956//11107
f 5954//11108 6006//11108 6008//11108
f 5954//11109 6007//11109 6006//11109
f 6022//11110 5966//11110 6024//11110
f 5966//11111 6022//11111 5928//11111
f 5928//11112 6022//11112 6018//11112
f 5928//11113 6018//11113 6017//11113
f 5928//11114 6017//11114 6032//11114
f 6032//11115 6017//11115 6016//11115
f 6032//11116 6016//11116 6030//11116
f 6030//11117 6016//11117 6015//11117
f 6023//11118 6026//11118 6014//11118
f 6014//11119 6026//11119 6015//11119
f 6030//11120 6015//11120 6026//11120
f 6031//11121 6029//11121 6030//11121
f 6030//11122 6029//11122 6032//11122
f 6221//11123 6223//11123 6220//11123
f 6223//11124 6221//11124 6224//11124
f 6223//11125 6222//11125 6220//11125
f 6221//11126 6057//11126 6224//11126
f 6224//11127 6057//11127 6056//11127
f 6224//11128 6056//11128 6050//11128
f 6224//11129 6050//11129 6053//11129
f 6224//11130 6053//11130 6223//11130
f 6223//11131 6053//11131 6058//11131
f 6223//11132 6058//11132 6052//11132
f 6223//11133 6052//11133 6222//11133
f 6222//11134 6052//11134 6054//11134
f 6222//11135 6054//11135 6220//11135
f 6220//11136 6054//11136 6055//11136
f 6220//11137 6055//11137 6057//11137
f 6220//11138 6057//11138 6221//11138
f 6226//11139 6225//11139 6227//11139
f 6227//11140 6225//11140 6228//11140
f 6228//11141 6225//11141 6229//11141
f 6229//11142 6225//11142 6230//11142
f 6230//11143 6225//11143 6231//11143
f 6231//11144 6225//11144 6232//11144
f 6232//11145 6225//11145 6233//11145
f 6233//11146 6225//11146 6234//11146
f 6234//11147 6225//11147 6235//11147
f 6235//11148 6225//11148 6236//11148
f 6236//11149 6225//11149 6237//11149
f 6237//11150 6225//11150 6226//11150
f 6202//11151 6245//11151 6244//11151
f 6245//11152 6202//11152 6211//11152
f 6245//11153 6211//11153 6246//11153
f 6211//11154 6212//11154 6246//11154
f 6247//11155 6208//11155 6202//11155
f 6247//11156 6202//11156 6244//11156
f 6249//11157 6213//11157 6195//11157
f 6249//11158 6195//11158 6238//11158
f 6195//11159 6239//11159 6238//11159
f 6239//11160 6195//11160 6216//11160
f 6239//11161 6216//11161 6248//11161
f 6216//11162 6218//11162 6248//11162
f 6206//11163 6241//11163 6240//11163
f 6241//11164 6206//11164 6214//11164
f 6241//11165 6214//11165 6250//11165
f 6214//11166 6219//11166 6250//11166
f 6251//11167 6198//11167 6206//11167
f 6251//11168 6206//11168 6240//11168
f 6192//11169 6243//11169 6242//11169
f 6243//11170 6192//11170 6217//11170
f 6243//11171 6217//11171 6252//11171
f 6217//11172 6207//11172 6252//11172
f 6253//11173 6210//11173 6192//11173
f 6253//11174 6192//11174 6242//11174
f 6226//11175 6243//11175 6237//11175
f 6243//11176 6252//11176 6237//11176
f 6237//11177 6252//11177 6207//11177
f 6210//11178 6253//11178 6226//11178
f 6226//11179 6253//11179 6242//11179
f 6226//11180 6242//11180 6243//11180
f 6228//11181 6245//11181 6246//11181
f 6228//11182 6246//11182 6212//11182
f 6229//11183 6247//11183 6244//11183
f 6229//11184 6244//11184 6245//11184
f 6229//11185 6245//11185 6228//11185
f 6179//11186 6208//11186 6247//11186
f 6231//11187 6232//11187 6239//11187
f 6231//11188 6239//11188 6248//11188
f 6248//11189 6218//11189 6187//11189
f 6232//11190 6238//11190 6239//11190
f 6232//11191 6249//11191 6238//11191
f 6250//11192 6219//11192 6215//11192
f 6235//11193 6240//11193 6241//11193
f 6235//11194 6241//11194 6250//11194
f 6250//11195 6234//11195 6235//11195
f 6251//11196 6240//11196 6235//11196
f 6228//11197 6212//11197 6185//11197
f 6228//11198 6185//11198 6227//11198
f 6227//11199 6185//11199 6184//11199
f 6227//11200 6184//11200 6226//11200
f 6226//11201 6184//11201 6210//11201
f 6248//11202 6187//11202 6231//11202
f 6231//11203 6187//11203 6230//11203
f 6230//11204 6187//11204 6179//11204
f 6230//11205 6179//11205 6229//11205
f 6229//11206 6179//11206 6247//11206
f 6250//11207 6215//11207 6234//11207
f 6234//11208 6215//11208 6181//11208
f 6234//11209 6181//11209 6233//11209
f 6233//11210 6181//11210 6232//11210
f 6232//11211 6181//11211 6213//11211
f 6232//11212 6213//11212 6249//11212
f 6237//11213 6207//11213 6203//11213
f 6237//11214 6203//11214 6236//11214
f 6236//11215 6203//11215 6199//11215
f 6236//11216 6199//11216 6235//11216
f 6235//11217 6199//11217 6198//11217
f 6235//11218 6198//11218 6251//11218
f 6260//11219 6254//11219 6158//11219
f 6161//11220 6255//11220 6256//11220
f 6256//11221 6257//11221 6162//11221
f 6256//11222 6162//11222 6161//11222
f 6259//11223 6151//11223 6258//11223
f 6258//11224 6151//11224 6178//11224
f 6265//11225 6259//11225 6260//11225
f 6158//11226 6166//11226 6260//11226
f 6258//11227 6178//11227 6262//11227
f 6262//6614 6178//6614 6174//6614
f 6264//11228 6169//11228 6263//11228
f 6265//11229 6152//11229 6151//11229
f 6261//11230 6161//11230 6167//11230
f 6158//11231 6261//11231 6167//11231
f 6270//11232 6164//11232 6257//11232
f 6257//11233 6164//11233 6162//11233
f 6264//11234 6177//11234 6169//11234
f 6269//11235 6177//11235 6264//11235
f 6172//11236 6268//11236 6174//11236
f 6255//11237 6161//11237 6261//11237
f 6177//11238 6268//11238 6172//11238
f 6152//11239 6265//11239 6166//11239
f 6255//11240 6261//11240 6267//11240
f 6164//11241 6266//11241 6169//11241
f 6262//11242 6174//11242 6268//11242
f 6262//11243 6268//11243 6269//11243
f 6151//11244 6259//11244 6265//11244
f 6166//11245 6265//11245 6260//11245
f 6158//11246 6254//11246 6267//11246
f 6158//11247 6267//11247 6261//11247
f 6164//11248 6270//11248 6266//11248
f 6263//11249 6169//11249 6270//11249
f 6270//11250 6169//11250 6266//11250
f 6177//11251 6269//11251 6268//11251
f 6272//1958 6273//1958 6271//1958
f 6272//4177 6274//4177 6273//4177
f 6272//4574 6275//4574 6274//4574
f 6272//387 6276//387 6275//387
f 6272//4577 6277//4577 6276//4577
f 6272//1958 6278//1958 6277//1958
f 6279//4993 6280//4993 6272//4993
f 6272//1958 6280//1958 6278//1958
f 6281//4176 6279//4176 6272//4176
f 6272//388 6271//388 6282//388
f 6279//11252 6267//11252 6280//11252
f 6267//11253 6279//11253 6255//11253
f 6255//11254 6279//11254 6281//11254
f 6255//11255 6281//11255 6256//11255
f 6256//11256 6281//11256 6272//11256
f 6256//11257 6272//11257 6257//11257
f 6257//11258 6272//11258 6282//11258
f 6257//11259 6282//11259 6270//11259
f 6276//11260 6277//11260 6259//11260
f 6259//11261 6277//11261 6260//11261
f 6260//11262 6277//11262 6278//11262
f 6260//11263 6278//11263 6254//11263
f 6254//11264 6278//11264 6280//11264
f 6254//11265 6280//11265 6267//11265
f 6269//11266 6274//11266 6262//11266
f 6262//11267 6274//11267 6275//11267
f 6262//11268 6275//11268 6258//11268
f 6258//11269 6275//11269 6276//11269
f 6258//11270 6276//11270 6259//11270
f 6270//11271 6282//11271 6263//11271
f 6263//11272 6282//11272 6271//11272
f 6263//11273 6271//11273 6264//11273
f 6264//11274 6271//11274 6273//11274
f 6264//11275 6273//11275 6274//11275
f 6264//11276 6274//11276 6269//11276
f 6283//11277 6284//11277 6285//11277
f 6286//11278 6287//11278 6288//11278
f 6288//11279 6287//11279 6283//11279
f 6288//11280 6283//11280 6289//11280
f 6320//11281 6292//11281 6286//11281
f 6286//11282 6292//11282 6287//11282
f 6285//11283 6284//11283 6293//11283
f 6285//11284 6293//11284 6294//11284
f 6294//11285 6293//11285 6290//11285
f 6294//11286 6290//11286 6291//11286
f 6283//11287 6285//11287 6289//11287
f 6289//11288 6285//11288 6295//11288
f 6289//11289 6295//11289 6296//11289
f 6296//11290 6295//11290 6297//11290
f 6296//11291 6297//11291 6298//11291
f 6298//11292 6297//11292 6299//11292
f 6298//11293 6299//11293 6300//11293
f 6300//11294 6299//11294 6301//11294
f 6301//11295 6299//11295 6302//11295
f 6301//11296 6302//11296 6303//11296
f 6303//11297 6302//11297 6304//11297
f 6303//11298 6304//11298 6305//11298
f 6305//11299 6304//11299 6306//11299
f 6305//11300 6306//11300 6307//11300
f 6307//11301 6306//11301 6308//11301
f 6307//11302 6308//11302 6309//11302
f 6309//11303 6308//11303 6310//11303
f 6309//11304 6310//11304 6311//11304
f 6311//11305 6310//11305 6312//11305
f 6311//11306 6312//11306 6313//11306
f 6313//11307 6312//11307 6314//11307
f 6313//11308 6314//11308 6315//11308
f 6313//11309 6315//11309 6316//11309
f 6316//11310 6315//11310 6317//11310
f 6317//11311 6315//11311 6318//11311
f 6317//11312 6318//11312 6319//11312
f 6319//11313 6318//11313 6291//11313
f 6319//11314 6291//11314 6320//11314
f 6320//11315 6291//11315 6290//11315
f 6320//11316 6290//11316 6292//11316
f 6321//1902 6322//1902 6305//1902
f 6305//1902 6322//1902 6303//1902
f 6303//1902 6322//1902 6323//1902
f 6303//1902 6323//1902 6301//1902
f 6301//11317 6323//11317 6330//11317
f 6301//4238 6327//4238 6300//4238
f 6324//1902 6325//1902 6326//1902
f 6300//4238 6327//4238 6298//4238
f 6309//4235 6328//4235 6307//4235
f 6307//4235 6328//4235 6305//4235
f 6288//4023 6329//4023 6286//4023
f 6286//4023 6329//4023 6320//4023
f 6327//4033 6324//4033 6298//4033
f 6320//11318 6329//11318 6333//11318
f 6317//4241 6334//4241 6316//4241
f 6316//4241 6334//4241 6313//4241
f 6298//1902 6324//1902 6326//1902
f 6298//1902 6326//1902 6296//1902
f 6296//11016 6326//11016 6289//11016
f 6289//5143 6326//5143 6331//5143
f 6289//11319 6331//11319 6288//11319
f 6288//11320 6331//11320 6336//11320
f 6328//4240 6332//4240 6305//4240
f 6301//11321 6330//11321 6327//11321
f 6309//11322 6335//11322 6328//11322
f 6288//6605 6336//6605 6329//6605
f 6305//1902 6332//1902 6321//1902
f 6334//4512 6338//4512 6313//4512
f 6335//11323 6309//11323 6339//11323
f 6339//1902 6309//1902 6311//1902
f 6339//1902 6311//1902 6313//1902
f 6339//4511 6313//4511 6340//4511
f 6317//11324 6337//11324 6334//11324
f 6337//11325 6317//11325 6342//11325
f 6342//1902 6317//1902 6319//1902
f 6342//4240 6319//4240 6320//4240
f 6342//4033 6320//4033 6341//4033
f 6341//4241 6320//4241 6333//4241
f 6313//11326 6338//11326 6340//11326
f 6315//11327 6352//11327 6343//11327
f 6315//11328 6343//11328 6318//11328
f 6304//11329 6344//11329 6306//11329
f 6306//11330 6344//11330 6308//11330
f 6308//11331 6344//11331 6345//11331
f 6318//11332 6343//11332 6347//11332
f 6318//11333 6347//11333 6291//11333
f 6291//11334 6347//11334 6294//11334
f 6294//11335 6347//11335 6348//11335
f 6294//11336 6348//11336 6285//11336
f 6285//11337 6348//11337 6349//11337
f 6285//11338 6349//11338 6295//11338
f 6295//11339 6349//11339 6350//11339
f 6295//11340 6350//11340 6297//11340
f 6308//11341 6345//11341 6310//11341
f 6310//11342 6345//11342 6351//11342
f 6310//11343 6351//11343 6312//11343
f 6312//11344 6351//11344 6314//11344
f 6314//11345 6351//11345 6352//11345
f 6314//11346 6352//11346 6315//11346
f 6299//11347 6346//11347 6302//11347
f 6297//11348 6350//11348 6353//11348
f 6297//11349 6353//11349 6299//11349
f 6299//11350 6353//11350 6346//11350
f 6302//11351 6346//11351 6354//11351
f 6302//11352 6354//11352 6304//11352
f 6304//11353 6354//11353 6344//11353
f 6356//11354 6355//11354 6357//11354
f 6357//11355 6355//11355 6358//11355
f 6358//11141 6355//11141 6359//11141
f 6359//11356 6355//11356 6360//11356
f 6360//11357 6355//11357 6361//11357
f 6361//11358 6355//11358 6362//11358
f 6362//11359 6355//11359 6363//11359
f 6363//11360 6355//11360 6364//11360
f 6364//11361 6355//11361 6365//11361
f 6365//11362 6355//11362 6366//11362
f 6366//11363 6355//11363 6367//11363
f 6367//11364 6355//11364 6356//11364
f 6329//11365 6371//11365 6373//11365
f 6371//11366 6329//11366 6372//11366
f 6372//11367 6329//11367 6336//11367
f 6341//11368 6333//11368 6374//11368
f 6374//11369 6333//11369 6373//11369
f 6373//11370 6333//11370 6329//11370
f 6369//11371 6334//11371 6375//11371
f 6375//11372 6334//11372 6337//11372
f 6375//11373 6337//11373 6376//11373
f 6340//11374 6338//11374 6378//11374
f 6378//11375 6338//11375 6377//11375
f 6377//11376 6338//11376 6334//11376
f 6377//11377 6334//11377 6369//11377
f 6370//11378 6328//11378 6380//11378
f 6380//11379 6328//11379 6335//11379
f 6380//11380 6335//11380 6379//11380
f 6321//11381 6332//11381 6382//11381
f 6382//11382 6332//11382 6381//11382
f 6381//11383 6332//11383 6328//11383
f 6381//11384 6328//11384 6370//11384
f 6371//11385 6372//11385 6358//11385
f 6373//11386 6359//11386 6374//11386
f 6359//11387 6373//11387 6371//11387
f 6359//11388 6371//11388 6358//11388
f 6360//11389 6374//11389 6359//11389
f 6377//11390 6369//11390 6362//11390
f 6369//11391 6375//11391 6362//11391
f 6362//11392 6375//11392 6376//11392
f 6363//11393 6377//11393 6362//11393
f 6365//11394 6379//11394 6364//11394
f 6370//11395 6380//11395 6365//11395
f 6365//11396 6380//11396 6379//11396
f 6365//11397 6382//11397 6381//11397
f 6365//11398 6381//11398 6370//11398
f 6367//11399 6368//11399 6383//11399
f 6367//11400 6383//11400 6384//11400
f 6367//11401 6384//11401 6330//11401
f 6356//11402 6385//11402 6386//11402
f 6356//11403 6386//11403 6368//11403
f 6356//11404 6368//11404 6367//11404
f 6372//11405 6336//11405 6358//11405
f 6358//11406 6336//11406 6331//11406
f 6358//11407 6331//11407 6326//11407
f 6358//11408 6326//11408 6357//11408
f 6357//11409 6326//11409 6356//11409
f 6356//11410 6326//11410 6325//11410
f 6356//11411 6325//11411 6385//11411
f 6376//11412 6337//11412 6362//11412
f 6362//11413 6337//11413 6342//11413
f 6362//11414 6342//11414 6361//11414
f 6361//11415 6342//11415 6360//11415
f 6360//11416 6342//11416 6341//11416
f 6360//11417 6341//11417 6374//11417
f 6379//11418 6335//11418 6364//11418
f 6364//11419 6335//11419 6339//11419
f 6364//11420 6339//11420 6363//11420
f 6363//11421 6339//11421 6340//11421
f 6363//11422 6340//11422 6378//11422
f 6363//11423 6378//11423 6377//11423
f 6367//11424 6330//11424 6323//11424
f 6367//11425 6323//11425 6366//11425
f 6366//11426 6323//11426 6322//11426
f 6366//11427 6322//11427 6365//11427
f 6365//11428 6322//11428 6321//11428
f 6365//11429 6321//11429 6382//11429
f 6325//11430 6324//11430 6385//11430
f 6385//11431 6324//11431 6386//11431
f 6386//11432 6324//11432 6327//11432
f 6386//11433 6327//11433 6368//11433
f 6368//11434 6327//11434 6383//11434
f 6383//11435 6327//11435 6330//11435
f 6383//11436 6330//11436 6384//11436
f 6283//11437 6387//11437 6284//11437
f 6284//11438 6387//11438 6388//11438
f 6290//11439 6389//11439 6292//11439
f 6292//3357 6389//3357 6390//3357
f 6389//11440 6290//11440 6293//11440
f 6389//1958 6293//1958 6388//1958
f 6388//4572 6293//4572 6284//4572
f 6287//1902 6292//1902 6390//1902
f 6387//4236 6283//4236 6287//4236
f 6387//1902 6287//1902 6390//1902
f 6391//5441 6390//5441 6389//5441
f 6390//5441 6391//5441 6387//5441
f 6387//5441 6391//5441 6392//5441
f 6387//5441 6392//5441 6388//5441
f 6388//5441 6392//5441 6393//5441
f 6388//5441 6393//5441 6389//5441
f 6389//5441 6393//5441 6394//5441
f 6389//5441 6394//5441 6391//5441
f 6394//3357 6395//3357 6391//3357
f 6391//3357 6395//3357 6396//3357
f 6395//3502 6397//3502 6396//3502
f 6396//3502 6397//3502 6398//3502
f 6397//217 6393//217 6398//217
f 6398//217 6393//217 6392//217
f 6391//1902 6396//1902 6392//1902
f 6392//1902 6396//1902 6398//1902
f 6397//1958 6395//1958 6393//1958
f 6393//1958 6395//1958 6394//1958
f 6400//11441 6401//11441 6349//11441
f 6402//11442 6343//11442 6403//11442
f 6403//11443 6343//11443 6352//11443
f 6403//11444 6352//11444 6404//11444
f 6345//11445 6399//11445 6351//11445
f 6351//11446 6399//11446 6405//11446
f 6406//11447 6407//11447 6346//11447
f 6346//11448 6407//11448 6354//11448
f 6354//11449 6407//11449 6415//11449
f 6404//11450 6352//11450 6351//11450
f 6404//11451 6351//11451 6408//11451
f 6400//11452 6349//11452 6348//11452
f 6400//11220 6348//11220 6410//11220
f 6410//11220 6348//11220 6347//11220
f 6410//11453 6347//11453 6409//11453
f 6349//11454 6401//11454 6412//11454
f 6349//11455 6412//11455 6413//11455
f 6349//11456 6413//11456 6350//11456
f 6354//11457 6414//11457 6344//11457
f 6343//11458 6409//11458 6347//11458
f 6410//11459 6409//11459 6416//11459
f 6399//11460 6345//11460 6344//11460
f 6399//11461 6344//11461 6411//11461
f 6411//11462 6344//11462 6414//11462
f 6411//11463 6414//11463 6415//11463
f 6404//11464 6408//11464 6405//11464
f 6416//11465 6409//11465 6402//11465
f 6402//5655 6409//5655 6343//5655
f 6351//11466 6405//11466 6408//11466
f 6346//11467 6353//11467 6406//11467
f 6406//11468 6353//11468 6350//11468
f 6406//11469 6350//11469 6412//11469
f 6412//11470 6350//11470 6413//11470
f 6354//11471 6415//11471 6414//11471
f 6417//11472 6419//11472 6418//11472
f 6417//4572 6420//4572 6419//4572
f 6417//4063 6421//4063 6420//4063
f 6422//1958 6421//1958 6417//1958
f 6423//4172 6424//4172 6417//4172
f 6417//1958 6424//1958 6422//1958
f 6425//4573 6423//4573 6417//4573
f 6426//1958 6425//1958 6417//1958
f 6417//1958 6427//1958 6426//1958
f 6423//11473 6416//11473 6424//11473
f 6416//11474 6423//11474 6410//11474
f 6410//11475 6423//11475 6425//11475
f 6410//11476 6425//11476 6400//11476
f 6400//11477 6425//11477 6426//11477
f 6400//11478 6426//11478 6401//11478
f 6401//11479 6426//11479 6412//11479
f 6420//11480 6421//11480 6405//11480
f 6405//11481 6421//11481 6404//11481
f 6404//11482 6421//11482 6422//11482
f 6404//11483 6422//11483 6403//11483
f 6403//11484 6422//11484 6402//11484
f 6402//11485 6422//11485 6424//11485
f 6402//11486 6424//11486 6416//11486
f 6415//11487 6418//11487 6411//11487
f 6411//11488 6418//11488 6419//11488
f 6411//11268 6419//11268 6399//11268
f 6399//11489 6419//11489 6420//11489
f 6399//11490 6420//11490 6405//11490
f 6412//11491 6426//11491 6427//11491
f 6412//11492 6427//11492 6406//11492
f 6406//11493 6427//11493 6417//11493
f 6406//11494 6417//11494 6407//11494
f 6407//11495 6417//11495 6418//11495
f 6407//11496 6418//11496 6415//11496
