# Blender 5.1.0
# www.blender.org
mtllib low poly proty test 2.mtl
o Low_poly_proty
v 460.602539 169.285522 469.563141
v 463.061737 165.827225 470.956055
v 476.106262 165.854675 449.687134
v 479.156067 169.094269 452.549683
v 478.236450 165.854599 451.620453
v 475.266418 169.013092 448.605835
v 474.502045 169.022949 453.092804
v 473.111206 183.981613 450.796082
v 475.429169 180.657593 448.188171
v 443.195496 165.855331 450.352875
v 446.368164 165.854553 450.769409
v 447.695435 169.013763 450.854980
v 444.845673 165.854691 453.210358
v 443.583313 169.018616 448.997040
v 448.420410 184.304672 450.868195
v 445.679230 180.533783 454.750977
v 460.507996 191.405029 451.879913
v 450.958588 169.369141 468.092682
v 452.220123 165.836517 468.778259
v 450.744873 186.581528 448.312500
v 461.873322 170.701538 432.378998
v 448.060883 165.865128 467.795929
v 457.583588 165.710556 470.734436
v 460.578827 169.848633 471.576080
v 455.508545 169.292633 470.509644
v 442.231812 165.865402 441.677612
v 442.602753 174.356598 454.018707
v 440.824677 165.943344 456.746216
v 450.083740 172.982529 435.085632
v 457.051392 165.854691 431.467194
v 444.887360 175.893860 441.515350
v 452.033234 178.916168 465.839966
v 445.272949 175.998535 461.280975
v 456.739960 180.773529 435.972931
v 451.353638 186.204773 456.696442
v 458.358734 188.968323 445.281769
v 459.877930 170.580933 435.712555
v 467.011383 165.826706 469.318909
v 470.193085 169.321060 468.005951
v 466.940613 189.097336 452.568420
v 464.403137 165.920197 431.382568
v 465.708588 169.275879 469.791016
v 468.176727 172.682007 433.435944
v 477.137726 165.882767 439.528992
v 481.196930 165.952728 450.017975
v 472.866150 165.881821 468.363342
v 473.417603 174.350082 465.440735
v 474.722229 178.207321 441.241638
v 464.413177 181.228943 466.484314
v 464.515106 183.153427 438.223663
v 468.404785 185.243240 460.293427
v 467.332703 187.905991 446.249359
v 460.109009 188.648758 459.114014
v 464.280609 165.927368 437.084625
v 456.990723 165.990341 437.084839
v 475.296875 165.855453 452.885803
v 479.852997 169.320251 450.821259
v 479.618713 172.981064 454.423004
v 478.312836 175.454102 448.549622
v 478.575562 173.509460 453.882446
v 474.952606 181.619217 454.674652
v 480.194366 169.218246 452.039185
v 440.854919 169.191406 450.483063
v 444.975189 179.351212 448.031891
v 441.348206 169.332458 452.020660
v 441.722504 169.347260 450.367859
v 443.836853 169.022064 453.946838
v 458.728180 170.153793 432.546997
v 455.909607 169.285522 468.940155
v 460.896790 171.256790 436.302795
v 478.177246 170.805740 451.636658
v 473.914337 169.451660 449.603455
v 477.883911 169.315109 448.697815
v 479.319427 169.235825 453.120850
v 474.828491 169.119843 454.110504
v 476.706573 170.602814 453.378845
v 475.029907 161.309723 451.831207
v 477.986450 168.799377 451.848206
v 475.537231 168.654022 452.774017
v 477.667480 167.825058 452.267273
v 475.675873 167.844727 452.683624
v 477.863373 167.269180 450.791656
v 476.534271 166.871918 452.975891
v 477.860809 166.581924 450.811249
v 475.220825 166.267410 451.997986
v 477.091644 165.772583 452.753143
v 475.476868 165.410431 452.427856
v 477.961090 165.385895 451.172760
v 476.423431 164.619980 452.861053
v 474.968170 164.465561 451.370850
v 477.969757 163.985428 451.888275
v 475.133392 163.782745 450.789429
v 475.863617 163.420990 452.750244
v 477.985443 162.960785 451.716675
v 476.023376 162.564774 452.901428
v 478.060242 161.753235 451.238159
v 475.156128 168.966217 450.861877
v 477.122253 168.780212 450.053497
v 477.134216 168.021774 450.038025
v 475.316986 167.828430 450.639954
v 474.917603 167.029266 451.180939
v 476.032135 166.892334 449.912292
v 475.864685 166.082031 450.114227
v 476.477509 165.084808 449.916992
v 475.062134 165.466339 450.888123
v 477.090546 164.353806 449.996704
v 476.816132 163.258011 449.985687
v 475.559357 162.789948 450.197754
v 475.014771 162.256638 451.683716
v 477.033112 162.273865 449.833801
v 476.403503 161.466354 449.906555
v 477.419983 161.106552 452.462433
v 477.148651 161.775681 452.789307
v 476.563995 170.694351 450.071686
v 475.043457 170.821396 451.779968
v 444.042236 170.759201 450.237518
v 445.050018 169.435043 454.438965
v 444.998535 169.462845 448.412506
v 446.394287 170.826035 451.370239
v 441.435333 169.314194 451.309357
v 443.658508 170.797272 452.488342
v 444.634521 161.106552 450.047028
v 446.226562 161.374847 451.894226
v 446.157349 168.706970 452.093323
v 443.699799 168.720062 450.364075
v 445.532471 168.617538 450.192505
v 446.237335 167.396103 451.031158
v 443.303192 167.535507 452.371643
v 444.244812 167.605789 450.105347
v 443.323608 166.908401 451.246887
v 444.835419 166.706161 449.914398
v 445.994293 165.994843 450.486969
v 443.556030 165.923508 450.541016
v 446.107147 165.112930 451.942780
v 444.847565 165.175827 449.870758
v 443.606934 164.443741 450.425446
v 445.677124 164.463547 450.344543
v 445.880737 164.077866 452.272888
v 443.462677 163.948395 450.761719
v 445.590057 163.651001 450.180939
v 443.733643 162.960770 450.300598
v 446.059692 163.011627 450.752136
v 443.540741 163.162262 452.338806
v 446.287567 162.392349 451.207214
v 443.320923 161.584641 451.276917
v 443.835266 168.470184 452.484314
v 445.610596 167.992416 452.650909
v 445.633820 166.660141 452.608093
v 444.083374 166.247070 452.717499
v 445.281403 165.492096 452.829498
v 443.244019 165.315536 451.644135
v 443.933777 164.601715 452.698669
v 444.855133 163.823563 452.920013
v 444.922333 162.937042 452.986206
v 444.694427 162.162048 452.967529
v 444.628723 161.505066 452.959900
v 444.920013 161.738297 449.886902
v 448.052551 169.071594 451.501770
v 444.377594 169.478531 -87.035522
v 446.395660 167.969620 -82.708801
v 441.725922 167.727127 -84.568848
v 443.626648 169.300598 -83.924622
v 443.689087 167.986710 -88.292297
v 444.355988 159.839035 -83.986023
v 446.066467 159.864609 -86.126343
v 443.810852 167.424866 -84.255798
v 443.805389 167.410889 -86.617920
v 446.034943 167.224655 -86.271118
v 443.278229 166.685211 -85.304504
v 444.696960 166.629578 -86.803284
v 443.467102 166.060776 -86.151306
v 443.527649 165.652557 -84.469055
v 445.863892 165.943497 -86.374451
v 444.129486 165.131500 -86.740723
v 446.209442 164.996307 -85.729614
v 443.427216 164.550293 -84.764343
v 444.152344 164.223450 -86.771118
v 446.054993 164.214447 -85.960205
v 443.736725 163.389359 -86.451660
v 443.307098 162.787216 -85.607422
v 445.806000 162.933273 -86.405090
v 444.490753 162.340881 -86.766174
v 443.281891 161.498764 -85.583740
v 445.355530 161.623306 -86.667053
v 444.179474 160.771896 -86.758362
v 443.151520 160.338776 -85.367371
v 445.898132 167.179932 -84.581177
v 444.715057 166.618774 -83.891968
v 446.176422 165.705444 -84.884644
v 444.700928 165.380066 -83.882263
v 445.446655 164.311859 -84.018311
v 443.900909 163.894150 -84.100159
v 446.089813 163.247223 -84.896301
v 444.545044 162.985962 -83.927612
v 445.928528 162.280884 -84.668884
v 444.227112 161.736603 -83.963074
v 446.246002 160.832779 -85.756470
v 445.684601 161.374146 -84.126831
v 444.997375 160.480789 -83.774475
v 443.820831 159.790955 -86.500061
v 445.938751 169.432388 -84.334290
v 447.651764 167.723648 -86.705505
v 479.442352 167.689560 -86.532166
v 477.627747 169.392548 -86.346191
v 475.418488 167.650604 -82.491211
v 475.399780 169.294556 -84.043091
v 473.381378 167.742737 -86.127869
v 478.254639 168.244080 -83.042725
v 475.934265 167.391647 -83.844727
v 475.092896 167.246445 -85.579956
v 477.659424 167.175705 -84.406128
v 475.330261 166.452957 -84.465515
v 477.772888 166.236908 -86.162659
v 477.030151 166.276352 -83.944275
v 476.638397 165.465256 -83.877991
v 475.272186 165.270264 -84.530701
v 477.984070 165.351685 -85.022034
v 477.988373 164.420975 -85.215149
v 476.834045 164.592651 -83.980835
v 475.211060 164.292587 -84.496826
v 477.592773 163.667007 -84.374817
v 476.877319 162.616364 -83.910339
v 475.272949 163.321152 -84.356750
v 477.938049 162.768417 -85.723206
v 475.171906 162.404846 -85.751282
v 475.213226 161.914185 -84.591370
v 477.499146 161.542267 -84.244812
v 477.923737 160.879257 -85.348389
v 476.369965 160.658661 -83.834045
v 475.016754 160.088272 -85.258301
v 476.156006 167.315079 -86.731628
v 477.752228 167.314087 -86.044434
v 475.270447 166.217682 -86.073608
v 476.428589 165.826096 -86.792236
v 475.593109 165.064499 -86.610718
v 477.329346 164.727051 -86.551819
v 475.785980 164.144760 -86.644531
v 477.357086 163.590210 -86.479980
v 475.377380 163.276810 -86.292114
v 476.528229 162.370193 -86.805908
v 477.891418 161.999557 -86.156372
v 474.997345 161.166733 -85.279602
v 475.704468 160.590759 -86.658630
v 476.545868 161.272842 -86.889160
v 477.179810 159.867020 -86.756348
v 477.927856 159.912704 -84.787720
v 476.245697 159.870148 -83.972656
v 475.680298 168.627319 -87.962646
v 285.797821 212.788757 334.263916
v 284.559784 214.342255 337.571838
v 287.346832 213.344009 337.515717
v 288.493866 216.118576 337.570129
v 288.892944 215.128693 334.275757
v 286.432495 213.869720 324.267761
v 286.633362 216.713531 324.184631
v 285.703705 217.465622 337.547363
v 285.241058 217.799347 334.150421
v 299.421112 217.940125 286.534668
v 295.953430 215.396057 286.402893
v 298.078003 217.272018 283.454041
v 301.312469 216.309662 283.390259
v 297.604004 216.552612 296.513977
v 299.357574 214.135880 296.397247
v 299.087250 212.698853 286.484680
v 295.416809 214.919861 283.394958
v 298.651978 213.328751 283.367676
v 285.797821 212.788757 69.463928
v 284.459839 214.432007 72.743469
v 287.346802 213.344025 72.715698
v 288.493866 216.118591 72.770111
v 288.892944 215.128693 69.475739
v 286.432922 213.851837 59.496948
v 286.629608 216.663315 59.297211
v 285.645416 217.454193 72.762268
v 285.241089 217.799347 69.350433
v 299.421082 217.940109 21.734680
v 295.953430 215.396057 21.602905
v 298.163635 217.301651 18.617920
v 301.312469 216.309677 18.590240
v 297.604034 216.552612 31.713959
v 299.357574 214.135864 31.597229
v 299.087250 212.698868 21.684662
v 295.416779 214.919861 18.594940
v 298.603394 213.319565 18.589722
v 299.036621 223.326981 53.104401
v 295.090973 223.397568 54.053711
v 295.748230 220.178055 53.916748
v 300.514038 220.332230 55.360321
v 299.338593 223.434616 56.916992
v 297.130432 233.331146 53.931702
v 295.784698 223.421448 57.485718
v 297.554138 233.548874 57.027374
v 296.344391 220.190063 57.486053
v 298.788971 220.539139 55.391754
v 290.470398 223.320984 55.375549
v 288.364746 223.425354 53.206757
v 285.034760 223.452057 55.376831
v 286.044220 220.342056 52.875610
v 290.594635 220.308258 56.571106
v 289.025177 233.383179 56.226074
v 286.088257 233.402893 54.886475
v 287.570099 223.433746 58.065979
v 285.747864 220.275177 56.699158
v 288.688599 220.588425 56.440063
v 287.748199 220.631500 54.155304
v 288.774231 223.443130 33.381775
v 284.855133 223.496826 34.760681
v 284.417633 220.232529 34.951599
v 288.556763 220.202866 33.716400
v 286.268402 220.708160 35.700745
v 286.076660 233.493759 35.451569
v 288.618652 223.477173 38.149445
v 289.098694 233.399094 35.657776
v 289.337219 220.105270 37.075134
v 296.665222 223.472275 32.928589
v 296.109894 220.203018 33.742493
v 299.205780 220.250977 34.665100
v 295.753265 233.340851 35.869110
v 295.221527 223.440521 36.940735
v 298.637421 233.583496 35.245819
v 299.667542 223.552429 36.774933
v 299.533966 220.396210 37.382538
v 295.879120 220.199219 37.307129
v 299.073700 223.614059 298.284180
v 294.702240 223.462234 300.746796
v 295.631042 220.156006 298.734497
v 299.678131 220.077011 300.356018
v 297.585266 233.446503 298.776428
v 297.128357 233.373016 301.981689
v 298.534088 223.429672 302.520203
v 296.495850 220.229477 302.293518
v 289.775116 223.433853 299.527527
v 286.723969 223.475967 297.823944
v 284.746277 220.312424 301.844543
v 287.744049 220.256287 298.205566
v 289.654999 220.202377 301.306976
v 286.232483 220.599716 300.891357
v 288.588104 233.644836 299.695557
v 286.108490 233.196426 301.191559
v 288.366211 223.504517 302.861023
v 285.184418 223.427963 300.623169
v 297.255249 223.449356 317.795288
v 294.916748 223.433243 320.397095
v 295.289459 220.217957 319.338379
v 299.935608 220.303925 318.569275
v 296.076813 233.674576 320.765747
v 299.636505 223.473480 321.057343
v 298.828735 233.286270 319.792389
v 297.349213 223.303146 323.352783
v 297.131927 220.205154 322.526062
v 298.788971 220.539139 320.191772
v 290.027130 223.434036 320.449768
v 286.976654 223.475494 317.815186
v 287.979004 220.322769 317.214050
v 289.098755 220.152130 322.043274
v 286.409546 233.291382 319.173828
v 288.572296 233.515198 321.427094
v 286.027008 223.561249 322.633148
v 285.484772 220.208710 321.082031
v 287.748230 220.631485 318.955322
v 306.931335 228.491608 69.555481
v 303.414368 226.278809 69.555481
v 304.024261 222.335541 69.555481
v 280.940704 222.379425 69.555481
v 295.961090 221.714920 67.431946
v 281.667206 226.622086 69.555481
v 286.870117 217.562317 69.188721
v 278.441895 227.858109 69.555481
v 291.379944 211.039276 69.555481
v 281.743073 219.237442 69.555481
v 288.120178 214.165665 69.307892
v 284.819397 213.890167 69.259186
v 281.560883 210.867462 69.555481
v 297.352356 217.217621 21.787292
v 280.844757 222.335541 21.555481
v 303.866150 224.693298 21.555481
v 280.638824 226.667892 21.555481
v 306.967438 228.667267 21.555481
v 300.091522 216.664612 21.912598
v 305.014374 212.804184 21.555481
v 297.689301 213.210388 21.930756
v 289.022461 221.660782 21.555481
v 293.489105 211.039291 21.555481
v 302.168335 220.771118 62.882538
v 302.194092 221.146179 26.425964
v 282.661316 221.012680 64.466248
v 282.690277 220.933548 28.154297
v 299.691254 220.014359 58.164490
v 300.342621 220.033203 53.333252
v 300.883301 219.949066 36.024841
v 291.346161 220.106064 34.625977
v 284.036407 220.188141 53.657684
v 296.901855 220.055862 31.652954
v 291.966919 219.658035 54.423645
v 288.729309 220.115097 59.172699
v 287.318146 220.015930 39.122925
v 294.476624 220.030853 58.156708
v 295.086884 220.252731 38.821960
v 283.954742 220.143738 33.813477
v 305.889801 227.478928 50.236633
v 305.383148 226.660706 39.173798
v 306.457062 229.593521 41.119446
v 306.802216 219.553558 41.272980
v 299.127411 229.420898 56.361877
v 295.949371 229.429977 34.110840
v 285.492859 229.386993 55.020111
v 288.993347 229.489624 34.288513
v 298.840942 229.469330 34.392212
v 289.301514 229.472168 54.530975
v 296.271729 229.516098 57.164398
v 288.298431 229.449768 57.337250
v 288.480927 229.472672 37.393250
v 297.351044 229.329514 37.662598
v 296.449005 229.310211 53.637939
v 285.607605 229.306503 34.850098
v 278.685913 226.660706 39.173767
v 278.168579 219.573593 49.851074
v 277.999023 219.540207 41.281708
v 278.512238 229.711349 49.985138
v 279.097809 229.085632 40.969116
v 278.990692 227.484406 50.244781
v 306.294983 229.718826 49.999664
v 306.814331 219.551178 49.836395
v 305.889954 227.570755 41.025604
v 290.887695 220.672180 25.355469
v 299.946686 216.689285 25.355469
v 304.128326 212.704330 25.355469
v 298.521942 213.396072 25.355469
v 297.042480 208.955750 25.355469
v 296.545837 215.952560 25.355469
v 288.470276 216.190781 65.755493
v 291.249878 210.909363 65.755493
v 285.893188 213.600723 65.755493
v 281.320770 211.145676 65.755493
v 284.722870 216.042511 65.755493
v 298.332184 223.446808 37.731049
v 295.036255 223.344086 36.278259
v 300.837189 223.360703 35.156586
v 297.589691 223.422714 33.126221
v 299.140381 223.427887 53.979614
v 296.523926 223.445877 57.843567
v 299.572021 223.360733 58.483765
v 295.626251 223.335342 53.851624
v 285.304138 223.297287 35.595123
v 287.909790 223.305664 38.081116
v 289.939728 223.344101 34.863007
v 287.295563 223.383209 33.254211
v 285.763763 223.307236 57.276062
v 286.147308 223.310013 53.717590
v 289.024231 223.447220 57.382385
v 289.270325 223.289139 53.894714
v 278.054169 228.323257 286.355469
v 280.844757 222.335541 286.355469
v 304.011902 222.332687 286.355469
v 303.268890 226.569183 286.355469
v 297.352356 217.217636 286.587311
v 300.091522 216.664612 286.712646
v 305.014374 212.804184 286.355469
v 281.454681 226.278824 286.355469
v 306.620636 228.147766 286.355469
v 297.689301 213.210373 286.730774
v 289.022461 221.660782 286.355469
v 293.489105 211.039291 286.355469
v 280.940704 222.379425 334.355469
v 286.870117 217.562302 333.988708
v 280.731964 226.757812 334.355469
v 306.946686 228.513824 334.355469
v 295.961090 221.714920 332.231934
v 303.977692 224.579010 334.355469
v 291.379944 211.039276 334.355469
v 281.743073 219.237442 334.355469
v 288.120148 214.165665 334.107880
v 284.819397 213.890182 334.059204
v 281.560883 210.867462 334.355469
v 282.707214 220.651459 293.083069
v 282.671570 221.100174 329.284882
v 302.186890 221.250427 291.207092
v 302.178772 220.933548 327.756653
v 292.454742 219.541473 321.043610
v 286.282257 220.053513 323.802246
v 284.089661 219.988480 319.319763
v 292.456482 219.560699 299.706848
v 284.588531 220.068314 297.728729
v 296.425262 220.097275 316.636108
v 287.109528 220.110138 304.163849
v 289.267181 219.997864 316.934753
v 300.742706 220.139725 322.330994
v 298.390198 220.026825 296.890045
v 299.784454 220.283813 303.467072
v 278.979279 227.478943 305.674316
v 278.685913 226.660706 316.737152
v 278.481232 229.698639 314.777344
v 278.066803 219.553558 314.637970
v 287.395172 229.429764 298.251038
v 298.334991 229.448578 298.624939
v 295.271698 229.343903 300.916656
v 288.655975 229.512772 318.808228
v 288.440918 229.291260 322.268494
v 289.281494 229.464355 301.300934
v 297.966522 229.443787 318.396454
v 298.247345 229.374878 322.207214
v 298.735809 229.531235 301.672729
v 285.780762 229.462952 319.387604
v 286.081970 229.464417 301.747437
v 295.371216 229.499771 320.326843
v 306.700470 219.573608 306.059875
v 306.870026 219.540192 314.629242
v 306.355560 229.715088 305.925476
v 306.345032 229.664871 314.847412
v 305.878326 227.484406 305.666077
v 278.576141 229.724930 305.910767
v 278.054688 219.551163 306.074524
v 305.383148 226.660706 316.737183
v 278.979126 227.570786 314.885437
v 305.875366 227.577393 314.896912
v 290.887695 220.672180 290.155457
v 288.470276 216.190781 330.555481
v 291.249878 210.909363 330.555481
v 285.893188 213.600723 330.555481
v 281.320770 211.145676 330.555481
v 284.722870 216.042511 330.555481
v 299.946686 216.689285 290.155487
v 304.128326 212.704330 290.155457
v 298.521942 213.396072 290.155457
v 297.042480 208.955750 290.155457
v 296.545837 215.952560 290.155457
v 287.550079 223.308990 322.701355
v 287.302582 223.343262 318.023499
v 285.177368 223.296997 321.088562
v 289.955078 223.340973 320.187866
v 286.528442 223.301819 298.183105
v 289.921509 223.346695 301.817993
v 289.758270 223.380798 299.617432
v 285.550232 223.350739 301.745239
v 296.648407 223.481308 318.026306
v 294.963501 223.276688 321.212982
v 298.285553 223.327530 322.401917
v 299.644043 223.249527 319.179138
v 299.381378 223.458038 301.600403
v 297.803131 223.336441 298.111145
v 294.906586 223.414780 300.259216
v 296.592804 223.360703 304.204407
v 456.697144 92.026649 310.504639
v 454.484497 96.381203 314.110168
v 462.524323 96.546547 302.867645
v 453.654724 96.800896 307.453491
v 461.030060 92.284866 313.998108
v 458.715149 92.575195 305.954315
v 458.111908 95.719810 317.032410
v 463.365753 95.159264 316.699768
v 467.366547 96.755722 313.886047
v 457.802551 96.882805 306.579651
v 459.629364 96.882805 314.744507
v 461.415070 121.746941 314.791443
v 465.336212 96.882805 310.187195
v 463.980225 121.741066 307.791992
v 457.213013 121.680008 308.059448
v 465.007202 92.923752 307.428650
v 464.556641 92.040642 311.024780
v 467.776428 96.490677 308.373352
v 460.859497 92.864120 307.421417
v 457.930054 92.644173 46.136841
v 466.575653 95.655724 41.370087
v 462.482239 96.136086 38.437988
v 454.412018 96.393127 48.693298
v 455.949432 92.684189 44.624634
v 461.990906 92.256683 49.010773
v 458.643890 96.671272 52.718109
v 464.975220 95.692245 51.451202
v 458.425629 92.851791 50.044861
v 454.940430 96.277618 40.621735
v 457.510864 121.557861 48.032776
v 463.056763 121.652054 48.969482
v 465.133026 96.882805 46.908813
v 464.086639 121.553314 42.977692
v 458.428589 96.882805 41.203735
v 458.258728 121.736244 42.488342
v 460.301056 92.523964 41.509399
v 464.139404 92.309311 43.658112
v 467.950928 95.765717 46.243378
v 127.527313 92.094246 311.998016
v 118.468483 96.597198 315.450134
v 126.167313 96.212898 317.343994
v 130.807068 96.145531 313.225403
v 121.383972 92.078987 307.935120
v 125.195145 92.633064 305.636292
v 123.831993 92.650085 315.239502
v 130.856689 95.855240 307.712097
v 124.303818 96.387909 302.596436
v 124.164635 96.882805 314.793030
v 128.298340 121.770317 311.528687
v 128.413132 96.882805 308.484772
v 122.034142 121.862503 306.561218
v 119.716667 96.882805 308.293030
v 121.382927 121.537071 313.673096
v 119.150780 92.719452 311.681946
v 117.305374 96.587448 307.270721
v 122.887352 92.864120 313.040649
v 124.977242 92.843376 307.627594
v 297.871948 11.488254 44.374908
v 297.793793 7.819118 49.035706
v 297.916382 7.559684 42.400635
v 297.866089 5.078568 44.781860
v 302.280457 9.146140 47.973816
v 301.873749 5.145490 47.874664
v 301.871368 6.581416 41.964813
v 288.115479 7.930206 47.567749
v 288.010223 9.939659 44.930786
v 288.134186 6.135345 44.486633
v 301.908356 11.697920 45.061157
v 301.528534 8.889280 43.995361
v 301.651184 6.475399 46.330597
v 287.382416 207.108353 45.916412
v 287.467010 210.735229 48.796143
v 287.583923 214.279022 44.988495
v 287.510986 209.420441 42.854767
v 283.547272 209.603485 42.271149
v 283.207428 208.330627 45.632324
v 283.716766 211.740997 43.985962
v 297.516266 210.544830 43.587402
v 297.162720 212.758850 46.480103
v 297.153381 209.248260 46.953613
v 283.203278 210.508591 48.217102
v 283.435333 214.654205 44.432098
v 297.840454 6.591958 312.951599
v 297.786255 4.962287 309.029205
v 297.941742 11.262564 312.554413
v 297.852814 10.341300 308.158142
v 301.878052 7.081107 314.163757
v 301.889221 4.936373 308.415833
v 301.557129 6.806418 311.499634
v 287.933746 6.322844 311.556122
v 288.058044 10.089746 310.683746
v 288.102356 7.762738 308.365845
v 302.175842 10.681923 310.405823
v 302.177795 8.437080 307.930328
v 287.570221 207.289856 310.356842
v 287.544922 212.407288 313.376892
v 287.563843 212.481201 307.514130
v 283.403381 207.594818 307.909180
v 283.687225 211.922989 308.973602
v 297.443237 211.045853 308.238525
v 297.540344 210.519592 312.409790
v 283.500641 210.877884 314.192200
v 283.468048 214.413300 309.129150
v 283.705353 211.077942 312.048767
v 283.677795 209.134476 309.975647
v 456.308105 96.382805 42.709564
v 455.059204 109.482811 45.266479
v 463.418152 109.482811 39.748413
v 464.234680 96.382805 41.329193
v 462.826263 109.482811 51.594849
v 464.419037 96.382805 49.072144
v 457.963257 96.382805 49.781250
v 458.271576 109.982811 41.699127
v 464.803925 109.982811 43.634521
v 459.863495 109.982811 50.575867
v 470.626343 109.732811 48.731689
v 464.611908 109.726997 55.128815
v 454.287720 109.753998 53.912964
v 450.506836 109.697098 44.020660
v 457.640320 109.706947 35.425385
v 468.725403 109.753998 38.503143
v 455.227356 109.482811 310.072937
v 457.733856 96.382805 306.291992
v 460.217865 109.482811 304.543396
v 463.968567 96.382805 306.017883
v 466.636658 109.482811 310.211823
v 464.071350 96.382805 314.585144
v 460.057129 109.482811 316.251495
v 455.871826 96.382805 312.575653
v 458.009705 109.982811 306.797821
v 465.148743 109.982811 308.649780
v 459.073181 109.982811 315.023865
v 469.498901 109.768524 316.801422
v 457.383118 109.699791 320.274445
v 450.051117 109.740166 310.715912
v 456.436096 109.727493 300.928528
v 469.086090 109.707169 303.101746
v 331.523834 338.776794 25.037048
v 251.728683 251.198563 16.613739
v 349.850281 295.628296 290.355499
v 349.857758 295.613373 330.354767
v 349.773743 282.419647 340.229553
v 350.090424 295.511047 25.556671
v 349.768677 295.546844 65.555481
v 350.029785 303.765717 16.732269
v 290.460236 237.284149 340.244446
v 275.580566 239.602921 337.274170
v 277.514954 239.984940 333.193420
v 290.036774 237.530701 330.352722
v 348.857086 274.157532 330.352661
v 325.435303 247.441574 340.230438
v 314.830139 240.452927 330.355469
v 269.316376 241.686340 330.382019
v 252.016296 254.436447 333.166107
v 237.392181 270.012115 330.346375
v 245.218582 261.843353 340.237305
v 252.524368 252.916061 337.316040
v 264.699860 244.615906 340.233368
v 234.374985 293.919647 340.225769
v 234.785324 295.510193 330.353516
v 234.996170 295.621826 25.556000
v 235.030746 295.637482 65.555481
v 235.015854 295.544189 290.355499
v 234.832840 287.118866 16.732574
v 237.361115 270.636078 65.551941
v 240.002487 271.121063 290.355469
v 256.538177 247.055634 65.555481
v 254.941788 248.135315 290.355469
v 271.230713 240.041107 65.555481
v 275.428772 236.594803 290.355469
v 311.861084 238.974121 65.555481
v 312.843323 239.555206 290.355469
v 330.266510 248.347153 65.555481
v 342.469971 264.507172 290.355469
v 347.618408 270.936188 65.552765
v 240.151489 270.673981 25.557281
v 275.561493 237.987503 22.723846
v 269.825043 240.364563 25.560760
v 250.409744 254.206558 22.729584
v 309.029877 236.538361 25.564331
v 277.658020 238.396622 16.818085
v 344.866516 271.121002 16.730469
v 348.835144 273.288177 25.557831
v 328.455017 247.245682 25.555481
v 323.130920 245.936050 16.730469
v 303.506958 352.183502 23.376648
v 330.581024 342.394714 25.338898
v 334.499237 336.508789 22.738251
v 244.056519 328.900879 16.731262
v 253.958099 340.403534 25.353516
v 279.474213 352.222534 16.730469
v 236.650589 318.592407 25.545624
v 236.474884 318.151459 290.351807
v 244.069061 329.553101 65.555481
v 259.433685 343.431915 290.355469
v 279.474213 352.222534 65.555481
v 300.660034 353.682190 290.355469
v 321.718567 346.452789 65.555481
v 340.799957 329.553101 290.355469
v 348.400146 318.118134 65.559143
v 348.480560 317.897461 25.547272
v 253.503036 338.761169 330.843079
v 251.028625 338.005402 340.227600
v 296.298859 353.485992 340.237122
v 294.802979 353.342621 330.846222
v 307.616669 350.871124 333.022461
v 310.017303 352.070953 333.206299
v 333.005219 336.045410 333.190948
v 331.526581 338.539734 330.864716
v 321.889404 345.905609 337.886719
v 348.218323 318.592743 330.365356
v 342.265533 326.228668 340.242462
v 235.920029 317.083008 330.363953
v 254.186996 347.960602 328.355469
v 260.744812 367.522583 329.284973
v 292.400146 368.028473 328.355469
v 247.763519 354.557129 328.355469
v 284.735992 376.273407 328.355469
v 255.203735 375.104584 328.355469
v 329.982452 374.802307 328.355469
v 324.461029 367.186676 328.355469
v 330.113708 346.983765 328.355469
v 336.902466 355.662750 328.355469
v 301.659790 376.838104 328.355469
v 292.363800 360.710602 328.355469
v 254.058960 341.450317 328.211853
v 252.009598 343.539886 328.226624
v 250.745483 340.488770 328.144592
v 292.251678 373.329803 328.154785
v 293.496826 376.808563 328.184387
v 290.664185 375.714447 328.247437
v 330.682068 347.960602 27.555481
v 325.625854 366.009979 27.031311
v 337.105530 354.557129 27.555481
v 329.665283 375.104584 27.555481
v 300.133057 376.273407 27.555481
v 293.655396 368.472626 27.555481
v 254.886566 374.802307 27.555481
v 260.407990 367.186676 27.555481
v 254.755341 346.983734 27.555481
v 286.026215 375.996063 27.555481
v 247.966583 355.662720 27.555481
v 292.505249 360.710602 27.555481
v 334.212738 340.615173 27.712463
v 330.996063 340.913788 27.715485
v 332.209595 343.537231 27.720154
v 293.924774 374.134460 26.571930
v 291.547363 373.884949 27.539917
v 292.740875 377.219849 27.769226
v 247.993835 366.463562 65.555481
v 248.429810 368.558533 25.055481
v 259.308777 377.995392 65.555481
v 261.364014 378.449127 25.055481
v 336.723663 367.278046 65.555481
v 337.334961 365.857361 25.055481
v 325.783875 377.905304 25.055481
v 325.103119 378.130005 65.555481
v 337.119598 339.813812 25.790131
v 252.484070 337.384064 25.305664
v 251.196915 343.162903 27.687317
v 251.516678 340.083832 27.675140
v 254.126251 342.485809 27.773010
v 334.665985 342.457062 25.500366
v 253.924088 343.157013 25.478485
v 290.504883 375.486511 25.501709
v 260.329102 367.099152 25.055481
v 323.253845 368.069550 25.055481
v 292.918610 377.316071 25.465607
v 250.138550 341.990295 25.475250
v 339.034851 338.991913 65.555481
v 293.265717 360.743134 64.055511
v 326.917297 362.883911 64.636139
v 292.405060 368.092438 64.055481
v 260.362732 367.136475 64.680481
v 299.365570 246.552765 340.225586
v 266.512482 252.506348 340.280090
v 243.721909 284.615509 340.446228
v 245.507248 310.117615 340.228088
v 265.016327 336.718384 340.812317
v 282.476318 344.135864 340.481781
v 312.432709 340.785156 340.228394
v 341.256927 303.113831 340.263611
v 253.171982 325.095154 340.242737
v 328.511688 260.819641 340.249451
v 307.467255 352.343384 16.741241
v 333.155304 339.656799 16.635132
v 323.214569 368.054138 64.698334
v 247.902557 340.391174 25.887909
v 235.952194 319.091583 65.556427
v 225.986572 296.231567 65.555359
v 228.544937 300.312592 48.037964
v 225.999878 296.268250 25.556061
v 228.819016 300.091949 43.854584
v 230.299774 295.820953 47.274567
v 230.668671 295.820496 43.569092
v 232.814148 295.817566 46.120300
v 234.309235 314.548187 44.368347
v 231.190964 299.747894 47.997620
v 233.604568 299.871521 44.444000
v 255.971481 347.029449 64.055481
v 290.557251 359.345215 64.055481
v 247.999146 353.769562 64.055481
v 284.955078 376.293945 64.055481
v 255.419754 375.205170 64.055481
v 329.304169 346.991547 64.055481
v 330.197388 374.700317 64.055481
v 336.951904 353.758270 64.055481
v 300.005951 376.316589 64.055481
v 358.830658 296.057892 25.555908
v 351.854156 295.656250 46.258942
v 358.833557 296.026367 65.554993
v 355.053680 295.651917 46.783325
v 354.587036 295.652588 43.801788
v 356.493683 300.105530 47.854706
v 350.498138 314.985077 45.208862
v 356.686188 299.699524 44.230499
v 354.548370 299.472748 43.691284
v 351.376465 299.680023 44.478088
v 351.833771 299.681122 47.574219
v 253.288284 340.417969 43.555481
v 251.466629 343.205170 43.555481
v 293.212921 373.700897 43.555481
v 291.888550 376.755859 43.555481
v 333.255432 340.273895 43.555481
v 331.969666 343.239929 43.555481
v 336.875214 366.463562 290.355469
v 336.439240 368.558502 330.855469
v 325.560242 377.995392 290.355469
v 323.505035 378.449127 330.855469
v 248.145370 367.278015 290.355469
v 253.667221 375.972015 330.855469
v 259.765930 378.130005 290.355469
v 246.559052 358.659271 330.855469
v 248.166794 339.563538 330.616028
v 330.715942 342.511047 328.146912
v 333.636475 343.248627 328.220093
v 333.502838 340.204132 328.225983
v 324.539948 367.099182 330.855469
v 292.591125 377.343231 330.444305
v 290.416046 374.467224 330.494049
v 293.963135 373.908295 330.410187
v 253.894257 343.115509 330.382935
v 257.966339 362.874512 330.855469
v 250.168137 341.220886 330.476196
v 334.529419 342.565399 330.392792
v 330.787567 342.985687 330.512787
v 245.586334 336.121582 328.351227
v 245.834198 338.991882 290.355469
v 291.603302 360.743134 291.855469
v 257.951782 362.883911 291.274841
v 292.464020 368.092438 291.855469
v 324.506317 367.136475 291.230469
v 261.654449 368.054138 291.212646
v 336.978455 340.301270 330.100891
v 348.916840 319.091522 290.354553
v 358.882416 296.231415 290.355591
v 356.929382 300.065887 311.114502
v 353.887024 305.591217 307.191956
v 358.882080 296.235291 330.354889
v 353.477966 295.819458 308.571167
v 355.640106 295.822388 310.490234
v 352.161102 295.817688 311.707367
v 350.559784 314.548218 311.542603
v 353.902924 299.561310 307.982666
v 351.238678 299.830719 311.545471
v 328.897552 347.029449 291.855469
v 294.311798 359.345215 291.855469
v 336.869904 353.769562 291.855469
v 299.913971 376.293945 291.855469
v 329.449280 375.205170 291.855469
v 255.564880 346.991547 291.855469
v 254.671661 374.700287 291.855469
v 247.917114 353.758270 291.855469
v 284.863068 376.316620 291.855469
v 226.038376 296.057922 330.355042
v 230.425262 295.652771 308.661255
v 226.035492 296.026367 290.355957
v 229.665085 295.651733 311.577637
v 233.109589 295.656433 310.670898
v 229.326538 299.917175 308.012268
v 233.930511 313.545471 308.802917
v 228.252640 299.855255 310.789307
v 232.373260 308.431030 313.443481
v 233.877426 299.745544 310.465881
v 231.742676 299.662323 312.710083
v 334.018402 342.319214 312.355469
v 331.183685 341.402588 312.355469
v 292.440613 376.887634 312.355469
v 292.209595 373.565948 312.355469
v 253.104706 340.228027 312.355469
v 251.374008 343.216705 312.355469
v 255.236649 265.534058 354.626099
v 260.771210 274.229126 372.751373
v 281.358673 278.646271 385.739929
v 270.142242 302.374847 384.601837
v 297.345459 298.635590 390.387054
v 308.968872 322.028839 379.494415
v 292.375214 333.740906 371.908020
v 312.202209 337.640625 358.242493
v 281.143127 319.953186 381.923767
v 258.619324 289.036285 376.106873
v 293.566406 342.711731 354.809875
v 245.331772 293.425995 355.820709
v 269.292480 331.837128 365.327881
v 254.048386 309.206879 368.645844
v 246.704269 309.354767 352.768433
v 253.058838 322.463043 353.193756
v 339.295471 279.382202 340.913330
v 331.345764 266.835632 349.755493
v 316.554504 254.233200 354.323578
v 331.293701 274.193878 362.875488
v 340.035187 300.299591 353.686401
v 332.408752 297.714203 370.391205
v 308.895691 260.298859 371.813171
v 317.933319 278.517212 379.321625
v 292.466248 247.785675 354.723480
v 298.693695 268.573639 381.688232
v 331.752594 326.075592 340.727997
v 312.940002 305.039673 385.173828
v 327.866364 319.911224 364.736450
v 277.392975 256.736298 367.982971
v 262.645721 243.761337 333.208435
v 252.149582 251.970825 333.212891
v 274.922211 238.812057 333.205017
v 262.589783 244.154984 336.572937
v 322.233856 347.122925 333.222534
v 332.367920 337.952667 337.270508
v 309.342072 351.292938 337.246338
v 332.710724 338.926270 333.204285
v 311.370758 353.512390 22.727264
v 358.805084 295.058380 65.552490
v 355.116486 287.615662 44.730286
v 352.131104 281.223755 44.955536
v 354.371826 286.356171 47.096375
v 227.030411 295.429810 25.555481
v 252.868484 247.666718 25.555481
v 231.173065 284.139618 25.553101
v 277.969940 229.744614 25.555481
v 295.423676 230.032959 55.096680
v 295.905823 229.856018 36.713043
v 289.189728 230.003860 54.631317
v 287.932251 229.919891 57.281403
v 289.382812 229.981171 35.637085
v 306.814880 229.732773 25.555481
v 286.464172 230.119217 34.059937
v 287.045349 229.859421 37.335907
v 285.781586 230.071182 54.896362
v 298.104553 229.928024 57.176544
v 306.893677 229.717163 65.555481
v 297.125885 230.082977 33.704773
v 298.806000 229.968887 54.457001
v 298.711975 229.891495 36.782166
v 358.824829 295.032135 25.561737
v 354.382263 295.028015 47.385132
v 354.935333 295.167084 44.251129
v 352.155426 295.141052 44.630585
v 231.217026 295.073181 47.488068
v 232.716568 295.165466 44.827393
v 229.992096 295.094238 44.024445
v 226.080566 295.050507 65.549042
v 278.057983 229.715683 65.555481
v 229.546204 287.962128 46.024109
v 232.009735 283.114227 46.895660
v 232.201050 282.779999 43.998962
v 297.929260 234.660690 37.250549
v 296.731689 234.660706 33.855560
v 297.929260 234.660690 57.250580
v 296.731659 234.660690 53.855560
v 288.336212 234.660690 37.143921
v 286.894653 234.660706 34.030487
v 289.157379 234.660721 54.755554
v 285.937714 234.660706 56.344666
v 358.805084 295.058380 330.352478
v 355.277283 287.887756 309.753571
v 352.224060 281.467682 309.539001
v 341.753418 254.627594 290.356323
v 353.780518 285.198212 311.989197
v 227.030411 295.429810 290.355469
v 254.805252 246.126648 330.355469
v 231.173065 284.139618 290.353088
v 277.977844 229.704803 290.355469
v 287.688293 230.073059 322.270203
v 299.037598 230.085037 321.215271
v 306.900391 229.750870 330.355469
v 295.848907 229.952209 321.277832
v 296.302032 229.936172 318.767395
v 306.814880 229.732773 290.355469
v 286.418091 229.931900 318.815430
v 295.364197 229.912170 300.668762
v 298.278931 229.843628 301.890381
v 286.460907 229.880890 301.749695
v 289.015076 229.850479 319.364227
v 286.283417 229.955490 298.996094
v 298.462555 229.984329 298.834625
v 289.473206 230.072708 300.635803
v 332.000580 247.666718 330.355469
v 358.824829 295.032135 290.361725
v 354.382233 295.028046 312.185242
v 352.126953 295.144470 309.540955
v 354.887970 295.176239 308.975403
v 232.534409 295.124023 311.569885
v 231.862244 295.121124 308.760925
v 229.331512 294.957672 310.546539
v 226.080566 295.050507 330.349060
v 278.054169 229.732773 330.355469
v 229.546204 287.962128 310.824097
v 232.009857 283.113892 311.695374
v 232.201050 282.779999 308.798950
v 298.437653 234.660706 299.015564
v 296.173248 234.660706 301.722351
v 297.636414 234.660690 318.591644
v 297.077332 234.660675 322.108826
v 289.169464 234.660736 299.710449
v 285.901276 234.660706 300.994690
v 288.688019 234.660706 319.015564
v 286.423615 234.660706 321.722351
v 300.168854 341.059265 340.417786
v 246.179367 290.479187 340.252747
v 315.344849 335.722626 340.230957
v 277.824707 251.603897 340.312103
v 258.601654 263.730377 340.674530
v 306.226318 250.738510 340.420288
v 263.222839 331.328552 340.211090
v 327.230377 264.858276 341.221008
v 335.897919 311.876892 340.297852
v 250.336288 313.510132 340.272888
v 337.699127 285.272766 340.837891
v 331.305267 280.246490 361.102112
v 317.645477 261.127869 358.307495
v 318.591522 283.302979 377.210114
v 332.907043 303.622375 361.329407
v 297.758667 254.771347 362.207947
v 304.166107 267.298615 375.464020
v 327.371674 322.989197 354.258270
v 318.842468 313.233704 374.128235
v 278.785797 253.809647 354.858948
v 289.086121 264.266266 374.166809
v 303.328278 293.017029 385.951172
v 268.250336 266.119781 367.294495
v 274.655029 279.048523 380.446228
v 286.017456 307.234924 385.159058
v 304.981537 323.260193 374.968079
v 311.600311 334.724274 355.146179
v 286.249359 327.166931 373.885956
v 293.362030 338.927887 356.856079
v 250.094650 280.501251 352.405640
v 264.316986 299.080994 376.971375
v 254.692108 290.168579 366.642212
v 269.586151 322.334625 370.615662
v 273.650696 338.213531 342.972595
v 254.760605 311.090149 361.978638
v 248.138504 304.134308 349.899628
v 258.046051 324.021362 352.028198
v 144.071518 109.712570 -36.357544
v 144.071518 149.712570 -36.357544
v 144.071518 109.712570 402.428467
v 144.071518 149.712570 402.428467
v 104.071510 149.712570 -36.357544
v 104.071510 149.712570 402.428467
v 104.071510 109.712570 -36.357544
v 104.071510 109.712570 402.428467
v 253.944733 244.132263 325.629883
v 214.425827 243.371765 328.355469
v 214.155396 242.118332 27.555481
v 253.923157 244.128250 27.555481
v 261.501648 206.281921 45.459473
v 261.497070 206.284592 310.457397
v 262.487640 206.836945 292.131409
v 190.356812 179.545425 292.355469
v 262.487640 206.836945 63.779572
v 199.269135 204.122910 328.355469
v 262.470245 206.874435 328.379761
v 190.356812 179.545425 328.355469
v 195.757431 233.101639 328.355469
v 262.467926 206.874481 27.543671
v 199.228241 203.698029 27.555481
v 190.356812 179.545425 27.555481
v 195.482559 232.658875 27.555481
v 193.709442 189.099991 45.741913
v 193.715530 189.094421 310.545929
v 391.145538 189.089798 310.343750
v 391.137299 189.081390 45.543671
v 330.894928 244.132645 325.824554
v 330.894928 244.132645 26.940094
v 322.383453 206.867966 292.160522
v 322.406281 206.880569 328.382568
v 313.809113 209.542664 312.370453
v 394.512207 179.545425 328.355469
v 395.009918 178.228165 290.598938
v 388.173737 176.916183 329.487061
v 385.607727 178.624680 313.746033
v 386.537079 178.290298 307.620239
v 380.964966 180.457489 312.877441
v 378.755493 181.307877 330.187256
v 381.737366 180.109192 307.066223
v 277.120270 210.770782 290.477295
v 272.982361 210.084305 294.860229
v 146.657761 162.518066 291.264465
v 148.043106 162.497543 329.813477
v 200.512787 176.534058 309.367004
v 204.663223 177.180710 308.736359
v 201.219101 177.056274 312.072205
v 204.013596 176.840820 312.636475
v 203.685287 178.392960 309.792847
v 198.512970 178.431091 307.059509
v 201.891373 176.178391 306.348999
v 199.244049 175.169113 312.726379
v 200.416153 179.131714 314.210754
v 205.079559 180.871567 309.917419
v 206.156921 181.325989 330.199402
v 206.600235 176.861298 308.199524
v 437.411224 162.462341 329.807770
v 437.367920 150.312988 329.691223
v 279.324371 222.226791 330.360107
v 279.485901 226.660706 330.355469
v 292.394958 17.333836 330.346832
v 247.394257 16.827168 330.214386
v 275.896301 8.401089 330.205444
v 185.571091 162.096878 329.989136
v 292.947937 6.945047 330.223938
v 291.917206 5.258569 328.013794
v 105.247986 97.196533 329.414307
v 147.548447 108.990501 329.801636
v 145.616806 96.724030 329.526154
v 174.543289 92.520630 330.053101
v 148.162674 150.360580 329.840759
v 105.007446 162.308075 329.185547
v 105.718567 150.781570 329.037842
v 174.428894 126.872459 330.355469
v 308.745514 8.351965 330.214111
v 161.194748 104.049828 329.906372
v 305.266083 223.096634 330.355469
v 196.908249 176.358215 329.487061
v 207.754288 177.102844 330.265198
v 286.897308 217.207642 329.985168
v 284.974121 214.197922 330.046692
v 287.812622 214.012665 330.098633
v 307.909607 210.756653 330.209534
v 377.136749 177.218704 330.211304
v 436.654663 109.054237 329.926910
v 439.164886 96.737114 329.581482
v 337.140839 16.806562 330.302612
v 479.493927 150.836502 328.725952
v 479.621063 162.328613 329.414307
v 479.861603 97.217072 329.185547
v 479.134979 108.692169 329.025421
v 423.674683 104.053825 329.903503
v 410.374908 92.623741 330.009338
v 410.007965 129.581573 330.355469
v 399.143005 162.309814 330.219299
v 304.565369 221.581253 328.063507
v 280.266296 221.581390 292.825134
v 303.836884 219.829712 292.852783
v 281.522827 219.746887 328.153046
v 278.182373 226.378799 314.996216
v 278.000183 226.832138 290.355469
v 277.263031 217.959091 304.941376
v 277.909790 226.280106 305.764099
v 274.779480 217.058151 312.417358
v 274.080078 215.854095 308.975433
v 273.159271 211.373581 315.481842
v 271.742035 210.003845 305.722778
v 275.406372 214.009430 297.068420
v 277.058838 210.633682 330.309204
v 274.511383 210.364258 328.952148
v 305.534119 222.226517 290.351257
v 305.383148 226.660706 290.355469
v 292.469574 18.039368 290.394531
v 218.197632 159.539169 290.355469
v 201.639771 110.765724 290.355469
v 200.502625 106.360260 290.355469
v 223.047760 189.882416 290.355469
v 321.048065 194.939072 290.355469
v 259.721008 194.283386 290.355469
v 365.029419 162.909744 290.355469
v 382.721436 109.572388 290.355469
v 391.075928 112.594894 290.355469
v 410.301086 92.406654 290.514465
v 399.230896 162.211609 290.550812
v 376.134613 77.567345 290.355469
v 389.920380 105.682457 290.355469
v 438.934021 96.886139 290.921448
v 337.243225 16.750128 290.441772
v 343.620087 34.275879 290.355469
v 224.145935 50.563625 290.355469
v 196.161713 58.867706 290.355469
v 247.979355 16.585167 290.405823
v 257.083221 27.610764 290.355469
v 438.250763 162.424576 291.165344
v 436.765076 150.759995 290.968079
v 437.403351 108.785713 291.102356
v 410.440155 126.872467 290.355469
v 174.520737 92.500511 290.539368
v 145.726288 96.745895 291.092285
v 148.140472 109.069016 290.907227
v 105.007446 97.217064 291.525391
v 105.718567 108.643593 291.673126
v 174.861069 129.581635 290.355469
v 185.643082 162.167953 290.693726
v 147.568512 150.361511 290.862488
v 105.389153 150.781570 292.002533
v 105.241425 162.308075 291.291412
v 292.934509 7.537991 290.355469
v 479.397552 108.616142 291.755463
v 479.803467 162.287308 291.349548
v 280.047546 222.158005 290.355469
v 298.042145 217.115143 290.607361
v 296.574768 214.913132 290.598236
v 300.113098 214.414108 290.709473
v 291.931824 6.984212 290.549622
v 192.887177 107.539154 290.355469
v 196.343155 113.646545 290.355469
v 291.880493 -0.149425 307.679932
v 291.567841 8.617307 312.570251
v 291.617798 5.981183 309.443054
v 291.724396 9.730698 308.884216
v 118.585510 97.314812 312.651489
v 125.666031 97.452003 316.414734
v 119.978271 97.401703 305.768707
v 129.376144 97.422600 306.762451
v 128.560715 108.977776 306.341858
v 127.467377 108.797073 315.946167
v 117.909340 108.928932 311.323944
v 105.451775 108.678741 328.840210
v 121.979973 109.063820 304.763489
v 119.978271 150.461243 305.768707
v 118.585510 150.374359 312.651489
v 125.666031 150.511551 316.414734
v 129.376144 150.482147 306.762451
v 128.560715 162.137314 306.341858
v 117.909340 162.088455 311.323944
v 127.467377 161.956604 315.946136
v 121.979973 162.223343 304.763489
v 275.359436 4.044951 298.264099
v 277.222870 218.111725 316.194580
v 274.552216 2.135768 315.792053
v 271.627899 8.376427 312.685974
v 274.689026 8.563778 290.608032
v 269.461548 10.021178 309.364014
v 273.320312 6.327981 309.175842
v 292.320892 213.405243 309.949890
v 292.438904 211.130112 308.029419
v 287.448639 208.884964 307.649933
v 292.294800 208.383865 309.903931
v 287.761688 209.461060 312.915863
v 292.410919 210.534042 312.802856
v 287.341248 214.437714 310.191345
v 287.434540 212.428146 305.916687
v 287.434601 206.195755 311.563416
v 287.434631 211.661606 315.140411
v 161.681534 151.942505 329.884033
v 161.690338 151.957184 290.824402
v 161.187805 104.050766 290.795410
v 280.308228 221.568771 328.044373
v 281.299225 219.882385 292.616028
v 286.761383 217.116608 317.955475
v 286.343933 213.655167 317.955475
v 198.970230 173.949020 307.573730
v 381.555908 175.606644 306.869751
v 304.540405 221.582184 292.534363
v 303.571136 219.806046 328.101257
v 312.997223 210.425461 308.264465
v 311.475983 212.840622 310.259949
v 311.275421 210.976013 295.833069
v 311.906342 210.218628 325.131500
v 423.180145 151.958115 329.889313
v 292.920166 10.473381 310.497681
v 292.935516 7.334973 312.868347
v 292.985687 -0.689514 309.542023
v 292.938629 6.697660 307.892822
v 325.652252 13.044684 310.356689
v 308.861664 8.360036 290.491058
v 455.696747 97.454834 314.024780
v 460.898834 97.285515 316.601257
v 466.668915 97.338951 311.734741
v 479.663605 97.183723 291.408691
v 463.326965 97.320900 304.872742
v 456.799438 97.347221 305.977783
v 454.961578 109.018242 312.028320
v 457.932617 109.018234 305.002991
v 465.342102 109.002815 306.361328
v 463.981323 108.791168 316.025360
v 455.696777 150.514374 314.024780
v 460.898834 150.345062 316.601257
v 466.668915 150.398499 311.734741
v 479.162109 150.717926 291.763885
v 463.326965 150.380447 304.872742
v 456.799438 150.406769 305.977783
v 454.961578 162.177765 312.028351
v 457.932617 162.177765 305.002991
v 465.342102 162.162338 306.361328
v 463.981323 161.950699 316.025360
v 310.181610 216.155182 302.871826
v 309.812927 216.068146 318.163269
v 310.733734 2.586255 312.352051
v 312.359436 8.882891 324.188354
v 310.230164 2.489628 304.188171
v 311.974884 7.913957 305.378845
v 313.010712 8.812562 315.048950
v 312.204987 8.851817 296.133606
v 298.015808 9.322777 314.029907
v 297.876160 4.462146 310.846588
v 297.722687 9.779673 308.249695
v 297.946838 5.056843 306.428284
v 297.910004 12.512102 307.599121
v 423.188934 151.943481 290.824097
v 423.679291 104.047760 290.795593
v 306.696442 226.336426 305.735931
v 307.656769 218.037186 305.505554
v 307.323395 219.106232 315.683960
v 306.949371 226.329544 314.971558
v 307.879089 210.850204 290.592896
v 299.999878 214.516724 302.755463
v 296.780304 216.220276 302.755493
v 384.677338 176.587234 310.189941
v 384.900177 175.347305 308.670471
v 381.235992 176.775085 313.093323
v 381.393341 177.413666 308.980927
v 381.704773 178.144196 311.726501
v 384.841614 175.509659 313.485229
v 380.525879 177.114441 306.980225
v 292.395081 9.499739 25.027740
v 292.490997 10.413142 66.007233
v 338.408478 17.221199 25.814331
v 338.224487 17.240414 65.309692
v 376.785889 49.207478 65.555481
v 237.402466 23.674437 64.964478
v 193.764282 106.236923 65.555481
v 201.944855 108.690140 65.555481
v 195.430267 113.626129 65.555481
v 238.999176 183.015213 65.555481
v 279.324371 222.226791 65.560089
v 279.485901 226.660706 65.555481
v 105.477592 108.439171 64.348663
v 436.728577 109.069023 65.003754
v 206.164734 180.530563 64.895477
v 197.624008 173.353119 65.436615
v 200.380768 153.727051 65.555481
v 148.140472 150.356140 65.003754
v 147.599426 162.497559 64.928040
v 147.501099 109.112175 64.891235
v 185.608353 162.160614 65.284149
v 174.428894 126.872459 65.555481
v 174.540375 92.534081 65.236176
v 191.705536 177.482925 66.086914
v 479.861603 97.217064 64.385559
v 479.134979 108.692169 64.225433
v 438.454498 97.850929 65.548859
v 423.681244 104.050774 65.115540
v 410.007965 129.581573 65.555481
v 399.134979 162.323517 65.438812
v 437.260162 162.485062 64.952393
v 437.315186 150.326660 65.014313
v 423.178711 151.957184 65.086548
v 479.493927 150.836502 63.925964
v 479.621063 162.328613 64.614319
v 410.092102 91.289719 65.525513
v 410.417542 92.810623 65.056061
v 388.811157 177.474701 65.425751
v 387.169403 173.275757 65.448669
v 378.518127 179.962357 64.838074
v 204.180969 52.369511 65.555481
v 145.446823 98.349304 65.547516
v 105.081879 162.207108 64.685028
v 105.709084 150.961136 64.395264
v 297.857605 199.436600 65.555481
v 305.266083 223.096634 65.555481
v 284.974121 214.197922 65.246704
v 286.897308 217.207642 65.185150
v 287.812622 214.012665 65.298615
v 374.841431 74.358803 65.555481
v 381.562134 108.222534 65.555481
v 350.720093 41.435604 65.555481
v 314.494568 22.633997 65.555481
v 266.647308 23.040030 65.555481
v 275.468445 8.419532 65.309753
v 291.917206 5.258554 63.213654
v 221.636780 53.606155 65.555481
v 207.584137 138.103485 65.555481
v 203.674545 97.477097 65.555481
v 376.134613 141.306137 65.555481
v 348.648773 179.930267 65.555481
v 383.447327 108.993866 65.555481
v 391.081512 105.685028 65.555481
v 387.426086 113.971237 65.555481
v 145.820129 96.718857 26.346161
v 148.214371 109.054237 25.984070
v 105.007454 97.217064 26.725403
v 105.718575 108.643593 26.873138
v 437.318848 108.952003 26.105255
v 439.137726 96.713043 26.398590
v 105.389160 150.781570 27.202545
v 105.241432 162.308075 26.491425
v 147.580475 150.364868 26.034576
v 147.068878 162.548752 26.499390
v 277.101044 210.769409 25.684387
v 280.047546 222.158005 25.555481
v 437.737488 162.527786 26.409332
v 436.654663 150.370926 25.984039
v 479.627625 97.217064 26.491425
v 278.000183 226.832138 25.555481
v 305.535095 223.207565 25.555481
v 479.861603 162.308075 26.725403
v 479.150482 150.781570 26.873138
v 174.861069 129.581635 25.555481
v 410.440155 126.872467 25.555481
v 410.325745 92.520615 25.857819
v 399.290039 162.110443 25.901581
v 185.650879 162.181259 25.874756
v 244.376877 18.261957 25.972870
v 174.490814 92.639076 25.921814
v 309.313477 8.440289 25.702759
v 296.686310 214.591171 25.875488
v 299.001373 217.123047 25.919128
v 299.596710 213.974731 25.823578
v 272.979156 210.080032 30.055206
v 272.118073 210.365295 50.332764
v 198.512909 178.431030 42.259552
v 205.079575 180.871582 45.117493
v 200.416199 179.131744 49.410736
v 292.329559 208.596634 44.907684
v 292.411774 209.776306 47.829834
v 292.348846 211.939346 43.113312
v 292.397217 212.819946 47.112061
v 322.312469 206.712402 25.641022
v 322.381378 206.836945 63.779572
v 394.512207 179.545425 63.555481
v 394.613007 179.278229 26.627258
v 384.422607 176.609863 46.757782
v 382.985779 177.226868 43.708923
v 380.699982 177.504044 44.408966
v 380.630432 177.030365 47.595001
v 384.639862 175.542343 48.920746
v 386.562592 178.286377 42.887543
v 384.133179 175.745392 41.859589
v 380.406830 180.636154 43.259155
v 384.191772 179.293274 49.776886
v 381.555908 175.606644 42.069763
v 281.442902 219.769562 63.340637
v 303.408173 219.744598 63.316071
v 281.304291 219.816635 27.784546
v 303.624481 219.842255 27.777008
v 308.087830 210.874741 65.238129
v 313.866425 209.550247 47.586853
v 312.920837 210.724457 43.353088
v 311.475983 212.840622 45.459961
v 309.398193 213.560516 59.633331
v 292.924530 9.555857 47.812103
v 292.944885 5.425509 45.407440
v 292.977448 -0.886492 46.252014
v 292.926788 9.113894 43.242981
v 325.652252 13.044682 45.556641
v 439.773193 96.518280 63.691833
v 455.271790 97.313499 42.968628
v 457.104156 97.313019 50.320923
v 465.444702 97.367081 49.723572
v 463.961365 97.398911 40.049133
v 454.859680 109.046646 45.604095
v 459.966003 108.959534 51.854614
v 458.997528 109.025383 39.754028
v 479.417267 108.678741 27.070740
v 466.995544 108.996414 44.135956
v 455.271790 150.373047 42.968628
v 457.104156 150.372559 50.320923
v 465.444702 150.426620 49.723572
v 463.961365 150.458450 40.049133
v 454.859680 162.206177 45.604095
v 458.997528 162.184906 39.754028
v 466.995544 162.155945 44.135956
v 459.966003 162.119064 51.854614
v 423.186066 151.941528 26.029724
v 310.635895 216.898483 42.370270
v 310.733734 2.586240 47.551971
v 312.359344 8.882839 59.388336
v 308.751801 8.352369 65.405243
v 310.208038 2.463748 39.462280
v 312.627289 8.339820 40.418915
v 313.010742 8.812573 50.248962
v 297.680145 10.727880 46.171906
v 298.014252 5.926632 42.244263
v 298.131561 9.374178 49.543335
v 297.982635 4.594343 46.496948
v 297.910004 12.512110 42.799133
v 423.674286 104.049835 26.004578
v 306.696442 226.336426 40.935944
v 306.949371 226.329544 50.171570
v 307.540649 218.086044 40.593597
v 308.440094 210.804520 25.934998
v 307.857697 217.853271 50.227539
v 280.302521 221.577682 27.874176
v 304.553894 221.577545 63.260834
v 304.582001 221.585709 27.868958
v 299.999878 214.516724 37.955475
v 296.780304 216.220276 37.955475
v 206.600235 176.861298 43.399536
v 278.182373 226.378799 50.196198
v 277.909790 226.280106 40.964081
v 277.006012 217.809631 41.496216
v 273.637970 210.329681 62.458954
v 274.721863 215.231216 54.965546
v 274.215210 216.024841 45.189270
v 271.743835 209.991898 40.909912
v 274.825897 215.111328 35.139008
v 277.022675 210.793427 65.398071
v 291.880493 -0.149423 42.879913
v 291.619293 7.550463 47.820953
v 291.680786 10.149160 44.856781
v 291.606171 6.686120 43.751251
v 272.803223 8.831149 30.854614
v 144.888123 96.506294 63.609589
v 105.280151 97.177765 64.670593
v 118.192909 97.265762 46.166748
v 124.673775 97.481041 52.033539
v 122.348335 97.424973 39.582855
v 129.801559 97.355927 43.498718
v 130.139832 109.036980 44.370239
v 124.155304 108.931107 51.864685
v 121.883736 108.966705 39.593658
v 118.355362 109.023262 46.607483
v 122.348335 150.484512 39.582855
v 118.192909 150.325302 46.166748
v 124.673775 150.540588 52.033539
v 129.801544 150.415466 43.498718
v 130.139832 162.196503 44.370239
v 124.155304 162.090637 51.864685
v 121.883736 162.126236 39.593658
v 118.355362 162.182785 46.607483
v 161.194366 104.053810 26.007416
v 275.865814 8.393397 25.680664
v 277.251984 217.992233 50.503174
v 274.811859 3.087136 54.115662
v 274.648773 2.474165 39.433990
v 272.238647 8.047716 43.382111
v 273.053345 6.466650 47.017212
v 269.506775 10.040365 46.460388
v 287.392395 212.250290 42.248779
v 287.689270 212.116272 47.997284
v 287.434479 215.656982 46.488922
v 287.289520 207.174591 44.512299
v 287.434601 209.626877 50.310913
v 161.189774 104.047752 65.115326
v 161.678696 151.944443 65.089569
v 161.691788 151.956238 26.027161
v 280.310394 221.568832 63.245361
v 286.761383 217.116608 53.155457
v 286.343933 213.655167 53.155457
v 198.970215 173.949020 42.773712
v 199.903336 176.895172 45.632141
v 202.521378 177.286774 43.818756
v 203.528351 177.827133 46.567200
v 201.891342 176.178391 41.548981
v 199.645050 175.215591 45.311646
v 201.469376 175.936783 48.302460
v 205.727921 177.643585 47.191254
v 370.443207 243.371765 328.355469
v 385.584625 203.919357 328.355469
v 389.111633 233.101639 328.355469
v 385.651428 203.896683 25.555481
v 370.402954 242.841644 25.555481
v 389.386505 232.658875 25.555481
v 385.769501 108.405548 290.355469
v 389.764374 110.559944 290.355469
v 385.382202 110.222397 65.555481
v 390.041901 108.641205 65.555481
v 199.723068 178.838943 311.999603
v 200.981903 179.316956 312.846497
v 199.320511 178.684692 311.847046
v 198.990448 178.541290 309.019287
v 199.512344 178.758514 309.139526
v 202.096191 179.744736 308.386108
v 201.852997 179.649460 307.983856
v 203.335190 180.216461 309.624451
v 202.861435 180.036819 311.610352
v 203.032471 180.099640 311.793396
v 202.172958 179.316269 308.402954
v 199.231110 178.127335 309.803833
v 202.623962 179.201950 312.346039
v 201.599854 183.799362 309.866638
v 201.614151 183.458115 311.552307
v 200.986298 183.567230 311.967346
v 198.464447 182.613037 312.087708
v 198.671036 182.377655 312.112366
v 199.285645 182.104477 308.154266
v 198.113831 182.480392 308.925171
v 200.463104 183.369278 308.463776
v 197.559814 182.269684 310.782684
v 198.319290 182.557922 312.104858
v 199.645905 183.058884 312.688110
v 201.301788 183.685410 311.944611
v 201.859268 183.893845 309.720825
v 200.321686 183.314560 308.117554
v 198.209427 182.512375 308.573059
v 381.723816 180.145309 310.087952
v 383.422699 179.496704 308.302124
v 385.117676 178.354782 308.827271
v 385.334076 178.767151 309.105896
v 385.351562 178.760483 311.637695
v 384.772522 178.523712 312.124481
v 383.078979 179.627884 312.344269
v 381.292908 179.501373 310.307037
v 382.945984 179.674240 312.737915
v 385.811493 178.573135 311.730774
v 385.499329 178.701614 308.714478
v 383.358124 179.518875 307.893799
v 381.310272 180.291306 310.078918
v 383.542023 183.696136 309.212799
v 385.505280 182.953323 308.241089
v 385.814423 182.497101 308.303223
v 387.225922 182.301956 310.843475
v 386.908905 182.097885 311.245239
v 384.985931 183.149826 312.429077
v 382.912140 183.139008 311.311523
v 383.364075 183.763412 311.208008
v 387.063354 182.363251 309.251709
v 385.476562 182.960007 307.984711
v 383.351624 183.765869 309.007324
v 383.067566 183.875153 310.907532
v 385.010101 183.115524 312.902405
v 387.278168 182.281387 310.955872
v 349.571136 196.549255 311.748840
v 348.928436 196.729965 310.594025
v 348.900604 196.802261 310.868469
v 351.362152 195.855209 312.039825
v 349.425079 196.490387 311.539825
v 352.293762 195.518784 310.349121
v 351.580444 195.782471 308.866577
v 351.982941 194.701080 310.465332
v 349.572327 196.547012 308.891693
v 348.927307 196.793060 309.891541
v 349.260498 196.563995 309.234039
v 349.002106 196.764862 309.843628
v 349.703522 196.499435 308.972107
v 350.969666 196.020264 308.932190
v 352.040894 195.615341 310.183655
v 351.015015 196.003372 311.807800
v 349.725983 196.491089 311.712860
v 348.953796 196.782990 310.814148
v 233.313522 195.787613 311.885193
v 235.859009 196.757309 309.431763
v 235.916672 196.716583 309.893127
v 234.400726 196.209427 308.631287
v 232.653320 195.535065 309.515320
v 233.296310 195.102875 309.059937
v 235.369354 196.575211 311.758606
v 235.941055 196.792664 310.814545
v 234.888046 196.095245 312.092987
v 235.822998 196.747650 309.678101
v 235.890472 196.773453 310.897858
v 235.077423 196.465851 311.741119
v 233.486526 195.863800 311.663696
v 232.956573 195.663834 309.765137
v 234.588364 196.281052 308.771576
v 234.242722 189.614105 312.161011
v 235.044540 189.842331 308.644836
v 235.321869 192.161575 309.031372
v 232.943695 192.306244 310.508057
v 235.042618 192.288147 311.774963
v 349.370728 192.192810 309.145691
v 351.348206 191.888977 311.360687
v 349.284180 189.757431 311.798279
v 351.539001 189.754395 308.919495
v 203.129318 180.139069 45.023621
v 203.059433 179.622025 46.783234
v 201.518784 179.524353 47.699402
v 200.103745 178.537521 47.290466
v 199.069443 178.589462 45.891418
v 200.778656 178.305939 43.334747
v 200.740158 179.227158 43.448975
v 203.303131 180.202972 44.623993
v 201.841492 179.646942 43.237488
v 199.576981 178.775787 43.595947
v 198.913254 178.527374 46.340637
v 202.067490 179.680664 48.151276
v 201.585052 183.793762 46.115875
v 201.431549 183.431091 46.935333
v 199.927368 183.166565 47.689331
v 197.993973 182.006790 46.740509
v 197.894501 182.397400 46.388519
v 198.309967 182.554596 44.065186
v 200.429276 182.817413 43.281281
v 199.992722 183.191284 43.543274
v 201.230331 183.659546 44.296814
v 199.832748 183.130219 47.861267
v 201.441681 183.737213 47.013245
v 201.816818 183.880432 44.957855
v 200.341629 183.319138 43.260376
v 198.398056 182.587387 43.714935
v 197.480133 182.216507 46.440704
v 381.955170 179.569046 44.120850
v 381.788239 180.120316 46.395050
v 383.397797 179.506195 43.359894
v 385.213348 178.339783 44.194702
v 385.768707 178.601257 45.284790
v 383.470123 178.709503 47.939850
v 384.393677 179.126083 47.549500
v 381.559845 180.207245 46.264313
v 381.690948 180.156418 44.433990
v 383.550140 179.443649 43.033661
v 386.072876 178.473373 44.799103
v 385.181122 178.824280 47.481934
v 382.946014 179.674225 47.937958
v 384.229919 182.647629 43.325531
v 384.992340 183.147385 43.377960
v 386.902985 182.424683 44.672974
v 386.908905 182.097885 46.445251
v 386.829346 182.452621 46.680237
v 385.308289 183.027863 47.584015
v 384.119720 183.143936 47.530670
v 383.806030 183.596252 47.052338
v 383.261810 183.802185 45.102173
v 387.136536 182.324768 44.239471
v 384.911835 183.177307 43.261505
v 382.812225 183.947998 45.084564
v 384.019470 183.515274 47.491821
v 385.223419 183.059418 47.864594
v 386.859955 182.438431 47.069977
v 233.313583 195.787628 47.085205
v 235.858963 196.757294 44.631653
v 235.916672 196.716599 45.093201
v 234.400757 196.209442 43.831299
v 232.653305 195.535049 44.715393
v 233.296234 195.102936 44.259949
v 235.369385 196.575226 46.958557
v 235.941071 196.792679 46.014465
v 234.888046 196.095261 47.292969
v 235.822983 196.747650 44.878082
v 235.890472 196.773453 46.097870
v 235.077271 196.465805 46.941162
v 233.486511 195.863800 46.863678
v 232.956558 195.663818 44.965240
v 234.588211 196.281006 43.971588
v 235.838989 189.757782 46.740906
v 233.051773 189.753967 44.362671
v 234.747818 192.249634 47.113861
v 234.137619 191.904495 44.313354
v 349.571106 196.549286 46.948822
v 348.928436 196.729965 45.794006
v 348.900604 196.802261 46.068390
v 351.362152 195.855209 47.239838
v 349.425110 196.490387 46.739868
v 352.293762 195.518784 45.549133
v 351.580444 195.782471 44.066559
v 351.982941 194.701111 45.665344
v 349.572357 196.547012 44.091675
v 348.927307 196.793060 45.091583
v 349.260498 196.563995 44.434021
v 349.002075 196.764862 45.043640
v 349.703491 196.499451 44.172119
v 350.969696 196.020264 44.132202
v 352.040894 195.615341 45.383667
v 351.014984 196.003372 47.007782
v 349.726044 196.491074 46.912872
v 348.953796 196.783005 46.014099
v 351.212555 192.099503 44.258698
v 349.650970 192.025879 46.813049
v 349.985443 189.756424 43.949371
v 350.880157 189.755264 47.239380
v 195.545929 107.659233 290.355469
v 198.830170 111.253914 290.355469
v 196.207870 107.131851 65.555481
v 198.079422 111.758263 65.555481
v 462.137299 151.573029 -36.682678
v 459.685181 152.453857 -36.667053
v 459.192780 148.450378 -36.704590
v 455.412354 111.364693 -36.770142
v 448.015289 148.182388 -38.297791
v 448.109711 158.347916 -38.099487
v 446.657257 123.169296 -36.763123
v 427.876190 111.357010 -47.023071
v 455.641052 114.635941 -36.588501
v 485.887909 111.351997 -41.658752
v 466.825836 115.596573 -36.644714
v 468.222595 158.346130 -37.191284
v 475.120575 142.877151 -36.872620
v 491.035400 158.350067 -45.745178
v 473.061401 120.459732 -36.710205
v 507.882568 111.358559 -71.894043
v 509.526398 158.369217 -83.715027
v 423.480988 158.348572 -53.065979
v 411.599976 111.359650 -82.140625
v 411.747589 158.326981 -84.371399
v 422.384521 111.358574 -118.691711
v 420.376404 158.348572 -114.201294
v 444.445648 158.349503 -131.738953
v 459.109222 111.359360 -134.334595
v 460.961487 158.380722 -134.257996
v 491.133423 111.358574 -124.799805
v 496.536102 158.348572 -120.533325
v 508.667389 111.358337 -95.527039
v 473.825806 111.338867 -70.386841
v 481.694946 111.358574 -84.262024
v 440.924988 111.358574 -89.948242
v 447.978119 111.356171 -69.036804
v 471.594788 111.340950 -102.730286
v 447.135437 111.337227 -99.962036
v 448.464325 158.348938 -68.638611
v 463.976440 158.743057 -105.756226
v 477.340790 158.348938 -73.199829
v 445.452911 158.345825 -100.201050
v 460.198456 158.343552 -53.366760
v 428.631165 158.343552 -85.781067
v 460.844086 158.346893 -117.333313
v 480.818329 158.762238 -88.795166
v 492.612701 158.343536 -84.933838
v 464.054871 158.797836 -65.190552
v 440.370850 158.832535 -81.966553
v 457.294128 158.407135 -105.321655
v 481.028107 159.198624 -82.200073
v 457.463959 159.198929 -64.951294
v 440.554688 158.352081 -88.556152
v 458.546448 162.500290 -105.337646
v 451.567963 164.460800 -104.043518
v 455.479095 159.963547 -104.546265
v 460.556030 164.300980 -105.535156
v 475.471802 164.446060 -100.238342
v 480.825653 164.282349 -85.346680
v 475.229828 164.444672 -70.066833
v 440.495850 163.476395 -86.765930
v 444.803131 164.442459 -72.109741
v 460.605652 164.276184 -65.148499
v 440.440887 164.295914 -85.334290
v 448.857819 130.566360 -36.454224
v 449.847321 126.282806 -36.482910
v 453.764496 128.232452 -36.454102
v 452.057068 131.678696 -36.483337
v 459.964630 140.604080 -36.598694
v 457.780029 138.254318 -36.469360
v 459.902161 136.316605 -36.430664
v 462.921753 140.101395 -36.499084
v 460.790802 121.837593 -36.526855
v 458.161713 118.164658 -36.463501
v 461.652588 117.282928 -36.641724
v 463.498627 119.278641 -36.479736
v 465.174622 127.700218 -36.516907
v 469.098877 126.225662 -36.474304
v 469.027008 131.808868 -36.463867
v 471.192139 134.474182 -36.610779
v 467.616638 133.891815 -36.673523
v 464.745026 130.097061 -36.535095
v 454.337677 133.574539 -36.591125
v 450.059052 134.469986 -36.614258
v 475.201019 127.549744 -36.545166
v 458.177338 153.512390 -36.352539
v 465.979523 153.153946 -36.523132
v 446.481506 144.629181 -36.468750
v 471.683533 149.397003 -36.798706
v 450.180756 142.916031 -36.700928
v 466.856140 148.316666 -36.579285
v 471.161713 142.376480 -36.697876
v 469.409149 123.262100 -36.738892
v 466.673889 124.994186 -36.427979
v 454.874725 120.165596 -36.612793
v 455.013489 125.164062 -36.624939
v 451.805786 123.212669 -36.736633
v 456.476410 130.103638 -36.566101
v 454.394562 148.319077 -36.573486
v 456.475159 127.903671 -36.568665
v 466.429138 120.142082 -36.612122
v 452.043427 151.961731 -37.195679
v 461.854126 125.010269 -36.614380
v 461.793213 127.837807 -36.523987
v 459.527283 124.899651 -36.561584
v 456.624329 123.102272 -36.467468
v 459.437195 127.824921 -36.554260
v 455.829346 135.544342 -36.552185
v 456.034027 141.676834 -36.462219
v 459.535217 133.107056 -36.559021
v 459.436646 130.183350 -36.553223
v 456.833618 145.387482 -36.516846
v 465.724640 136.157104 -36.462585
v 461.717590 133.109192 -36.563416
v 461.806641 130.184525 -36.554260
v 463.288940 144.091995 -36.574341
v 460.632080 144.012009 -36.317566
v 473.003967 128.836975 -36.484131
v 458.763855 120.592628 -36.461731
v 462.709778 137.190018 -36.604431
v 449.721710 128.184494 -36.837097
v 452.356628 129.750595 -37.170837
v 450.537354 130.325714 -37.153381
v 449.939850 128.390244 -37.771912
v 451.987030 127.756851 -37.156494
v 469.689789 130.413544 -37.151855
v 471.348541 129.943497 -37.252014
v 468.525360 129.084717 -36.943787
v 469.210815 127.847412 -37.350830
v 470.960266 127.832001 -37.239319
v 462.757812 148.569305 -36.681580
v 469.121613 88.244461 -104.389832
v 480.637207 88.244568 -88.261292
v 444.788330 88.248856 -98.578186
v 442.508423 88.244438 -75.748352
v 455.931152 88.244568 -65.898987
v 473.494629 88.245750 -69.505981
v 457.676300 191.876007 -105.240540
v 441.465149 191.876572 -93.399048
v 444.162689 191.876572 -73.604370
v 462.065887 191.876572 -64.631653
v 477.472565 191.876572 -74.555054
v 479.087189 191.876572 -96.354248
v 459.054535 153.117218 402.784790
v 462.833984 153.204330 402.765747
v 475.860779 111.355347 404.910980
v 480.653839 157.841904 406.671631
v 473.874603 148.300797 404.602966
v 474.499451 124.487976 402.727844
v 444.945831 111.358582 404.158905
v 454.170105 117.242920 402.589661
v 442.379364 157.841736 406.143280
v 448.084076 149.590652 404.172119
v 447.388641 122.257271 404.516815
v 460.688843 156.493927 402.790710
v 509.068420 157.838104 447.285858
v 507.880493 111.358551 464.897583
v 507.942627 157.836319 465.614624
v 462.251862 111.359039 500.433228
v 491.757019 111.358574 489.928802
v 484.488953 157.844406 495.646149
v 460.238861 157.840256 500.320251
v 411.797791 157.843765 451.458923
v 436.765411 157.840576 494.475677
v 427.593933 111.358574 489.327240
v 417.035278 157.840576 474.284546
v 411.596497 111.359505 454.640564
v 420.376404 157.840576 422.584656
v 417.035248 111.358574 428.572479
v 506.688263 111.358421 429.879089
v 501.260437 157.840576 423.666870
v 450.493744 111.358574 432.564636
v 451.255798 111.358574 471.329071
v 438.664124 111.358574 450.157837
v 477.178284 111.358574 466.446777
v 480.619415 111.358574 443.778290
v 468.091095 111.358574 431.362671
v 476.928589 157.840576 465.303558
v 481.239014 158.372559 454.950165
v 446.240417 157.840576 466.990509
v 476.271484 157.840576 437.142273
v 481.219940 158.462967 447.890533
v 464.176239 158.377350 430.708405
v 456.959900 158.267441 472.089478
v 439.955170 158.274887 447.880676
v 447.012756 157.840576 435.186707
v 496.738922 157.833557 451.369934
v 457.083618 158.464813 430.850372
v 464.172180 158.510727 472.109528
v 460.976257 157.837448 487.280792
v 460.563507 157.833466 415.354218
v 440.014496 158.377289 454.989014
v 424.547516 157.833374 451.486908
v 439.798004 165.301117 451.431824
v 481.447052 165.295746 451.425690
v 460.623932 165.299103 472.256012
v 460.617828 165.299545 430.601715
v 469.783295 133.447418 402.548981
v 472.864685 129.679337 402.537689
v 469.516327 127.674744 402.537354
v 460.806030 142.172104 402.694153
v 463.592834 139.930023 402.541077
v 459.903320 137.176331 402.543457
v 458.184753 140.551407 402.682373
v 460.704376 123.174973 402.617523
v 463.458038 121.538628 402.546753
v 461.419800 118.293816 402.540039
v 458.717651 119.408562 402.729980
v 458.447144 122.511383 402.562317
v 453.289795 131.089447 402.573395
v 453.162750 128.582245 402.552979
v 449.199036 128.287689 402.531525
v 448.722382 131.579315 402.525696
v 451.032440 133.172165 402.547638
v 449.940948 135.843903 402.545471
v 453.666962 135.296494 402.744202
v 456.494324 131.513397 402.618408
v 469.519714 136.036530 403.036072
v 446.932770 147.850967 402.509064
v 455.261505 154.567383 402.593353
v 470.924927 151.779205 402.943542
v 475.063110 144.114807 402.571167
v 466.864746 149.737045 402.649475
v 471.171875 143.787338 402.768188
v 454.536316 149.690750 402.633423
v 450.162384 145.213562 402.532715
v 454.951172 126.565712 402.645508
v 456.477264 129.321320 402.638000
v 464.745270 129.312927 402.654999
v 469.570862 124.614693 402.547272
v 471.307098 135.837784 402.538361
v 451.810211 124.685295 402.775940
v 464.734650 131.514053 402.622620
v 466.364502 121.583046 402.682312
v 454.813995 121.569031 402.710022
v 446.507263 125.534233 402.572693
v 465.738739 116.051781 402.704712
v 456.750671 124.784149 402.638550
v 459.540009 126.311821 402.616913
v 459.436737 129.241684 402.624146
v 469.393127 124.589844 403.635254
v 464.648224 124.452370 402.516998
v 461.722687 126.346619 402.646423
v 461.806732 129.240753 402.625244
v 465.127991 143.216431 402.588562
v 465.573364 137.177856 402.755585
v 461.688721 134.517639 402.580170
v 464.447418 146.847137 402.578369
v 461.807281 131.599213 402.624268
v 459.450714 131.587997 402.595764
v 459.526276 134.525024 402.634399
v 456.598907 136.315613 402.572083
v 455.136414 140.724472 402.559937
v 449.352570 136.692734 404.178009
v 460.621887 145.390518 402.374237
v 458.562195 145.319916 402.658752
v 467.487091 129.988602 402.538055
v 471.511810 129.594650 402.909424
v 468.898834 131.099976 403.222565
v 470.472321 131.845215 402.974792
v 469.062500 129.441330 403.164734
v 470.989532 129.252518 403.638611
v 471.293732 131.340485 403.810059
v 462.076202 121.564629 402.736359
v 451.239685 131.809250 403.317719
v 449.923920 131.338226 403.335388
v 452.542999 129.970566 403.126404
v 450.579468 129.006622 403.440582
v 461.671967 138.675781 402.720703
v 458.530365 150.348206 402.775513
v 461.395599 149.329575 402.806244
v 480.657776 190.862762 441.445038
v 443.866089 190.861176 466.155670
v 480.102783 190.863998 461.730072
v 463.626007 190.859268 472.277405
v 440.294006 190.861343 441.582489
v 461.009491 190.857269 430.448364
v 483.365234 89.260582 452.058289
v 465.836639 89.260582 430.061096
v 444.122345 89.260582 437.365417
v 441.426178 89.260582 463.642365
v 466.416992 89.260582 472.319244
v 125.205971 152.461700 402.746643
v 127.245461 149.803406 402.763489
v 121.357346 150.790985 402.778687
v 123.316055 147.791214 402.703003
v 124.247093 150.128128 402.880371
v 113.663643 134.521484 402.659637
v 119.935127 129.912811 402.469299
v 120.038002 130.414429 402.710693
v 130.664688 133.531555 402.509247
v 138.515701 124.517487 402.877197
v 124.454048 154.999252 402.772186
v 118.330017 153.022202 402.620758
v 138.195892 145.393692 402.583954
v 132.454193 151.873138 402.906952
v 113.338890 149.630066 402.533325
v 109.722160 142.343887 402.654968
v 130.486252 148.327225 402.640778
v 134.818695 142.352539 402.729370
v 118.036705 148.315598 402.640930
v 113.732590 142.588181 402.753723
v 118.524101 125.070862 402.707397
v 120.100082 127.913002 402.619537
v 128.370438 127.897064 402.655029
v 132.043976 124.139641 402.495300
v 134.773956 134.500458 402.733246
v 132.974640 122.953156 402.903717
v 115.438545 123.270988 402.779541
v 128.377945 130.110062 402.654449
v 129.989700 120.167213 402.682312
v 118.436455 120.157257 402.718231
v 124.378647 114.461891 402.560608
v 134.394653 117.704712 402.801270
v 110.243042 123.423401 402.638611
v 111.540306 147.979202 404.372894
v 137.507355 147.005814 404.646362
v 109.753319 124.937019 405.062653
v 116.518410 116.297516 402.720581
v 120.399353 123.370163 402.616211
v 123.165176 124.895988 402.616913
v 123.075806 127.837776 402.594971
v 125.347870 124.930794 402.646423
v 128.273361 123.036575 402.516998
v 125.431915 127.824921 402.625244
v 125.839767 143.852325 402.658722
v 129.435211 140.145584 402.567505
v 128.733688 135.235825 402.601532
v 125.333893 133.107025 402.630096
v 125.432442 130.183380 402.624268
v 136.565796 128.536194 402.560577
v 133.706375 126.276779 402.548340
v 131.022476 128.426285 402.532959
v 133.404709 131.968506 402.541840
v 126.038002 140.807449 402.547577
v 126.566460 137.090790 402.540497
v 124.914482 136.374863 402.517334
v 122.421387 136.868378 402.718140
v 121.826195 139.895645 402.549530
v 124.923180 122.213364 402.534241
v 127.151657 119.192116 402.537354
v 121.920799 117.890297 402.534668
v 122.434067 120.905113 402.641418
v 123.263573 117.296967 402.710449
v 116.036880 127.009827 402.446655
v 111.806236 128.311996 402.527069
v 116.231033 131.677399 402.543060
v 123.062370 130.184540 402.625244
v 119.802826 135.118591 402.662933
v 123.159058 133.126785 402.612488
v 122.745697 143.780624 402.665924
v 119.342560 141.144485 402.502716
v 115.900787 129.817352 403.186951
v 113.780998 127.863701 403.045654
v 115.616341 127.814102 403.411285
v 114.098503 130.314072 403.275818
v 113.446388 128.325165 403.777344
v 125.701401 120.148827 402.736359
v 134.991104 128.419678 403.957458
v 132.218521 129.029343 403.152100
v 134.092758 127.553741 403.076233
v 134.250153 130.346542 403.376038
v 135.134338 129.452682 402.890991
v 118.746300 111.612572 471.600555
v 138.636658 111.437683 466.168335
v 126.329597 111.613762 501.439056
v 104.075729 111.612572 456.674194
v 75.139122 111.613708 457.316895
v 109.452705 111.451378 437.058289
v 111.823135 111.613060 403.575775
v 146.041794 111.612572 452.545990
v 173.167328 111.612869 450.496216
v 109.848534 111.419807 465.844727
v 89.850441 111.612572 486.628845
v 81.821831 111.612572 425.898804
v 124.576981 111.612572 429.942322
v 165.396667 111.612572 479.595093
v 165.834351 111.612572 425.109375
v 138.653976 111.430168 437.003540
v 142.510178 111.608788 405.697052
v 139.143951 156.316574 466.485779
v 148.112488 156.320877 495.647400
v 171.993164 156.311493 439.213562
v 160.496017 156.304199 450.981049
v 110.632744 156.317642 467.987000
v 139.923065 156.316574 437.184113
v 148.973495 156.319504 408.198181
v 171.560715 156.312866 465.646637
v 108.460411 156.316574 438.035553
v 77.495544 156.312195 432.565918
v 103.504021 156.318710 406.912537
v 124.694534 156.304016 487.677734
v 123.895805 156.315460 500.319550
v 102.996010 156.316574 495.548401
v 75.722420 156.312073 454.580597
v 127.703186 156.590668 471.697235
v 81.821854 156.316574 476.958221
v 87.998566 156.304337 451.876160
v 123.799721 156.304367 415.179932
v 103.912125 156.841797 454.941498
v 144.599472 156.840576 454.930847
v 120.771721 156.886429 471.824799
v 120.723747 156.784622 431.079498
v 141.510239 88.977615 463.245514
v 143.293655 88.977966 441.622498
v 117.668427 88.975815 429.948944
v 103.073517 88.977341 450.865479
v 116.870712 88.977676 472.510651
v 124.829674 140.094955 402.761658
v 144.772446 191.111450 450.951263
v 104.482521 191.114777 461.530914
v 132.902130 191.114014 471.767670
v 105.862999 191.115799 441.046326
v 119.741295 191.114059 431.259216
v 135.501877 191.115692 433.186523
v 103.660065 164.120453 451.433807
v 124.242767 164.126389 430.851715
v 144.822845 164.125443 451.424011
v 124.353149 164.123779 472.048462
v 103.883224 156.742676 447.911133
v 127.767471 156.743698 431.073608
v 144.589401 157.001968 447.949341
v 125.913101 153.294327 -36.630615
v 122.339737 152.568710 -36.748291
v 123.059937 149.108063 -36.660583
v 126.207886 150.530487 -36.721008
v 130.526443 134.988358 -36.592407
v 128.392624 131.521194 -36.568237
v 118.585754 134.367096 -36.708374
v 113.668152 135.933807 -36.592407
v 120.099129 131.518585 -36.563904
v 109.734558 143.774902 -36.563538
v 109.296783 126.430130 -38.364502
v 123.569031 155.478394 -36.346741
v 131.306091 154.023743 -36.602417
v 113.820107 151.551224 -36.728455
v 138.093231 147.306076 -36.465515
v 113.710175 143.799225 -36.698181
v 130.469833 149.747391 -36.568298
v 134.810028 143.770721 -36.671692
v 133.035461 124.683617 -36.734863
v 130.047256 126.434517 -36.638245
v 115.411118 124.637772 -36.706726
v 118.583168 126.571983 -36.574219
v 134.818741 135.882660 -36.603149
v 118.010094 149.727890 -36.583740
v 120.111015 129.306305 -36.604370
v 118.495789 121.593849 -36.636658
v 128.390762 129.324203 -36.556458
v 130.043243 121.559647 -36.625977
v 110.878136 148.094131 -38.548767
v 137.182556 148.952164 -38.463745
v 138.303299 124.228020 -38.823120
v 133.246994 118.403038 -36.582336
v 123.262062 115.873688 -36.470886
v 116.802574 117.358444 -37.193237
v 138.580154 126.783325 -36.511597
v 111.474113 122.872879 -36.393188
v 125.452637 126.402679 -36.517639
v 125.431084 129.239578 -36.555298
v 120.395561 124.791054 -36.554199
v 123.157700 126.299683 -36.545166
v 123.075241 129.255325 -36.522217
v 122.535797 145.348419 -36.581970
v 118.543297 138.435196 -36.622131
v 123.176796 134.517029 -36.520996
v 123.062996 131.601318 -36.555359
v 112.938850 132.893646 -36.465576
v 113.942429 127.569061 -36.473877
v 117.627151 130.787155 -36.442017
v 125.967674 142.194046 -36.479980
v 122.535431 141.576080 -36.540344
v 122.478844 138.761017 -36.477112
v 123.887985 137.246536 -36.456116
v 126.264824 138.448853 -36.603027
v 122.575249 122.403923 -36.458191
v 122.408501 118.532211 -36.471008
v 127.113091 120.434715 -36.481506
v 124.755692 123.158043 -36.516479
v 134.341827 127.621948 -36.455322
v 136.481659 131.021851 -36.481201
v 132.679062 133.121201 -36.482178
v 131.138306 129.500732 -36.458008
v 125.852928 145.432175 -36.554871
v 125.329720 134.523239 -36.538269
v 125.432571 131.597946 -36.551697
v 129.921616 138.667694 -36.566956
v 134.276154 131.818192 -36.974121
v 134.747620 129.222015 -36.982239
v 133.673492 129.014267 -37.527222
v 132.555496 131.228119 -37.430176
v 135.185577 130.904099 -37.725281
v 132.437439 129.649582 -36.816528
v 132.565750 131.643661 -36.642883
v 125.281647 119.592667 -36.780762
v 113.433708 131.239090 -37.849060
v 115.870789 131.278137 -37.182373
v 114.425911 131.801422 -37.012329
v 113.346901 129.600327 -36.837097
v 115.806557 129.441315 -37.093750
v 113.879456 129.252579 -37.567627
v 102.026810 111.358574 -84.742188
v 75.292259 111.359779 -86.039185
v 90.138077 111.358574 -122.905396
v 84.001518 111.358574 -56.513794
v 144.477127 111.358574 -78.974121
v 123.918877 111.358574 -63.131104
v 138.905914 111.356926 -38.730469
v 163.421783 111.358574 -55.075317
v 141.270905 111.358574 -97.513794
v 120.879662 111.358574 -106.935425
v 162.497681 111.358574 -116.326660
v 132.630264 111.358765 -134.438171
v 113.708206 111.362755 -37.267883
v 173.298203 111.359726 -86.936218
v 110.027222 158.348572 -70.015503
v 98.264091 158.352936 -42.175964
v 109.350281 158.348572 -100.414856
v 88.075638 158.348572 -118.369629
v 76.728821 158.347656 -72.821594
v 140.033798 158.348572 -71.964600
v 150.788940 158.355606 -42.295532
v 145.059143 158.338287 -88.622803
v 103.691322 159.232040 -81.868530
v 76.302582 158.344467 -94.710571
v 110.505959 158.348358 -132.660278
v 127.493454 158.365433 -105.718262
v 89.404968 158.341034 -85.913147
v 144.447525 158.523041 -81.936768
v 123.691673 158.341156 -50.515381
v 171.952393 158.344604 -74.469177
v 120.877655 158.439636 -65.146301
v 124.802490 158.341034 -120.199951
v 171.973389 158.353867 -97.808899
v 143.093781 158.397705 -132.012390
v 127.658989 158.513626 -65.093994
v 159.066910 158.343887 -85.816956
v 120.735901 158.743469 -105.730103
v 103.725456 191.875931 -84.839478
v 144.378433 191.875580 -78.936768
v 130.637634 191.879349 -65.365173
v 113.782364 191.877197 -66.443237
v 114.885849 191.876358 -105.420837
v 141.265182 191.880295 -99.282532
v 145.062286 165.511368 -85.365662
v 103.633064 165.500443 -85.695312
v 124.627525 165.483093 -106.117126
v 124.257210 165.504883 -64.534302
v 104.039581 158.468201 -88.723877
v 144.954742 88.244568 -81.155579
v 125.708176 88.244568 -106.488159
v 140.665298 88.244568 -97.968445
v 105.778099 88.244568 -96.342102
v 108.071472 88.244568 -70.684631
v 131.619324 88.244568 -65.500793
v 98.483528 112.666702 162.550476
v 101.277519 146.568268 162.550476
v 101.277519 112.666702 202.968933
v 98.483528 146.568268 202.968933
v 97.164207 127.995277 197.156586
v 97.177818 132.005249 200.526184
v 97.615379 129.924377 202.475098
v 97.216774 132.717728 198.221893
v 97.212807 129.313721 199.031464
v 97.327110 140.994324 183.500488
v 97.332619 136.697845 182.605042
v 97.284950 124.090538 182.657318
v 97.137939 116.184265 173.309174
v 97.327713 137.292343 201.769653
v 97.393074 116.035942 192.403778
v 97.431244 144.372772 194.624146
v 97.359222 124.181358 197.358032
v 97.270630 119.848892 191.383331
v 97.356827 136.641205 197.353821
v 97.231133 140.960236 191.407257
v 97.292854 136.140335 174.101410
v 97.220444 139.229050 172.301788
v 97.385368 134.562134 176.946259
v 97.304169 124.812103 174.194946
v 97.326546 126.281013 176.920685
v 97.314720 119.857635 183.500854
v 97.203339 121.624413 172.293640
v 97.381660 126.273674 179.126221
v 97.310501 124.623184 169.171722
v 97.291039 136.230820 169.182007
v 97.362534 134.568161 179.136047
v 97.372917 134.237534 163.251221
v 97.272087 121.607162 165.969727
v 97.161293 142.889938 169.667969
v 97.336281 144.833694 174.579315
v 95.386475 143.790070 195.691803
v 95.214401 116.655136 194.689362
v 96.742752 127.089706 204.031158
v 97.083977 119.651886 198.764252
v 97.361443 134.291748 172.399139
v 97.383133 131.502396 173.926788
v 97.405014 131.591782 176.868591
v 97.368912 126.566078 172.408020
v 97.388283 129.332932 173.913300
v 97.374733 129.235687 176.855713
v 97.387825 129.559265 193.007751
v 97.318901 124.829308 187.494354
v 97.415543 128.188248 192.959259
v 97.366806 129.182480 182.047760
v 97.375725 129.235153 179.214172
v 97.499359 122.548759 175.674286
v 97.434784 123.351776 179.565735
v 97.464661 118.632889 179.945557
v 97.440407 119.222679 175.923462
v 97.451355 127.468063 187.859772
v 97.485771 129.648743 185.444305
v 97.450294 132.729797 185.972046
v 97.300842 129.932678 189.542816
v 97.312408 132.431580 189.147186
v 97.374184 130.590622 170.666016
v 97.447655 128.582901 169.803955
v 97.291321 132.418106 167.172516
v 97.450600 132.957855 169.794769
v 97.453621 128.568466 166.265564
v 97.439621 139.610779 180.766144
v 97.476784 137.091293 178.419769
v 97.558685 139.504257 175.649353
v 97.444481 142.888474 177.941956
v 97.365601 131.516159 182.139984
v 97.374741 131.605209 179.215332
v 97.450165 135.261627 184.819183
v 97.467888 134.863892 190.825989
v 97.331841 131.670578 192.866882
v 96.813072 138.766891 178.848267
v 96.718231 140.521027 179.354523
v 96.697960 139.323639 176.667755
v 96.570969 141.219910 177.473694
v 96.042557 119.676498 177.450470
v 96.847893 122.449104 178.060211
v 97.043564 119.884315 179.295654
v 96.924377 120.557564 176.584625
v 96.268860 120.196548 179.296997
v 2.564216 149.611496 160.804688
v 0.915123 122.517815 160.742157
v 95.148804 147.271088 160.802612
v 77.232208 169.186966 160.759613
v 48.874294 179.004364 160.752930
v 16.833256 167.333542 160.778870
v 12.708741 96.748734 160.804962
v 31.159981 84.672714 160.747345
v 79.137344 92.214508 160.789978
v 95.133675 114.187653 160.761353
v 50.367306 82.259384 160.782501
v 28.022449 133.898453 205.817902
v 14.224704 166.508362 205.508942
v 52.033386 151.092407 205.784332
v 64.470978 177.415009 205.564117
v 57.649139 82.411491 205.501068
v 33.514229 115.523643 205.508942
v 27.670216 83.994278 205.507294
v 45.103622 151.016800 205.840179
v 1.271182 116.575745 205.507385
v 0.641967 139.048660 205.508514
v 43.177265 178.734146 205.496704
v 93.765251 150.351212 205.513489
v 63.913452 116.200516 205.508942
v 90.674179 102.845146 205.512115
v 52.044800 110.057976 206.113770
v 45.087078 110.033897 206.004486
v 12.634051 130.015579 205.497009
v 28.195919 126.929855 206.005615
v 84.508331 130.825455 205.497345
v 69.037727 133.912140 205.892365
v 48.166336 166.357620 205.497162
v 48.976475 94.483398 205.497192
v 48.571510 130.420486 238.824799
v 28.233204 121.764687 238.782837
v 32.703278 143.716721 238.782959
v 47.978065 151.042374 238.780853
v 65.829826 142.525681 238.783600
v 68.743454 123.162582 238.782288
v 50.939510 109.840149 238.780792
v 48.566807 151.004730 213.152405
v 69.145195 130.424194 213.158508
v 48.575352 109.847862 213.157593
v 27.997774 130.416168 213.158722
v 68.960320 126.917648 205.912262
v 28.242767 125.488419 160.804962
v 62.986671 144.859604 160.512909
v 48.571510 152.383057 160.788513
v 33.835270 144.825623 160.545898
v 70.057686 130.090637 160.804962
v 49.153870 108.939682 160.804962
v 34.163662 115.977249 160.516846
v 63.011490 116.010475 160.523315
v 40.223854 110.424019 138.007660
v 28.015873 126.541214 138.008118
v 60.835732 113.725311 138.009521
v 70.135796 136.043671 137.997955
v 52.246319 151.825439 138.008118
v 32.026382 142.842346 138.009613
v 491.148346 112.801422 160.752075
v 488.757935 144.266830 205.213501
v 490.440674 111.396965 205.373230
v 490.804718 148.070801 161.256775
v 487.378052 129.576843 161.386810
v 507.277313 88.363457 160.804962
v 521.058350 80.709480 205.508942
v 533.429138 80.412949 160.764740
v 561.441406 86.455643 205.508942
v 561.539307 88.272820 160.729767
v 582.726135 113.916779 160.685730
v 584.407959 115.615509 205.508942
v 583.891663 142.324966 160.804962
v 579.875305 152.320084 205.508942
v 564.507019 168.511932 160.767090
v 551.716553 176.503464 205.508942
v 533.798828 177.095154 160.738708
v 514.852600 173.532715 205.508942
v 507.305878 168.810898 160.745361
v 556.487732 125.606613 205.610138
v 551.639465 114.784676 205.508942
v 532.971680 108.284264 205.543457
v 536.342285 93.227982 205.507812
v 572.074280 129.049530 205.507812
v 500.520782 128.959763 205.507782
v 539.619324 108.868919 205.534729
v 515.831787 125.523376 205.845917
v 515.997131 132.469177 205.701355
v 536.252747 164.781372 205.507782
v 557.408691 132.325867 205.509644
v 532.995667 150.007782 205.513489
v 539.561890 149.354202 205.553680
v 536.297485 129.004654 238.824799
v 527.492615 109.810646 238.783752
v 515.335510 129.331894 238.781555
v 529.375854 149.143417 238.782898
v 543.627197 148.277634 238.783447
v 557.028748 134.420670 238.780487
v 545.940857 109.363083 238.783783
v 536.295654 149.467361 213.150330
v 515.676453 129.102234 213.154663
v 533.617310 149.238449 209.826202
v 538.869934 149.281540 210.000580
v 556.536804 131.683624 209.821899
v 556.881592 128.608170 213.118927
v 539.037964 108.714165 209.646088
v 535.899597 108.426765 213.121582
v 480.797516 112.666695 204.083282
v 480.797516 112.666695 162.550476
v 480.797516 145.168533 162.550476
v 480.797516 145.168533 204.083282
v 480.797516 149.712570 402.428467
v 480.797516 109.712570 402.428467
v 480.797516 109.712570 -36.357544
v 480.797516 149.712570 -36.357544
v 440.797516 149.712570 -36.357544
v 440.797516 149.712570 402.428467
v 440.797516 109.712570 -36.357544
v 440.797516 109.712570 402.428467
v 557.783752 128.674866 160.804962
v 515.968811 124.072594 160.804962
v 530.517822 149.107513 160.800446
v 550.696655 143.781998 160.543915
v 536.879883 107.523849 160.804962
v 521.584106 143.434570 160.539001
v 521.864746 114.585037 160.521973
v 550.713013 114.570679 160.520630
v 533.940918 107.955093 138.008118
v 555.503723 119.104050 138.009369
v 551.237671 143.689377 138.016083
v 525.128662 147.608612 138.009430
v 516.229553 120.705399 138.007233
vn -0.7116 0.0507 0.7008
vn -0.6719 -0.0216 0.7403
vn -0.1150 0.3039 -0.9457
vn -0.3951 -0.0392 -0.9178
vn 0.5170 0.3089 -0.7983
vn 0.7555 0.0129 0.6550
vn -0.1169 0.1279 -0.9849
vn 0.9079 0.0201 -0.4188
vn 0.9791 0.1166 0.1665
vn -0.1190 0.4034 0.9072
vn -0.4072 0.1466 0.9015
vn -0.7955 0.3477 -0.4962
vn -0.6252 -0.0177 -0.7802
vn 0.5926 -0.0046 0.8055
vn -0.8342 0.0400 -0.5500
vn -0.4076 0.1392 0.9025
vn -0.6612 0.0307 0.7496
vn -0.6178 0.1528 -0.7714
vn -0.4994 -0.8334 0.2367
vn -0.8816 0.4117 0.2311
vn -0.7238 0.6747 0.1443
vn -0.7702 0.6204 -0.1479
vn -0.9272 0.3360 -0.1658
vn -0.9954 0.0240 -0.0931
vn -0.7233 0.1808 -0.6664
vn -0.5622 -0.1354 -0.8158
vn -0.4691 0.0039 0.8832
vn -0.1998 -0.0544 0.9783
vn -0.9395 0.2449 -0.2394
vn -0.1756 0.3037 -0.9364
vn -0.1763 0.9158 0.3610
vn -0.8300 0.1217 0.5444
vn -0.9736 0.2225 0.0517
vn -0.1892 0.2692 -0.9443
vn -0.1011 0.2883 -0.9522
vn -0.3405 0.2521 0.9058
vn -0.5142 0.3593 0.7788
vn -0.6127 0.2462 0.7510
vn -0.9191 0.2831 0.2740
vn -0.1286 0.4408 0.8884
vn -0.7376 0.6006 -0.3087
vn -0.5283 0.5271 -0.6656
vn -0.6094 0.5973 0.5214
vn -0.7175 0.5922 0.3667
vn -0.1597 0.6475 0.7451
vn -0.5254 0.6426 -0.5577
vn -0.3644 0.7148 0.5969
vn -0.6505 0.7552 0.0812
vn -0.4410 0.7103 -0.5486
vn -0.0407 0.7535 -0.6562
vn -0.3355 0.8863 0.3192
vn -0.4632 0.8832 0.0733
vn -0.3687 0.9046 -0.2140
vn 0.8883 0.4058 -0.2150
vn 0.8546 0.4564 -0.2479
vn 0.6555 0.7419 0.1407
vn 0.0447 0.3559 -0.9335
vn 0.3697 0.0125 0.9291
vn 0.5382 -0.0448 -0.8416
vn 0.9092 -0.0545 0.4127
vn 0.2627 0.2995 0.9172
vn 0.0791 0.5420 -0.8366
vn 0.8720 0.1080 0.4774
vn 0.3577 0.2320 0.9045
vn 0.3341 0.0613 0.9405
vn 0.0846 0.2460 -0.9656
vn 0.6601 0.2288 -0.7155
vn 0.9078 0.2269 -0.3528
vn 0.9224 0.3146 0.2242
vn 0.3430 0.2541 0.9043
vn 0.9059 0.2189 -0.3626
vn 0.8101 0.4258 0.4030
vn 0.3272 0.2919 0.8988
vn 0.1197 0.4471 -0.8864
vn 0.4587 0.4971 -0.7365
vn 0.6996 0.5420 0.4657
vn 0.4960 0.5469 0.6744
vn 0.2183 0.7486 0.6261
vn 0.6747 0.6719 -0.3056
vn 0.4891 0.6644 -0.5651
vn 0.6773 0.6843 -0.2702
vn 0.6157 0.7804 -0.1089
vn 0.6245 0.7397 0.2507
vn 0.1562 0.8249 -0.5433
vn 0.3050 0.8740 0.3782
vn 0.3482 0.9249 -0.1528
vn 0.2818 0.8913 0.3552
vn 0.1493 0.9108 -0.3850
vn -0.0041 -0.9999 -0.0095
vn -0.0012 -1.0000 -0.0007
vn 0.0095 -1.0000 0.0004
vn -0.0029 -1.0000 -0.0031
vn -0.0037 -1.0000 0.0012
vn -0.0309 -0.9993 0.0204
vn -0.0062 -1.0000 -0.0030
vn -0.0001 -1.0000 -0.0012
vn -0.0014 -1.0000 -0.0025
vn 0.0562 -0.9975 0.0427
vn 0.0193 -0.9998 -0.0008
vn -0.0310 -0.9995 0.0023
vn -0.0148 -0.9999 0.0083
vn -0.0123 -0.9999 0.0111
vn 0.0231 -0.9988 -0.0442
vn -0.0086 -1.0000 0.0023
vn 0.0445 -0.9987 0.0246
vn 0.0652 -0.9970 0.0407
vn -0.0010 -1.0000 -0.0092
vn 0.0207 -0.9995 -0.0229
vn -0.0000 -1.0000 0.0003
vn -0.0000 -1.0000 -0.0016
vn 0.5841 0.4962 -0.6423
vn 0.5595 0.3245 -0.7627
vn -0.0682 0.9924 0.1022
vn 0.0942 0.1972 0.9758
vn -0.1808 0.9830 -0.0321
vn 0.1424 0.0463 -0.9887
vn 0.6167 0.1531 -0.7721
vn 0.0997 0.9945 0.0315
vn 0.1673 0.9859 -0.0093
vn 0.8062 0.3650 -0.4655
vn 0.9885 -0.1428 -0.0505
vn -0.0590 0.0366 0.9976
vn -0.4364 0.2141 0.8739
vn -0.1079 0.9904 0.0860
vn -0.4515 0.2029 -0.8689
vn 0.9454 0.2216 0.2391
vn 0.9392 0.3043 0.1593
vn 0.9299 -0.3674 0.0189
vn 0.4406 -0.8671 0.2324
vn 0.1747 -0.9822 0.0691
vn 0.6609 -0.5637 -0.4954
vn -0.8285 -0.5450 -0.1291
vn 0.7970 -0.5650 -0.2133
vn -0.8853 -0.4646 -0.0184
vn -0.0453 0.3454 0.9374
vn 0.7798 -0.6005 0.1772
vn -0.8327 -0.5357 0.1400
vn -0.2279 0.1065 0.9679
vn 0.6684 -0.7232 0.1741
vn -0.8397 -0.4998 -0.2123
vn 0.3828 0.0182 0.9236
vn -0.3205 0.3007 0.8982
vn 0.1551 0.2206 0.9630
vn -0.0013 -0.1459 -0.9893
vn 0.4459 0.7645 0.4655
vn 0.8827 0.3777 -0.2797
vn -0.3973 0.7582 0.5169
vn 0.2051 0.2117 0.9556
vn -0.2601 -0.5069 0.8218
vn -0.0530 -0.9915 -0.1185
vn -0.4491 -0.8917 -0.0561
vn -0.3792 0.0129 -0.9252
vn 0.9728 0.0201 -0.2309
vn 0.8139 -0.4331 -0.3873
vn 0.3245 0.2821 0.9028
vn 0.2034 -0.0742 0.9763
vn -0.9677 -0.1849 0.1714
vn -0.1294 -0.7614 -0.6352
vn 0.7196 -0.6129 0.3264
vn 0.4373 -0.0272 -0.8989
vn 0.8533 0.0117 0.5213
vn -0.6585 0.4128 0.6293
vn -0.5770 -0.6931 -0.4321
vn -0.9370 0.1111 -0.3312
vn 0.3802 -0.2969 -0.8759
vn 0.8252 0.3247 0.4622
vn -0.4312 -0.3840 0.8165
vn -0.5910 -0.2091 -0.7791
vn 0.7615 -0.3933 0.5152
vn -0.2412 0.2281 0.9433
vn -0.2411 -0.9700 0.0297
vn -0.5276 -0.6211 0.5795
vn -0.4466 0.5150 -0.7317
vn 0.1701 -0.9494 -0.2640
vn 0.4078 -0.1448 0.9015
vn 0.7453 -0.6521 -0.1391
vn 0.3941 0.4480 0.8025
vn -0.4434 -0.7101 0.5469
vn -0.6153 0.4196 -0.6674
vn 0.5893 -0.5155 -0.6221
vn -0.4324 0.1321 0.8920
vn -0.8056 -0.1038 -0.5833
vn 0.3731 -0.8866 -0.2732
vn 0.8583 0.1023 0.5029
vn -0.2084 0.9192 -0.3341
vn 0.7742 0.6193 -0.1306
vn 0.1887 0.4315 0.8822
vn -0.6885 -0.4326 0.5821
vn -0.8428 0.5186 0.1439
vn -0.7532 -0.0667 -0.6544
vn 0.1931 0.6899 -0.6977
vn 0.3730 -0.2397 -0.8963
vn 0.8779 0.2045 0.4330
vn -0.2624 0.3689 0.8917
vn -0.9547 -0.1591 0.2514
vn -0.7496 0.5829 -0.3136
vn 0.5172 0.4605 -0.7214
vn -0.6353 -0.3982 0.6617
vn -0.6172 0.7105 -0.3381
vn 0.5510 0.3811 -0.7424
vn 0.8668 -0.2226 -0.4463
vn 0.5986 0.3674 0.7118
vn -0.4916 -0.4907 -0.7194
vn 0.4268 -0.2788 0.8603
vn -0.8500 0.3614 0.3832
vn 0.0912 0.9105 -0.4034
vn 0.8323 0.1039 -0.5444
vn -0.8410 -0.4933 0.2222
vn -0.2935 0.3933 -0.8713
vn 0.4665 0.2375 0.8520
vn -0.7661 -0.0296 0.6420
vn -0.7789 0.6241 -0.0614
vn -0.2035 0.1054 -0.9734
vn 0.8204 0.2595 -0.5096
vn -0.3914 -0.8112 -0.4346
vn 0.2772 0.9492 0.1492
vn -0.8917 0.4008 0.2104
vn 0.3791 0.8094 -0.4484
vn -0.1544 0.6192 -0.7699
vn -0.3408 0.8652 -0.3677
vn 0.0106 0.9922 0.1246
vn -0.1279 -0.8960 -0.4253
vn 0.4410 -0.8833 -0.1590
vn -0.3699 -0.9291 0.0066
vn 0.3573 -0.9198 -0.1622
vn -0.5742 -0.8185 -0.0192
vn 0.1316 -0.9718 0.1955
vn -0.1737 -0.9642 -0.2006
vn 0.1069 -0.9199 0.3773
vn 0.0017 0.9974 -0.0727
vn 0.2118 0.8457 -0.4897
vn -0.5541 0.5136 -0.6552
vn -0.5140 0.8517 -0.1020
vn 0.6271 0.5515 -0.5501
vn -0.0743 -0.9972 0.0105
vn 0.7058 -0.4563 -0.5419
vn -0.1214 -0.9621 0.2443
vn 0.6983 -0.6881 -0.1972
vn 0.1337 -0.9121 0.3875
vn -0.7878 0.5318 -0.3108
vn -0.3536 -0.8197 0.4506
vn 0.5435 -0.8209 -0.1751
vn -0.8748 -0.4011 0.2716
vn -0.5833 0.3777 -0.7191
vn 0.0010 -0.6260 -0.7798
vn 0.6716 0.6556 0.3451
vn -0.6136 -0.6053 -0.5071
vn 0.3797 -0.6686 0.6394
vn -0.8154 -0.5575 0.1560
vn -0.5906 0.5627 -0.5784
vn -0.0265 -0.5748 -0.8179
vn 0.9543 -0.2573 -0.1522
vn 0.2684 0.2389 0.9332
vn -0.9318 0.3460 0.1100
vn 0.3208 0.5905 0.7405
vn -0.6484 -0.6596 0.3802
vn -0.2929 -0.4772 -0.8286
vn 0.3611 -0.9072 0.2157
vn 0.1667 -0.5860 -0.7930
vn 0.7362 -0.2318 0.6359
vn -0.4091 0.0984 0.9072
vn -0.6643 -0.3515 0.6597
vn -0.9709 0.2112 -0.1127
vn -0.5994 -0.3358 -0.7266
vn 0.3824 0.6069 -0.6967
vn -0.6581 0.1085 -0.7451
vn 0.0784 0.5753 0.8142
vn -0.8693 0.4813 0.1123
vn -0.8656 -0.3374 -0.3701
vn -0.0811 0.1876 -0.9789
vn 0.3565 -0.3802 -0.8534
vn 0.8242 0.5545 0.1148
vn -0.1087 -0.0578 0.9924
vn 0.2628 0.8319 0.4888
vn -0.6554 -0.2815 -0.7009
vn 0.4159 0.4417 -0.7949
vn -0.1933 0.8536 0.4837
vn 0.5715 0.8057 -0.1556
vn 0.9419 -0.2396 0.2352
vn 0.0214 0.1799 0.9834
vn -0.3966 -0.5168 0.7587
vn -0.7955 0.5970 0.1040
vn -0.0356 0.6322 -0.7740
vn 0.6661 -0.6139 -0.4236
vn -0.4475 0.5770 0.6833
vn 0.7173 0.5566 -0.4192
vn -0.0402 0.2014 -0.9787
vn 0.9893 -0.0817 -0.1208
vn -0.5463 0.7385 0.3952
vn -0.9698 -0.2340 -0.0686
vn -0.1961 0.3701 -0.9080
vn 0.8684 0.4483 -0.2121
vn 0.8097 -0.4315 0.3978
vn -0.2335 0.6489 0.7241
vn 0.7324 0.5571 0.3915
vn 0.1716 -0.5416 -0.8229
vn 0.7270 -0.4137 -0.5481
vn 0.5191 0.4567 0.7225
vn 0.7443 -0.0822 0.6628
vn -0.7860 0.0715 0.6141
vn 0.1836 0.8626 0.4714
vn 0.5945 0.6019 0.5332
vn -0.6154 0.3688 0.6966
vn -0.5120 -0.6003 0.6145
vn -0.4197 -0.7196 -0.5532
vn 0.2935 -0.8650 0.4070
vn 0.1846 -0.9827 -0.0144
vn -0.0889 -0.9098 -0.4054
vn -0.2891 -0.9527 -0.0938
vn 0.1543 -0.9207 0.3586
vn 0.3939 -0.7789 -0.4880
vn -0.0187 0.9996 -0.0201
vn -0.3723 0.0708 0.9254
vn -0.7160 0.6125 -0.3348
vn -0.6133 0.7831 -0.1032
vn 0.3497 0.5040 -0.7898
vn 0.0307 -0.9995 0.0126
vn 0.1915 0.5740 0.7961
vn -0.6416 -0.4344 0.6322
vn -0.6100 -0.5640 -0.5565
vn 0.1735 0.4105 -0.8952
vn 0.4036 -0.9149 0.0085
vn -0.5738 0.5928 -0.5651
vn -0.1020 -0.6463 -0.7563
vn 0.5402 0.8413 0.0211
vn 0.1333 -0.6238 0.7701
vn 0.3732 -0.4253 -0.8245
vn 0.9574 0.2385 -0.1627
vn 0.5223 -0.6430 0.5601
vn -0.4738 -0.1873 0.8605
vn -0.9154 0.1798 -0.3601
vn -0.9674 -0.0158 -0.2526
vn 0.4397 0.1731 -0.8813
vn 0.9151 -0.2693 0.3001
vn -0.8703 -0.4656 0.1607
vn -0.8811 0.2985 -0.3669
vn 0.2745 -0.7070 -0.6518
vn 0.9064 0.3270 0.2675
vn 0.5419 -0.3152 0.7791
vn -0.0865 0.1263 0.9882
vn -0.7153 -0.3982 0.5743
vn -0.8472 0.5284 -0.0543
vn -0.7205 -0.3362 -0.6065
vn 0.0981 0.3501 -0.9316
vn 0.5138 0.1144 0.8502
vn 0.9704 -0.1954 -0.1419
vn 0.2117 0.1211 -0.9698
vn 0.9413 -0.2887 -0.1749
vn -0.3632 -0.5424 -0.7576
vn -0.2057 -0.9439 0.2585
vn -0.2572 -0.8523 -0.4555
vn 0.4155 0.2563 -0.8727
vn 0.8243 -0.3289 0.4609
vn 0.5593 -0.7035 0.4386
vn -0.6179 0.3930 0.6810
vn -0.4966 -0.8593 0.1222
vn -0.8104 0.5858 -0.0016
vn 0.5692 0.6718 -0.4741
vn 0.5837 -0.6737 0.4534
vn -0.6377 0.3855 0.6668
vn -0.9664 -0.2554 -0.0272
vn 0.0376 0.9329 0.3581
vn -0.8390 -0.5349 -0.0996
vn -0.0553 0.5064 -0.8605
vn 0.7356 0.4488 0.5074
vn -0.3604 -0.3611 0.8601
vn 0.3919 0.0405 -0.9191
vn -0.2072 0.6181 0.7583
vn -0.0525 -0.3344 -0.9410
vn 0.6287 0.7292 -0.2700
vn 0.4154 -0.1313 0.9001
vn -0.8012 0.1877 0.5682
vn -0.8652 0.0261 0.5007
vn -0.6995 0.0006 -0.7147
vn 0.9273 -0.3413 -0.1536
vn 0.2111 0.4591 0.8629
vn 0.6720 0.7404 -0.0144
vn -0.3933 0.6165 -0.6821
vn 0.3975 -0.4641 -0.7916
vn 0.7918 -0.4434 0.4201
vn -0.3981 0.5850 0.7066
vn -0.6480 0.2094 0.7323
vn -0.8008 -0.0216 -0.5985
vn 0.0394 0.9085 -0.4160
vn 0.4763 0.8396 -0.2610
vn 0.0733 0.7515 0.6556
vn 0.8277 0.5125 0.2286
vn 0.2945 -0.9556 -0.0015
vn -0.4017 -0.8742 -0.2727
vn 0.5155 -0.8300 0.2131
vn -0.1444 -0.9895 0.0062
vn 0.1366 -0.8641 -0.4844
vn -0.0287 -0.9459 -0.3233
vn -0.2026 -0.7672 0.6086
vn -0.0454 -0.9161 0.3984
vn -0.0489 0.9978 0.0453
vn -0.7881 0.4178 0.4521
vn -0.0022 0.6864 0.7272
vn 0.2450 0.9292 0.2766
vn 0.6859 0.7178 0.1194
vn 0.0308 -0.9995 0.0115
vn -0.1310 -0.9905 -0.0428
vn 0.1722 -0.6180 0.7671
vn -0.9775 -0.2002 0.0656
vn -0.7269 0.1911 -0.6596
vn -0.0270 -0.4979 -0.8668
vn 0.8476 -0.4433 0.2917
vn 0.8689 -0.3953 0.2979
vn -0.2672 0.2060 0.9413
vn -0.4275 -0.0288 0.9035
vn -0.9984 0.0474 0.0302
vn -0.5224 -0.7269 -0.4458
vn 0.4761 -0.6498 -0.5925
vn 0.5944 -0.8009 0.0726
vn 0.6494 0.0562 0.7583
vn -0.4000 -0.1951 0.8955
vn -0.3114 0.0523 0.9489
vn -0.9638 0.0512 -0.2615
vn -0.9713 -0.1989 -0.1302
vn 0.0427 0.0455 -0.9980
vn 0.0827 -0.0608 -0.9947
vn 0.8963 -0.0062 -0.4434
vn 0.8459 -0.5279 -0.0755
vn -0.0134 0.1419 0.9898
vn -0.9961 -0.0710 -0.0522
vn -0.9094 0.3203 -0.2655
vn -0.0308 -0.3636 -0.9310
vn 0.0342 -0.6638 -0.7471
vn -0.4609 -0.7260 0.5104
vn -0.5861 -0.3229 -0.7431
vn -0.9791 0.1952 -0.0573
vn -0.2002 -0.3951 0.8966
vn 0.6027 -0.4553 -0.6553
vn 0.9486 0.2027 0.2432
vn -0.2155 -0.6270 0.7486
vn 0.6263 -0.5380 0.5642
vn -0.4616 -0.8776 0.1298
vn 0.4234 -0.7117 -0.5605
vn -0.7235 -0.0074 0.6903
vn -0.4117 -0.7746 -0.4801
vn -0.8688 0.2968 0.3964
vn 0.3932 0.1077 -0.9131
vn 0.9983 0.0128 0.0577
vn -0.1917 0.5512 0.8121
vn -0.0247 0.8605 -0.5088
vn 0.4734 0.7362 0.4837
vn -0.6838 0.7082 -0.1756
vn -0.0100 -0.2213 -0.9751
vn 0.7190 0.4792 -0.5034
vn 0.2484 0.9637 0.0982
vn 0.7138 0.3199 0.6230
vn -0.1757 -0.5039 0.8457
vn 0.8578 0.5011 -0.1143
vn 0.8184 -0.3589 0.4487
vn -0.0581 0.4364 0.8979
vn 0.2837 0.7194 -0.6340
vn -0.4831 0.8001 0.3557
vn 0.4807 0.4082 -0.7761
vn 0.9748 -0.1514 0.1638
vn 0.8082 0.3125 0.4991
vn -0.7291 -0.6392 -0.2445
vn -0.6123 0.0500 -0.7891
vn 0.4455 0.0749 -0.8922
vn -0.5757 0.6376 -0.5119
vn -0.3531 0.7257 0.5904
vn -0.6114 0.5682 -0.5508
vn -0.4643 0.8813 0.0882
vn 0.2970 0.6940 -0.6559
vn 0.9182 -0.1958 -0.3443
vn 0.6102 0.3994 0.6842
vn 0.4297 -0.2215 0.8754
vn -0.4754 0.8610 -0.1806
vn 0.4137 0.5223 -0.7457
vn -0.2274 0.9572 -0.1792
vn 0.1966 -0.9779 -0.0715
vn 0.1200 -0.6558 -0.7454
vn -0.1987 -0.9502 -0.2400
vn -0.2525 -0.7091 -0.6583
vn 0.5938 -0.7385 0.3195
vn 0.1258 -0.9476 -0.2936
vn -0.2232 -0.9696 0.1005
vn 0.2705 -0.8116 0.5179
vn -0.3407 -0.9087 0.2413
vn -0.0707 -0.9844 0.1614
vn -0.9468 -0.1120 -0.3017
vn -0.3158 -0.8988 0.3039
vn 0.5966 -0.7884 -0.1496
vn 0.8995 -0.3762 0.2220
vn 0.9705 -0.0752 -0.2291
vn 0.6025 -0.7967 -0.0479
vn -0.9961 0.0687 -0.0558
vn -0.9857 -0.1124 -0.1255
vn 0.5904 0.8071 -0.0055
vn 0.5857 0.7931 -0.1673
vn 0.4344 0.9002 0.0293
vn -0.9266 0.3406 0.1597
vn -0.0147 -0.0135 0.9998
vn 0.0203 0.0004 0.9998
vn -0.5908 0.8065 -0.0223
vn -0.6585 0.7419 0.1262
vn 0.2651 0.9119 -0.3134
vn 0.9978 -0.0634 -0.0180
vn 0.7941 0.5654 0.2232
vn -0.5916 0.8062 0.0044
vn -0.7893 -0.5821 0.1954
vn -0.6490 -0.7502 0.1265
vn 0.8417 -0.0587 0.5367
vn 0.7266 -0.6467 -0.2321
vn -0.4390 -0.8906 -0.1187
vn -0.6383 -0.7346 0.2302
vn -0.0138 0.0199 -0.9997
vn 0.0025 0.0223 -0.9997
vn -0.9384 -0.1117 -0.3269
vn -0.3326 -0.8905 0.3105
vn 0.8995 -0.3763 0.2220
vn 0.9699 -0.0841 -0.2284
vn 0.6025 -0.7967 -0.0466
vn -0.9962 0.0657 -0.0565
vn -0.9860 -0.1123 -0.1235
vn 0.5905 0.8070 -0.0096
vn 0.5857 0.7931 -0.1674
vn 0.4241 0.9047 0.0413
vn -0.9213 0.3605 0.1456
vn -0.0100 -0.0154 0.9998
vn 0.0063 -0.0087 0.9999
vn -0.6517 0.7506 0.1092
vn 0.2841 0.9103 -0.3011
vn 0.7189 -0.6513 -0.2430
vn -0.4463 -0.8883 -0.1084
vn -0.0068 0.0064 -1.0000
vn 0.0020 0.0073 -1.0000
vn -0.2340 -0.0064 -0.9722
vn 0.2669 -0.4924 -0.8284
vn 0.9172 0.3895 -0.0837
vn 0.9740 0.1734 -0.1455
vn 0.5554 -0.1241 -0.8223
vn -0.9607 0.1996 0.1928
vn -0.9769 0.1762 0.1213
vn 0.1579 0.0171 0.9873
vn 0.1464 -0.3988 0.9053
vn 0.4507 0.0782 0.8893
vn -0.9661 -0.1673 0.1964
vn -0.9655 -0.2040 0.1619
vn -0.1191 -0.9475 -0.2969
vn -0.1001 -0.8990 0.4264
vn 0.0109 0.9995 -0.0291
vn 0.1264 -0.9918 -0.0178
vn -0.4860 0.4465 -0.7513
vn 0.5858 -0.3630 -0.7246
vn 0.6903 -0.2421 -0.6818
vn 0.4041 0.2408 -0.8824
vn -0.5458 0.0165 -0.8377
vn -0.7228 0.1101 0.6822
vn -0.4033 0.2231 0.8875
vn 0.9805 -0.1137 0.1605
vn 0.6546 0.3020 0.6930
vn 0.0269 -0.4100 0.9117
vn -0.7218 0.1216 0.6813
vn -0.9651 -0.2496 -0.0792
vn -0.1481 -0.9881 0.0423
vn -0.0189 -0.5259 -0.8503
vn 0.1704 -0.9854 -0.0040
vn -0.6077 0.2588 0.7508
vn 0.0439 0.9990 0.0055
vn 0.1005 -0.9931 -0.0601
vn -0.3320 -0.0107 -0.9432
vn -0.2856 -0.0795 -0.9551
vn 0.9696 -0.0886 -0.2279
vn 0.9795 0.1990 0.0305
vn 0.0733 0.2200 -0.9727
vn -0.3288 0.1050 -0.9385
vn -0.6687 0.0304 0.7429
vn -0.0583 0.2458 0.9676
vn 0.9987 -0.0401 0.0329
vn -0.3784 -0.3533 0.8556
vn -0.6629 0.1320 0.7370
vn 0.3929 -0.0870 -0.9155
vn 0.0978 -0.9316 0.3500
vn -0.2005 -0.9795 0.0181
vn -0.9166 -0.2234 -0.3316
vn -0.9864 0.1517 -0.0637
vn 0.2784 -0.2763 -0.9199
vn 0.7552 0.2747 -0.5952
vn 0.9911 -0.0643 -0.1163
vn 0.7884 -0.0128 -0.6151
vn -0.2248 0.2591 -0.9393
vn -0.9409 0.0139 -0.3384
vn 0.2027 0.0946 0.9747
vn 0.0330 0.1539 0.9875
vn -0.0305 0.1902 0.9813
vn 0.0340 0.1191 0.9923
vn 0.0528 -0.9975 0.0469
vn 0.0155 -0.9999 -0.0001
vn -0.4673 0.3601 -0.8074
vn 0.3275 -0.4353 -0.8386
vn 0.9811 0.1420 0.1312
vn -0.4898 -0.0305 -0.8713
vn -0.9591 0.2511 -0.1310
vn -0.4201 -0.0102 0.9074
vn 0.9789 0.1461 0.1429
vn 0.9611 0.2421 0.1330
vn 0.4729 -0.3582 0.8050
vn -0.4103 0.1983 0.8901
vn -0.8937 -0.3881 0.2252
vn -0.0308 -0.9991 0.0281
vn -0.8738 -0.0660 -0.4817
vn -0.7373 -0.3050 -0.6027
vn 0.4874 0.0511 -0.8717
vn 0.8078 -0.3071 -0.5031
vn 0.4870 0.0709 -0.8705
vn -0.8520 0.2417 -0.4644
vn -0.5271 0.0990 -0.8440
vn -0.5754 0.0068 0.8179
vn 0.4654 0.2544 0.8477
vn 0.9172 0.1003 0.3855
vn 0.9081 0.1756 0.3801
vn 0.0913 -0.3946 0.9143
vn -0.5400 0.3719 0.7550
vn -0.0618 -0.9249 -0.3751
vn 0.3746 -0.8695 0.3220
vn -0.1221 -0.9908 0.0580
vn -0.7376 0.1325 -0.6621
vn -0.1465 -0.3523 -0.9244
vn 0.7087 0.4758 -0.5209
vn 0.8077 -0.0095 -0.5895
vn -0.2944 0.2351 -0.9263
vn -0.7397 0.1077 -0.6642
vn -0.1383 -0.0200 0.9902
vn 0.3483 0.1480 0.9256
vn 0.6563 -0.4266 0.6223
vn 0.8008 -0.2062 0.5623
vn -0.8636 -0.0726 0.4989
vn -0.7463 -0.2846 0.6017
vn -0.8160 0.0090 -0.5780
vn 0.0473 -0.9833 0.1760
vn -0.0166 0.9982 0.0576
vn 0.1071 -0.9921 -0.0659
vn -0.7894 0.3583 -0.4985
vn -0.9466 -0.2663 -0.1818
vn 0.6190 0.3325 -0.7115
vn 0.9044 -0.3639 -0.2226
vn 0.6459 0.1655 -0.7453
vn 0.7078 0.1368 -0.6930
vn -0.9808 -0.0300 -0.1928
vn -0.7093 0.2607 0.6549
vn 0.4787 -0.0160 0.8779
vn 0.4673 0.2757 0.8400
vn -0.2438 -0.3745 0.8946
vn -0.5021 -0.8605 0.0860
vn 0.3660 -0.9068 0.2093
vn 0.0286 -0.9858 -0.1655
vn -0.0065 -0.4131 0.9107
vn -0.0000 -0.0000 1.0000
vn 0.1845 0.1150 0.9761
vn -0.0000 0.0001 1.0000
vn -0.1143 -0.1343 -0.9843
vn 0.0924 -0.0020 0.9957
vn 0.0656 -0.0175 0.9977
vn -0.0652 0.0110 0.9978
vn -0.0196 0.0586 0.9981
vn -0.0017 0.0994 0.9950
vn -0.0025 -0.0288 -0.9996
vn -0.0782 -0.0076 -0.9969
vn 0.0335 -0.0601 -0.9976
vn -0.0000 -0.0000 -1.0000
vn -0.0495 0.0292 -0.9983
vn 0.2321 0.3886 -0.8917
vn 0.1028 -0.0270 -0.9943
vn 0.0358 0.0151 -0.9992
vn -0.0365 0.2384 -0.9705
vn 0.9758 -0.2189 -0.0016
vn 0.9156 -0.4015 0.0219
vn 0.9204 0.0889 0.3807
vn -0.9834 -0.0101 -0.1810
vn -0.9485 -0.3163 0.0200
vn -0.9847 -0.1741 -0.0004
vn -0.0780 -0.9955 -0.0535
vn 0.2415 -0.9700 0.0288
vn 0.6442 -0.7648 -0.0074
vn 0.0065 -0.9996 0.0291
vn 0.3095 -0.9508 0.0143
vn 0.0947 -0.9894 -0.1104
vn 0.0027 -0.9952 0.0976
vn 0.0456 -0.9989 0.0063
vn -0.5343 -0.8453 0.0014
vn -0.4911 -0.8711 0.0040
vn -0.0910 -0.9938 0.0642
vn -0.0418 -0.9991 0.0024
vn 0.0003 -0.9880 0.1543
vn -0.0034 -0.9871 0.1601
vn 0.0189 -0.9820 0.1881
vn -0.0004 -0.9920 -0.1263
vn 0.0104 -0.9900 -0.1405
vn -0.0618 -0.9968 -0.0503
vn -0.2314 -0.8787 -0.4176
vn 0.0312 -0.9993 0.0189
vn 0.0308 -0.9995 0.0075
vn 0.9336 0.3517 -0.0687
vn -0.7775 0.6289 0.0017
vn 0.9290 -0.3678 0.0416
vn 0.0137 0.9980 0.0622
vn -0.0414 0.9991 0.0001
vn -0.0776 0.9947 0.0670
vn -0.0217 0.9953 0.0942
vn -0.0071 0.9977 -0.0668
vn -0.0221 0.9935 0.1116
vn -0.0747 0.9831 -0.1672
vn -0.0829 0.9801 -0.1804
vn 0.0249 0.9986 -0.0466
vn -0.0385 0.9989 0.0252
vn 0.0916 0.9938 -0.0630
vn 0.0087 0.9999 0.0069
vn 0.0072 0.9985 -0.0544
vn 0.0455 0.9980 0.0434
vn -0.0237 0.9997 -0.0106
vn -0.0082 1.0000 0.0050
vn -0.1596 0.9780 -0.1345
vn -0.0064 0.9961 0.0878
vn 0.0174 0.9990 -0.0416
vn 0.0154 0.9982 -0.0575
vn -0.0221 0.9997 0.0126
vn -0.0235 0.9996 -0.0145
vn -0.0419 0.9991 -0.0012
vn -0.1168 0.9909 0.0672
vn 0.0155 0.9996 0.0222
vn 0.0161 0.9999 0.0021
vn -0.9642 0.2428 -0.1068
vn -0.9992 0.0336 0.0196
vn -0.9911 0.1117 -0.0721
vn -0.9768 -0.2126 -0.0236
vn 0.9986 0.0507 0.0175
vn 0.9994 0.0343 -0.0014
vn -0.7010 0.7124 -0.0337
vn 0.3609 -0.9318 0.0396
vn 0.9823 -0.1823 -0.0434
vn 0.9042 -0.4270 -0.0009
vn 0.7879 -0.6149 -0.0328
vn -0.9882 -0.1528 -0.0043
vn -0.9979 -0.0474 -0.0445
vn -0.9098 -0.4150 0.0022
vn 0.9989 0.0475 -0.0020
vn 0.9854 -0.1687 -0.0213
vn 0.9947 -0.1031 -0.0063
vn 0.9932 -0.1150 -0.0192
vn -0.9933 -0.1158 -0.0012
vn -0.9936 -0.1130 0.0014
vn 0.8777 -0.4791 -0.0048
vn 0.9559 -0.2618 -0.1330
vn -0.9876 0.1562 0.0156
vn 0.1923 -0.0084 -0.9813
vn 0.4650 0.0095 0.8853
vn -0.4626 0.0040 0.8865
vn 0.0255 -0.9857 0.1668
vn -0.1007 -0.9738 -0.2039
vn -0.4423 -0.7405 -0.5060
vn 0.0049 -0.9778 0.2095
vn 0.3035 -0.7619 0.5722
vn -0.0893 -0.1070 0.9902
vn 0.0563 -0.2599 0.9640
vn -0.1509 -0.1583 0.9758
vn 0.9550 0.1899 0.2277
vn 0.4659 -0.8807 0.0855
vn 0.1250 -0.8161 -0.5643
vn -0.7682 -0.4035 0.4971
vn -0.9170 0.3967 -0.0414
vn -0.8092 0.5636 0.1662
vn 0.7718 0.5966 -0.2200
vn 0.9641 0.0900 0.2498
vn 0.2029 -0.9365 -0.2862
vn -0.1978 -0.9802 -0.0013
vn 0.2176 0.0012 -0.9760
vn 0.1586 0.0835 -0.9838
vn 0.2249 -0.1562 -0.9618
vn 0.0098 -0.2473 -0.9689
vn -0.9838 0.1157 -0.1371
vn -0.9977 0.0217 0.0646
vn -0.0237 -0.9972 -0.0715
vn 0.0175 -0.9993 0.0336
vn 0.8767 0.4202 0.2340
vn -0.0811 0.9910 -0.1067
vn -0.6727 0.6694 0.3153
vn -0.8971 -0.3400 -0.2822
vn 0.0365 -0.9221 0.3853
vn 0.8274 -0.4680 -0.3103
vn 0.9175 -0.3973 -0.0178
vn -0.8696 -0.3657 0.3317
vn -0.0927 -0.1856 0.9782
vn -0.9732 0.1687 0.1560
vn -0.8966 -0.1544 -0.4151
vn 0.4012 0.0563 -0.9142
vn 0.8949 -0.2627 -0.3606
vn 0.7712 0.1077 0.6274
vn -0.0248 -0.9996 0.0092
vn 0.3398 -0.5943 -0.7289
vn 0.6787 0.4732 0.5616
vn 0.9244 -0.2948 0.2421
vn -0.5164 -0.2525 0.8183
vn -0.7279 0.1599 0.6668
vn -0.7076 -0.1832 -0.6824
vn -0.4257 0.1265 -0.8960
vn -0.6806 -0.2719 0.6803
vn -0.8080 0.2161 -0.5481
vn -0.2723 -0.1182 -0.9549
vn 0.9754 0.0159 -0.2198
vn 0.9893 -0.1342 0.0576
vn -0.0374 0.0409 0.9985
vn -0.0253 -0.9996 -0.0125
vn 0.0018 0.0951 -0.9955
vn 0.1957 -0.2052 -0.9590
vn 0.8375 -0.5180 -0.1740
vn 0.6336 -0.6861 -0.3575
vn 0.1279 0.0270 0.9914
vn -0.0305 -0.1974 0.9799
vn -0.9341 -0.3469 0.0843
vn -0.9908 -0.0225 -0.1337
vn 0.1710 -0.2106 0.9625
vn -0.5198 -0.0002 0.8543
vn -0.9730 -0.1649 -0.1615
vn -0.8457 0.0188 -0.5333
vn 0.6606 -0.1434 -0.7370
vn 0.6852 -0.1236 -0.7178
vn 0.7602 0.0420 0.6483
vn 0.8006 -0.3069 -0.5146
vn 0.6857 0.1129 -0.7191
vn 0.6374 -0.5673 0.5214
vn -0.4244 0.5605 0.7112
vn -0.1091 -0.1196 0.9868
vn -0.8021 -0.3111 -0.5097
vn -0.7419 -0.0775 -0.6661
vn 0.1290 -0.1022 0.9864
vn -0.9974 0.0123 -0.0709
vn -0.9350 -0.1156 -0.3352
vn 0.0327 -0.0036 -0.9995
vn 0.6201 -0.2485 -0.7441
vn 0.9907 0.0838 0.1069
vn -0.0567 -0.2151 0.9749
vn 0.7261 0.3099 -0.6138
vn 0.8244 -0.5591 0.0884
vn -0.0565 0.0190 0.9982
vn -0.0907 0.0773 0.9929
vn -0.8004 -0.5987 -0.0294
vn -0.8164 -0.2156 -0.5358
vn 0.0491 -0.4761 -0.8780
vn -0.0803 -0.0102 -0.9967
vn 0.0361 -0.0476 -0.9982
vn 0.0003 -0.0250 -0.9997
vn 0.1028 -0.0269 -0.9943
vn 0.0359 0.0151 -0.9992
vn -0.0365 0.2383 -0.9705
vn 0.2035 0.3335 -0.9205
vn 0.1757 0.1190 0.9772
vn -0.0474 -0.5059 0.8613
vn -0.1143 -0.1344 -0.9843
vn -0.9765 -0.2153 0.0017
vn -0.9489 -0.3153 -0.0111
vn -0.9658 -0.1298 -0.2246
vn 0.9337 0.1184 0.3380
vn 0.9169 -0.3981 -0.0300
vn 0.9797 -0.2007 -0.0015
vn 0.0089 -0.9931 -0.1172
vn -0.2737 -0.9618 -0.0099
vn -0.5744 -0.8185 0.0096
vn -0.1513 -0.9845 0.0883
vn 0.0002 -0.9867 -0.1628
vn 0.0685 -0.9974 -0.0203
vn 0.0001 -1.0000 -0.0037
vn 0.5049 -0.8631 -0.0074
vn 0.2776 -0.9605 -0.0213
vn 0.0033 -0.9819 0.1896
vn 0.0105 -0.9790 -0.2038
vn 0.2772 -0.9606 -0.0214
vn 0.0213 -0.9997 -0.0087
vn 0.0068 -0.9811 0.1936
vn 0.0511 -0.9900 0.1313
vn -0.0364 -0.9933 -0.1099
vn -0.0961 -0.9953 0.0075
vn 0.0779 -0.9962 0.0397
vn 0.0134 -0.9999 -0.0107
vn -0.3761 0.9247 0.0584
vn 0.5332 -0.8440 -0.0573
vn 0.0186 0.9996 -0.0229
vn -0.0182 0.9996 0.0194
vn 0.0173 0.9981 0.0584
vn -0.0281 0.9971 -0.0707
vn 0.0061 0.9970 -0.0771
vn -0.2167 0.9446 -0.2465
vn 0.0390 0.9961 -0.0792
vn -0.0081 0.9980 0.0634
vn -0.0272 0.9996 0.0056
vn -0.0659 0.9842 0.1642
vn -0.0777 0.9846 0.1568
vn -0.0097 0.9996 -0.0258
vn -0.0592 0.9980 0.0241
vn -0.0128 0.9974 0.0713
vn -0.0080 0.9970 0.0764
vn 0.0177 0.9992 -0.0371
vn 0.0369 0.9993 0.0039
vn 0.0571 0.9890 -0.1368
vn -0.0199 0.9951 0.0965
vn 0.0365 0.9993 0.0034
vn 0.0148 0.9998 -0.0093
vn -0.0213 0.9997 0.0120
vn 0.0163 0.9998 -0.0071
vn -0.0002 1.0000 -0.0018
vn -0.0053 0.9982 0.0595
vn -0.0197 0.9952 0.0956
vn 0.9992 0.0337 -0.0196
vn 0.9987 0.0518 0.0015
vn 0.9767 -0.2125 0.0302
vn -0.9933 0.0075 0.1153
vn -0.9986 0.0510 -0.0105
vn -0.9992 0.0408 0.0014
vn 0.9420 -0.3322 -0.0487
vn 0.9874 -0.1550 0.0326
vn -0.7657 0.6432 0.0003
vn -0.9828 -0.1805 0.0392
vn -0.9058 -0.4221 0.0368
vn -0.9989 -0.0476 0.0020
vn 0.9988 0.0476 0.0146
vn 0.9882 -0.1529 -0.0018
vn 0.7983 -0.6023 -0.0008
vn 0.9122 -0.4092 0.0198
vn -0.9849 -0.1727 0.0074
vn -0.9946 -0.1033 0.0007
vn -0.9922 -0.1234 0.0192
vn 0.9933 -0.1158 0.0012
vn 0.9936 -0.1130 -0.0014
vn -0.9536 0.3011 -0.0030
vn -0.9365 -0.2325 -0.2625
vn 0.9651 -0.2135 0.1518
vn 0.8851 -0.4653 0.0050
vn -0.2286 -0.0040 0.9735
vn -0.4655 0.0096 -0.8850
vn 0.1613 -0.0129 0.9868
vn 0.4631 0.0040 -0.8863
vn 0.0057 -0.9837 0.1796
vn 0.2000 -0.8797 0.4315
vn 0.0409 -0.9934 0.1072
vn -0.0750 -0.9734 -0.2164
vn -0.4433 -0.7265 -0.5251
vn 0.2164 0.0029 -0.9763
vn 0.2200 -0.1528 -0.9635
vn 0.0095 -0.2400 -0.9707
vn -0.9837 0.1159 -0.1375
vn -0.8971 -0.3400 -0.2823
vn -0.0869 -0.1042 0.9908
vn 0.0540 -0.2495 0.9669
vn -0.1463 -0.1535 0.9773
vn 0.9552 0.1890 0.2277
vn 0.5569 -0.1421 -0.8183
vn 0.7034 -0.2522 -0.6645
vn 0.8188 0.0768 0.5689
vn 0.1976 -0.1662 0.9661
vn -0.6317 0.0401 0.7742
vn -0.9723 -0.2213 -0.0746
vn -0.7217 0.0576 -0.6898
vn -0.5367 -0.5291 0.6572
vn -0.7527 -0.3730 0.5425
vn -0.6081 -0.5326 -0.5886
vn -0.4137 -0.1429 -0.8991
vn 0.5046 -0.4464 -0.7390
vn 0.8970 -0.0608 -0.4379
vn 0.7165 -0.4972 0.4893
vn 0.4179 -0.0498 0.9071
vn 0.0166 -0.0011 -0.9999
vn 0.9328 -0.0813 0.3512
vn 0.9546 -0.1379 0.2640
vn -0.4064 0.0474 0.9125
vn -0.8308 -0.2080 0.5162
vn -0.9926 -0.0977 0.0721
vn -0.1376 -0.0977 -0.9857
vn -0.4055 0.1159 0.9067
vn -0.2503 -0.1544 0.9558
vn -0.8163 -0.5754 0.0516
vn -0.6403 -0.0004 -0.7681
vn 0.0128 -0.5941 -0.8043
vn 0.9168 0.1722 -0.3603
vn 0.8193 -0.5242 0.2322
vn 0.3372 -0.0282 -0.9410
vn 0.5361 -0.1533 -0.8301
vn 0.8838 0.0087 0.4678
vn 0.5848 -0.1784 0.7913
vn -0.3577 0.0211 0.9336
vn -0.9652 -0.2530 0.0665
vn -0.9215 -0.0183 -0.3880
vn -0.3609 -0.3339 0.8708
vn -0.7581 0.3123 0.5724
vn -0.7575 -0.5771 -0.3053
vn 0.3210 0.2677 -0.9085
vn 0.1575 -0.0611 -0.9856
vn 0.6803 -0.4820 0.5521
vn 0.8648 -0.2386 0.4419
vn 0.2852 0.0883 -0.9544
vn 0.5888 -0.1248 0.7986
vn 0.5974 -0.1187 0.7931
vn -0.9108 0.0448 0.4104
vn -0.9855 -0.1063 0.1325
vn 0.2114 0.0341 -0.9768
vn 0.0158 -0.9997 -0.0205
vn -0.8647 -0.3016 0.4016
vn -0.9782 -0.0022 0.2075
vn -0.5967 -0.4617 -0.6563
vn 0.3418 0.5390 -0.7698
vn 0.8116 -0.4653 -0.3533
vn 0.4203 -0.3850 0.8217
vn 0.5817 -0.1888 0.7912
vn -0.5290 -0.6843 0.5018
vn -0.8622 -0.5009 0.0759
vn -0.0251 -0.6737 0.7385
vn -0.6575 -0.6559 -0.3707
vn -0.3708 -0.7716 0.5169
vn -0.9752 -0.0362 0.2182
vn -0.8471 0.0598 0.5281
vn 0.6233 -0.0462 0.7806
vn 0.9356 0.0841 0.3428
vn 0.4310 -0.0632 -0.9001
vn -0.0400 0.0586 -0.9975
vn 0.3725 -0.7781 0.5058
vn 0.5947 -0.6453 0.4794
vn -0.4517 -0.2356 -0.8605
vn 0.8312 -0.5489 0.0882
vn 0.1973 -0.7125 -0.6733
vn 0.7952 -0.6044 -0.0488
vn 0.6753 -0.3527 -0.6478
vn 0.0138 -0.9847 0.1737
vn 0.0144 -0.9715 -0.2368
vn 0.1642 -0.9854 -0.0460
vn 0.0269 0.9981 -0.0562
vn 0.1310 0.9907 -0.0379
vn 0.0976 0.9918 -0.0831
vn -0.1357 0.9166 0.3759
vn 0.0684 0.8703 0.4878
vn 0.0191 0.9995 0.0239
vn -0.0189 0.9998 0.0042
vn -0.1060 0.9915 0.0757
vn -0.0523 0.9864 -0.1559
vn 0.1220 0.7787 0.6154
vn -0.1386 -0.9868 -0.0833
vn 0.1317 -0.9872 -0.0904
vn -0.0092 0.9999 -0.0042
vn -0.6063 -0.4324 0.6674
vn -0.6844 -0.6487 0.3327
vn -0.9429 -0.3283 -0.0570
vn 0.0742 -0.5747 0.8150
vn 0.1139 -0.6392 0.7605
vn -0.9910 0.0001 -0.1337
vn -0.8798 0.0961 -0.4655
vn -0.1671 0.0464 0.9848
vn 0.1668 -0.0679 0.9836
vn 0.9834 0.0685 0.1679
vn 0.6452 -0.0935 -0.7582
vn 0.0852 0.0520 -0.9950
vn 0.3093 -0.7175 -0.6242
vn 0.5689 -0.7923 0.2206
vn -0.4178 -0.7259 -0.5463
vn 0.5873 -0.7412 0.3251
vn 0.7272 -0.6595 -0.1903
vn -0.2436 -0.5387 -0.8065
vn 0.3651 -0.6918 -0.6230
vn -0.1442 -0.9870 0.0707
vn -0.0670 -0.9959 0.0614
vn 0.4067 0.8801 0.2448
vn 0.1501 0.9728 -0.1764
vn 0.3419 0.9324 -0.1175
vn 0.1497 0.9876 -0.0472
vn -0.0486 0.9987 -0.0179
vn 0.1974 0.9466 0.2550
vn -0.1668 0.9857 -0.0250
vn -0.0947 0.9174 -0.3865
vn -0.0411 -0.9988 -0.0263
vn -0.0832 -0.9964 -0.0168
vn -0.0288 -0.9995 0.0112
vn 0.0323 0.9994 -0.0109
vn -0.0219 0.9993 0.0292
vn 0.5238 -0.4574 -0.7186
vn 0.4416 -0.6529 0.6154
vn 0.5234 -0.6054 0.5996
vn 0.7706 -0.6361 0.0404
vn 0.5489 -0.7916 -0.2683
vn 0.8277 -0.0644 0.5574
vn 0.6192 0.0981 -0.7791
vn 0.0220 -0.0712 -0.9972
vn -0.9925 0.0860 -0.0869
vn -0.8234 -0.0673 0.5635
vn 0.2930 0.0763 0.9531
vn -0.9452 -0.2973 0.1348
vn -0.3263 -0.6404 -0.6953
vn -0.4794 -0.5361 -0.6949
vn -0.6864 -0.6645 -0.2955
vn -0.2392 -0.3728 0.8966
vn -0.4614 -0.6587 0.5943
vn -0.1688 -0.9854 -0.0234
vn 0.0867 -0.9873 -0.1334
vn -0.0190 -0.9873 0.1574
vn 0.2167 -0.9681 0.1260
vn -0.3706 -0.9270 0.0574
vn 0.1429 0.9791 0.1449
vn 0.1303 0.9876 0.0878
vn 0.3750 0.9259 -0.0454
vn -0.0464 0.9984 0.0318
vn 0.0019 0.9964 -0.0851
vn -0.0175 0.9636 0.2668
vn -0.0631 0.9886 -0.1367
vn -0.1287 0.9915 0.0171
vn 0.2946 0.9129 -0.2823
vn -0.1775 -0.9820 -0.0648
vn 0.2144 -0.9729 0.0865
vn -0.0201 0.9988 0.0439
vn 0.2437 -0.0488 0.9686
vn -0.3715 -0.7833 0.4983
vn 0.1947 -0.9531 -0.2317
vn -0.1071 -0.8366 0.5372
vn -0.0859 -0.8611 0.5011
vn -0.0844 0.7836 0.6155
vn -0.0900 0.7904 0.6059
vn -0.1199 0.4447 -0.8876
vn -0.2221 0.1059 -0.9693
vn -0.0532 -0.6909 -0.7210
vn -0.2429 -0.6691 -0.7023
vn 0.0126 0.4491 -0.8934
vn 0.1178 0.5135 -0.8500
vn -0.1507 0.7340 0.6623
vn -0.0861 0.7835 0.6154
vn 0.9935 0.1013 0.0526
vn 0.9726 0.2261 0.0545
vn 0.8320 -0.2916 0.4719
vn 0.9813 -0.0639 -0.1814
vn 0.9710 -0.0932 -0.2203
vn 0.9767 -0.1214 -0.1768
vn -0.9993 -0.0342 0.0139
vn 0.9993 -0.0354 0.0152
vn 0.1571 0.3951 -0.9051
vn 0.1517 0.3917 -0.9075
vn 0.0516 -0.7980 -0.6005
vn -0.2386 -0.8999 -0.3649
vn 0.1297 -0.9299 -0.3442
vn 0.0219 0.4017 -0.9155
vn 0.2149 0.7881 -0.5769
vn 0.0100 0.7318 0.6814
vn 0.2045 0.1303 0.9701
vn -0.1083 -0.9708 0.2140
vn -0.2587 -0.7389 0.6222
vn -0.0733 -0.6191 0.7819
vn -0.1301 0.7278 0.6733
vn -0.0378 0.6749 0.7369
vn -0.9872 -0.0737 -0.1413
vn -0.9567 -0.1321 0.2593
vn -0.9911 0.1219 -0.0540
vn -0.9905 0.1046 -0.0897
vn 0.9936 0.0125 0.1119
vn -0.9996 0.0230 0.0154
vn -0.2961 0.0873 0.9511
vn -0.0033 -0.9234 0.3837
vn 0.0463 -0.9359 0.3493
vn -0.2272 -0.8831 -0.4106
vn -0.0290 -0.9229 0.3839
vn -0.1419 0.2278 0.9633
vn 0.1374 0.7800 0.6105
vn -0.1973 0.6900 -0.6964
vn 0.0213 -0.1601 -0.9869
vn -0.1475 -0.1239 -0.9813
vn -0.1209 -0.1572 -0.9801
vn 0.2793 0.7114 -0.6449
vn 0.0298 0.9782 -0.2056
vn 0.4157 0.6400 0.6462
vn 0.9877 -0.0615 0.1437
vn 0.9004 0.4082 -0.1506
vn 0.9779 -0.1840 -0.0988
vn 0.9855 -0.1251 0.1142
vn -0.9988 0.0232 -0.0423
vn 0.4307 0.9024 0.0128
vn -0.2905 0.1712 -0.9414
vn 0.4329 -0.4325 -0.7909
vn 0.3291 -0.9359 -0.1257
vn -0.0055 -0.4803 -0.8771
vn 0.1428 0.9897 0.0129
vn 0.1953 0.9736 0.1183
vn -0.0127 -0.5082 0.8611
vn -0.3212 -0.8373 0.4425
vn 0.3433 -0.4761 0.8096
vn -0.1907 0.8043 0.5628
vn -0.9802 -0.1652 -0.1090
vn -0.9961 -0.0865 -0.0179
vn -0.8621 0.4545 -0.2241
vn -0.9909 0.1046 -0.0849
vn -0.7625 -0.1070 0.6381
vn -0.9940 0.0401 0.1021
vn -1.0000 0.0061 0.0076
vn -0.5476 0.1097 -0.8295
vn -0.1701 -0.1285 -0.9770
vn 0.9964 0.0681 0.0498
vn 0.9919 0.1251 -0.0236
vn 0.1075 -0.1754 0.9786
vn -0.6266 0.1261 0.7691
vn -0.9646 -0.1360 0.2258
vn 0.9727 -0.1534 -0.1744
vn 0.1714 0.0484 0.9840
vn -0.2809 -0.1489 0.9481
vn -0.9990 0.0378 0.0238
vn -0.7975 -0.2044 -0.5676
vn -0.1089 0.0731 -0.9914
vn 0.9664 -0.1218 -0.2262
vn 0.0264 0.9995 0.0188
vn -0.0046 0.9981 0.0608
vn 0.0279 0.9992 0.0271
vn 0.0108 0.9993 -0.0363
vn 0.0491 0.9988 -0.0070
vn 0.0082 0.9990 -0.0447
vn -0.0484 0.9981 -0.0390
vn -0.0362 0.9993 0.0081
vn -0.0349 0.9994 0.0063
vn -0.0182 -0.9995 -0.0275
vn -0.0381 -0.9987 -0.0327
vn -0.0114 -0.9971 0.0747
vn 0.0326 -0.9995 0.0016
vn 0.0484 -0.9988 -0.0111
vn 0.0295 -0.9954 -0.0910
vn -0.0238 -0.9993 0.0292
vn 0.0483 -0.9978 0.0445
vn -0.0542 -0.9982 0.0265
vn -0.9539 -0.1009 -0.2827
vn -0.7414 0.0513 -0.6691
vn -0.0436 -0.1241 -0.9913
vn 0.6583 0.1046 -0.7455
vn 0.9805 -0.1959 -0.0118
vn 0.6719 0.1128 0.7320
vn -0.2336 -0.1928 0.9530
vn -0.7854 0.0787 0.6140
vn 0.9916 -0.0153 -0.1282
vn 0.0439 -0.0380 0.9983
vn -0.2477 -0.1633 0.9550
vn -0.9964 0.0842 0.0120
vn -0.7033 -0.2368 -0.6703
vn 0.2364 0.1180 -0.9645
vn 0.9240 -0.2668 0.2738
vn 0.0108 0.9983 0.0573
vn 0.0177 0.9997 0.0168
vn 0.0610 0.9981 -0.0063
vn 0.0109 0.9991 -0.0419
vn 0.0095 0.9989 -0.0460
vn -0.0455 0.9982 0.0391
vn -0.0458 0.9985 -0.0312
vn -0.0287 0.9996 0.0037
vn -0.0558 -0.9972 -0.0504
vn -0.0406 -0.9989 -0.0252
vn 0.0260 -0.9971 0.0711
vn 0.0957 -0.9954 0.0016
vn 0.0214 -0.9995 -0.0242
vn 0.0122 -0.9967 -0.0802
vn -0.0406 -0.9988 0.0269
vn -0.0452 -0.9983 0.0354
vn 0.0284 -0.9991 0.0310
vn -0.2327 -0.8167 0.5280
vn -0.1229 -0.9810 -0.1501
vn 0.9975 -0.0465 -0.0537
vn 0.7617 -0.5300 0.3727
vn 0.6822 -0.6888 -0.2452
vn 0.2608 -0.8977 0.3552
vn 0.1170 -0.9927 -0.0298
vn -0.1958 -0.9805 -0.0161
vn -0.1966 -0.9803 -0.0198
vn -0.3645 -0.6419 0.6746
vn -0.5449 -0.6148 -0.5702
vn -0.7875 -0.6036 -0.1247
vn -0.5597 -0.6330 0.5348
vn -0.7302 -0.6831 0.0136
vn -0.8523 -0.2880 0.4366
vn -0.9932 -0.1015 -0.0576
vn -0.9957 -0.0928 -0.0001
vn -0.9797 -0.2000 0.0119
vn -0.7758 -0.6309 0.0105
vn -0.8385 -0.5449 -0.0033
vn -0.4308 -0.9024 0.0013
vn -0.4908 -0.8713 -0.0042
vn -0.0262 -0.9995 -0.0148
vn 0.0789 -0.9969 0.0022
vn 0.4538 -0.8911 0.0003
vn 0.6441 -0.7647 0.0200
vn 0.7930 -0.6092 0.0007
vn 0.9729 -0.2307 0.0157
vn 0.9962 -0.0870 -0.0003
vn -0.9578 -0.1979 0.2085
vn -0.8789 -0.4126 -0.2392
vn -0.8394 -0.5372 0.0832
vn -0.3999 -0.3914 0.8288
vn -0.5047 -0.7825 -0.3648
vn -0.0820 -0.8393 0.5375
vn 0.9764 -0.1544 -0.1512
vn 0.9155 -0.0517 -0.3989
vn 0.7718 -0.6040 -0.1987
vn 0.7123 -0.6148 -0.3385
vn 0.4765 -0.8646 -0.1592
vn 0.1271 -0.7739 -0.6204
vn -0.0362 -0.9960 -0.0818
vn 0.2489 0.5252 -0.8137
vn 0.6586 0.1095 0.7444
vn 0.7235 0.5961 0.3483
vn -0.4953 0.7522 -0.4347
vn -0.1633 0.7868 0.5952
vn -0.0043 0.9998 0.0215
vn -0.8197 0.3935 0.4163
vn -0.9961 0.0717 -0.0507
vn -0.8489 0.1874 -0.4941
vn -0.7592 0.6411 0.1119
vn -0.9979 0.0644 -0.0000
vn -0.9661 0.2575 -0.0196
vn -0.7403 0.6723 0.0091
vn -0.5392 0.8421 -0.0151
vn -0.2413 0.9703 0.0164
vn 0.1353 0.9906 -0.0192
vn 0.5151 0.8569 0.0207
vn 0.7280 0.6855 -0.0103
vn 0.9660 0.2577 0.0196
vn 0.9982 0.0605 -0.0004
vn 0.9956 0.0716 0.0602
vn 0.8030 0.3763 -0.4621
vn 0.7811 0.6082 0.1417
vn -0.9664 0.0604 -0.2499
vn -0.3008 0.8794 0.3689
vn -0.2427 0.9698 0.0239
vn 0.2690 0.7046 0.6566
vn 0.1301 0.9799 -0.1510
vn 0.1968 0.9794 -0.0463
vn 0.7739 0.6115 -0.1650
vn 0.4713 0.5688 0.6741
vn 0.5085 0.7289 0.4584
vn -0.0054 0.1621 -0.9868
vn 0.9922 0.0707 0.1030
vn 0.8942 0.1531 0.4206
vn 0.7660 0.6419 -0.0346
vn 0.3500 0.7414 0.5725
vn -0.9981 0.0525 -0.0330
vn -0.7724 0.2917 0.5642
vn -0.7660 0.6247 -0.1517
vn -0.4688 -0.8109 -0.3503
vn -0.0178 0.0534 -0.9984
vn 0.0363 0.0353 -0.9987
vn 0.1114 -0.0403 -0.9930
vn 0.0047 -0.1183 -0.9930
vn -0.0289 -0.0269 -0.9992
vn 0.0107 0.0320 0.9994
vn -0.0231 0.0225 0.9995
vn -0.0713 -0.0258 0.9971
vn -0.0022 -0.0566 0.9984
vn 0.0154 -0.0128 0.9998
vn -0.6073 0.7942 -0.0219
vn -0.7135 0.7001 0.0285
vn -0.0020 0.9999 0.0111
vn 0.0084 0.9999 -0.0054
vn 0.7218 0.6920 -0.0134
vn 0.6825 0.7308 0.0074
vn 0.0056 -0.0154 -0.9999
vn -0.1634 -0.0261 -0.9862
vn 0.0866 -0.0288 -0.9958
vn -0.2196 0.0415 -0.9747
vn -0.0021 -0.0171 -0.9999
vn 0.0382 0.0794 -0.9961
vn -0.0035 0.2266 -0.9740
vn 0.1251 -0.4017 -0.9072
vn 0.1310 0.0130 -0.9913
vn 0.0117 -0.0352 -0.9993
vn -0.0036 -0.4278 -0.9039
vn 0.0152 -0.0014 -0.9999
vn -0.1526 -0.0414 -0.9874
vn -0.0210 0.0261 -0.9994
vn 0.1054 0.0931 -0.9901
vn 0.0330 0.2057 -0.9781
vn -0.0395 -0.0017 -0.9992
vn -0.1664 0.0002 -0.9861
vn -0.1186 -0.7551 -0.6447
vn -0.0490 0.0126 -0.9987
vn -0.0059 -0.3301 -0.9439
vn 0.9674 0.2530 -0.0113
vn 0.0724 0.7865 -0.6133
vn -0.7365 0.5863 0.3373
vn -0.6957 -0.4755 -0.5385
vn -0.0034 -0.9007 0.4345
vn 0.8371 -0.3865 -0.3871
vn 0.7763 -0.2377 -0.5838
vn -0.9409 -0.3276 -0.0863
vn 0.6041 -0.7968 0.0133
vn 0.3498 0.8053 0.4787
vn -0.5711 0.6414 -0.5123
vn -0.9964 -0.0161 0.0831
vn -0.2105 -0.9431 -0.2573
vn 0.2763 -0.8975 0.3436
vn 0.8781 0.0930 -0.4694
vn 0.1446 0.8126 0.5646
vn -0.9922 0.1055 -0.0671
vn -0.9998 0.0184 -0.0098
vn 0.9988 -0.0096 -0.0483
vn 0.9966 0.0814 0.0122
vn -0.0251 0.2523 0.9673
vn 0.1976 0.9794 -0.0405
vn 0.0082 0.1392 -0.9902
vn 0.0146 -0.9456 0.3251
vn -0.0674 -0.7300 -0.6801
vn 0.0386 -0.9987 0.0337
vn 0.0117 -0.7923 -0.6100
vn -0.0001 -0.0014 1.0000
vn -0.0003 0.0023 1.0000
vn -0.0020 -0.0055 1.0000
vn 0.0017 0.0004 1.0000
vn -0.0062 -0.0096 0.9999
vn -0.0350 -0.0115 0.9993
vn -0.0141 0.0095 0.9999
vn -0.0003 0.0001 1.0000
vn -0.0308 0.1167 0.9927
vn -0.0185 0.0535 0.9984
vn 0.0098 0.0117 0.9999
vn 0.0586 0.0225 0.9980
vn -0.0042 -0.0050 1.0000
vn -0.0423 -0.0059 0.9991
vn 0.0462 -0.0011 0.9989
vn 0.0056 0.0007 1.0000
vn 0.0031 -0.0021 1.0000
vn 0.1131 0.2328 0.9659
vn 0.0446 0.0924 0.9947
vn 0.1430 0.1809 0.9730
vn -0.0032 0.0006 1.0000
vn 0.0902 -0.0879 0.9920
vn 0.0004 -0.0003 -1.0000
vn 0.0021 -0.0017 -1.0000
vn 0.0047 -0.0065 -1.0000
vn -0.0021 0.0010 -1.0000
vn -0.0026 0.0031 -1.0000
vn -0.0022 0.0023 -1.0000
vn -0.0001 0.0001 -1.0000
vn 0.9118 0.4091 -0.0355
vn -0.7868 0.6105 0.0908
vn -0.8883 0.4588 -0.0212
vn -0.9047 0.4256 -0.0211
vn -0.9159 0.3993 -0.0407
vn -0.9276 0.3735 -0.0082
vn -0.5779 0.8121 -0.0807
vn -0.8469 0.5318 0.0002
vn -0.0655 -0.9978 0.0069
vn -0.0053 -0.9999 -0.0087
vn -0.0113 -0.9999 0.0083
vn -0.0919 -0.9958 -0.0009
vn -0.1616 -0.9867 -0.0160
vn -0.0850 -0.9964 0.0005
vn -0.0717 -0.9974 -0.0062
vn -0.9015 0.4301 0.0490
vn -0.9336 0.3560 -0.0396
vn -0.0629 -0.2252 -0.9723
vn -0.8273 0.0368 -0.5606
vn -0.1217 0.0110 0.9925
vn -0.4033 0.2534 -0.8793
vn -0.8239 -0.0718 -0.5621
vn -0.7066 0.3836 0.5946
vn -0.1268 -0.1207 0.9846
vn 0.9160 0.3906 0.0911
vn 0.8595 -0.1029 -0.5006
vn 0.2080 0.9774 -0.0379
vn -0.3354 0.9420 0.0100
vn -0.3417 0.9397 0.0169
vn 0.9449 -0.3271 -0.0102
vn 0.9403 -0.3400 -0.0185
vn -0.4586 0.8886 0.0088
vn 0.0368 -0.9993 0.0092
vn 0.0383 -0.9992 0.0105
vn -0.7401 -0.6723 -0.0162
vn -0.7018 -0.7117 -0.0315
vn 0.7873 0.6158 0.0312
vn 0.6455 0.7635 -0.0225
vn -0.0120 0.0337 -0.9994
vn 0.0028 -0.0755 -0.9971
vn -0.0190 -0.0172 -0.9997
vn 0.0805 -0.0279 -0.9964
vn -0.0138 0.0267 -0.9995
vn 0.0222 0.0262 -0.9994
vn 0.3168 0.9485 -0.0074
vn 0.3562 0.9336 0.0382
vn -0.9517 -0.3069 -0.0107
vn -0.9402 -0.3404 0.0099
vn -0.6626 0.7489 -0.0051
vn -0.7164 0.6976 0.0123
vn -0.0535 -0.9985 -0.0103
vn -0.0395 -0.9992 0.0010
vn 0.7343 -0.6786 0.0181
vn 0.7693 -0.6388 0.0034
vn -0.0285 0.0322 -0.9991
vn 0.0148 0.0387 -0.9991
vn -0.0049 -0.0912 -0.9958
vn -0.0614 -0.0320 -0.9976
vn -0.0816 -0.0263 -0.9963
vn 0.0208 -0.0192 -0.9996
vn -0.0867 0.0604 -0.9944
vn -0.0000 -0.0005 -1.0000
vn 0.1197 0.0730 -0.9901
vn -0.0001 -0.0004 -1.0000
vn 0.0528 -0.9986 -0.0000
vn -0.0048 -0.9998 0.0209
vn 0.0655 -0.9979 0.0014
vn 0.0046 -1.0000 0.0066
vn 0.1025 -0.9947 -0.0008
vn 0.0565 -0.9984 -0.0091
vn 0.0624 -0.9980 -0.0076
vn 0.8021 0.5967 -0.0242
vn 0.8668 0.4986 0.0003
vn 0.9246 0.3791 0.0370
vn 0.9040 0.4270 -0.0211
vn 0.8266 0.5629 -0.0014
vn 0.8878 0.4602 -0.0008
vn 0.9035 0.4282 0.0203
vn 0.9253 0.3771 -0.0391
vn 0.2444 0.4165 0.8756
vn 0.6684 0.0283 0.7433
vn -0.2470 0.0255 0.9687
vn -0.8850 0.4444 0.1386
vn -0.5441 -0.2795 -0.7911
vn 0.1543 0.3076 -0.9389
vn 0.9879 0.0527 -0.1460
vn 0.9873 0.0636 -0.1458
vn 0.0467 -0.0450 0.9979
vn 0.0727 -0.1461 -0.9866
vn -0.0832 0.9898 -0.1153
vn 0.0186 -0.9458 0.3241
vn -0.0206 0.0322 0.9993
vn 0.0002 -0.0000 1.0000
vn 0.0048 0.0647 0.9979
vn 0.0073 0.0536 0.9985
vn 0.0001 0.0002 1.0000
vn -0.1365 0.0983 0.9858
vn 0.0001 -0.0002 1.0000
vn 0.0710 -0.0075 0.9974
vn -0.0666 -0.0597 0.9960
vn -0.0673 -0.0720 0.9951
vn 0.0010 -0.0849 0.9964
vn 0.0002 -0.0803 0.9968
vn 0.0743 -0.0729 0.9946
vn -0.6772 0.7333 0.0601
vn 0.8325 0.5441 -0.1043
vn 0.9945 0.1033 -0.0172
vn -0.2254 -0.9743 0.0064
vn -0.8315 -0.5434 -0.1154
vn -0.0957 0.9952 0.0214
vn 0.9137 0.3961 -0.0905
vn 0.9398 -0.3392 0.0408
vn -0.9158 -0.3970 -0.0611
vn -0.9386 -0.3415 -0.0481
vn 0.0924 0.9954 0.0270
vn 0.9115 0.3951 -0.1141
vn 0.9076 -0.4198 0.0059
vn -0.8246 -0.5652 -0.0231
vn -0.9156 -0.3969 -0.0639
vn 0.6073 0.7942 0.0219
vn 0.7135 0.7001 -0.0285
vn 0.0020 0.9999 -0.0111
vn -0.0354 0.9982 0.0479
vn -0.6811 0.7294 -0.0637
vn -0.9241 0.3794 0.0445
vn -0.0249 -0.0465 0.9986
vn -0.0022 -0.1623 0.9867
vn 0.0748 -0.0062 0.9972
vn 0.0354 -0.9991 0.0228
vn -0.0052 0.0421 0.9991
vn -0.0251 0.1141 0.9932
vn -0.0127 -0.0166 0.9998
vn -0.0124 -0.0149 0.9998
vn 0.0326 -0.0150 0.9994
vn 0.0314 -0.0061 0.9995
vn 0.0096 -0.0259 0.9996
vn 0.1609 0.0469 0.9859
vn 0.0033 -0.0266 0.9996
vn -0.0056 -0.0227 0.9997
vn -0.0000 -0.0008 1.0000
vn -0.1154 0.2487 0.9617
vn 0.1335 0.0166 0.9909
vn 0.1127 0.0151 0.9935
vn 0.3406 0.1118 0.9335
vn 0.0023 -0.1809 0.9835
vn 0.0102 0.0096 0.9999
vn 0.1412 0.1014 0.9848
vn -0.9884 0.0748 -0.1324
vn -0.2183 0.7052 0.6746
vn 0.5977 0.7952 -0.1017
vn 0.8686 -0.3688 0.3309
vn 0.3852 -0.7817 -0.4905
vn -0.6410 -0.6317 0.4359
vn -0.7979 0.2810 0.5333
vn 0.1383 0.9290 -0.3432
vn 0.7809 0.5056 0.3669
vn 0.7720 -0.5880 -0.2412
vn 0.3449 -0.8730 0.3448
vn -0.8939 -0.3543 -0.2744
vn -0.7917 0.5626 -0.2380
vn 0.4483 0.5653 0.6924
vn 0.9854 0.1589 -0.0617
vn 0.2363 -0.9540 0.1842
vn -0.1160 -0.9602 -0.2543
vn -0.9195 0.0411 0.3909
vn 0.9922 0.1055 0.0669
vn 0.9998 0.0188 0.0098
vn -0.6109 -0.0613 0.7893
vn -0.9990 0.0435 -0.0032
vn -0.9964 0.0814 -0.0217
vn -0.0316 0.4983 -0.8664
vn -0.1976 0.9794 0.0405
vn 0.0868 0.2720 0.9584
vn -0.0082 0.1392 0.9902
vn 0.0034 -0.9223 -0.3864
vn -0.0262 -0.9991 -0.0341
vn -0.0117 -0.7923 0.6100
vn -0.9119 0.4095 0.0250
vn 0.7869 0.6106 -0.0894
vn 0.8877 0.4599 0.0212
vn 0.9047 0.4256 0.0211
vn 0.9155 0.3991 0.0498
vn 0.8777 0.4791 -0.0059
vn 0.9377 0.3475 0.0018
vn 0.8910 0.4540 -0.0000
vn 0.0666 -0.9978 -0.0028
vn 0.0179 -0.9998 0.0069
vn 0.0170 -0.9997 -0.0176
vn 0.0852 -0.9964 -0.0004
vn 0.0082 -0.9998 0.0195
vn 0.1257 -0.9921 0.0001
vn 0.0688 -0.9976 -0.0024
vn 0.9026 0.4305 -0.0059
vn 0.9153 0.4018 0.0275
vn -0.7234 0.0879 0.6849
vn 0.8562 0.0694 0.5119
vn 0.8016 0.0371 0.5967
vn -0.0754 -0.0037 -0.9971
vn 0.9212 -0.0438 0.3867
vn 0.7912 0.2051 0.5762
vn -0.0731 -0.0570 -0.9957
vn -0.3214 0.2327 -0.9179
vn -0.7235 0.1198 0.6799
vn -0.6519 0.1895 0.7342
vn 0.3354 0.9420 -0.0100
vn 0.3417 0.9397 -0.0169
vn -0.9449 -0.3271 0.0102
vn -0.9403 -0.3400 0.0185
vn 0.4586 0.8886 -0.0088
vn -0.0368 -0.9992 0.0167
vn -0.0717 -0.9974 -0.0100
vn 0.6891 -0.7243 -0.0222
vn 0.7402 -0.6724 0.0001
vn -0.7873 0.6158 -0.0312
vn -0.6455 0.7635 0.0225
vn 0.0120 0.0337 0.9994
vn -0.0222 0.0262 0.9994
vn 0.0190 -0.0172 0.9997
vn -0.0028 -0.0755 0.9971
vn -0.0805 -0.0279 0.9964
vn 0.0138 0.0267 0.9995
vn -0.3168 0.9485 0.0074
vn -0.3562 0.9336 -0.0382
vn 0.9517 -0.3069 0.0107
vn 0.9402 -0.3404 -0.0099
vn 0.6626 0.7489 0.0051
vn 0.7164 0.6976 -0.0123
vn 0.0535 -0.9985 0.0103
vn 0.0395 -0.9992 -0.0010
vn -0.7344 -0.6787 -0.0025
vn -0.7324 -0.6808 -0.0034
vn -0.0148 0.0387 0.9991
vn 0.0049 -0.0912 0.9958
vn 0.0614 -0.0320 0.9976
vn 0.0816 -0.0263 0.9963
vn 0.0285 0.0322 0.9991
vn -0.0208 -0.0193 0.9996
vn 0.1156 0.0719 0.9907
vn -0.0000 -0.0005 1.0000
vn -0.0408 0.0110 0.9991
vn 0.0001 -0.0005 1.0000
vn -0.0536 -0.9985 -0.0075
vn -0.0401 -0.9991 -0.0108
vn -0.1073 -0.9942 0.0008
vn -0.0625 -0.9980 0.0095
vn -0.0006 -1.0000 -0.0074
vn -0.0026 -1.0000 0.0053
vn -0.0722 -0.9974 -0.0013
vn -0.3867 0.9131 -0.1292
vn -0.8646 0.5024 -0.0003
vn -0.9453 0.3223 -0.0499
vn -0.9019 0.4256 0.0743
vn -0.9468 0.3199 0.0349
vn -0.8472 0.4585 0.2684
vn -0.8739 0.4862 0.0009
vn -0.8917 0.4527 -0.0003
vn -0.8992 0.4373 -0.0169
vn -0.9047 0.4252 -0.0278
vn -0.7227 0.1014 -0.6837
vn -0.2364 0.3755 -0.8962
vn 0.4821 -0.0023 -0.8761
vn 0.9068 0.3490 0.2365
vn 0.8923 0.2834 0.3514
vn -0.5990 -0.0326 0.8001
vn -0.4666 0.1315 0.8746
vn -0.9334 -0.0394 -0.3566
vn -0.7223 0.1091 -0.6830
vn 0.4834 0.0384 -0.8745
vn -0.4687 0.1075 0.8768
vn -0.0054 0.0745 -0.9972
vn -0.0115 0.0463 -0.9989
vn 0.0189 0.0315 -0.9993
vn -0.0001 0.0002 -1.0000
vn -0.0710 -0.0075 -0.9974
vn 0.1180 0.0558 -0.9914
vn -0.0002 -0.0000 -1.0000
vn -0.0001 -0.0002 -1.0000
vn 0.0666 -0.0597 -0.9960
vn 0.0673 -0.0720 -0.9951
vn -0.0010 -0.0849 -0.9964
vn -0.0002 -0.0803 -0.9968
vn -0.0743 -0.0729 -0.9946
vn 0.6379 0.7694 -0.0351
vn -0.3056 0.9451 0.1160
vn -0.9987 0.0438 -0.0266
vn 0.2429 -0.9680 0.0626
vn 0.3068 -0.9488 0.0757
vn 0.9920 -0.0690 0.1058
vn 0.8325 0.5540 0.0061
vn -0.9976 0.0694 0.0037
vn -0.9397 0.3358 0.0644
vn 0.3596 -0.9327 -0.0287
vn 0.8591 0.4975 0.1202
vn -0.2772 0.9591 -0.0573
vn -0.7103 -0.6973 0.0965
vn -0.8645 -0.5006 0.0448
vn 0.9237 -0.3819 -0.0292
vn -0.8871 0.4539 0.0845
vn -0.8103 -0.5746 -0.1151
vn -0.5108 -0.7970 0.3223
vn -0.5607 -0.6667 0.4910
vn -0.3593 -0.5475 0.7558
vn -0.2149 -0.0548 0.9751
vn 0.1659 0.3473 0.9230
vn 0.2623 0.7582 0.5969
vn 0.0499 0.4011 0.9147
vn -0.4748 -0.2596 0.8409
vn -0.4493 -0.1703 0.8770
vn -0.1683 0.2506 0.9534
vn 0.0289 0.5720 0.8198
vn 0.1509 0.8710 0.4675
vn 0.2294 0.9583 0.1702
vn 0.1113 0.9937 0.0127
vn -0.8996 -0.3316 0.2842
vn -0.8521 -0.3203 0.4139
vn -0.8357 -0.2340 0.4968
vn -0.5438 0.4484 0.7094
vn -0.2497 0.6940 0.6753
vn -0.1987 0.8735 0.4444
vn -0.2764 0.9115 0.3045
vn -0.8350 0.0142 0.5500
vn -0.6737 0.1172 0.7297
vn -0.5210 0.4567 0.7211
vn -0.3753 0.8943 0.2435
vn -0.8958 0.1569 0.4158
vn -0.6821 0.5329 0.5008
vn -0.9955 0.0702 0.0640
vn -0.9894 0.1046 0.1008
vn -0.8337 0.3915 0.3893
vn -0.6197 0.7420 0.2558
vn -0.6972 0.7037 0.1369
vn -0.8956 0.4306 0.1117
vn 0.8621 -0.5030 0.0613
vn -0.1783 -0.9840 -0.0012
vn 0.6715 -0.7001 0.2429
vn 0.8871 -0.4011 0.2285
vn 0.6664 -0.6492 0.3667
vn 0.9335 -0.2104 0.2904
vn 0.9941 -0.0801 0.0737
vn 0.9064 -0.1669 0.3880
vn 0.4392 -0.8972 -0.0467
vn 0.5926 -0.6446 0.4831
vn 0.5787 -0.5392 0.6119
vn 0.7211 -0.2417 0.6493
vn 0.2563 -0.9452 0.2024
vn 0.2421 -0.8790 0.4109
vn 0.3562 -0.5016 0.7883
vn 0.9130 0.3746 0.1616
vn 0.5871 -0.0675 0.8067
vn 0.6462 0.3099 0.6974
vn 0.8544 0.2855 0.4342
vn 0.8796 0.4067 0.2468
vn 0.0223 -0.8167 0.5766
vn 0.0076 -0.7626 0.6468
vn 0.2486 -0.2589 0.9333
vn 0.3636 -0.1349 0.9217
vn 0.5961 0.3764 0.7092
vn 0.5970 0.7890 0.1454
vn 0.6641 0.6912 0.2850
vn 0.5095 0.6547 0.5584
vn 0.0646 -0.2747 0.9594
vn -0.1675 -0.6023 0.7805
vn -0.3119 -0.9133 0.2619
vn -0.6295 -0.7426 0.2286
vn -0.6140 -0.7851 0.0817
vn -0.3635 -0.9017 0.2341
vn -0.3339 -0.9368 0.1041
vn 0.4101 -0.9054 0.1096
vn -0.9934 -0.0518 0.1027
vn -0.0020 -0.0054 -1.0000
vn -0.0031 -0.0071 -1.0000
vn -0.0159 -0.0198 -0.9997
vn -0.1348 -0.2365 0.9622
vn 0.0020 0.0048 -1.0000
vn 0.0041 0.0068 -1.0000
vn 0.5965 0.7677 0.2341
vn 0.5979 0.7637 0.2435
vn 0.3697 0.8920 0.2601
vn 0.3647 0.9011 0.2345
vn 0.9891 0.1006 0.1075
vn -0.4509 0.8875 0.0955
vn -0.5195 -0.8058 0.2843
vn -0.4311 -0.8766 -0.2138
vn 0.4004 0.8143 -0.4201
vn 0.0666 0.0913 0.9936
vn 0.5695 0.7749 0.2743
vn -0.1725 0.9818 -0.0793
vn 0.9070 -0.4206 -0.0195
vn 0.8750 -0.4837 0.0179
vn 0.8952 -0.4457 0.0007
vn 0.9061 -0.4228 0.0117
vn 0.9086 -0.4174 0.0164
vn 0.9193 -0.3936 0.0048
vn 0.9163 -0.4004 0.0008
vn -0.4308 -0.9024 0.0078
vn -0.3954 -0.9182 0.0222
vn -0.7744 -0.6298 0.0614
vn -0.8588 -0.5108 -0.0396
vn 0.0449 -0.9990 -0.0008
vn -0.1478 -0.9876 -0.0521
vn 0.0694 -0.9974 0.0170
vn 0.0124 -0.9999 0.0099
vn -0.0072 -0.9967 -0.0813
vn 0.0039 -0.9999 0.0097
vn 0.0068 -0.9996 -0.0285
vn -0.0185 -0.9987 -0.0467
vn -0.0313 -0.9991 -0.0295
vn -0.0004 -0.9990 0.0444
vn -0.0058 -0.9970 -0.0776
vn 0.0005 -0.9999 0.0121
vn -0.0197 -0.9998 0.0009
vn 0.0121 -0.9999 -0.0102
vn -0.0068 -0.9991 -0.0416
vn 0.0001 -0.9997 -0.0252
vn -0.0201 -0.9998 -0.0004
vn -0.0616 -0.9976 -0.0303
vn -0.0078 -0.9998 -0.0170
vn -0.0374 -0.9993 0.0046
vn -0.0181 -0.9998 0.0045
vn 0.0338 -0.9960 0.0830
vn 0.7930 -0.6091 -0.0117
vn 0.7874 -0.6162 -0.0187
vn 0.4538 -0.8911 0.0040
vn 0.4826 -0.8756 0.0192
vn 0.0547 0.9984 0.0134
vn -0.0107 0.9999 -0.0094
vn 0.0540 0.9984 -0.0148
vn 0.0316 0.9995 -0.0006
vn -0.1089 0.9937 0.0249
vn 0.0653 0.9978 -0.0119
vn 0.1719 0.9851 0.0005
vn -0.0654 0.9977 -0.0174
vn -0.1980 0.9802 -0.0002
vn -0.0848 0.9963 -0.0132
vn -0.0241 0.9995 0.0220
vn -0.0320 0.9993 0.0199
vn 0.0471 0.9988 0.0106
vn 0.0076 1.0000 0.0034
vn 0.0005 0.0003 -1.0000
vn 0.0034 0.0020 -1.0000
vn 0.0006 0.0001 -1.0000
vn 0.0006 -0.0001 -1.0000
vn 0.0002 0.0006 -1.0000
vn 0.0001 0.0002 -1.0000
vn -0.0000 0.0013 -1.0000
vn -0.0007 -0.0002 1.0000
vn 0.0003 -0.0001 1.0000
vn -0.8874 -0.4607 0.0155
vn -0.8738 -0.4858 0.0213
vn -0.8919 -0.4522 0.0058
vn -0.9076 -0.4194 -0.0201
vn -0.9119 -0.4103 -0.0129
vn -0.9360 -0.3511 0.0263
vn -0.9385 -0.3444 -0.0256
vn -0.9555 0.0110 -0.2949
vn -0.9839 -0.0347 -0.1752
vn -0.0572 0.0618 0.9964
vn 0.1350 0.0229 0.9906
vn 0.6611 0.0242 -0.7499
vn 0.7772 -0.0160 -0.6290
vn -0.8701 0.0689 -0.4880
vn -0.9963 -0.0631 -0.0585
vn -0.2811 -0.0524 0.9583
vn 0.7527 0.1337 0.6447
vn 0.9317 -0.1509 -0.3304
vn 0.4593 0.0743 -0.8851
vn -0.7935 -0.6086 0.0013
vn -0.8339 -0.5514 0.0248
vn 0.9498 -0.3091 -0.0484
vn 0.8811 -0.4728 -0.0019
vn -0.9391 -0.0918 0.3313
vn -0.8778 -0.1874 0.4408
vn 0.0232 0.1015 -0.9946
vn 0.8873 -0.3387 -0.3130
vn 0.9228 0.0670 0.3793
vn -0.8832 -0.3506 0.3116
vn -0.9677 -0.0319 -0.2501
vn 0.6135 0.0351 -0.7890
vn 0.8885 -0.3352 -0.3134
vn 0.1856 0.2052 0.9609
vn -0.4729 0.0505 0.8796
vn -0.8596 -0.3204 0.3980
vn -0.5875 0.1260 -0.7993
vn 0.8781 -0.2523 -0.4066
vn 0.9790 -0.0940 -0.1811
vn -0.9035 0.0052 -0.4286
vn -0.4160 -0.3415 -0.8428
vn 0.7361 0.1808 -0.6523
vn 0.4241 -0.2856 0.8594
vn 0.0770 -0.0261 0.9967
vn 0.9028 -0.4297 -0.0163
vn 0.8791 -0.4765 0.0153
vn 0.8965 -0.4431 0.0007
vn 0.9030 -0.4297 0.0069
vn 0.9203 -0.3889 0.0417
vn 0.9270 -0.3747 0.0183
vn 0.9202 -0.3914 0.0114
vn -0.2919 -0.9534 0.0767
vn -0.4903 -0.8704 -0.0454
vn -0.8076 -0.5888 -0.0323
vn -0.8328 -0.5498 -0.0647
vn 0.0006 -0.9997 -0.0229
vn 0.0401 -0.9967 -0.0710
vn 0.0531 -0.9984 0.0213
vn -0.0635 -0.9911 -0.1173
vn 0.0172 -0.9998 0.0095
vn -0.0431 -0.9991 0.0005
vn 0.0448 -0.9989 0.0107
vn 0.0176 -0.9998 -0.0096
vn 0.0597 -0.9982 -0.0104
vn -0.0272 -0.9996 -0.0125
vn 0.0247 -0.9997 0.0007
vn 0.6721 -0.6489 0.3565
vn -0.0143 -0.9999 0.0038
vn 0.0316 -0.9995 -0.0014
vn -0.4098 -0.9122 0.0017
vn -0.0194 -0.9998 -0.0099
vn 0.0037 -0.9999 0.0123
vn -0.0815 -0.9954 -0.0507
vn 0.0010 -0.9995 0.0306
vn -0.0320 -0.9995 0.0029
vn -0.0276 -0.9974 0.0665
vn 0.0431 -0.9990 -0.0125
vn 0.8384 -0.5335 0.1116
vn 0.3865 -0.9199 -0.0659
vn 0.4623 -0.8867 -0.0031
vn -0.0062 0.9996 0.0259
vn 0.0663 0.9978 0.0063
vn 0.0619 0.9979 -0.0167
vn 0.2052 0.9787 0.0003
vn 0.0336 0.9994 -0.0006
vn -0.1184 0.9926 0.0272
vn 0.0690 0.9975 -0.0149
vn -0.0527 0.9985 -0.0142
vn -0.1680 0.9858 -0.0001
vn -0.0584 0.9982 0.0129
vn -0.0143 0.9996 0.0250
vn -0.0549 0.9984 0.0135
vn -0.0479 0.9988 -0.0125
vn 0.1004 0.9949 0.0118
vn 0.0065 0.0043 -1.0000
vn 0.0004 0.0001 -1.0000
vn 0.0001 -0.0001 -1.0000
vn 0.0007 -0.0002 -1.0000
vn -0.0000 0.0002 -1.0000
vn -0.0001 0.0001 1.0000
vn -0.0022 -0.0012 1.0000
vn -0.0005 -0.0003 1.0000
vn 0.0002 -0.0001 1.0000
vn 0.0011 -0.0014 1.0000
vn -0.0000 0.0004 1.0000
vn -0.9110 -0.4116 -0.0262
vn -0.9174 -0.3978 -0.0147
vn -0.9414 -0.3360 0.0277
vn -0.9849 -0.0695 -0.1584
vn -0.2552 0.0892 0.9628
vn 0.2007 0.0013 0.9797
vn 0.8721 -0.0437 -0.4875
vn 0.7610 0.0055 -0.6488
vn -0.8626 0.0628 -0.5020
vn -0.9966 0.0428 -0.0707
vn -0.9722 -0.0260 0.2327
vn 0.5756 0.0183 0.8175
vn 0.6656 0.0500 0.7447
vn 0.3054 -0.0233 -0.9520
vn 0.2813 -0.0294 -0.9592
vn -0.9379 -0.3470 0.0020
vn -0.8064 -0.5894 -0.0482
vn 0.8519 -0.5228 -0.0306
vn 0.8035 -0.5953 -0.0014
vn -0.9982 -0.0030 -0.0601
vn -0.7222 -0.3368 -0.6042
vn 0.3856 0.1368 -0.9125
vn 0.7399 -0.2634 0.6190
vn 0.5097 -0.0306 0.8598
vn -0.6580 0.2127 0.7224
vn -0.9193 -0.3653 -0.1461
vn -0.0268 0.1805 -0.9832
vn 0.9453 -0.2770 0.1724
vn 0.9527 -0.2634 0.1515
vn -0.4565 0.1468 0.8775
vn -0.3578 -0.2073 -0.9105
vn -0.3305 -0.1849 -0.9255
vn 0.9924 0.1065 -0.0611
vn 0.3435 -0.3434 0.8741
vn -0.2047 0.0569 0.9772
vn -0.9085 -0.0913 -0.4078
vn -0.7370 -0.2768 -0.6166
vn 0.9146 0.2109 -0.3449
vn 0.7133 -0.3676 0.5967
vn 0.1078 -0.1183 0.9871
vn -0.0124 0.0100 0.9999
vn -0.0037 0.0026 1.0000
vn 0.0109 -0.0039 0.9999
vn -0.3405 0.1430 0.9293
vn -0.0026 0.0201 0.9998
vn 0.0080 -0.0023 1.0000
vn 0.0156 -0.0051 0.9999
vn -0.0427 0.0068 0.9991
vn 0.0161 0.0167 0.9997
vn -0.8787 0.4475 -0.1663
vn -0.5499 0.8253 -0.1283
vn -0.7560 0.5835 -0.2967
vn -0.6162 0.5260 -0.5862
vn -0.9562 0.0683 -0.2848
vn -0.9834 -0.0700 -0.1673
vn -0.3432 0.8907 -0.2982
vn -0.3503 0.7594 -0.5483
vn -0.5431 0.5580 -0.6274
vn -0.7781 0.0594 -0.6254
vn -0.8967 -0.3535 -0.2663
vn -0.6964 -0.0677 -0.7144
vn 0.0307 0.9879 -0.1518
vn 0.0180 0.9844 -0.1752
vn -0.0932 0.7457 -0.6597
vn -0.5341 -0.0822 -0.8414
vn -0.7511 -0.4050 -0.5213
vn -0.2849 0.3540 -0.8908
vn -0.7563 -0.6517 0.0568
vn 0.1940 0.7744 -0.6022
vn 0.2370 0.8372 -0.4928
vn 0.0005 0.3914 -0.9202
vn -0.0061 0.3774 -0.9260
vn 0.2975 0.6044 -0.7390
vn -0.2418 -0.3449 -0.9070
vn -0.2592 -0.2809 -0.9241
vn -0.5126 -0.6630 -0.5456
vn -0.5178 -0.6542 -0.5513
vn -0.5920 -0.7805 -0.2009
vn 0.8103 -0.5860 -0.0074
vn 0.5244 0.8361 -0.1614
vn 0.5736 0.7708 -0.2771
vn 0.1354 0.1100 -0.9847
vn -0.0522 -0.4912 -0.8695
vn -0.1300 -0.7896 -0.5996
vn -0.2365 -0.8048 -0.5444
vn -0.2387 -0.9455 -0.2214
vn -0.3298 -0.9328 -0.1452
vn 0.7355 0.5971 -0.3202
vn 0.3475 0.0167 -0.9375
vn 0.7501 0.4088 -0.5198
vn 0.6571 0.3524 -0.6664
vn 0.6287 0.1938 -0.7531
vn 0.9053 0.4213 0.0542
vn 0.4389 -0.3281 -0.8365
vn 0.2997 -0.4723 -0.8289
vn 0.0979 -0.9913 -0.0880
vn 0.3284 -0.8391 -0.4337
vn 0.3371 -0.8346 -0.4356
vn 0.7813 -0.1382 -0.6087
vn 0.6506 -0.3339 -0.6821
vn 0.9621 0.0512 -0.2679
vn 0.9419 0.0426 -0.3331
vn 0.8956 -0.0996 -0.4336
vn 0.6904 -0.5431 -0.4779
vn 0.4935 -0.7835 -0.3775
vn 0.5779 -0.7828 -0.2308
vn 0.9828 -0.1774 0.0516
vn 0.8781 -0.4113 -0.2446
vn 0.8845 -0.4186 -0.2058
vn 1.0000 -0.0000 -0.0000
vn -0.0000 1.0000 -0.0000
vn -1.0000 -0.0000 -0.0000
vn -0.0000 -1.0000 -0.0000
vn -0.0505 0.9987 -0.0000
vn -0.0195 0.9998 -0.0041
vn 0.3539 -0.9353 -0.0000
vn 0.3834 -0.9235 0.0107
vn 0.0668 0.0886 0.9938
vn -0.0004 0.0001 1.0000
vn -0.0004 0.0002 1.0000
vn -0.0002 0.0001 -1.0000
vn -0.0000 0.0003 -1.0000
vn -0.9433 0.3318 -0.0000
vn -0.9672 0.2495 0.0472
vn -0.9380 0.3466 -0.0088
vn -0.9387 0.3448 -0.0081
vn -0.9379 0.3470 -0.0004
vn -0.9401 0.3409 0.0055
vn -0.9354 0.3537 -0.0000
vn -0.9854 0.1700 -0.0000
vn -0.9917 -0.1283 0.0003
vn -0.9927 -0.1203 0.0011
vn -0.4519 0.8921 -0.0009
vn -0.4820 0.8762 -0.0032
vn 0.9740 0.2184 -0.0601
vn 0.9729 0.2231 0.0599
vn 0.9832 0.1728 0.0584
vn 0.9747 0.2233 -0.0001
vn 0.9746 0.2238 -0.0000
vn 0.9838 0.1695 -0.0581
vn 0.2662 0.9638 -0.0146
vn 0.2967 0.9550 -0.0005
vn 0.3044 0.9525 -0.0051
vn 0.2697 0.9565 0.1110
vn 0.3706 0.9284 -0.0275
vn 0.3432 0.9392 0.0065
vn -0.4232 -0.9060 -0.0095
vn -0.3600 -0.9320 -0.0425
vn -0.4601 -0.8876 -0.0213
vn -0.2692 0.9574 -0.1042
vn -0.3371 0.9414 0.0102
vn -0.2893 0.9569 -0.0259
vn -0.2814 0.9544 0.0998
vn -0.3968 0.9179 -0.0087
vn -0.3631 0.9318 -0.0000
vn -0.3733 0.9276 0.0139
vn 0.2082 -0.5418 0.8143
vn 0.0297 -0.8759 -0.4815
vn -0.8373 -0.5148 -0.1843
vn -0.9526 0.1939 0.2345
vn -0.5693 -0.7422 -0.3538
vn 0.5564 0.3585 0.7496
vn 0.1524 -0.3859 0.9099
vn 0.9762 -0.1577 0.1489
vn 0.1709 0.5202 -0.8368
vn 0.6036 0.1804 -0.7766
vn 0.6837 -0.7287 -0.0379
vn 0.9070 0.1369 0.3982
vn 0.1426 -0.4541 -0.8795
vn 0.1799 -0.9640 0.1958
vn 0.4906 -0.8702 -0.0453
vn 0.4756 -0.8782 -0.0502
vn 0.3514 -0.9362 0.0023
vn -0.0028 -0.0106 0.9999
vn 0.0017 -0.0117 0.9999
vn 0.0958 -0.1925 0.9766
vn -0.0232 0.0503 0.9985
vn -0.0030 -0.0220 0.9998
vn -0.0145 -0.0137 0.9998
vn -0.0189 0.0021 0.9998
vn -0.0011 0.0107 0.9999
vn 0.0020 -0.0088 1.0000
vn -0.0053 0.0066 1.0000
vn -0.0035 0.0022 1.0000
vn -0.0217 -0.0190 0.9996
vn -0.0194 -0.0166 0.9997
vn -0.0029 -0.0007 1.0000
vn -0.0013 0.0018 1.0000
vn -0.0080 -0.0008 1.0000
vn -0.0033 0.0005 1.0000
vn -0.0047 0.0006 1.0000
vn -0.0013 0.2949 0.9555
vn -0.0016 0.0292 0.9996
vn -0.0340 -0.4421 0.8963
vn 0.0949 -0.3121 0.9453
vn -0.0251 0.0569 0.9981
vn -0.0069 0.0130 0.9999
vn 0.0025 -0.0707 0.9975
vn -0.0153 -0.0151 0.9998
vn 0.0443 -0.0079 0.9990
vn 0.0002 0.0356 0.9994
vn 0.0003 0.0008 1.0000
vn 0.0033 -0.0081 1.0000
vn 0.0030 0.0526 0.9986
vn -0.0117 0.0993 0.9950
vn 0.0385 -0.0119 0.9992
vn -0.1293 -0.4204 0.8981
vn 0.0105 0.0579 0.9983
vn 0.0679 0.1008 0.9926
vn 0.0008 0.0017 1.0000
vn 0.0024 0.0049 1.0000
vn 0.0274 0.0651 0.9975
vn 0.0250 -0.0229 0.9994
vn 0.0008 -0.0133 0.9999
vn 0.0010 0.0002 1.0000
vn 0.0236 -0.0600 0.9979
vn 0.0093 -0.0096 0.9999
vn 0.0096 0.0146 0.9998
vn 0.0210 -0.0238 0.9995
vn -0.0097 0.0206 0.9997
vn 0.0018 0.0021 1.0000
vn 0.0061 -0.0020 1.0000
vn -0.0420 -0.0098 0.9991
vn 0.0128 -0.0096 0.9999
vn 0.0108 -0.0068 0.9999
vn 0.0146 0.0055 0.9999
vn -0.0019 0.0003 1.0000
vn -0.0282 0.8378 -0.5453
vn -0.0003 0.9619 -0.2734
vn -0.0027 1.0000 0.0007
vn 0.0023 1.0000 0.0038
vn 0.8321 0.5546 -0.0031
vn 0.8544 0.5196 -0.0008
vn -0.9856 0.1301 0.1084
vn -0.9984 0.0546 -0.0173
vn -0.9970 0.0778 -0.0031
vn -0.9776 0.1906 0.0896
vn -0.7889 0.5879 -0.1789
vn -0.6062 0.6400 -0.4721
vn -0.9035 0.4167 -0.1001
vn -0.9362 0.3309 0.1188
vn 0.0082 0.0217 -0.9997
vn -0.0010 0.0085 -1.0000
vn 0.0048 0.0066 -1.0000
vn 0.0070 -0.0012 -1.0000
vn 0.0058 0.0030 -1.0000
vn 0.0058 0.0045 -1.0000
vn 0.0121 -0.0093 -0.9999
vn 0.0059 -0.0029 -1.0000
vn 0.0196 -0.0344 -0.9992
vn 0.0117 -0.0088 -0.9999
vn 0.0009 -0.0053 -1.0000
vn -0.0006 -0.0019 -1.0000
vn -0.0020 -0.0029 -1.0000
vn 0.0184 0.0146 -0.9997
vn 0.0109 0.0031 -0.9999
vn 0.0143 0.0068 -0.9999
vn 0.0221 0.0008 -0.9998
vn 0.0103 -0.0030 -0.9999
vn -0.0316 -0.0045 -0.9995
vn 0.0106 0.0022 -0.9999
vn 0.0127 0.0095 -0.9999
vn -0.0327 -0.0156 -0.9993
vn -0.0174 -0.0038 -0.9998
vn -0.0133 -0.0124 -0.9998
vn -0.0105 0.0136 -0.9999
vn -0.0179 -0.0115 -0.9998
vn -0.0026 -0.0011 -1.0000
vn -0.0083 0.0007 -1.0000
vn -0.0276 -0.0619 -0.9977
vn -0.0008 0.0330 -0.9995
vn -0.0231 0.0313 -0.9992
vn -0.0016 -0.0098 -1.0000
vn 0.0008 -0.0086 -1.0000
vn 0.0083 0.0041 -1.0000
vn 0.0164 0.0173 -0.9997
vn 0.0156 0.0172 -0.9997
vn 0.0117 0.0306 -0.9995
vn 0.0045 0.0163 -0.9999
vn 0.0187 -0.0368 -0.9991
vn -0.0002 0.0148 -0.9999
vn 0.0037 0.0034 -1.0000
vn 0.0128 -0.0044 -0.9999
vn 0.0090 -0.0130 -0.9999
vn -0.0154 -0.0067 -0.9999
vn -0.0055 -0.0420 -0.9991
vn -0.0000 -0.0500 -0.9987
vn 0.0213 -0.0711 -0.9972
vn 0.0037 0.0406 -0.9992
vn -0.0273 -0.0269 -0.9993
vn -0.0222 0.0177 -0.9996
vn -0.0006 -0.0114 -0.9999
vn -0.0074 0.0007 -1.0000
vn -0.0001 -0.0045 -1.0000
vn 0.0005 -0.0235 -0.9997
vn -0.0047 -0.0138 -0.9999
vn -0.0060 -0.0049 -1.0000
vn -0.0016 -0.0103 -0.9999
vn -0.9494 0.3141 -0.0012
vn -0.9534 0.3017 0.0101
vn -0.9999 0.0091 -0.0102
vn -1.0000 -0.0033 0.0006
vn 0.3912 -0.9203 -0.0003
vn 0.3921 -0.9199 -0.0009
vn 0.9999 -0.0102 -0.0002
vn 0.9999 -0.0105 0.0002
vn 0.9984 0.0504 -0.0266
vn 0.9990 0.0430 -0.0132
vn 0.9991 0.0375 0.0186
vn 0.9961 -0.0887 0.0003
vn 0.9937 -0.1116 0.0085
vn 0.9990 -0.0337 -0.0299
vn 0.9987 -0.0483 0.0185
vn 0.9995 -0.0261 0.0152
vn -0.2876 -0.9577 -0.0057
vn -0.2828 -0.9566 0.0702
vn -0.4272 -0.8895 -0.1618
vn -0.2934 -0.9560 0.0015
vn -0.6175 -0.7866 -0.0022
vn -0.6170 -0.7870 -0.0043
vn 0.0162 -0.9999 0.0059
vn 0.0081 -1.0000 -0.0006
vn -0.0021 -0.9992 0.0409
vn -0.0113 -0.9996 0.0248
vn 0.0204 -0.9998 -0.0085
vn -0.0116 -0.9992 -0.0378
vn -0.0307 -0.9995 -0.0088
vn -0.0420 -0.9991 -0.0007
vn -0.9980 0.0622 -0.0072
vn -0.9998 0.0181 0.0064
vn 0.0089 0.9998 0.0172
vn 0.0112 0.9997 0.0201
vn -0.0109 0.9999 0.0019
vn 0.0051 0.9998 0.0179
vn -0.0104 0.9998 -0.0192
vn -0.0216 0.9998 -0.0011
vn -0.0283 0.9996 0.0030
vn -0.0073 1.0000 -0.0033
vn -0.9998 0.0148 0.0152
vn -0.9998 -0.0139 -0.0152
vn -0.0103 -0.9999 -0.0124
vn 0.0013 -1.0000 0.0090
vn -0.0084 -0.9999 -0.0143
vn -0.0313 -0.9995 0.0003
vn 0.0043 -0.9996 0.0283
vn -0.0069 -1.0000 0.0004
vn -0.0066 -1.0000 0.0001
vn -0.0100 -0.9999 0.0056
vn -0.9981 -0.0617 0.0089
vn -0.9999 -0.0132 -0.0062
vn 0.0146 0.9999 -0.0017
vn -0.0059 0.9998 0.0181
vn -0.0273 0.9996 0.0015
vn -0.0051 0.9999 0.0126
vn 0.0054 0.9995 0.0318
vn 0.0172 0.9999 0.0001
vn -0.0077 0.9998 0.0158
vn -0.0039 0.9994 -0.0332
vn 0.6537 0.7568 -0.0008
vn 0.6548 0.7558 -0.0001
vn -0.1825 -0.9765 -0.1148
vn -0.0071 -0.9664 0.2570
vn -0.1223 -0.9060 0.4052
vn -0.0152 -0.9230 -0.3844
vn -0.0806 -0.8615 -0.5014
vn -0.7288 0.6653 -0.1619
vn -0.9459 0.3140 0.0823
vn -0.6930 0.6721 0.2608
vn -0.3231 0.8378 0.4401
vn -0.5174 0.8351 -0.1870
vn -0.9610 -0.2668 -0.0733
vn -0.8857 -0.4486 -0.1193
vn -0.8679 -0.4765 -0.1404
vn -0.6884 -0.7123 -0.1365
vn -0.9205 -0.3195 0.2247
vn -0.0970 -0.6449 0.7581
vn 0.1164 -0.4115 0.9040
vn -0.3056 0.5477 0.7789
vn 0.1556 0.9809 -0.1166
vn -0.1967 0.7912 -0.5790
vn 0.1433 -0.6953 -0.7043
vn -0.1423 -0.4845 -0.8631
vn -0.9935 -0.1063 -0.0409
vn -0.9998 -0.0119 -0.0162
vn -0.9956 0.0788 0.0506
vn -0.8951 0.2442 -0.3731
vn 0.0674 -0.5053 0.8603
vn -0.0213 0.8240 0.5662
vn -0.0160 0.8028 0.5961
vn -0.0787 0.4378 0.8956
vn -0.1343 -0.8979 0.4192
vn -0.0354 -0.8207 -0.5702
vn 0.0059 -0.8721 -0.4893
vn -0.0310 0.5473 -0.8363
vn 0.0342 0.6614 -0.7493
vn -0.0187 -0.9569 -0.2898
vn 0.0082 -0.8940 -0.4480
vn -0.0130 0.7644 -0.6446
vn 0.0237 0.8684 -0.4953
vn -0.0116 0.1477 0.9890
vn 0.0212 -0.0288 0.9994
vn -0.1860 -0.2291 -0.9554
vn -0.3174 0.8463 0.4278
vn -0.1749 0.4607 0.8702
vn -0.2690 0.7221 0.6374
vn -0.2699 0.7327 -0.6247
vn -0.2522 0.6606 -0.7071
vn -0.2598 0.6764 -0.6892
vn -0.9252 0.1310 -0.3560
vn -0.9907 -0.0734 -0.1142
vn -0.2330 0.0188 0.9723
vn -0.1048 0.1024 0.9892
vn 0.8464 -0.0993 0.5232
vn 0.9769 0.0789 0.1987
vn 0.4332 -0.0768 -0.8980
vn 0.4682 -0.1096 -0.8768
vn -0.9251 0.1322 -0.3560
vn -0.9907 -0.0741 -0.1142
vn -0.2330 0.0190 0.9723
vn -0.1048 0.1032 0.9891
vn 0.8464 -0.1002 0.5231
vn 0.9768 0.0796 0.1987
vn 0.4332 -0.0774 -0.8980
vn 0.4681 -0.1105 -0.8767
vn -0.7957 0.6054 0.0170
vn -0.4285 0.9033 0.0198
vn -0.9958 0.0364 0.0838
vn -0.0186 0.8954 -0.4448
vn -0.3777 0.9258 -0.0139
vn -0.9968 0.0746 0.0286
vn -0.9934 0.1146 -0.0051
vn 0.9159 0.4012 0.0159
vn 0.9986 -0.0364 -0.0372
vn 0.5703 0.8214 0.0089
vn 0.9364 0.3510 -0.0010
vn -0.0026 0.9738 0.2276
vn 0.0034 0.9587 0.2845
vn 0.0008 -0.0217 -0.9998
vn -0.0022 -0.0610 -0.9981
vn 0.0119 -0.1150 0.9933
vn -0.0099 0.1826 0.9831
vn 0.0658 0.9971 -0.0373
vn -0.9861 0.1189 0.1158
vn -0.9614 -0.2750 0.0129
vn 0.8426 -0.5385 -0.0054
vn 0.9860 -0.1189 0.1170
vn 0.9906 0.1104 0.0811
vn -0.9341 -0.3524 0.0575
vn -0.9261 -0.3737 0.0525
vn -0.0680 0.9977 -0.0074
vn -0.3437 0.9294 -0.1345
vn -0.2099 -0.4512 0.8674
vn -0.1196 0.1011 0.9877
vn 0.9899 -0.0458 0.1343
vn -0.9280 0.3726 0.0007
vn -0.8725 0.4885 -0.0062
vn 0.8093 0.5811 -0.0863
vn 0.9384 0.3256 -0.1156
vn 0.2167 -0.9692 -0.1172
vn 0.9621 0.2685 -0.0481
vn 0.9117 0.4102 0.0243
vn 0.9247 0.3786 0.0400
vn 0.7870 0.6111 0.0850
vn 1.0000 -0.0040 -0.0018
vn 0.9999 0.0098 0.0101
vn 0.9531 0.3024 -0.0102
vn 0.9491 0.3151 0.0013
vn -0.3955 -0.9185 0.0014
vn -0.3939 -0.9191 0.0003
vn -0.9999 -0.0103 -0.0002
vn -0.9999 -0.0102 -0.0001
vn -0.9997 -0.0162 0.0163
vn -0.9977 -0.0675 -0.0031
vn -0.9996 -0.0197 -0.0196
vn -0.9986 -0.0531 -0.0005
vn -1.0000 -0.0063 0.0002
vn -0.9990 -0.0442 -0.0019
vn -1.0000 -0.0065 0.0006
vn -1.0000 -0.0064 -0.0001
vn 0.2841 -0.9549 0.0862
vn 0.3034 -0.9528 0.0049
vn 0.3275 -0.9444 0.0306
vn 0.2810 -0.9555 -0.0899
vn 0.3431 -0.9390 0.0250
vn 0.2824 -0.9556 -0.0840
vn 0.3078 -0.9514 0.0021
vn 0.6167 -0.7872 0.0027
vn 0.6190 -0.7854 -0.0067
vn -0.0063 -0.9986 -0.0528
vn 0.0116 -0.9997 -0.0229
vn 0.0395 -0.9992 -0.0041
vn 0.0021 -1.0000 -0.0085
vn -0.0105 -0.9999 0.0009
vn -0.0044 -1.0000 0.0048
vn 0.0010 -0.9996 0.0295
vn 0.0071 -0.9998 0.0188
vn 0.0130 -0.9998 0.0152
vn 0.9980 0.0633 0.0069
vn 0.9997 0.0234 -0.0053
vn 0.0044 0.9997 -0.0232
vn 0.0059 0.9998 -0.0208
vn -0.0088 1.0000 -0.0037
vn 0.0179 0.9997 0.0163
vn 0.0085 1.0000 -0.0023
vn -0.0049 1.0000 -0.0070
vn 0.0588 0.9978 0.0301
vn 0.0082 1.0000 -0.0020
vn 0.9997 -0.0172 0.0194
vn 0.9998 0.0152 -0.0154
vn -0.0166 -0.9993 -0.0322
vn 0.0129 -0.9997 0.0207
vn 0.0011 -0.9999 -0.0116
vn 0.0189 -0.9998 0.0115
vn 0.0302 -0.9995 0.0029
vn 0.0167 -0.9998 -0.0055
vn -0.0065 -0.9999 -0.0148
vn -0.0005 -0.9997 -0.0263
vn -0.0251 -0.9996 0.0099
vn 0.9984 -0.0557 -0.0088
vn 0.9999 -0.0113 0.0048
vn 0.0032 0.9999 0.0132
vn 0.0005 1.0000 0.0088
vn 0.0097 0.9999 0.0041
vn 0.0224 0.9997 0.0062
vn 0.0029 0.9995 -0.0316
vn 0.0156 0.9999 -0.0006
vn 0.0165 0.9996 0.0242
vn -0.0231 0.9997 -0.0012
vn -0.6518 0.7584 -0.0002
vn -0.6564 0.7544 -0.0029
vn 0.0835 -0.9348 0.3452
vn 0.1233 -0.9403 0.3172
vn 0.1814 -0.9834 0.0004
vn 0.0456 -0.9165 -0.3974
vn 0.0507 -0.9178 -0.3937
vn 0.6052 0.6832 -0.4087
vn 0.6013 0.6917 0.4000
vn 0.6134 -0.7291 0.3036
vn 0.9540 -0.2947 -0.0554
vn 0.9269 -0.3688 0.0689
vn 0.9524 -0.3048 -0.0072
vn 0.6786 -0.6481 -0.3456
vn -0.1741 -0.9823 -0.0688
vn 0.3857 -0.5549 -0.7371
vn -0.0234 0.5482 -0.8360
vn 0.4648 0.8783 -0.1122
vn -0.3260 0.4072 0.8532
vn 0.2906 -0.5424 0.7883
vn 0.9990 0.0392 0.0213
vn 0.9829 -0.0239 0.1827
vn 0.9950 -0.0818 -0.0569
vn 0.1048 -0.1538 0.9825
vn -0.1187 0.7991 0.5894
vn 0.1276 0.9827 0.1343
vn 0.0755 0.3729 -0.9248
vn 0.1749 0.5359 -0.8260
vn 0.0176 -0.7656 -0.6430
vn 0.0613 -0.8938 -0.4443
vn -0.0682 -0.5951 0.8007
vn 0.2651 0.7080 -0.6545
vn 0.2957 0.7883 0.5395
vn 0.2728 0.7190 0.6392
vn 0.4340 -0.1593 -0.8867
vn -0.6398 0.1324 -0.7571
vn -0.9745 -0.1743 -0.1410
vn -0.8948 0.0980 0.4355
vn -0.1797 -0.0930 0.9793
vn 0.1668 0.0654 0.9838
vn 0.9871 -0.0837 0.1364
vn 0.9139 0.1238 0.3865
vn 0.3990 -0.1302 -0.9077
vn 0.4339 -0.1606 -0.8865
vn -0.6397 0.1335 -0.7570
vn -0.9743 -0.1758 -0.1410
vn -0.8947 0.0988 0.4355
vn -0.1797 -0.0938 0.9792
vn 0.1668 0.0660 0.9838
vn 0.9871 -0.0844 0.1364
vn 0.9138 0.1248 0.3865
vn 0.3989 -0.1313 -0.9076
vn 0.0251 0.8024 -0.5962
vn -0.0023 -0.5402 -0.8416
vn -0.0470 -0.7048 -0.7078
vn -0.0314 -0.6457 0.7630
vn -0.0309 -0.6481 0.7609
vn 0.0099 0.5634 0.8261
vn -0.0780 0.9714 0.2243
vn 0.9874 0.1172 -0.1059
vn 0.9749 0.2079 0.0802
vn 0.9905 0.0633 0.1217
vn 0.9765 0.1995 -0.0816
vn 0.9959 0.0340 -0.0843
vn 0.3309 0.9436 -0.0084
vn -0.7496 0.6595 0.0566
vn 0.2171 0.8806 -0.4212
vn 0.6103 0.7919 0.0192
vn 0.5095 0.7547 0.4133
vn 0.7882 0.6143 -0.0387
vn 0.9984 0.0490 -0.0273
vn 0.9932 0.1144 0.0205
vn -0.5434 0.8395 0.0004
vn -0.8984 0.4390 -0.0156
vn -0.9994 -0.0340 -0.0060
vn 0.8312 -0.5541 0.0455
vn -0.4647 -0.8782 -0.1130
vn -0.7935 -0.6085 -0.0023
vn 0.4677 0.8839 -0.0031
vn 0.1422 0.9839 -0.1082
vn 0.9119 -0.3598 0.1975
vn 0.9910 -0.0383 0.1284
vn -0.4829 0.8709 0.0909
vn 0.0231 0.9976 -0.0645
vn -0.1288 -0.0381 0.9909
vn -0.5862 -0.4630 -0.6648
vn -0.3882 -0.7411 0.5478
vn 0.9408 -0.3387 -0.0166
vn 0.9556 -0.2483 0.1585
vn 0.8776 -0.4786 0.0268
vn 0.1764 -0.4164 -0.8919
vn 0.1089 -0.0155 -0.9939
vn -0.9159 0.3747 -0.1442
vn -0.9915 -0.0664 0.1115
vn -0.0900 0.0517 0.9946
vn -0.1966 -0.0337 0.9799
vn -0.4591 -0.8276 0.3228
vn -0.9855 -0.1694 -0.0063
vn -0.2898 -0.9139 -0.2844
vn 0.5395 -0.8349 -0.1090
vn -0.3293 -0.9025 0.2775
vn 0.5016 -0.8643 0.0359
vn -0.1530 -0.9882 0.0051
vn 0.2872 -0.9578 -0.0081
vn 0.9683 -0.2499 0.0036
vn 0.6039 0.7970 -0.0065
vn 0.4778 0.8785 -0.0020
vn -0.8703 0.4925 0.0035
vn -0.9755 0.2199 -0.0051
vn 0.0520 0.0134 0.9986
vn -0.0070 0.0059 1.0000
vn -0.0161 0.0007 0.9999
vn -0.0060 -0.0026 1.0000
vn 0.0144 0.0186 0.9997
vn 0.0167 0.0298 0.9994
vn 0.1548 -0.3777 0.9129
vn 0.0283 0.0157 0.9995
vn 0.0188 0.0514 0.9985
vn 0.0051 -0.0003 1.0000
vn 0.0083 0.0007 1.0000
vn 0.0265 -0.0601 0.9978
vn 0.0080 0.0051 1.0000
vn 0.0128 -0.0044 0.9999
vn 0.0057 0.0051 1.0000
vn 0.8198 0.0014 0.5727
vn -0.0095 0.0471 0.9988
vn 0.1137 -0.0893 0.9895
vn -0.0191 0.0243 0.9995
vn 0.0043 0.0038 1.0000
vn 0.0127 0.0095 0.9999
vn 0.0453 0.1150 0.9923
vn -0.1267 -0.3009 0.9452
vn -0.0227 0.0290 0.9993
vn -0.0139 0.0635 0.9979
vn 0.0058 0.0598 0.9982
vn -0.0055 -0.0261 0.9996
vn -0.0143 0.0056 0.9999
vn -0.0093 0.0028 1.0000
vn -0.0098 -0.0484 0.9988
vn -0.0393 -0.0367 0.9986
vn 0.1255 0.0236 0.9918
vn -0.0026 0.0092 1.0000
vn -0.0229 0.0370 0.9991
vn -0.0223 0.0294 0.9993
vn 0.0079 0.0206 0.9998
vn 0.0443 -0.0078 0.9990
vn -0.0110 -0.0285 0.9995
vn 0.0089 0.0380 0.9992
vn 0.0051 0.0138 0.9999
vn 0.0051 0.0232 0.9997
vn -0.0133 0.0754 0.9971
vn 0.0275 -0.0197 0.9994
vn 0.0010 -0.0001 1.0000
vn 0.0036 -0.0120 0.9999
vn 0.0003 0.0364 0.9993
vn -0.0208 -0.0294 0.9994
vn 0.0073 -0.0134 0.9999
vn 0.0072 -0.0139 0.9999
vn 0.0339 -0.0242 0.9991
vn 0.0200 -0.4781 0.8781
vn -0.0364 -0.0387 0.9986
vn 0.0013 -0.0190 0.9998
vn -0.0209 -0.0307 0.9993
vn -0.0235 -0.0094 0.9997
vn 0.0044 0.0007 1.0000
vn 0.0031 0.0022 1.0000
vn -0.0118 0.0114 0.9999
vn -0.0043 0.0035 1.0000
vn 0.0010 -0.0008 1.0000
vn 0.0239 0.0416 0.9988
vn 0.0237 0.1213 0.9923
vn 0.0032 0.0026 1.0000
vn -0.0020 0.0029 1.0000
vn -0.0009 -0.0032 1.0000
vn -0.0010 0.0025 1.0000
vn -0.0235 -0.0248 -0.9994
vn -0.0091 0.0135 -0.9999
vn -0.0207 -0.0253 -0.9995
vn -0.0282 -0.0619 -0.9977
vn -0.0000 0.0381 -0.9993
vn -0.0201 0.0373 -0.9991
vn 0.0232 0.0509 -0.9984
vn 0.0026 -0.0236 -0.9997
vn -0.0162 -0.0071 -0.9998
vn 0.0074 -0.0133 -0.9999
vn 0.0206 0.0331 -0.9992
vn 0.0221 -0.0207 -0.9995
vn 0.0099 -0.0088 -0.9999
vn 0.0210 -0.0195 -0.9996
vn 0.0048 0.0072 -1.0000
vn -0.0067 -0.0283 -0.9996
vn 0.0059 0.0116 -0.9999
vn 0.0162 0.0335 -0.9993
vn -0.0007 0.0012 -1.0000
vn 0.0019 0.0004 -1.0000
vn 0.0011 0.0028 -1.0000
vn -0.0039 0.0111 -0.9999
vn 0.0080 -0.0190 -0.9998
vn -0.0072 0.0096 -0.9999
vn 0.0016 -0.0186 -0.9998
vn 0.0001 0.0099 -1.0000
vn 0.0001 0.0044 -1.0000
vn 0.0378 -0.0335 -0.9987
vn -0.0130 -0.0119 -0.9998
vn 0.0085 0.0174 -0.9998
vn -0.0068 -0.0070 -1.0000
vn -0.0097 -0.0098 -0.9999
vn 0.0084 -0.0028 -1.0000
vn -0.0033 0.0005 -1.0000
vn -0.0373 -0.0321 -0.9988
vn 0.0026 -0.0624 -0.9980
vn 0.0018 -0.0302 -0.9995
vn -0.0712 0.0168 -0.9973
vn 0.0080 0.0091 -0.9999
vn -0.0604 -0.2029 -0.9773
vn 0.0057 -0.0061 -1.0000
vn 0.0191 -0.0002 -0.9998
vn 0.0126 -0.0146 -0.9998
vn -0.3977 -0.9175 0.0011
vn -0.4754 -0.8798 -0.0025
vn 0.9863 -0.1649 0.0051
vn 0.9149 0.4036 -0.0124
vn -0.3402 0.9403 0.0113
vn -0.7811 0.6244 -0.0041
vn -0.2679 0.9581 -0.1015
vn -0.3354 0.9420 0.0131
vn -0.2862 0.9579 -0.0248
vn -0.2763 0.9461 0.1690
vn -0.2944 0.9549 0.0397
vn -0.3553 0.9347 -0.0092
vn -0.3661 0.9285 0.0625
vn -0.3218 0.9468 0.0057
vn 0.2071 -0.9782 0.0115
vn 0.2421 -0.9698 0.0306
vn 0.3218 -0.9462 -0.0340
vn 0.2826 0.9591 -0.0153
vn 0.3099 0.9508 -0.0037
vn 0.2734 0.9617 0.0174
vn 0.3708 0.9287 -0.0057
vn 0.3621 0.9321 0.0055
vn -0.1413 -0.9787 -0.1486
vn 0.9466 0.0401 0.3199
vn 0.7353 -0.6738 -0.0721
vn 0.0651 0.3201 -0.9451
vn -0.6642 -0.3116 -0.6795
vn -0.6615 0.5595 0.4994
vn -0.9936 -0.1068 -0.0376
vn -0.3861 -0.2489 0.8883
vn -0.1909 -0.8877 -0.4189
vn -0.6672 -0.7258 0.1675
vn -0.9957 -0.0614 0.0697
vn 0.1133 -0.7399 0.6631
vn -0.3797 -0.9251 0.0046
vn -0.2527 -0.9661 -0.0523
vn -0.2323 -0.9716 -0.0443
vn -0.0399 0.9683 0.2467
vn -0.0001 0.8189 0.5740
vn 0.0011 1.0000 0.0013
vn -0.0011 1.0000 0.0027
vn -0.8480 0.5300 -0.0037
vn -0.8765 0.4814 -0.0006
vn 0.9614 -0.1195 -0.2479
vn 0.9230 0.3040 -0.2360
vn 0.8966 0.3704 0.2428
vn 0.9417 0.1590 0.2964
vn 0.9486 0.2910 0.1243
vn 0.7800 0.6202 0.0828
vn 1.0000 -0.0034 -0.0023
vn 0.9999 0.0110 0.0101
vn 0.9533 0.3018 -0.0101
vn 0.9490 0.3152 0.0020
vn -0.3959 -0.9183 0.0034
vn -0.3916 -0.9201 0.0003
vn -0.9999 -0.0105 -0.0002
vn -0.9999 -0.0102 0.0002
vn -0.9695 -0.2441 0.0231
vn -0.6882 -0.7253 0.0178
vn -0.9997 -0.0015 -0.0237
vn -1.0000 -0.0051 0.0003
vn -1.0000 -0.0052 -0.0005
vn -0.9996 0.0037 0.0293
vn 0.2879 -0.9536 0.0885
vn 0.3059 -0.9520 0.0075
vn 0.3340 -0.9424 0.0164
vn 0.2884 -0.9548 -0.0715
vn 0.3138 -0.9495 0.0019
vn 0.6154 -0.7882 0.0033
vn 0.6195 -0.7849 -0.0147
vn 0.0384 -0.9992 -0.0096
vn 0.0180 -0.9992 -0.0360
vn 0.0054 -0.9999 -0.0155
vn 0.0433 -0.9990 -0.0060
vn -0.0105 -0.9999 0.0001
vn -0.0128 -0.9999 -0.0013
vn 0.0166 -0.9997 0.0201
vn 0.0124 -0.9995 0.0277
vn 0.9980 0.0633 0.0076
vn 0.9998 0.0187 -0.0062
vn 0.0068 0.9999 0.0110
vn 0.0069 0.9998 -0.0163
vn 0.0099 0.9999 -0.0114
vn -0.0008 1.0000 -0.0042
vn 0.0086 0.9999 0.0069
vn 0.0090 0.9999 0.0076
vn -0.0020 1.0000 -0.0030
vn 0.0253 0.9997 -0.0002
vn 0.9998 -0.0142 0.0152
vn 0.9997 0.0160 -0.0169
vn 0.0019 -1.0000 -0.0005
vn 0.0124 -0.9998 0.0136
vn 0.0080 -0.9997 0.0210
vn 0.0012 -1.0000 -0.0012
vn 0.0279 -0.9996 0.0012
vn 0.0163 -0.9999 -0.0058
vn 0.0072 -0.9999 -0.0078
vn 0.0099 -0.9999 -0.0131
vn 0.9981 -0.0617 -0.0092
vn 0.9999 -0.0114 0.0064
vn 0.0051 0.9998 0.0176
vn -0.0008 1.0000 0.0081
vn 0.0127 0.9999 0.0054
vn -0.0086 1.0000 -0.0031
vn 0.0164 0.9999 0.0005
vn 0.0035 0.9998 -0.0218
vn 0.0173 0.9998 0.0013
vn -0.0127 0.9999 -0.0006
vn -0.6465 0.7629 0.0001
vn -0.6536 0.7568 -0.0041
vn -0.0914 -0.8654 0.4927
vn 0.1593 -0.9341 0.3194
vn 0.1918 -0.9814 0.0024
vn 0.0208 -0.9165 -0.3994
vn -0.0387 -0.8980 -0.4384
vn 0.7330 0.6562 0.1794
vn 0.6135 -0.7290 0.3036
vn 0.9264 -0.3725 -0.0546
vn 0.9158 -0.3431 -0.2086
vn 0.0949 -0.9193 -0.3818
vn 0.2915 0.4824 -0.8261
vn 0.2615 0.5130 -0.8176
vn 0.0922 0.9500 0.2983
vn 0.4381 0.4566 0.7744
vn -0.2453 -0.6240 0.7419
vn 0.2683 -0.9588 0.0929
vn 0.4936 -0.7822 -0.3802
vn 0.9973 0.0096 0.0731
vn 0.1367 -0.0810 0.9873
vn -0.0522 0.7840 0.6185
vn 0.1245 0.9466 0.2975
vn 0.0581 0.3788 -0.9236
vn 0.1523 0.5278 -0.8356
vn 0.0033 -0.7470 -0.6648
vn 0.0594 -0.9043 -0.4227
vn -0.0626 -0.6519 0.7557
vn 0.1871 0.4927 -0.8498
vn -0.1309 -0.3779 -0.9165
vn 0.2642 0.6926 0.6712
vn 0.2943 0.7824 0.5489
vn 0.4373 -0.5542 0.7083
vn 0.3234 -0.3967 0.8591
vn 0.0040 -0.8111 0.5849
vn -0.0716 0.1463 -0.9866
vn -0.7210 -0.2180 -0.6577
vn -0.9686 0.1991 0.1492
vn -0.4733 -0.1786 0.8626
vn 0.3132 0.1562 0.9368
vn 0.8122 -0.0997 0.5748
vn 0.9666 0.0873 -0.2409
vn 0.7694 -0.1052 -0.6300
vn -0.0716 0.1475 -0.9865
vn -0.7207 -0.2198 -0.6574
vn -0.9682 0.2008 0.1491
vn -0.4731 -0.1801 0.8624
vn 0.3131 0.1575 0.9366
vn 0.8121 -0.1006 0.5748
vn 0.9665 0.0881 -0.2409
vn 0.7693 -0.1061 -0.6300
vn 0.0055 0.9272 -0.3745
vn -0.0699 -0.5768 -0.8139
vn -0.0134 -0.2296 -0.9732
vn 0.0197 -0.9765 0.2148
vn -0.0507 -0.7218 0.6902
vn 0.0177 0.4728 0.8810
vn -0.0775 0.9561 0.2825
vn -0.2908 0.3385 0.8949
vn 0.9898 0.1053 -0.0961
vn 0.9711 0.2219 0.0883
vn 0.9857 0.1065 0.1302
vn 0.9727 0.2262 -0.0527
vn -0.9730 0.2293 0.0268
vn -0.8961 0.4438 -0.0048
vn 0.5066 0.7841 -0.3584
vn 0.3527 0.9357 0.0110
vn -0.0519 0.9053 0.4216
vn 0.9940 0.1063 -0.0271
vn 0.9942 0.1030 -0.0302
vn -0.8625 0.5061 -0.0006
vn -0.9026 0.4305 -0.0049
vn -0.0282 0.8375 -0.5457
vn -0.0002 0.9619 -0.2735
vn 0.0002 -0.0508 0.9987
vn 0.0004 -0.0529 0.9986
vn -0.0012 -0.0536 -0.9986
vn 0.0006 -0.0305 -0.9995
vn 0.7346 -0.6732 0.0851
vn -0.4623 -0.8738 -0.1509
vn -0.9815 -0.1868 0.0410
vn 0.4670 0.8826 -0.0549
vn 0.2031 0.9702 -0.1324
vn 0.9753 0.2011 0.0916
vn -0.9260 0.3626 0.1054
vn -0.4876 0.8494 0.2018
vn 0.6131 0.7870 -0.0688
vn -0.0318 -0.2369 0.9710
vn 0.8464 0.5326 -0.0026
vn 0.8692 0.4945 -0.0001
vn -0.9881 0.1134 0.1041
vn -0.9980 0.0556 -0.0308
vn -0.9944 0.1060 -0.0020
vn -0.9774 0.1956 0.0795
vn -0.9087 0.4097 0.0804
vn -0.5894 0.6710 -0.4500
vn -0.8945 0.4361 -0.0983
vn -0.9005 0.4248 -0.0933
vn -0.9175 0.3804 0.1161
vn -0.9493 0.3142 -0.0009
vn -0.9532 0.3021 0.0102
vn -0.9999 0.0099 -0.0101
vn -1.0000 -0.0033 0.0013
vn 0.3926 -0.9197 -0.0001
vn 0.3925 -0.9197 -0.0001
vn 0.9999 -0.0102 0.0001
vn 0.9999 -0.0104 0.0003
vn 0.9991 0.0416 -0.0120
vn 0.9990 0.0423 -0.0130
vn 0.9983 0.0340 0.0472
vn -0.2630 -0.9645 0.0221
vn 0.9951 -0.0928 -0.0331
vn 0.9971 -0.0662 -0.0374
vn 0.9988 -0.0334 0.0371
vn -0.3718 -0.9263 0.0621
vn -0.2985 -0.9495 -0.0963
vn -0.3159 -0.9488 0.0068
vn -0.3272 -0.9447 0.0223
vn -0.6183 -0.7857 -0.0199
vn -0.6228 -0.7824 -0.0028
vn 0.0230 -0.9997 0.0113
vn -0.0193 -0.9996 0.0191
vn 0.0053 -1.0000 -0.0011
vn -0.0421 -0.9991 -0.0106
vn -0.0471 -0.9989 -0.0069
vn -0.0119 -0.9994 0.0322
vn 0.0204 -0.9997 -0.0113
vn -0.0183 -0.9985 -0.0521
vn -0.9980 0.0622 -0.0061
vn -0.9998 0.0177 0.0072
vn -0.0058 1.0000 -0.0047
vn -0.0108 0.9999 0.0055
vn -0.0025 1.0000 -0.0015
vn -0.0098 0.9999 -0.0130
vn -0.0099 0.9999 -0.0128
vn -0.0084 0.9996 0.0268
vn -0.0382 0.9993 0.0052
vn -0.0162 0.9998 0.0151
vn -0.9998 0.0155 0.0144
vn -0.9997 -0.0153 -0.0183
vn -0.0102 -0.9999 -0.0101
vn -0.0070 -1.0000 -0.0043
vn 0.0001 -0.9997 -0.0241
vn -0.0433 -0.9990 0.0052
vn 0.0010 -0.9994 0.0356
vn -0.0120 -0.9999 0.0075
vn -0.0030 -1.0000 -0.0002
vn -0.0144 -0.9998 0.0119
vn -0.9984 -0.0559 0.0089
vn -0.9999 -0.0131 -0.0042
vn -0.0175 0.9998 0.0002
vn -0.0191 0.9998 0.0016
vn -0.0058 0.9998 0.0212
vn 0.0124 0.9999 -0.0018
vn -0.0129 0.9999 0.0075
vn 0.0103 0.9999 0.0062
vn 0.0055 1.0000 0.0027
vn -0.0067 0.9998 -0.0191
vn 0.6531 0.7573 0.0012
vn 0.6514 0.7588 0.0002
vn -0.1588 -0.9864 0.0429
vn -0.0140 -0.9663 0.2570
vn -0.1167 -0.8940 0.4327
vn -0.0595 -0.9150 -0.3991
vn 0.0401 -0.8795 -0.4742
vn -0.2161 0.8804 0.4222
vn -0.4790 0.7648 0.4309
vn -0.4437 0.8911 0.0953
vn -0.6332 0.7664 -0.1081
vn -0.7127 -0.6813 0.1668
vn -0.6719 -0.6568 -0.3422
vn -0.9475 -0.3181 -0.0319
vn -0.9092 -0.4155 0.0274
vn -0.9700 -0.1926 0.1486
vn -0.6425 -0.7625 -0.0766
vn -0.8083 -0.5843 -0.0730
vn -0.1323 0.4059 0.9043
vn -0.1987 0.4644 0.8630
vn -0.2272 0.9052 -0.3590
vn 0.2421 0.5460 -0.8020
vn -0.1470 -0.2277 -0.9626
vn 0.1829 -0.9606 0.2093
vn -0.0591 -0.9980 -0.0202
vn -0.9253 -0.2030 -0.3204
vn -0.9975 -0.0503 0.0503
vn -0.9959 0.0898 -0.0130
vn 0.0145 -0.5824 0.8127
vn -0.0040 0.7793 0.6266
vn -0.1359 0.4058 0.9038
vn -0.0830 -0.7765 0.6247
vn -0.0270 -0.5352 -0.8443
vn 0.0527 -0.6822 -0.7292
vn 0.0341 0.7282 -0.6845
vn -0.0461 0.9205 -0.3881
vn -0.0440 -0.7508 -0.6591
vn 0.0492 -0.1059 -0.9932
vn -0.0481 0.9771 -0.2074
vn 0.0573 0.9201 0.3874
vn -0.0395 -0.3031 0.9521
vn 0.0453 -0.8198 0.5709
vn -0.4522 -0.5776 0.6796
vn -0.3055 -0.3717 0.8767
vn 0.0061 -0.7255 0.6882
vn -0.2623 0.6858 0.6789
vn -0.2726 0.7190 -0.6393
vn -0.2925 0.7793 -0.5542
vn -0.7804 -0.0442 -0.6238
vn -0.8551 0.0626 -0.5147
vn -0.4998 -0.0496 0.8647
vn -0.4652 -0.0194 0.8850
vn 0.8448 0.0332 0.5340
vn 0.8929 -0.0289 0.4494
vn 0.6707 0.0184 -0.7415
vn 0.6716 0.0193 -0.7406
vn -0.7803 -0.0445 -0.6238
vn -0.8551 0.0632 -0.5147
vn -0.4998 -0.0500 0.8647
vn -0.4652 -0.0196 0.8850
vn 0.8448 0.0335 0.5340
vn 0.8929 -0.0292 0.4494
vn 0.6707 0.0185 -0.7415
vn 0.6716 0.0195 -0.7406
vn -0.7322 0.6810 0.0062
vn 0.0544 0.9123 -0.4059
vn -0.9938 0.1078 0.0282
vn -0.9935 0.1111 0.0249
vn 0.5694 0.8220 0.0089
vn 0.9157 0.4019 -0.0001
vn 0.5755 0.8159 0.0556
vn 0.9521 0.1289 0.2772
vn -0.9276 -0.3708 0.0445
vn -0.6421 0.7534 -0.1416
vn -0.3568 0.9342 0.0034
vn -0.2098 -0.4512 0.8674
vn 0.5768 -0.2379 0.7815
vn 0.8568 -0.0336 -0.5145
vn 0.3330 -0.8084 -0.4854
vn -0.9605 -0.0874 0.2642
vn -0.5508 -0.6684 -0.4999
vn -0.7226 -0.4268 0.5437
vn 0.4486 0.5451 0.7082
vn 0.3255 -0.2123 0.9214
vn 0.1708 0.5202 -0.8368
vn 0.8349 -0.1689 -0.5239
vn 0.6364 -0.7479 0.1886
vn 0.1252 -0.7415 -0.6592
vn -0.1489 -0.9585 0.2430
vn -0.4307 -0.7580 0.4897
vn -0.1569 -0.9798 -0.1243
vn 0.2209 -0.9691 0.1096
vn -0.9953 0.0958 -0.0147
vn -0.9468 0.3214 0.0141
vn -0.8193 0.5731 -0.0160
vn -0.6416 0.7668 0.0207
vn -0.2687 0.9629 -0.0235
vn -0.0107 0.9997 0.0211
vn 0.3585 0.9334 -0.0183
vn 0.5886 0.8082 0.0183
vn 0.8147 0.5797 -0.0155
vn 0.9490 0.3148 0.0166
vn 0.9868 0.1619 -0.0061
vn 0.9795 -0.2016 -0.0038
vn 0.9809 -0.1947 -0.0029
vn 0.7996 -0.6005 0.0040
vn 0.8066 -0.5910 0.0067
vn 0.4606 -0.8875 -0.0137
vn 0.3025 -0.9531 0.0102
vn -0.0085 -0.9997 -0.0213
vn -0.2611 -0.9653 0.0085
vn -0.5717 -0.8204 -0.0076
vn -0.5618 -0.8273 -0.0049
vn -0.9207 -0.3902 0.0050
vn -0.9254 -0.3789 0.0019
vn -0.9680 0.2499 -0.0235
vn 0.0002 0.0004 1.0000
vn -0.0621 0.0824 0.9947
vn 0.0004 0.0002 1.0000
vn 0.0004 -0.0001 1.0000
vn -0.0013 0.0002 -1.0000
vn -0.0033 -0.0447 -0.9990
vn -0.0336 0.0424 -0.9985
vn -0.0007 -0.0014 -1.0000
vn -0.9747 0.2235 0.0010
vn -0.9749 0.2225 -0.0000
vn -0.9749 0.2227 -0.0000
vn -0.9750 0.2222 0.0005
vn 0.0192 0.9998 -0.0000
vn 0.0326 0.9995 -0.0018
vn 0.4820 0.8762 -0.0016
vn 0.4727 0.8812 -0.0009
vn 0.9928 -0.1200 0.0011
vn 0.9917 -0.1288 0.0002
vn 0.9426 0.3339 0.0002
vn 0.9426 0.3339 0.0008
vn 0.9390 0.3439 0.0067
vn 0.9428 0.3334 -0.0001
vn 0.9421 0.3353 -0.0000
vn 0.9363 0.3512 -0.0000
vn 0.9377 0.3475 0.0002
vn 0.9397 0.3419 -0.0045
vn -0.3539 -0.9353 0.0001
vn -0.3669 -0.9302 -0.0046
vn -0.4746 0.8801 -0.0081
vn -0.3213 -0.9469 0.0077
vn 0.4747 -0.8801 -0.0079
vn 0.3213 0.9469 0.0071
vn 0.3613 -0.9324 -0.0110
vn 0.3559 -0.9345 0.0059
vn 0.3847 -0.9230 -0.0024
vn 0.3714 -0.9264 0.0613
vn 0.3617 -0.9323 0.0021
vn 0.3420 -0.9396 0.0157
vn 0.3556 -0.9347 0.0003
vn 0.3468 -0.9379 -0.0021
vn 0.3528 -0.9356 -0.0085
vn 0.3563 -0.9344 -0.0023
vn -0.6718 0.7342 0.0981
vn -0.7545 0.0927 0.6497
vn -0.0592 0.7589 0.6485
vn -0.1152 0.8635 0.4909
vn 0.9425 0.3097 -0.1257
vn -0.1115 0.9600 -0.2570
vn -0.0728 0.8931 -0.4440
vn -0.2926 -0.4012 -0.8680
vn -0.9285 0.3545 -0.1105
vn -0.1702 0.6783 0.7148
vn 0.0847 -0.9533 0.2900
vn -0.8903 0.4523 0.0529
vn 0.0884 -0.7405 -0.6662
vn -0.3922 -0.1062 -0.9137
vn 0.9794 0.1712 -0.1070
vn 0.8954 -0.4093 -0.1754
vn 0.2873 0.9393 0.1877
vn 0.2988 -0.7092 0.6385
vn 0.1118 0.2000 0.9734
vn -0.7461 -0.6621 -0.0702
vn -0.2630 -0.9623 0.0695
vn -0.3489 0.5162 -0.7821
vn 0.7162 -0.5673 -0.4064
vn 0.6559 -0.7388 -0.1551
vn -0.0123 0.9974 -0.0707
vn 0.4215 0.8050 -0.4176
vn 0.2309 0.4139 -0.8806
vn -0.3811 0.8509 -0.3614
vn -0.5054 0.5085 -0.6971
vn -0.7530 -0.6103 -0.2460
vn -0.6101 0.7853 0.1052
vn -0.6773 0.5931 0.4353
vn 0.2828 -0.2138 0.9350
vn 0.4194 0.8807 0.2200
vn 0.6423 -0.7593 0.1047
vn 0.3574 -0.9339 0.0122
vn 0.3544 -0.9351 0.0030
vn 0.3462 -0.9381 0.0068
vn 0.3458 -0.9383 0.0074
vn 0.3399 -0.9405 -0.0047
vn 0.3509 -0.9364 0.0002
vn 0.3503 -0.9366 -0.0094
vn 0.3538 -0.9353 -0.0017
vn 0.3546 -0.9350 -0.0036
vn 0.3550 -0.9349 -0.0001
vn 0.3551 -0.9348 -0.0002
vn -0.6705 0.2062 -0.7127
vn -0.4081 -0.8044 -0.4317
vn 0.4672 0.3134 -0.8267
vn 0.8875 -0.4607 -0.0073
vn 0.4422 -0.8922 0.0920
vn 0.4259 0.5037 0.7516
vn -0.4490 -0.7766 0.4419
vn -0.6242 0.5914 0.5105
vn 0.8199 -0.1754 -0.5450
vn 0.4156 0.8425 -0.3426
vn -0.3513 -0.0594 -0.9344
vn -0.0695 0.9959 -0.0583
vn -0.6529 0.7509 0.0996
vn -0.1595 0.4596 0.8737
vn 0.3879 0.8574 0.3381
vn 0.7482 0.1688 0.6416
vn -0.3326 -0.9430 -0.0142
vn -0.3333 -0.9425 0.0253
vn -0.3489 -0.9372 0.0043
vn -0.3588 -0.9334 0.0061
vn -0.3582 -0.9336 0.0050
vn -0.3710 -0.9286 -0.0011
vn -0.3773 -0.9261 0.0002
vn -0.3687 -0.9284 -0.0464
vn -0.3626 -0.9319 -0.0128
vn -0.3468 -0.9379 -0.0067
vn -0.4798 -0.8015 -0.3568
vn -0.6662 -0.5237 -0.5309
vn 0.7835 0.4766 -0.3988
vn 0.2967 -0.9254 -0.2359
vn 0.6259 0.3745 0.6841
vn -0.2221 -0.8796 0.4207
vn -0.4277 0.4404 0.7894
vn -0.8138 0.5738 -0.0919
vn -0.3841 0.9187 0.0925
vn 0.0057 0.9912 0.1324
vn -0.5929 0.1157 0.7970
vn 0.5057 0.7081 0.4928
vn 0.5043 0.8041 0.3149
vn 0.9805 -0.1227 0.1536
vn 0.5224 -0.4924 -0.6962
vn 0.2360 0.9250 -0.2976
vn -0.6357 0.0662 -0.7691
vn -0.3512 -0.9363 -0.0080
vn -0.3828 -0.9226 -0.0473
vn -0.3187 -0.9464 -0.0524
vn 0.4290 -0.6240 -0.6532
vn -0.3527 -0.9357 0.0001
vn -0.3460 -0.9382 0.0022
vn -0.3507 -0.9365 0.0072
vn -0.3485 -0.9372 0.0145
vn -0.3635 -0.9314 0.0163
vn -0.3543 -0.9351 0.0002
vn -0.3704 -0.9289 0.0020
vn 0.6303 0.7641 -0.1374
vn 0.8045 0.0889 -0.5873
vn 0.3806 0.8110 -0.4444
vn 0.3832 0.7840 -0.4885
vn -0.8283 0.2431 -0.5048
vn -0.8088 0.3721 0.4553
vn 0.3183 0.8205 0.4748
vn 0.4206 0.8405 0.3415
vn 0.5141 -0.6951 0.5026
vn 0.9598 0.2797 0.0235
vn 0.6514 0.7557 0.0668
vn -0.6390 -0.7690 -0.0174
vn -0.3083 0.9323 -0.1890
vn -0.0615 0.9399 -0.3358
vn -0.3719 -0.8249 -0.4258
vn -0.3227 -0.8124 -0.4857
vn 0.6934 -0.2519 -0.6750
vn 0.8519 0.1041 0.5132
vn -0.3355 -0.7855 0.5201
vn -0.3130 -0.7762 0.5474
vn -0.2996 0.8014 0.5177
vn -0.7480 -0.6205 0.2356
vn -0.3454 -0.9384 0.0082
vn -0.3531 -0.9356 -0.0009
vn -0.3402 -0.9403 0.0006
vn -0.3516 -0.9361 0.0016
vn -0.3613 -0.9324 0.0080
vn -0.3480 -0.9344 -0.0761
vn -0.3570 -0.9337 -0.0281
vn -0.3519 -0.9360 -0.0017
vn -0.3460 -0.9382 -0.0058
vn -0.3523 -0.9359 -0.0079
vn -0.3812 -0.9243 -0.0199
vn -0.3620 -0.9321 0.0083
vn -0.3537 -0.9316 0.0843
vn -0.3533 -0.9352 0.0232
vn -0.5513 0.8222 0.1414
vn -0.5253 0.7074 0.4728
vn 0.4948 -0.1632 0.8535
vn 0.4357 0.8742 -0.2145
vn -0.1570 0.9600 -0.2317
vn 0.2261 -0.6992 -0.6782
vn -0.7720 0.5342 -0.3444
vn -0.8646 -0.4983 0.0640
vn -0.5935 0.8033 -0.0506
vn 0.3989 0.9161 -0.0414
vn 0.6080 -0.7916 0.0607
vn 0.5977 0.3699 0.7112
vn -0.3070 0.7331 0.6069
vn 0.0742 -0.9587 0.2747
vn -0.6493 -0.7159 0.2566
vn -0.5816 0.4765 -0.6593
vn 0.5694 -0.7414 -0.3551
vn 0.5666 -0.7196 -0.4013
vn 0.4004 -0.9162 -0.0139
vn 0.2872 -0.9579 0.0044
vn 0.3509 -0.9364 -0.0032
vn 0.1315 -0.9698 -0.2055
vn 0.3696 -0.9287 0.0301
vn 0.3591 -0.9333 0.0026
vn 0.3585 -0.9335 -0.0032
vn 0.3374 -0.9409 0.0285
vn 0.3448 -0.9386 0.0136
vn 0.3902 -0.9206 -0.0119
vn 0.3550 -0.9338 -0.0439
vn 0.3509 -0.8862 -0.3024
vn -0.9850 0.1355 -0.1065
vn -0.9464 0.2543 -0.1993
vn 0.5080 -0.2004 0.8377
vn 0.8183 0.5306 0.2210
vn 0.4962 -0.2677 -0.8259
vn -0.0343 -0.9985 0.0426
vn -0.6324 -0.6070 0.4813
vn 0.6624 0.5409 0.5183
vn 0.5332 -0.6318 -0.5627
vn -0.6642 0.5363 -0.5208
vn 0.1086 0.9526 0.2842
vn 0.3699 -0.7549 0.5416
vn -0.5932 0.6586 0.4630
vn -0.1045 -0.9937 0.0404
vn -0.8291 0.0345 -0.5581
vn 0.5117 0.1267 -0.8498
vn 0.6824 -0.7082 -0.1810
vn -0.6377 0.7588 0.1322
vn -0.6704 0.5661 0.4797
vn 0.1839 -0.0747 0.9801
vn 0.3914 0.9031 0.1764
vn 0.0336 0.9980 -0.0527
vn 0.5627 -0.4390 -0.7005
vn -0.3739 0.8746 -0.3086
vn -0.4359 -0.8555 -0.2794
vn 0.4105 -0.9117 0.0168
vn 0.3623 -0.9321 0.0044
vn 0.3711 -0.9235 0.0970
vn 0.3563 -0.9344 0.0006
vn 0.3525 -0.9358 0.0037
vn 0.1382 -0.9856 -0.0976
vn 0.3019 -0.9526 -0.0371
vn 0.6272 -0.5158 -0.5836
vn 0.3478 -0.9375 -0.0087
vn 0.0462 0.9102 0.4115
vn 0.3377 -0.8655 0.3700
vn -0.5959 0.4485 0.6661
vn -0.8981 -0.3977 -0.1875
vn 0.0495 -0.9796 -0.1947
vn -0.3621 0.2133 -0.9074
vn 0.1679 0.6897 -0.7044
vn 0.7817 -0.6144 -0.1071
vn 0.7922 -0.5990 -0.1167
vn 0.5105 0.0220 -0.8596
vn -0.3481 0.8832 -0.3141
vn -0.5197 0.2268 -0.8237
vn -0.9818 0.0767 -0.1738
vn -0.6435 0.7639 0.0482
vn -0.7343 -0.1004 0.6713
vn 0.2000 0.0755 0.9769
vn -0.0899 0.9905 0.1045
vn 0.1776 0.9230 0.3413
vn 0.4011 -0.9160 0.0097
vn 0.4454 -0.8949 0.0283
vn 0.3526 -0.9358 0.0011
vn 0.3598 -0.9328 0.0222
vn 0.3497 -0.9368 0.0079
vn 0.1869 -0.9694 0.1591
vn 0.3520 -0.9360 0.0004
vn 0.2821 -0.9593 -0.0156
vn 0.3515 -0.9362 -0.0028
vn 0.3505 -0.9365 -0.0049
vn 0.3610 -0.9326 0.0017
vn 0.3918 -0.9174 -0.0697
vn -0.7001 -0.7040 0.1193
vn -0.0848 0.9669 -0.2406
vn -0.2968 -0.8165 -0.4952
vn 0.6199 0.6305 -0.4671
vn 0.1414 -0.9766 0.1622
vn 0.5212 -0.7057 0.4800
vn -0.0321 0.7203 0.6929
vn -0.3560 -0.9345 0.0005
vn -0.3557 -0.9346 0.0004
vn -0.3459 -0.9381 0.0183
vn -0.3642 -0.9313 0.0085
vn -0.3672 -0.9300 0.0149
vn -0.4109 -0.9115 -0.0174
vn -0.3580 -0.9337 -0.0009
vn -0.3593 -0.9329 -0.0238
vn -0.3551 -0.9348 -0.0039
vn -0.3525 -0.9358 -0.0058
vn 0.7617 0.4128 -0.4994
vn -0.2476 -0.1363 -0.9592
vn -0.1099 0.9802 -0.1647
vn -0.0641 0.9898 -0.1276
vn -0.5746 -0.0051 0.8184
vn 0.3206 0.8720 0.3698
vn 0.5424 -0.1920 0.8179
vn 0.9213 0.3849 0.0553
vn 0.6656 0.7399 -0.0975
vn -0.3892 0.6609 -0.6416
vn 0.3649 -0.4727 -0.8021
vn 0.0094 -0.9834 -0.1814
vn 0.9797 0.1978 0.0332
vn 0.3091 -0.4760 0.8233
vn -0.1059 -0.8379 0.5354
vn 0.0421 0.7396 0.6717
vn -0.8927 -0.4004 0.2069
vn -0.7144 -0.6968 0.0635
vn 0.0756 0.9911 0.1097
vn -0.2327 0.4064 0.8836
vn 0.4566 -0.4987 0.7367
vn 0.6213 0.7799 -0.0758
vn 0.8901 0.1973 -0.4109
vn 0.2879 -0.0224 -0.9574
vn 0.1772 0.9187 -0.3531
vn 0.1467 0.8733 -0.4645
vn -0.9944 0.0381 -0.0987
vn -0.3960 -0.9182 -0.0018
vn -0.3989 -0.9170 -0.0021
vn -0.3568 -0.9342 -0.0060
vn -0.3560 -0.9345 -0.0025
vn -0.3533 -0.9355 -0.0017
vn -0.3540 -0.9352 -0.0004
vn 0.2630 -0.9187 -0.2946
vn -0.3080 -0.9513 -0.0145
vn -0.3099 -0.9495 0.0496
vn -0.3460 -0.9382 -0.0020
vn -0.3617 -0.9322 0.0110
vn -0.3645 -0.9310 0.0182
vn -0.5253 0.7075 0.4728
vn 0.4948 -0.1634 0.8535
vn 0.4356 0.8742 -0.2145
vn -0.7720 0.5342 -0.3443
vn -0.8645 -0.4986 0.0640
vn -0.5934 0.8033 -0.0506
vn 0.6079 -0.7917 0.0607
vn 0.5975 0.3702 0.7113
vn -0.3070 0.7331 0.6070
vn -0.6493 -0.7159 0.2567
vn -0.5817 0.4766 -0.6592
vn 0.5695 -0.7413 -0.3551
vn 0.4005 -0.9162 -0.0139
vn 0.2871 -0.9579 0.0044
vn 0.3511 -0.9363 -0.0032
vn 0.1952 -0.9759 -0.0976
vn 0.3697 -0.9287 0.0301
vn 0.3590 -0.9333 0.0026
vn 0.3586 -0.9335 -0.0030
vn 0.3378 -0.9408 0.0284
vn 0.3447 -0.9386 0.0136
vn 0.3902 -0.9206 -0.0120
vn 0.3551 -0.9338 -0.0439
vn 0.3380 -0.8902 -0.3054
vn 0.8830 -0.4490 -0.1371
vn 0.6028 0.3698 -0.7070
vn -0.8749 -0.4194 0.2423
vn -0.6138 0.3264 0.7188
vn 0.6304 0.7640 -0.1374
vn 0.8046 0.0891 -0.5871
vn 0.3832 0.7838 -0.4887
vn 0.4207 0.8404 0.3416
vn 0.5140 -0.6951 0.5026
vn 0.6515 0.7557 0.0668
vn -0.6389 -0.7691 -0.0174
vn -0.3083 0.9323 -0.1891
vn 0.8519 0.1041 0.5133
vn -0.3129 -0.7761 0.5474
vn -0.7480 -0.6204 0.2358
vn -0.3455 -0.9384 0.0081
vn -0.3537 -0.9354 -0.0008
vn -0.3402 -0.9403 0.0007
vn -0.3513 -0.9362 0.0020
vn -0.3479 -0.9345 -0.0759
vn -0.3571 -0.9336 -0.0281
vn -0.3519 -0.9360 -0.0015
vn -0.3463 -0.9381 -0.0062
vn -0.3811 -0.9243 -0.0199
vn -0.3621 -0.9321 0.0083
vn -0.3534 -0.9317 0.0841
vn 0.7635 -0.4597 0.4535
vn 0.8723 0.4277 -0.2371
vn -0.7387 -0.4873 -0.4656
vn -0.8730 0.4259 0.2376
vn -0.7383 0.6745 -0.0038
vn -0.9270 0.3750 0.0039
vn 0.7383 -0.6745 -0.0040
vn 0.9270 -0.3750 0.0036
vn -0.2494 -0.0166 0.9683
vn -0.3377 -0.2510 0.9072
vn -0.5163 0.0803 0.8526
vn -0.0674 -0.0506 0.9964
vn 0.1439 -0.4149 0.8984
vn 0.0098 -0.0561 0.9984
vn 0.1968 -0.2395 0.9508
vn 0.3458 0.1732 0.9222
vn 0.3444 -0.0248 0.9385
vn 0.3600 0.1794 0.9156
vn 0.1027 0.0832 0.9912
vn -0.0436 0.2580 0.9652
vn 0.0270 0.1161 0.9929
vn -0.1481 0.0486 0.9878
vn 0.9991 -0.0266 0.0332
vn 0.4677 0.0256 0.8835
vn 0.8081 -0.0374 0.5878
vn 0.8963 0.0784 0.4365
vn -0.3749 -0.0146 0.9269
vn -0.5183 0.0612 0.8530
vn -0.9355 -0.0424 0.3507
vn -0.9071 0.0228 0.4204
vn -0.9591 -0.0104 -0.2830
vn -0.9605 -0.0145 -0.2779
vn -0.5881 0.0520 -0.8071
vn -0.3909 -0.0713 -0.9177
vn -0.1508 0.0075 -0.9885
vn 0.2853 -0.0097 -0.9584
vn 0.3596 0.0433 -0.9321
vn 0.8567 -0.0519 -0.5132
vn 0.9409 0.0662 -0.3320
vn -0.0001 -1.0000 -0.0001
vn -0.0001 -1.0000 -0.0000
vn -0.0006 -1.0000 0.0007
vn -0.0004 -1.0000 0.0003
vn 0.0003 -1.0000 0.0008
vn 0.0002 -1.0000 -0.0006
vn 0.0006 -1.0000 0.0002
vn 0.0005 -1.0000 -0.0011
vn -0.0003 -1.0000 -0.0007
vn 0.0001 -1.0000 -0.0006
vn 0.0002 -1.0000 0.0002
vn 0.0005 -1.0000 -0.0003
vn -0.0017 -1.0000 0.0011
vn -0.0006 1.0000 0.0002
vn -0.0002 1.0000 -0.0001
vn 0.0001 1.0000 -0.0002
vn -0.0009 1.0000 0.0005
vn -0.0016 1.0000 0.0020
vn 0.0080 0.9999 -0.0091
vn -0.0015 1.0000 -0.0000
vn -0.0090 0.9993 0.0355
vn 0.0001 1.0000 0.0020
vn -0.0014 1.0000 -0.0022
vn 0.0004 1.0000 -0.0000
vn -0.0093 0.9950 -0.0991
vn 0.0259 0.9996 -0.0130
vn -0.0000 1.0000 0.0002
vn -0.0030 0.9994 -0.0334
vn 0.0342 0.9994 0.0039
vn 0.0164 0.9995 0.0263
vn -0.0182 0.9998 0.0061
vn 0.0036 1.0000 -0.0039
vn 0.1048 0.9852 0.1359
vn -0.1360 0.9851 0.1048
vn -0.0000 1.0000 0.0001
vn -0.0051 1.0000 0.0003
vn -0.0009 1.0000 -0.0009
vn 0.2843 0.5077 -0.8133
vn 0.2324 0.5186 0.8228
vn -0.9201 0.2805 -0.2733
vn -0.6424 0.6777 -0.3577
vn 0.8224 0.5157 -0.2402
vn -0.2856 0.5055 0.8142
vn -0.2150 0.3199 -0.9227
vn -0.3831 0.7953 -0.4699
vn 0.8123 0.5092 0.2845
vn -0.8230 0.5183 0.2325
vn 0.9219 0.2044 -0.3292
vn 0.3232 0.2354 -0.9166
vn 0.5681 -0.5999 -0.5634
vn 0.3111 0.1887 0.9315
vn 0.9120 0.2415 0.3314
vn 0.9149 0.1184 0.3860
vn 0.4926 -0.2568 0.8315
vn -0.3214 0.0947 -0.9422
vn -0.3969 -0.0056 -0.9178
vn -0.9146 0.1239 -0.3848
vn -0.7558 0.4682 -0.4577
vn -0.3598 -0.2113 -0.9088
vn -0.9312 0.1999 0.3049
vn -0.3867 0.2735 0.8807
vn -0.3857 0.2707 0.8820
vn -0.8377 -0.2180 0.5008
vn -0.0913 -0.0144 0.9957
vn -0.1914 0.2395 0.9518
vn -0.7686 0.0025 -0.6397
vn -0.6568 0.5494 0.5165
vn 0.1439 -0.0204 -0.9894
vn -0.2008 -0.1432 -0.9691
vn 0.0429 0.0112 0.9990
vn -0.0253 -0.0048 0.9997
vn 0.0461 -0.0032 0.9989
vn -0.0236 0.0212 0.9995
vn 0.0427 0.0112 0.9990
vn 0.0424 0.0136 0.9990
vn -0.0539 -0.0112 -0.9985
vn 0.0120 -0.0269 0.9996
vn 0.0205 -0.0268 0.9994
vn 0.0356 -0.0608 0.9975
vn -0.0466 -0.0021 0.9989
vn -0.0176 0.0020 0.9998
vn -0.0054 0.0351 0.9994
vn -0.0044 -0.0852 0.9964
vn 0.0373 -0.0404 0.9985
vn 0.0169 -0.0487 0.9987
vn 0.0111 -0.0753 0.9971
vn 0.0030 0.0400 0.9992
vn 0.0835 0.0151 0.9964
vn 0.0669 0.0093 0.9977
vn 0.0499 -0.0787 0.9957
vn 0.0380 -0.0532 0.9979
vn 0.0290 -0.0636 0.9976
vn 0.0262 0.0411 0.9988
vn -0.0236 0.0793 0.9966
vn -0.0092 0.0839 0.9964
vn 0.0085 -0.2736 0.9618
vn -0.0159 -0.0620 0.9979
vn -0.0342 -0.0178 0.9993
vn 0.9412 -0.0804 0.3281
vn 0.0099 0.1643 0.9864
vn 0.0044 -0.0389 0.9992
vn -0.0016 0.0129 0.9999
vn -0.0063 0.0065 1.0000
vn 0.1039 0.0122 0.9945
vn 0.0828 0.0057 0.9965
vn -0.0446 0.0701 0.9965
vn -0.0183 0.0043 0.9998
vn -0.0305 0.0796 0.9964
vn -0.0471 -0.0004 0.9989
vn 0.0151 -0.0059 0.9999
vn -0.0090 -0.0079 0.9999
vn 0.0135 0.0278 0.9995
vn -0.0824 -0.0972 0.9919
vn 0.0019 0.0339 0.9994
vn 0.0609 -0.0824 0.9947
vn 0.1646 -0.0280 0.9860
vn 0.0066 0.0254 0.9997
vn 0.0201 0.0196 0.9996
vn 0.0203 0.0196 0.9996
vn -0.0027 -0.0000 1.0000
vn -0.0553 -0.0164 0.9983
vn -0.0162 -0.4457 0.8950
vn -0.0099 -0.3672 0.9301
vn -0.0129 0.0017 0.9999
vn -0.0362 -0.0036 0.9993
vn -0.0662 -0.0220 0.9976
vn 0.0264 0.0215 0.9994
vn 0.0273 0.0240 0.9993
vn -0.0183 0.0788 0.9967
vn -0.4617 0.0174 0.8869
vn -0.0300 -0.0177 0.9994
vn 0.0098 0.0223 0.9997
vn -0.0062 0.0687 0.9976
vn 0.0959 0.0099 0.9953
vn -0.0460 -0.0732 0.9963
vn 0.0951 0.0351 0.9948
vn 0.0115 -0.0845 0.9964
vn 0.0396 0.0181 0.9991
vn -0.0231 -0.0139 0.9996
vn -0.0278 -0.0106 0.9996
vn -0.0227 -0.0373 0.9990
vn 0.1099 0.0548 0.9924
vn -0.0198 -0.0626 0.9978
vn 0.0041 0.0108 0.9999
vn 0.1084 0.1386 0.9844
vn 0.0280 0.0215 0.9994
vn -0.0116 -0.0020 0.9999
vn -0.0163 -0.0074 0.9998
vn -0.0112 0.0106 0.9999
vn 0.1100 -0.0007 0.9939
vn 0.0811 -0.0250 0.9964
vn -0.0183 -0.0090 0.9998
vn -0.0064 0.0029 1.0000
vn 0.0212 0.0204 0.9996
vn -0.0034 -0.0320 0.9995
vn 0.0063 -0.0440 0.9990
vn 0.0190 0.0217 0.9996
vn -0.0735 0.0187 0.9971
vn -0.0049 -0.0027 1.0000
vn -0.0910 0.0049 0.9958
vn -0.0369 0.0035 0.9993
vn -0.0044 0.0021 1.0000
vn -0.0059 0.0036 1.0000
vn -0.0074 -0.0141 0.9999
vn -0.0246 -0.0011 0.9997
vn -0.1114 -0.0109 0.9937
vn -0.0437 0.0241 0.9988
vn -0.0044 0.0157 0.9999
vn -0.0032 0.0103 0.9999
vn -0.0288 -0.0011 0.9996
vn 0.2232 -0.6223 0.7503
vn 0.3831 -0.0095 0.9236
vn 0.7492 0.1688 0.6404
vn -0.0949 0.1762 0.9798
vn 0.0523 0.7605 -0.6473
vn -0.3843 0.0779 0.9199
vn -0.6891 -0.3360 0.6420
vn -0.1011 -0.3481 0.9320
vn 0.2142 0.9423 0.2574
vn 0.9317 -0.3336 0.1439
vn -0.2712 0.0572 0.9608
vn -0.0797 -0.2811 0.9564
vn 0.0478 -0.0126 0.9988
vn -0.0501 -0.0347 0.9981
vn 0.0426 -0.0172 0.9989
vn 0.4215 -0.2321 0.8766
vn 0.6626 0.0099 -0.7489
vn 0.2192 0.2008 0.9548
vn -0.5163 0.7734 0.3679
vn -0.2068 -0.2831 0.9365
vn -0.2870 0.0470 -0.9568
vn -0.0805 -0.4713 0.8783
vn 0.0628 0.3431 -0.9372
vn 0.3186 -0.1322 0.9386
vn -0.0641 -0.0653 0.9958
vn 0.0589 -0.0048 0.9983
vn 0.0173 0.0389 0.9991
vn -0.0393 -0.0333 0.9987
vn 0.0498 0.0384 0.9980
vn 0.1827 -0.0317 0.9827
vn 0.0029 -0.0097 0.9999
vn -0.0064 -0.0010 1.0000
vn -0.0002 -1.0000 -0.0002
vn 0.0001 -1.0000 -0.0000
vn -0.5890 -0.0937 0.8027
vn 0.1972 0.1982 0.9601
vn 0.0521 0.0373 0.9979
vn -0.8485 0.0547 -0.5263
vn -0.9868 -0.1282 -0.0986
vn -0.9395 0.1303 0.3169
vn -0.2312 0.0943 -0.9683
vn -0.1123 -0.0481 -0.9925
vn 0.8698 0.0063 0.4933
vn 0.9295 -0.1038 0.3540
vn 0.8122 0.0632 -0.5799
vn 0.8758 -0.0594 -0.4789
vn -0.2466 -0.0041 -0.9691
vn -0.5871 0.0957 -0.8038
vn -0.8354 -0.0978 -0.5409
vn -0.9985 0.0222 -0.0510
vn -0.9880 0.0761 0.1346
vn -0.9496 -0.0051 0.3133
vn -0.4477 0.0382 0.8934
vn -0.4031 0.0042 0.9151
vn 0.3189 -0.0346 0.9471
vn 0.5392 0.0929 0.8371
vn 0.9387 -0.0205 0.3440
vn 0.9930 0.0919 0.0736
vn 0.9381 -0.0758 -0.3381
vn 0.3325 0.0891 -0.9389
vn 0.3829 0.0498 -0.9225
vn -0.0982 0.0004 -0.9952
vn -0.1409 -0.0118 -0.9900
vn -0.0000 1.0000 -0.0001
vn 0.4051 -0.0905 -0.9098
vn 0.1602 0.3176 -0.9346
vn 0.1836 0.0820 -0.9796
vn 0.1448 -0.1476 -0.9784
vn 0.0224 -0.3851 -0.9226
vn -0.0147 -0.2361 -0.9716
vn -0.2169 0.0806 -0.9729
vn -0.3311 -0.0035 -0.9436
vn -0.2364 0.5867 0.7746
vn -0.1706 0.1158 -0.9785
vn 0.8407 -0.0095 0.5415
vn 0.7872 0.0475 0.6148
vn 0.3347 -0.0633 0.9402
vn 0.1892 0.0106 0.9819
vn -0.2416 -0.0081 0.9703
vn -0.3048 -0.0452 0.9513
vn -0.7138 0.0636 0.6975
vn -0.9058 -0.0706 0.4178
vn -0.9745 0.0195 0.2236
vn -0.0352 0.0407 -0.9986
vn -0.5986 0.0011 -0.8011
vn -0.6576 -0.0496 -0.7518
vn -0.9581 0.0322 -0.2847
vn -0.9789 -0.0097 -0.2042
vn 0.7018 -0.0454 -0.7109
vn 0.6290 -0.0354 -0.7766
vn 0.6360 -0.0288 -0.7712
vn 0.9472 0.0688 -0.3131
vn 0.9994 -0.0008 -0.0340
vn 0.9954 -0.0739 0.0611
vn -0.0001 -1.0000 0.0001
vn -0.0000 -1.0000 0.0001
vn -0.0004 0.9987 0.0512
vn -0.0003 1.0000 0.0001
vn -0.0250 0.9986 -0.0463
vn -0.0003 1.0000 0.0002
vn 0.0412 0.9991 0.0060
vn -0.0002 1.0000 -0.0002
vn -0.0464 0.9932 -0.1064
vn 0.0008 1.0000 -0.0000
vn 0.0538 0.9930 -0.1053
vn 0.0390 0.9992 0.0066
vn 0.0079 0.9996 0.0262
vn 0.0128 0.9996 -0.0271
vn 0.0294 0.9993 -0.0233
vn 0.0008 1.0000 0.0001
vn -0.0150 0.9990 0.0412
vn -0.0342 0.9993 -0.0118
vn 0.0189 0.9992 -0.0365
vn -0.0579 0.9983 0.0093
vn 0.0463 0.9989 -0.0117
vn -0.0326 0.9994 -0.0111
vn 0.0099 0.9992 0.0396
vn -0.0143 0.9994 -0.0320
vn -0.0277 0.9996 0.0042
vn -0.2129 0.4412 0.8718
vn -0.2169 0.4365 -0.8732
vn 0.8695 0.4501 0.2032
vn -0.8631 0.4440 0.2408
vn 0.2132 0.4434 -0.8706
vn 0.2168 0.4377 0.8726
vn -0.8709 0.4426 -0.2136
vn 0.8689 0.4433 -0.2202
vn 0.0831 -0.0103 -0.9965
vn -0.5692 -0.5273 -0.6308
vn 0.8445 -0.0200 0.5352
vn -0.5839 0.7286 -0.3579
vn 0.7746 0.4403 -0.4540
vn -0.8305 0.0174 0.5567
vn -0.8916 0.0284 0.4520
vn -0.6932 -0.7090 -0.1295
vn -0.6860 0.7213 -0.0956
vn -0.2658 0.0233 -0.9638
vn 0.0361 -0.0035 -0.9993
vn 0.0190 -0.0110 -0.9998
vn 0.0317 0.0234 -0.9992
vn 0.0143 0.0085 -0.9999
vn 0.0071 -0.0002 -1.0000
vn 0.0229 -0.0019 -0.9997
vn -0.3249 -0.6745 -0.6629
vn 0.0296 -0.0165 -0.9994
vn 0.0073 -0.0049 -1.0000
vn 0.0344 -0.0808 -0.9961
vn 0.0185 -0.0308 -0.9994
vn 0.0365 -0.0026 -0.9993
vn -0.0041 -0.0033 -1.0000
vn -0.0385 -0.0166 -0.9991
vn 0.0055 0.0015 -1.0000
vn -0.0529 0.0280 -0.9982
vn 0.0423 0.0595 -0.9973
vn 0.0376 0.0688 -0.9969
vn -0.0460 -0.0532 -0.9975
vn -0.0287 0.0002 -0.9996
vn -0.0325 0.0517 -0.9981
vn 0.0125 0.1066 -0.9942
vn -0.0507 -0.0255 -0.9984
vn 0.0273 0.0254 -0.9993
vn -0.0019 -0.1357 -0.9907
vn 0.0447 -0.0149 -0.9989
vn -0.0171 0.0324 -0.9993
vn 0.0080 -0.0056 -1.0000
vn 0.0003 -0.0343 -0.9994
vn -0.0125 0.1986 -0.9800
vn -0.3773 0.0219 -0.9258
vn 0.0298 0.0554 -0.9980
vn 0.0137 0.0025 -0.9999
vn -0.3112 0.4627 -0.8301
vn 0.0518 -0.0102 -0.9986
vn 0.1044 -0.0132 -0.9945
vn 0.0225 0.0047 -0.9997
vn 0.0445 0.0391 -0.9982
vn -0.1096 0.0439 -0.9930
vn 0.0060 0.0269 -0.9996
vn 0.0310 -0.0453 -0.9985
vn 0.0099 -0.0605 -0.9981
vn 0.0143 -0.0107 -0.9998
vn 0.0575 0.0052 -0.9983
vn -0.0092 -0.0540 -0.9985
vn 0.0046 -0.0121 -0.9999
vn -0.0059 -0.0472 -0.9989
vn 0.0079 0.0028 -1.0000
vn -0.0613 -0.0117 -0.9981
vn 0.0332 -0.0049 -0.9994
vn -0.1314 -0.0649 -0.9892
vn -0.0185 0.0197 -0.9996
vn 0.0221 0.0080 -0.9997
vn 0.0467 -0.0093 -0.9989
vn -0.0317 0.0193 -0.9993
vn -0.0256 0.0002 -0.9997
vn 0.0470 -0.0294 -0.9985
vn 0.0155 -0.2314 -0.9727
vn -0.0121 -0.0247 -0.9996
vn 0.0117 -0.0008 -0.9999
vn 0.0562 -0.0089 -0.9984
vn -0.0212 0.0172 -0.9996
vn -0.0051 -0.0012 -1.0000
vn -0.2490 0.1545 -0.9561
vn -0.0818 0.1762 -0.9809
vn -0.0021 -0.0152 -0.9999
vn 0.0122 -0.0103 -0.9999
vn 0.0116 0.0942 -0.9955
vn 0.0011 0.0573 -0.9984
vn -0.1325 -0.1056 -0.9855
vn 0.0190 0.0233 -0.9995
vn -0.1401 0.1351 -0.9809
vn -0.1392 -0.1058 -0.9846
vn 0.0445 -0.0063 -0.9990
vn 0.0776 -0.0218 -0.9967
vn 0.0658 -0.0304 -0.9974
vn 0.0064 -0.0095 -0.9999
vn 0.0137 0.0361 -0.9993
vn -0.0117 -0.0035 -0.9999
vn -0.0142 -0.0026 -0.9999
vn 0.9369 -0.0217 0.3490
vn 0.2324 -0.2056 -0.9506
vn 0.1539 0.8983 -0.4116
vn -0.3120 0.0115 -0.9500
vn 0.0164 0.0093 -0.9998
vn -0.1239 -0.0002 -0.9923
vn -0.0517 -0.0199 -0.9985
vn -0.0557 -0.0084 -0.9984
vn 0.0152 -0.0100 -0.9998
vn -0.0080 0.0134 -0.9999
vn -0.0343 -0.0120 -0.9993
vn -0.0162 -0.0125 -0.9998
vn -0.0074 -0.0006 -1.0000
vn -0.0046 0.0023 -1.0000
vn -0.0043 -0.0004 -1.0000
vn -0.0255 0.0289 -0.9993
vn 0.0103 -0.0076 -0.9999
vn 0.1378 0.0254 -0.9901
vn 0.2544 0.0499 -0.9658
vn 0.0323 0.0187 -0.9993
vn -0.0010 -0.0151 -0.9999
vn 0.0745 0.0124 -0.9971
vn 0.0665 -0.0153 -0.9977
vn 0.1081 -0.0195 -0.9939
vn 0.0507 0.0067 -0.9987
vn 0.0268 0.0022 -0.9996
vn -0.0156 -0.0312 -0.9994
vn -0.1176 0.3054 -0.9449
vn 0.4553 0.3995 -0.7957
vn 0.3898 0.0705 -0.9182
vn 0.6434 -0.4251 -0.6367
vn -0.0253 -0.2669 -0.9634
vn -0.9046 -0.4150 -0.0976
vn -0.2479 -0.1999 -0.9479
vn -0.2634 0.4401 -0.8584
vn 0.2337 -0.7132 -0.6608
vn -0.7644 -0.3684 0.5291
vn -0.8368 0.1648 -0.5221
vn -0.0134 0.9089 0.4168
vn 0.2437 0.0578 -0.9681
vn 0.2337 0.0457 -0.9712
vn 0.0393 -0.0505 -0.9980
vn -0.1370 -0.1885 -0.9725
vn -0.1338 0.0861 -0.9873
vn -0.0419 0.0682 -0.9968
vn 0.0318 -0.0466 -0.9984
vn -0.6311 0.0383 -0.7747
vn -0.0227 0.3730 -0.9276
vn 0.0097 -0.0004 -1.0000
vn 0.8385 -0.3162 0.4438
vn -0.2315 -0.2625 -0.9368
vn -0.4447 0.8951 -0.0327
vn 0.5085 0.1044 -0.8547
vn -0.0403 0.0751 -0.9964
vn 0.1679 -0.4360 0.8842
vn -0.3919 -0.1840 -0.9014
vn -0.1199 -0.0784 -0.9897
vn 0.0455 0.0642 -0.9969
vn -0.0760 -0.0264 -0.9968
vn -0.4660 0.6238 -0.6275
vn -0.0048 -0.0087 -1.0000
vn 0.0112 0.0012 -0.9999
vn -0.0001 1.0000 -0.0001
vn -0.0000 1.0000 0.0004
vn 0.0002 1.0000 -0.0000
vn -0.9989 0.0013 -0.0468
vn -0.0604 -0.0051 -0.9982
vn 0.0178 -0.0063 -0.9998
vn 0.9975 0.0033 -0.0705
vn 0.9958 0.0160 0.0902
vn 0.9988 0.0415 0.0273
vn -0.0565 0.0058 0.9984
vn 0.0324 -0.0046 0.9995
vn -0.9186 0.1575 0.3624
vn -0.9873 0.0677 0.1435
vn 0.4709 0.0034 0.8822
vn 0.5387 0.0393 0.8416
vn 0.9230 -0.0474 0.3818
vn -0.8874 -0.0522 0.4580
vn -0.4293 -0.0080 0.9031
vn -0.2955 0.0549 0.9538
vn -0.3971 0.0368 -0.9170
vn -0.4721 0.0741 -0.8784
vn -0.8721 -0.0841 -0.4820
vn 0.9078 -0.0666 -0.4141
vn 0.4708 0.0522 -0.8807
vn 0.4880 0.0406 -0.8719
vn 0.7749 -0.1351 -0.6175
vn 0.7036 -0.0300 -0.7100
vn -0.0680 0.0656 -0.9955
vn -0.3168 -0.1133 -0.9417
vn -0.8241 0.1172 -0.5541
vn -0.9779 -0.1835 -0.1003
vn -0.8420 0.2004 0.5008
vn -0.3227 -0.1797 0.9293
vn 0.1824 0.1686 0.9687
vn 0.7517 -0.1990 0.6288
vn 0.9732 0.1763 0.1477
vn -0.0432 -0.0395 -0.9983
vn 0.0201 -0.0654 -0.9977
vn -0.0294 0.0873 -0.9958
vn 0.0481 0.0565 -0.9972
vn 0.0010 -0.0140 -0.9999
vn 0.9527 0.0189 0.3033
vn -0.5545 0.8112 0.1858
vn 0.7147 0.6466 -0.2668
vn -0.8086 0.3941 -0.4369
vn -0.6554 -0.0187 0.7550
vn -0.9688 0.0680 -0.2382
vn -0.7278 -0.6381 0.2514
vn -0.6797 -0.6501 -0.3397
vn -0.0760 0.0929 0.9928
vn -0.0466 0.1853 0.9816
vn 0.0213 -0.0056 -0.9998
vn 0.0257 0.0212 -0.9994
vn 0.0144 -0.0305 -0.9994
vn 0.0264 -0.0298 -0.9992
vn 0.0238 0.0127 -0.9996
vn 0.0333 0.0114 -0.9994
vn -0.0094 -0.0198 -0.9998
vn -0.0189 0.0062 -0.9998
vn 0.1493 -0.5984 -0.7872
vn 0.0316 -0.0234 -0.9992
vn 0.0726 -0.2733 -0.9592
vn 0.0419 0.0266 -0.9988
vn -0.0096 0.0169 -0.9998
vn 0.0446 0.0316 -0.9985
vn 0.0480 -0.0553 -0.9973
vn 0.0602 -0.0220 -0.9979
vn 0.0158 0.0125 -0.9998
vn -0.0456 -0.0021 -0.9990
vn -0.0428 -0.0002 -0.9991
vn 0.0379 0.0539 -0.9978
vn 0.0175 0.0652 -0.9977
vn -0.0180 -0.0278 -0.9995
vn -0.0269 0.0240 -0.9994
vn 0.0073 0.0159 -0.9998
vn -0.0490 -0.0247 -0.9985
vn 0.0348 0.0204 -0.9992
vn -0.0112 0.0067 -0.9999
vn 0.0331 -0.0259 -0.9991
vn 0.0468 -0.0072 -0.9989
vn -0.0201 0.0121 -0.9997
vn 0.0514 -0.0455 -0.9976
vn -0.0568 0.1164 -0.9916
vn -0.0245 -0.0160 -0.9996
vn 0.0149 0.0130 -0.9998
vn -0.0388 -0.1229 0.9917
vn -0.0990 0.0123 -0.9950
vn -0.0491 -0.0027 -0.9988
vn 0.0815 0.1141 -0.9901
vn 0.1718 0.3984 -0.9010
vn -0.0163 0.0262 -0.9995
vn 0.0057 -0.0261 -0.9996
vn -0.0401 0.0193 -0.9990
vn 0.1029 0.0243 -0.9944
vn -0.0524 0.0003 -0.9986
vn -0.0139 0.0063 -0.9999
vn 0.0383 0.0190 -0.9991
vn -0.0440 -0.0816 -0.9957
vn 0.0562 -0.0619 -0.9965
vn 0.0313 -0.0936 -0.9951
vn -0.0090 -0.0296 -0.9995
vn -0.0611 -0.0093 -0.9981
vn 0.0458 0.0276 -0.9986
vn -0.0263 -0.0319 -0.9991
vn -0.0123 0.0228 -0.9997
vn -0.0159 0.0437 -0.9989
vn -0.0041 -0.0041 -1.0000
vn 0.0587 -0.0224 -0.9980
vn 0.0172 -0.3055 -0.9520
vn 0.0111 -0.2513 -0.9679
vn 0.0129 0.0150 -0.9998
vn 0.3569 -0.0172 -0.9340
vn 0.4960 0.1736 -0.8508
vn 0.0553 0.0455 -0.9974
vn -0.0511 -0.0082 -0.9987
vn 0.0096 -0.0040 -0.9999
vn 0.0420 0.0527 -0.9977
vn 0.3599 0.0140 -0.9329
vn 0.0273 -0.0150 -0.9995
vn -0.0094 0.0220 -0.9997
vn 0.0125 0.0914 -0.9957
vn 0.0053 -0.0268 -0.9996
vn 0.0092 0.0500 -0.9987
vn -0.0244 0.0127 -0.9996
vn 0.0438 0.0393 -0.9983
vn 0.0131 0.0373 -0.9992
vn 0.0064 0.0028 -1.0000
vn 0.0198 -0.0098 -0.9998
vn 0.0274 -0.0310 -0.9991
vn 0.0070 -0.0247 -0.9997
vn -0.0680 -0.0010 -0.9977
vn 0.0074 0.4324 -0.9016
vn -0.1059 -0.2104 -0.9719
vn -0.1848 -0.0834 -0.9792
vn -0.1900 0.1359 0.9723
vn 0.1208 0.8636 -0.4894
vn 0.8569 -0.1572 0.4910
vn -0.1614 0.2443 -0.9562
vn -0.9367 0.0461 -0.3472
vn 0.2791 0.9230 -0.2648
vn 0.2655 0.0560 -0.9625
vn 0.5826 -0.7673 0.2680
vn -0.1302 -0.3036 -0.9439
vn 0.0260 -0.0132 -0.9996
vn 0.1351 0.0121 -0.9908
vn -0.0306 -0.0236 -0.9993
vn -0.1102 -0.3597 0.9265
vn -0.0833 0.0802 -0.9933
vn 0.3401 0.4738 -0.8123
vn 0.2331 -0.1977 -0.9522
vn -0.3816 0.1199 -0.9165
vn -0.6796 -0.0403 0.7325
vn 0.2127 0.3176 -0.9241
vn 0.2854 0.3500 -0.8922
vn 0.5692 -0.3810 -0.7286
vn 0.2994 -0.3083 -0.9029
vn -0.7544 -0.5650 -0.3340
vn -0.4502 -0.4190 -0.7885
vn -0.2121 0.0210 -0.9770
vn -0.3491 0.4463 -0.8240
vn -0.0082 -1.0000 0.0021
vn 0.0001 -1.0000 0.0083
vn 0.0098 -0.9999 0.0071
vn -0.0038 -1.0000 -0.0051
vn -0.0190 -0.9998 -0.0090
vn 0.0097 -0.9998 0.0186
vn 0.0034 -1.0000 0.0062
vn 0.0045 -1.0000 -0.0052
vn -0.0054 -1.0000 -0.0011
vn -0.0095 -0.9999 -0.0069
vn 0.0087 -1.0000 -0.0042
vn 0.0102 -0.9999 -0.0073
vn 0.0001 1.0000 0.0001
vn -0.0007 1.0000 -0.0001
vn 0.0069 0.9992 -0.0399
vn 0.0003 1.0000 -0.0009
vn 0.0006 1.0000 0.0001
vn 0.0303 0.9995 0.0096
vn 0.0210 0.9998 -0.0066
vn -0.0004 1.0000 -0.0009
vn 0.0006 1.0000 -0.0004
vn 0.0424 0.9939 -0.1023
vn -0.0300 0.9939 -0.1061
vn 0.0107 0.9993 0.0346
vn 0.0043 0.9979 -0.0654
vn 0.0368 0.9987 0.0366
vn 0.0283 0.9994 -0.0219
vn 0.0128 0.9994 0.0336
vn -0.0242 0.9996 0.0136
vn -0.0064 0.9998 0.0167
vn -0.0507 0.9986 -0.0140
vn 0.0121 0.9995 -0.0279
vn -0.0349 0.9994 0.0056
vn -0.0002 1.0000 0.0001
vn -0.0077 0.9996 -0.0257
vn -0.0321 0.9994 -0.0084
vn 0.0013 0.9989 0.0459
vn 0.3095 -0.0184 -0.9507
vn 0.1758 0.4113 -0.8944
vn 0.2300 0.0866 -0.9693
vn 0.2413 -0.1353 -0.9610
vn 0.2163 -0.7172 0.6624
vn 0.0644 -0.3570 -0.9319
vn -0.0505 -0.1301 -0.9902
vn -0.2457 0.0697 -0.9668
vn -0.3058 -0.0048 -0.9521
vn -0.2715 0.0313 -0.9619
vn -0.1384 0.4945 -0.8581
vn 0.9648 -0.0526 0.2576
vn 0.7852 0.0832 0.6137
vn 0.4843 -0.1238 0.8661
vn 0.1893 0.0349 0.9813
vn -0.2225 0.0123 0.9748
vn -0.3751 -0.0741 0.9240
vn -0.6591 0.0440 0.7507
vn -0.8920 -0.0633 0.4477
vn -0.9644 0.0287 0.2629
vn -0.9967 0.0081 -0.0803
vn 0.7552 0.1874 -0.6282
vn -0.5962 -0.0511 -0.8012
vn -0.7017 0.0382 -0.7114
vn -0.9761 -0.0635 -0.2076
vn 0.5171 -0.0269 -0.8555
vn 0.6389 -0.0494 -0.7677
vn 0.8006 0.0772 -0.5942
vn 0.9598 -0.0448 -0.2772
vn 0.9994 0.0304 0.0163
vn -0.5427 0.0786 0.8363
vn 0.2636 0.0169 0.9645
vn 0.3509 -0.0766 0.9333
vn -0.8425 -0.1068 0.5281
vn -0.8390 -0.1001 0.5348
vn -0.9583 0.1101 -0.2636
vn -0.8144 -0.1179 -0.5682
vn 0.4456 -0.0911 -0.8906
vn 0.4113 -0.1258 -0.9028
vn -0.4233 0.1289 -0.8968
vn 0.8772 0.0501 0.4775
vn 0.9840 -0.1586 0.0812
vn 0.8984 0.0976 -0.4282
vn 0.0059 -0.0032 -1.0000
vn -0.0422 0.0120 -0.9990
vn 0.0289 0.0245 -0.9993
vn -0.3128 -0.0387 -0.9490
vn 0.5285 0.0178 -0.8488
vn -0.0173 -0.0038 -0.9998
vn -0.0291 -0.0116 -0.9995
vn -0.0223 -0.0018 -0.9997
vn -0.0001 0.0007 -1.0000
vn -0.0084 -0.0077 -0.9999
vn -0.0509 -0.0026 -0.9987
vn -0.0498 -0.0013 -0.9988
vn 0.0647 0.0100 -0.9979
vn 0.0103 0.0023 -0.9999
vn -0.0020 -0.0102 -0.9999
vn 0.0204 -0.0117 -0.9997
vn 0.0218 0.0001 -0.9998
vn 0.7368 -0.1006 0.6686
vn -0.0142 0.0108 -0.9998
vn 0.0196 -0.0006 -0.9998
vn -0.0676 0.0639 -0.9957
vn 0.0731 -0.0411 -0.9965
vn 0.0918 -0.4262 -0.9000
vn -0.2080 0.0594 -0.9763
vn 0.0124 0.0037 -0.9999
vn 0.0001 1.0000 -0.0001
vn 0.0002 1.0000 0.0001
vn 0.0001 1.0000 0.0002
vn 0.9023 0.3930 0.1769
vn -0.8746 0.4256 0.2321
vn -0.2312 0.4135 -0.8807
vn -0.1852 0.4214 0.8878
vn -0.8885 0.4201 -0.1846
vn 0.8806 0.4135 -0.2313
vn 0.1874 0.4257 -0.8853
vn 0.2325 0.4161 0.8791
vn 0.9977 0.0007 -0.0684
vn 0.9975 0.0031 0.0700
vn 0.0747 -0.0133 0.9971
vn -0.2252 0.0814 0.9709
vn -0.9971 0.0020 0.0758
vn -0.9912 0.0314 -0.1286
vn -0.9962 0.0555 -0.0671
vn -0.0712 0.0032 -0.9975
vn 0.1291 0.0319 -0.9911
vn 0.1213 0.0352 -0.9920
vn 0.4124 -0.0640 0.9087
vn 0.8659 0.0804 0.4937
vn 0.9026 0.0452 0.4282
vn -0.8878 -0.0726 0.4545
vn -0.3367 0.1139 0.9347
vn -0.3574 0.1282 0.9251
vn -0.4931 -0.0096 -0.8699
vn -0.5761 0.0277 -0.8169
vn -0.9074 -0.0315 -0.4192
vn 0.9164 0.0302 -0.3991
vn 0.8850 0.0594 -0.4618
vn 0.4474 -0.0458 -0.8932
vn -0.0053 -0.1345 0.9909
vn -0.0257 -0.0354 0.9990
vn 0.0071 0.0268 0.9996
vn -0.0040 0.0078 1.0000
vn -0.7173 -0.0540 0.6947
vn 0.6768 0.6891 0.2592
vn 0.0539 -0.0191 0.9984
vn -0.9184 0.0637 -0.3904
vn -0.7802 0.4198 0.4638
vn 0.9231 0.0474 -0.3817
vn 0.9892 0.0238 -0.1448
vn -0.1747 -0.3047 0.9363
vn -0.6978 -0.6230 -0.3535
vn 0.7541 -0.4836 0.4443
vn -0.0301 -0.1586 0.9869
vn -0.0248 -0.0353 0.9991
vn -0.0103 0.0100 0.9999
vn -0.0294 0.0346 0.9990
vn -0.0719 0.0086 0.9974
vn 0.0131 -0.0006 0.9999
vn 0.0103 -0.0150 0.9998
vn 0.0082 0.0027 1.0000
vn 0.0575 0.1269 0.9902
vn 0.0475 0.0711 0.9963
vn 0.0262 0.0034 0.9997
vn 0.0936 -0.0321 0.9951
vn 0.0156 -0.0278 0.9995
vn 0.0051 -0.0767 0.9970
vn 0.0611 0.0270 0.9978
vn 0.0338 0.0132 0.9993
vn -0.0369 -0.0055 0.9993
vn -0.0326 0.0044 0.9995
vn 0.0338 0.0034 0.9994
vn 0.1714 -0.2054 0.9635
vn 0.0188 0.0293 0.9994
vn 0.0175 0.0185 0.9997
vn 0.0107 -0.1175 0.9930
vn -0.0332 0.0145 0.9993
vn -0.0008 -0.0328 0.9995
vn 0.7861 0.0422 0.6166
vn 0.0607 0.0020 0.9982
vn -0.0086 0.0213 0.9997
vn 0.0072 0.0642 0.9979
vn 0.0230 -0.0106 0.9997
vn 0.0517 -0.0028 0.9987
vn -0.0331 0.0208 0.9992
vn -0.0241 0.0218 0.9995
vn -0.0079 0.0499 0.9987
vn -0.0785 0.0022 -0.9969
vn 0.0051 0.0013 1.0000
vn 0.0316 0.0459 0.9984
vn -0.2422 0.0154 0.9701
vn 0.0424 0.0178 0.9989
vn 0.0107 0.0247 0.9996
vn -0.0328 -0.0470 0.9984
vn -0.0292 -0.0483 0.9984
vn -0.0185 -0.0865 0.9961
vn 0.0087 -0.5103 0.8599
vn 0.0207 -0.7124 0.7015
vn -0.0580 0.0128 0.9982
vn 0.0141 0.0048 0.9999
vn -0.0116 0.0028 0.9999
vn -0.0434 -0.0014 0.9991
vn 0.0200 0.0193 0.9996
vn -0.0168 0.0248 0.9996
vn -0.0438 0.0003 0.9990
vn -0.0351 -0.0087 0.9993
vn 0.0296 0.0663 0.9974
vn 0.0124 0.0387 0.9992
vn 0.0434 0.0625 0.9971
vn -0.0540 -0.0097 0.9985
vn -0.2050 0.0128 0.9787
vn 0.0187 0.0142 0.9997
vn -0.0082 0.1913 0.9815
vn -0.0087 0.0228 0.9997
vn 0.0046 0.0322 0.9995
vn -0.0087 0.0221 0.9997
vn -0.0196 0.0111 0.9997
vn -0.0292 0.0110 0.9995
vn -0.0387 0.0232 0.9990
vn -0.0353 -0.0189 0.9992
vn -0.0343 -0.0148 0.9993
vn 0.0134 -0.0090 0.9999
vn 0.0020 0.0007 1.0000
vn 0.2054 0.0947 0.9741
vn 0.0167 0.0308 0.9994
vn -0.0316 -0.0030 0.9995
vn 0.1131 0.0136 0.9935
vn -0.4712 0.4561 0.7549
vn 0.0097 -0.6291 0.7773
vn 0.5778 0.2579 0.7744
vn 0.1149 0.8315 -0.5435
vn 0.1988 -0.0977 0.9752
vn -0.7038 -0.1256 -0.6992
vn 0.3528 -0.3618 -0.8629
vn 0.1206 0.2828 0.9516
vn -0.6007 0.3834 0.7016
vn -0.2335 -0.0454 0.9713
vn -0.3870 -0.7006 0.5995
vn 0.2006 -0.1211 0.9722
vn 0.3116 -0.1263 0.9418
vn 0.2754 -0.1010 0.9560
vn 0.2098 0.3591 0.9094
vn 0.0497 -0.0666 0.9965
vn 0.1101 -0.0080 0.9939
vn -0.3586 0.8853 -0.2960
vn -0.1197 -0.0909 0.9886
vn -0.2435 0.0552 0.9683
vn -0.2642 0.0770 0.9614
vn 0.7013 -0.2921 0.6503
vn 0.0147 0.9069 -0.4210
vn -0.1758 -0.7079 0.6841
vn 0.6335 0.0327 -0.7731
vn -0.3386 -0.7472 0.5718
vn 0.2983 -0.0704 0.9519
vn 0.8535 0.1617 -0.4954
vn 0.1148 0.2074 0.9715
vn -0.6333 0.7225 0.2774
vn -0.3740 0.0577 0.9256
vn -0.3220 -0.9358 0.1434
vn -0.0000 -1.0000 0.0002
vn -0.0000 -1.0000 -0.0001
vn -0.0002 -1.0000 0.0001
vn -0.0000 1.0000 -0.0002
vn -0.0001 1.0000 0.0014
vn -0.0066 0.9969 0.0778
vn 0.0002 1.0000 0.0014
vn 0.0004 1.0000 -0.0002
vn 0.0001 1.0000 -0.0003
vn 0.0016 0.9998 0.0182
vn -0.0487 0.9977 -0.0477
vn -0.0004 1.0000 0.0004
vn -0.0070 1.0000 -0.0031
vn -0.0603 0.9785 0.1972
vn 0.0654 0.9780 0.1982
vn 0.0094 0.9999 -0.0107
vn -0.0038 0.9999 0.0108
vn -0.0016 1.0000 0.0024
vn -0.0067 0.9999 0.0104
vn 0.0199 0.9996 -0.0222
vn -0.0001 1.0000 0.0001
vn -0.0021 0.9999 -0.0112
vn -0.0005 1.0000 0.0003
vn -0.0037 1.0000 -0.0010
vn 0.0110 0.9999 -0.0042
vn 0.0025 1.0000 0.0062
vn -0.0353 0.9994 -0.0013
vn -0.3851 -0.1516 0.9103
vn -0.2560 0.0269 0.9663
vn -0.1047 0.0417 0.9936
vn -0.1019 0.0402 0.9940
vn 0.0561 -0.2497 0.9667
vn 0.1101 -0.3943 0.9123
vn 0.3813 0.0245 0.9241
vn 0.2721 -0.0017 0.9623
vn 0.2848 -0.0217 0.9583
vn 0.1273 0.5297 0.8386
vn -0.1739 0.3419 0.9235
vn -0.9995 0.0251 0.0195
vn -0.6553 -0.1378 0.7427
vn -0.5415 -0.0907 0.8358
vn -0.8160 0.0727 0.5734
vn -0.9579 -0.0502 0.2826
vn 0.2233 0.0175 0.9746
vn 0.5531 -0.0769 0.8296
vn 0.8331 0.0749 0.5480
vn 0.9539 -0.0511 0.2957
vn 0.9996 0.0284 0.0009
vn 0.9373 -0.0533 -0.3444
vn 0.7603 0.0996 -0.6419
vn 0.5172 -0.0711 -0.8529
vn 0.0198 0.0471 -0.9987
vn -0.2610 -0.0865 -0.9615
vn -0.5364 0.0577 -0.8420
vn -0.8953 0.0037 -0.4455
vn -0.9265 -0.0489 -0.3731
vn -0.0001 1.0000 -0.0000
vn 0.8795 0.4084 0.2442
vn -0.8940 0.4125 0.1747
vn -0.2646 0.5007 0.8242
vn -0.1776 0.3806 -0.9075
vn -0.8445 0.4733 -0.2505
vn 0.9172 0.3597 -0.1710
vn -0.0638 0.0468 0.9969
vn -0.1787 0.0002 0.9839
vn -0.9998 0.0029 0.0199
vn -0.9883 0.0084 -0.1522
vn -0.0882 -0.0063 -0.9961
vn 0.9872 0.0655 -0.1452
vn 0.9866 0.0624 -0.1509
vn 0.9881 -0.0117 0.1532
vn -0.4085 -0.0513 0.9113
vn -0.8765 0.0471 0.4791
vn -0.8797 0.0440 0.4735
vn 0.1514 -0.0055 0.9885
vn 0.4847 -0.0362 0.8739
vn 0.7016 0.0568 0.7103
vn 0.9141 -0.0344 0.4040
vn 0.2253 0.1087 -0.9682
vn 0.2911 0.0637 -0.9546
vn 0.6897 -0.1473 -0.7089
vn -0.9096 0.0395 -0.4136
vn -0.8767 0.0738 -0.4754
vn -0.4202 -0.0657 -0.9050
vn 0.2386 0.4108 0.8800
vn 0.1793 0.4067 -0.8958
vn 0.0217 -0.0016 0.9998
vn 0.0007 0.0087 1.0000
vn 0.0029 -0.0000 1.0000
vn 0.0329 -0.0015 0.9995
vn 0.0109 -0.0051 0.9999
vn 0.0104 0.0006 0.9999
vn 0.0055 -0.0044 1.0000
vn 0.0338 0.0025 0.9994
vn 0.0262 0.0025 0.9997
vn -0.0000 0.0133 0.9999
vn 0.0263 -0.0132 0.9996
vn -0.0345 -0.0119 0.9993
vn -0.0230 -0.0121 0.9997
vn -0.0001 0.0111 0.9999
vn -0.0278 -0.0085 0.9996
vn -0.0090 0.0106 0.9999
vn -0.0454 0.0137 0.9989
vn 0.0212 -0.0073 0.9997
vn -0.0308 -0.0106 0.9995
vn -0.0031 0.0077 1.0000
vn -0.1367 -0.0224 0.9904
vn -0.4355 -0.0236 0.8999
vn -0.0039 -0.0036 1.0000
vn 0.0350 0.0217 0.9992
vn 0.0372 0.0484 0.9981
vn -0.0115 -0.0337 0.9994
vn 0.7605 -0.0454 0.6478
vn 0.6059 0.1213 0.7862
vn -0.2119 -0.1693 0.9625
vn -0.6817 0.2417 0.6906
vn -0.9755 -0.2021 0.0872
vn -0.7472 0.1973 -0.6347
vn -0.4509 -0.1113 -0.8856
vn 0.4184 0.0699 -0.9056
vn 0.4949 0.0041 -0.8689
vn 0.9688 -0.0205 -0.2472
vn 0.9847 0.0364 -0.1703
vn -0.9943 -0.0819 0.0687
vn -0.9943 0.0819 -0.0687
vn 0.9943 0.0819 0.0687
vn 0.9943 -0.0819 -0.0687
vn 0.9997 -0.0063 -0.0215
vn 0.9751 0.1687 -0.1439
vn 0.9878 0.0854 -0.1306
vn 0.9998 0.0031 0.0179
vn 0.9954 -0.0948 -0.0140
vn 0.9523 -0.1461 0.2680
vn 0.9974 0.0597 -0.0403
vn -0.2770 -0.9609 -0.0038
vn 0.1638 0.6996 0.6955
vn 0.7909 0.0888 0.6054
vn 0.2732 -0.8305 0.4854
vn -0.2627 0.9646 0.0234
vn -0.9584 0.2755 -0.0749
vn -0.9472 -0.3015 -0.1092
vn -0.9848 0.0123 -0.1732
vn 0.9999 -0.0069 0.0076
vn 0.9990 -0.0230 -0.0378
vn 0.9975 -0.0696 0.0118
vn 0.9994 -0.0035 -0.0342
vn 0.9996 0.0290 -0.0062
vn 0.9973 -0.0230 -0.0700
vn 0.9999 -0.0100 0.0109
vn 0.9996 -0.0243 0.0109
vn 0.9964 -0.0269 -0.0799
vn 0.9959 -0.0242 -0.0871
vn 0.9953 0.0245 -0.0938
vn 0.9963 -0.0835 -0.0183
vn 0.9992 0.0144 0.0372
vn 0.9976 0.0657 0.0194
vn 0.9994 0.0336 0.0056
vn 0.9983 -0.0565 0.0134
vn 0.9968 -0.0387 0.0704
vn 0.9992 0.0236 -0.0319
vn 0.9939 0.0455 -0.1008
vn 0.9966 0.0542 0.0622
vn 0.9980 0.0180 0.0606
vn 0.9969 0.0320 -0.0724
vn 0.9994 -0.0331 0.0115
vn 0.9992 -0.0296 0.0273
vn 0.9955 -0.0878 0.0350
vn 0.9998 -0.0087 -0.0193
vn 0.9995 0.0162 -0.0272
vn 0.9998 -0.0167 0.0130
vn 0.9820 0.0091 0.1887
vn 0.9953 0.0956 0.0123
vn 0.9973 0.0737 0.0054
vn 0.9993 -0.0159 0.0329
vn 0.9989 -0.0364 0.0310
vn 0.9989 -0.0081 0.0452
vn 1.0000 -0.0013 -0.0030
vn -0.9934 -0.0275 0.1117
vn 0.9987 0.0503 0.0084
vn 0.9998 0.0192 0.0042
vn 0.9978 0.0568 -0.0341
vn 0.9940 -0.0531 -0.0961
vn 0.9991 -0.0130 -0.0397
vn 0.9974 -0.0660 -0.0280
vn 0.9946 -0.0336 -0.0977
vn 0.9970 0.0086 -0.0766
vn 0.9998 0.0188 -0.0080
vn 0.9990 -0.0165 0.0427
vn 1.0000 0.0054 -0.0043
vn 0.9997 -0.0261 0.0018
vn 0.9990 -0.0385 0.0243
vn 0.9994 0.0330 0.0084
vn 0.9997 -0.0165 0.0175
vn 0.9994 -0.0351 0.0030
vn -0.9834 0.0136 -0.1809
vn 0.9999 -0.0128 -0.0029
vn 0.9997 0.0252 0.0054
vn 0.9997 0.0200 0.0125
vn 0.9989 0.0100 0.0460
vn 0.9988 0.0246 0.0425
vn 0.9713 -0.2379 -0.0014
vn 0.9995 -0.0281 -0.0158
vn 0.9998 0.0078 0.0203
vn 0.9995 0.0010 0.0330
vn 0.9985 -0.0528 -0.0160
vn 1.0000 -0.0056 -0.0064
vn 0.9994 0.0250 -0.0224
vn 0.9996 -0.0167 0.0247
vn 0.9974 0.0308 0.0654
vn 0.9985 -0.0473 -0.0285
vn 0.9985 -0.0462 -0.0282
vn 0.9985 -0.0521 0.0144
vn 0.9998 0.0201 0.0042
vn 0.9972 0.0726 -0.0172
vn 0.9920 -0.1208 -0.0354
vn 0.9988 0.0335 0.0363
vn 0.9993 0.0236 0.0292
vn 0.9714 0.2178 0.0947
vn 0.9999 -0.0142 -0.0051
vn 0.9962 0.0690 -0.0524
vn 0.9963 0.0803 -0.0321
vn 0.7649 -0.2079 0.6096
vn 0.0839 0.9665 0.2424
vn 0.5120 -0.4698 0.7191
vn 0.8883 -0.4035 -0.2195
vn 0.5492 -0.5460 -0.6327
vn 0.9159 0.2808 -0.2870
vn 0.0918 0.2807 -0.9554
vn 0.9149 0.2907 0.2802
vn 0.9993 0.0382 -0.0037
vn 0.9991 0.0418 0.0015
vn 0.9975 -0.0507 -0.0502
vn 0.8096 -0.3403 0.4782
vn 0.9619 -0.2702 -0.0418
vn -0.1781 -0.4380 -0.8811
vn 0.3659 0.9069 0.2091
vn -0.7481 0.6570 -0.0934
vn 0.9442 -0.0817 -0.3191
vn 0.7983 -0.0433 -0.6006
vn 0.9400 0.3385 0.0427
vn 0.9390 0.3410 0.0443
vn 0.8154 0.0289 0.5782
vn 0.9540 -0.1594 0.2538
vn 0.6866 -0.7097 0.1578
vn -0.0051 0.0026 -1.0000
vn 0.0039 0.0012 -1.0000
vn -0.0067 -0.0055 -1.0000
vn -0.0076 0.0063 1.0000
vn 0.0066 0.0053 1.0000
vn 0.0067 0.0129 0.9999
vn -0.0103 0.0051 0.9999
vn -0.0153 -0.0304 0.9994
vn 0.0002 0.0005 1.0000
vn 0.0009 -0.0000 1.0000
vn -0.0002 -0.0002 1.0000
vn 0.1276 0.0286 0.9914
vn 0.0564 -0.0107 0.9984
vn -0.0154 -0.0217 0.9996
vn -0.0032 -0.0013 1.0000
vn 0.1038 -0.0500 0.9933
vn 0.0147 -0.0289 0.9995
vn -0.0278 0.0243 0.9993
vn 0.0252 0.0061 0.9997
vn -0.0015 -0.0442 0.9990
vn 0.0370 0.0150 0.9992
vn -0.0144 0.0152 0.9998
vn -0.0435 -0.0310 0.9986
vn -0.0394 0.0072 0.9992
vn -0.0047 0.0121 0.9999
vn 0.0232 -0.0118 0.9997
vn 0.9732 -0.1929 -0.1248
vn 0.9092 -0.3970 -0.1252
vn 0.9130 -0.2071 0.3515
vn 0.9540 -0.0703 -0.2915
vn 0.7415 0.0005 -0.6709
vn 0.9784 0.1381 -0.1539
vn 0.9866 0.1509 0.0621
vn 0.9630 0.2686 -0.0205
vn 0.8365 0.0725 0.5432
vn -0.0527 -0.9985 0.0120
vn -0.1246 -0.9919 -0.0247
vn -0.5469 -0.8354 -0.0553
vn -0.7745 -0.6275 0.0802
vn -0.9082 -0.4158 -0.0480
vn -0.9996 -0.0280 0.0042
vn -0.9977 0.0608 -0.0285
vn -0.8944 0.4424 0.0661
vn -0.7785 0.6268 -0.0338
vn -0.3890 0.9212 -0.0057
vn -0.3420 0.9389 -0.0379
vn 0.0618 0.9980 0.0139
vn 0.9091 0.4165 -0.0006
vn 0.7741 0.6328 -0.0196
vn 0.6775 0.7332 0.0583
vn 0.3261 0.9419 -0.0801
vn 0.3266 -0.9438 -0.0500
vn 0.5250 -0.8485 0.0663
vn 0.8065 -0.5872 -0.0685
vn 0.8455 -0.5316 -0.0505
vn 0.9651 -0.2450 0.0922
vn 1.0000 0.0016 -0.0016
vn 0.9989 0.0460 0.0123
vn 0.9993 -0.0270 0.0244
vn 0.9983 0.0589 0.0010
vn 0.9968 0.0795 -0.0013
vn 0.9989 0.0105 -0.0462
vn 1.0000 0.0059 0.0050
vn 1.0000 0.0042 0.0032
vn 0.9997 0.0235 0.0001
vn 0.9993 0.0368 0.0003
vn 1.0000 0.0047 -0.0055
vn 0.9999 0.0068 -0.0076
vn 0.9990 0.0443 -0.0079
vn 0.9995 -0.0292 0.0075
vn 0.9999 -0.0093 0.0043
vn 0.9998 -0.0161 0.0084
vn 0.9994 -0.0343 0.0026
vn 0.9994 -0.0331 0.0025
vn 1.0000 0.0019 0.0032
vn 0.9997 -0.0138 0.0188
vn 0.9999 -0.0166 -0.0045
vn 0.9999 -0.0134 -0.0050
vn 0.9998 -0.0200 -0.0054
vn 0.9996 -0.0281 0.0056
vn 1.0000 0.0060 -0.0051
vn 0.9990 0.0025 0.0449
vn 0.9990 0.0040 0.0438
vn 0.9986 0.0317 0.0429
vn -0.0011 -0.0023 1.0000
vn -0.0023 0.0005 1.0000
vn -0.0009 0.0021 1.0000
vn 0.0009 0.0022 1.0000
vn 0.0022 0.0003 1.0000
vn 0.0014 -0.0020 1.0000
vn -0.1893 -0.8847 0.4259
vn -0.2306 0.8794 0.4164
vn 0.8794 0.2306 0.4165
vn -0.8878 0.1866 0.4208
vn 0.1877 0.8866 0.4228
vn 0.2318 -0.8779 0.4189
vn 0.8828 -0.1909 0.4291
vn -0.8765 -0.2330 0.4214
vn 0.0504 -0.9987 -0.0050
vn -0.0649 -0.9979 0.0057
vn -0.9990 -0.0447 -0.0059
vn -0.9950 0.0913 0.0400
vn 0.0063 1.0000 -0.0013
vn -0.0299 0.9996 -0.0022
vn 0.9865 0.1529 0.0588
vn 0.9872 0.1485 0.0574
vn 0.9986 -0.0536 0.0005
vn -0.9055 -0.4194 -0.0651
vn -0.4630 -0.8816 0.0919
vn -0.4300 -0.9000 0.0715
vn -0.4321 0.9011 0.0370
vn -0.7036 0.7022 -0.1092
vn -0.9768 0.1989 0.0795
vn 0.7065 0.6985 -0.1140
vn 0.4299 0.9012 0.0542
vn 0.4600 -0.8879 0.0096
vn 0.5972 -0.7981 0.0803
vn 0.9045 -0.4243 -0.0425
vn -0.0227 -0.0068 -0.9997
vn 0.0023 -0.0000 -1.0000
vn 0.0281 -0.0063 -0.9996
vn -0.0022 -0.0008 -1.0000
vn -0.0018 -0.0000 -1.0000
vn -0.0036 0.0076 -1.0000
vn -0.0523 -0.0023 -0.9986
vn 0.0021 0.0016 -1.0000
vn 0.0019 0.0009 -1.0000
vn -0.0203 -0.0001 -0.9998
vn 0.0034 -0.0089 -1.0000
vn 0.0031 0.0083 -1.0000
vn 0.0265 0.0067 -0.9996
vn -0.0197 -0.0011 -0.9998
vn 0.0172 -0.0015 -0.9999
vn 0.0151 -0.0088 -0.9998
vn 0.0001 0.0001 -1.0000
vn -0.0001 -0.0005 -1.0000
vn -0.0003 0.0003 -1.0000
vn -0.9695 0.2385 0.0568
vn -0.9603 0.2780 0.0224
vn -0.7970 -0.6037 -0.0199
vn -0.8461 -0.5238 -0.0986
vn 0.6592 0.7473 -0.0833
vn 0.4628 0.8849 0.0530
vn -0.4045 0.9104 -0.0875
vn -0.4554 0.8893 -0.0417
vn 0.8938 -0.4465 -0.0411
vn 0.9187 -0.3829 -0.0968
vn 0.8950 0.4308 0.1155
vn -0.4242 -0.8992 0.1076
vn 0.1569 -0.9796 -0.1253
vn 0.4548 -0.8894 0.0463
vn -0.8342 -0.5506 -0.0306
vn -0.7048 -0.7028 0.0969
vn -0.2902 -0.9541 -0.0739
vn 0.1407 -0.9890 0.0455
vn 0.2690 -0.9624 -0.0385
vn 0.7707 -0.6368 -0.0242
vn 0.7856 -0.6187 -0.0060
vn 0.9985 -0.0408 -0.0359
vn 0.9906 0.1223 0.0616
vn 0.8023 0.5938 -0.0607
vn 0.6507 0.7577 0.0507
vn 0.2681 0.9587 -0.0946
vn -0.0802 0.9957 0.0453
vn -0.2981 0.9532 -0.0503
vn -0.7800 0.6222 0.0659
vn -0.7463 0.6652 0.0228
vn 0.0002 -0.0095 1.0000
vn 0.0018 0.0006 1.0000
vn -0.0001 -0.0000 1.0000
vn -0.0200 0.0038 0.9998
vn 0.0017 -0.0020 1.0000
vn -0.0144 0.0082 0.9999
vn -0.0000 -0.0001 1.0000
vn -0.0040 0.0005 1.0000
vn -0.0057 -0.0232 0.9997
vn 0.0054 0.0051 1.0000
vn -0.0005 -0.0016 1.0000
vn 0.0001 -0.0001 1.0000
vn -0.0211 0.0044 0.9998
vn -0.0020 0.0025 1.0000
vn 0.0028 0.0004 1.0000
vn 0.0002 0.0003 1.0000
vn -0.0062 -0.0046 1.0000
vn -0.0093 0.0198 0.9998
vn -0.0289 -0.0017 -0.9996
vn -0.0737 0.0212 -0.9971
vn -0.0027 -0.0040 -1.0000
vn 0.0072 0.0039 -1.0000
vn -0.0021 -0.0012 1.0000
vn -0.0020 0.0014 1.0000
vn 0.0001 0.0021 1.0000
vn 0.0018 0.0015 1.0000
vn 0.0024 -0.0009 1.0000
vn -0.0001 -0.0021 1.0000
vn -0.2070 -0.8804 0.4267
vn -0.2078 0.8948 0.3952
vn -0.7546 0.2913 0.5879
vn -0.9612 0.2120 0.1764
vn 0.9660 0.2077 0.1537
vn 0.7476 0.2982 0.5934
vn 0.2971 0.7135 0.6345
vn 0.2142 0.9589 0.1861
vn 0.2039 -0.9127 0.3541
vn -0.9998 -0.0165 -0.0132
vn -0.9978 0.0644 -0.0139
vn 0.1296 0.9904 0.0475
vn -0.0755 0.9971 -0.0078
vn 0.0606 0.9979 0.0248
vn 0.9961 0.0849 -0.0249
vn 0.9641 -0.2600 0.0534
vn 0.0917 -0.9958 0.0005
vn 0.1564 -0.9876 -0.0151
vn -0.0491 -0.9981 0.0377
vn -0.0242 -0.9987 0.0459
vn -0.7067 -0.7039 0.0707
vn -0.8432 -0.5251 -0.1149
vn 0.5145 0.8539 0.0782
vn -0.8137 0.5767 -0.0735
vn -0.7168 0.6953 0.0516
vn 0.7422 -0.6682 0.0506
vn 0.7184 0.6948 -0.0355
vn 0.6890 0.7222 -0.0609
vn 0.0577 0.9980 0.0253
vn 0.4404 -0.8951 -0.0704
vn 0.9107 -0.4030 0.0903
vn 0.9083 -0.4078 0.0935
vn -0.9117 -0.2049 0.3561
vn 0.7215 -0.2932 0.6273
vn 0.9705 -0.2035 0.1296
vn -0.1261 -0.9915 -0.0332
vn 0.0130 -0.9999 -0.0000
vn -0.2694 0.9604 0.0706
vn 0.1126 0.9936 -0.0000
vn -0.1332 0.0177 -0.9909
vn -0.1741 -0.0000 -0.9847
vn -0.1712 -0.0012 -0.9852
vn -0.1328 -0.0020 0.9911
vn -0.1406 -0.0000 0.9901
vn -0.0129 -0.0007 -0.9999
vn -0.0049 -0.0001 -1.0000
vn 0.0256 -0.0053 -0.9997
vn -0.0136 -0.0136 -0.9998
vn 0.0030 0.0074 -1.0000
vn 0.0096 -0.0165 -0.9998
vn -0.0097 0.0027 -0.9999
vn -0.0089 0.0243 -0.9997
vn -0.0069 -0.0095 -0.9999
vn 0.0050 -0.0059 -1.0000
vn -0.0024 0.0068 -1.0000
vn 0.0055 0.0174 -0.9998
vn 0.0331 -0.0061 -0.9994
vn -0.0017 0.0017 -1.0000
vn 0.0184 -0.0009 -0.9998
vn -0.0001 0.0003 -1.0000
vn 0.0003 0.0001 -1.0000
vn -0.9455 0.3128 -0.0908
vn -0.9593 0.2775 -0.0520
vn -0.8465 -0.5281 0.0683
vn 0.1484 0.9889 -0.0005
vn 0.2518 0.9600 -0.1227
vn -0.5362 0.8411 0.0715
vn 0.8888 -0.4476 0.0990
vn 0.9713 0.1686 -0.1679
vn 0.9050 0.4249 0.0200
vn -0.5826 -0.8093 -0.0742
vn -0.4258 -0.9040 0.0378
vn 0.4580 -0.8857 -0.0758
vn 0.4510 -0.8887 -0.0830
s 0
f 6//1 3//1 4//1
f 4//2 3//2 5//2
f 4//3 5//3 7//3
f 7//4 5//4 56//4
f 61//5 60//5 4//5
f 9//6 8//6 6//6
f 7//7 61//7 4//7
f 61//8 7//8 8//8
f 6//9 8//9 7//9
f 14//10 10//10 11//10
f 14//11 11//11 12//11
f 12//12 11//12 13//12
f 12//13 13//13 67//13
f 64//14 66//14 14//14
f 16//15 15//15 12//15
f 12//16 64//16 14//16
f 15//17 64//17 12//17
f 67//18 16//18 12//18
f 65//19 63//19 26//19
f 16//20 27//20 33//20
f 35//21 15//21 16//21
f 20//22 64//22 15//22
f 63//23 64//23 31//23
f 28//24 65//24 26//24
f 26//25 31//25 29//25
f 26//26 29//26 30//26
f 25//27 18//27 19//27
f 23//28 24//28 25//28
f 63//29 31//29 26//29
f 30//30 29//30 68//30
f 25//31 24//31 18//31
f 22//32 33//32 28//32
f 28//33 27//33 65//33
f 68//34 29//34 34//34
f 68//35 34//35 21//35
f 18//36 24//36 32//36
f 18//37 33//37 22//37
f 18//38 32//38 33//38
f 28//39 33//39 27//39
f 24//40 49//40 32//40
f 64//41 20//41 31//41
f 31//42 34//42 29//42
f 32//43 35//43 33//43
f 33//44 35//44 16//44
f 49//45 53//45 32//45
f 31//46 20//46 34//46
f 32//47 53//47 35//47
f 15//48 35//48 20//48
f 20//49 36//49 34//49
f 34//50 36//50 50//50
f 53//51 17//51 35//51
f 35//52 17//52 20//52
f 20//53 17//53 36//53
f 45//54 57//54 62//54
f 9//55 59//55 48//55
f 8//56 40//56 61//56
f 21//57 34//57 43//57
f 38//58 39//58 42//58
f 41//59 43//59 44//59
f 45//60 58//60 46//60
f 46//61 47//61 39//61
f 62//62 58//62 45//62
f 46//63 58//63 47//63
f 39//64 47//64 42//64
f 42//65 24//65 2//65
f 21//66 43//66 41//66
f 43//67 48//67 44//67
f 44//68 48//68 45//68
f 45//69 59//69 57//69
f 42//70 47//70 24//70
f 48//71 59//71 45//71
f 58//72 61//72 47//72
f 47//73 49//73 24//73
f 34//74 50//74 43//74
f 43//75 50//75 48//75
f 47//76 61//76 51//76
f 47//77 51//77 49//77
f 51//78 53//78 49//78
f 48//79 52//79 9//79
f 48//80 50//80 52//80
f 9//81 52//81 8//81
f 52//82 40//82 8//82
f 61//83 40//83 51//83
f 50//84 36//84 52//84
f 51//85 40//85 53//85
f 52//86 17//86 40//86
f 53//87 40//87 17//87
f 36//88 17//88 52//88
f 2//89 45//89 38//89
f 26//90 30//90 11//90
f 38//91 45//91 46//91
f 44//92 3//92 54//92
f 41//93 44//93 54//93
f 23//94 19//94 28//94
f 19//95 22//95 28//95
f 10//96 26//96 11//96
f 2//97 56//97 5//97
f 2//98 5//98 45//98
f 45//99 3//99 44//99
f 26//100 10//100 28//100
f 28//101 10//101 13//101
f 28//102 13//102 2//102
f 28//103 2//103 23//103
f 54//104 3//104 55//104
f 11//105 30//105 55//105
f 11//106 55//106 13//106
f 13//107 55//107 3//107
f 45//108 5//108 3//108
f 3//109 56//109 13//109
f 56//110 2//110 13//110
f 62//111 60//111 58//111
f 60//112 61//112 58//112
f 62//113 57//113 4//113
f 64//114 63//114 66//114
f 66//115 63//115 65//115
f 27//116 16//116 67//116
f 67//117 65//117 27//117
f 67//118 66//118 65//118
f 14//119 66//119 67//119
f 67//120 13//120 10//120
f 67//121 10//121 14//121
f 6//122 59//122 9//122
f 6//123 57//123 59//123
f 4//124 57//124 6//124
f 62//125 4//125 60//125
f 7//126 56//126 3//126
f 7//127 3//127 6//127
f 68//128 55//128 30//128
f 21//129 70//129 37//129
f 21//130 37//130 68//130
f 37//131 70//131 55//131
f 70//132 21//132 54//132
f 68//133 37//133 55//133
f 41//134 54//134 21//134
f 23//135 2//135 1//135
f 23//136 1//136 24//136
f 2//137 24//137 1//137
f 22//138 19//138 18//138
f 25//139 19//139 69//139
f 23//140 25//140 69//140
f 42//141 2//141 38//141
f 23//142 69//142 19//142
f 39//143 38//143 46//143
f 54//144 55//144 70//144
f 76//145 74//145 71//145
f 71//146 74//146 73//146
f 75//147 76//147 115//147
f 75//148 74//148 76//148
f 77//149 112//149 113//149
f 112//150 77//150 111//150
f 79//151 97//151 99//151
f 99//152 97//152 98//152
f 99//153 98//153 80//153
f 80//154 98//154 78//154
f 80//155 78//155 79//155
f 80//156 79//156 81//156
f 81//157 79//157 100//157
f 100//158 99//158 82//158
f 82//159 80//159 83//159
f 84//160 102//160 82//160
f 82//161 83//161 84//161
f 85//162 83//162 101//162
f 85//163 101//163 102//163
f 85//164 102//164 103//164
f 103//165 102//165 84//165
f 86//166 84//166 83//166
f 86//167 83//167 85//167
f 105//168 103//168 104//168
f 88//169 86//169 89//169
f 86//170 87//170 89//170
f 87//171 105//171 104//171
f 90//172 92//172 89//172
f 106//173 92//173 90//173
f 106//174 91//174 92//174
f 91//175 93//175 94//175
f 110//176 94//176 113//176
f 113//177 94//177 95//177
f 113//178 95//178 109//178
f 111//179 109//179 110//179
f 111//180 110//180 96//180
f 77//181 113//181 109//181
f 111//182 77//182 109//182
f 111//183 96//183 112//183
f 112//184 96//184 113//184
f 99//185 100//185 79//185
f 82//186 99//186 80//186
f 83//187 80//187 81//187
f 83//188 81//188 101//188
f 101//189 81//189 100//189
f 101//190 100//190 102//190
f 102//191 100//191 82//191
f 103//192 84//192 88//192
f 88//193 84//193 86//193
f 87//194 86//194 85//194
f 87//195 85//195 105//195
f 105//196 85//196 103//196
f 103//197 88//197 104//197
f 89//198 87//198 90//198
f 90//199 87//199 104//199
f 106//200 104//200 88//200
f 106//201 88//201 91//201
f 91//202 88//202 89//202
f 104//203 106//203 90//203
f 89//204 93//204 91//204
f 89//205 92//205 93//205
f 107//206 92//206 91//206
f 107//207 91//207 94//207
f 93//208 92//208 108//208
f 108//209 92//209 107//209
f 95//210 94//210 93//210
f 95//211 93//211 109//211
f 93//212 108//212 109//212
f 108//213 107//213 110//213
f 110//214 107//214 94//214
f 109//215 108//215 110//215
f 96//216 110//216 113//216
f 115//217 72//217 75//217
f 71//218 73//218 114//218
f 73//219 72//219 114//219
f 114//220 72//220 115//220
f 115//221 76//221 71//221
f 72//222 73//222 98//222
f 74//223 78//223 73//223
f 72//224 97//224 75//224
f 73//225 78//225 98//225
f 75//226 97//226 79//226
f 79//227 78//227 74//227
f 72//228 98//228 97//228
f 75//229 79//229 74//229
f 71//230 114//230 115//230
f 119//231 118//231 116//231
f 116//232 118//232 120//232
f 116//233 120//233 121//233
f 158//234 118//234 119//234
f 123//235 156//235 145//235
f 123//236 122//236 157//236
f 145//237 122//237 123//237
f 126//238 124//238 147//238
f 147//239 128//239 127//239
f 130//240 128//240 129//240
f 148//241 128//241 130//241
f 131//242 127//242 148//242
f 149//243 130//243 133//243
f 130//244 131//244 133//244
f 133//245 131//245 132//245
f 132//246 150//246 134//246
f 133//247 135//247 151//247
f 134//248 150//248 152//248
f 136//249 152//249 151//249
f 135//250 136//250 151//250
f 136//251 135//251 137//251
f 138//252 137//252 134//252
f 138//253 134//253 152//253
f 152//254 136//254 139//254
f 152//255 153//255 138//255
f 152//256 139//256 153//256
f 139//257 136//257 140//257
f 138//258 153//258 143//258
f 140//259 142//259 141//259
f 144//260 154//260 155//260
f 155//261 154//261 143//261
f 155//262 143//262 145//262
f 145//263 143//263 141//263
f 145//264 141//264 157//264
f 157//265 141//265 144//265
f 122//266 145//266 157//266
f 124//267 146//267 147//267
f 128//268 146//268 125//268
f 128//269 125//269 129//269
f 129//270 125//270 126//270
f 129//271 126//271 127//271
f 127//272 126//272 147//272
f 128//273 147//273 146//273
f 148//274 127//274 128//274
f 130//275 129//275 131//275
f 131//276 129//276 127//276
f 149//277 148//277 130//277
f 131//278 148//278 132//278
f 150//279 132//279 148//279
f 150//280 148//280 149//280
f 150//281 149//281 151//281
f 151//282 149//282 133//282
f 133//283 132//283 135//283
f 135//284 132//284 134//284
f 152//285 150//285 151//285
f 137//286 135//286 134//286
f 137//287 140//287 136//287
f 137//288 138//288 140//288
f 143//289 153//289 139//289
f 143//290 139//290 141//290
f 141//291 139//291 140//291
f 142//292 140//292 138//292
f 142//293 138//293 154//293
f 154//294 138//294 143//294
f 142//295 154//295 144//295
f 144//296 141//296 142//296
f 157//297 144//297 123//297
f 123//298 144//298 156//298
f 156//299 144//299 155//299
f 156//300 155//300 145//300
f 121//301 117//301 119//301
f 119//302 117//302 158//302
f 120//303 117//303 121//303
f 117//304 120//304 146//304
f 125//305 120//305 118//305
f 158//306 117//306 124//306
f 124//307 126//307 158//307
f 126//308 125//308 118//308
f 120//309 125//309 146//309
f 146//310 124//310 117//310
f 158//311 126//311 118//311
f 116//312 121//312 119//312
f 160//313 162//313 161//313
f 159//314 163//314 161//314
f 159//315 161//315 162//315
f 202//316 163//316 159//316
f 165//317 164//317 200//317
f 188//318 187//318 166//318
f 188//319 166//319 169//319
f 170//320 169//320 167//320
f 170//321 167//321 168//321
f 170//322 168//322 187//322
f 170//323 171//323 169//323
f 171//324 170//324 173//324
f 189//325 173//325 188//325
f 189//326 188//326 172//326
f 174//327 173//327 175//327
f 175//328 173//328 189//328
f 175//329 189//329 190//329
f 176//330 190//330 172//330
f 176//331 172//331 177//331
f 172//332 174//332 177//332
f 174//333 175//333 178//333
f 178//334 175//334 191//334
f 192//335 176//335 179//335
f 176//336 177//336 179//336
f 177//337 178//337 193//337
f 193//338 178//338 191//338
f 193//339 191//339 194//339
f 194//340 191//340 192//340
f 194//341 192//341 180//341
f 180//342 192//342 179//342
f 180//343 179//343 182//343
f 182//344 179//344 181//344
f 194//345 195//345 193//345
f 193//346 195//346 181//346
f 184//347 182//347 181//347
f 184//348 181//348 195//348
f 182//349 184//349 183//349
f 198//350 196//350 183//350
f 186//351 185//351 165//351
f 165//352 185//352 197//352
f 199//353 165//353 197//353
f 165//354 199//354 164//354
f 164//355 199//355 186//355
f 164//356 186//356 200//356
f 166//357 167//357 169//357
f 173//358 170//358 187//358
f 173//359 187//359 188//359
f 172//360 188//360 169//360
f 172//361 169//361 171//361
f 189//362 172//362 190//362
f 172//363 171//363 174//363
f 174//364 171//364 173//364
f 191//365 175//365 190//365
f 191//366 190//366 176//366
f 177//367 174//367 178//367
f 192//368 191//368 176//368
f 181//369 179//369 177//369
f 181//370 177//370 193//370
f 195//371 194//371 196//371
f 196//372 194//372 180//372
f 196//373 180//373 183//373
f 183//374 180//374 182//374
f 184//375 195//375 198//375
f 198//376 195//376 196//376
f 184//377 198//377 197//377
f 185//378 183//378 184//378
f 185//379 184//379 197//379
f 197//380 198//380 199//380
f 198//381 183//381 199//381
f 199//382 183//382 186//382
f 186//383 183//383 185//383
f 200//384 186//384 165//384
f 159//385 201//385 202//385
f 162//386 160//386 201//386
f 201//387 160//387 202//387
f 202//388 187//388 168//388
f 167//389 161//389 163//389
f 202//390 160//390 187//390
f 161//391 167//391 166//391
f 202//392 168//392 163//392
f 168//393 167//393 163//393
f 161//394 166//394 160//394
f 160//395 166//395 187//395
f 159//396 162//396 201//396
f 206//397 207//397 205//397
f 205//398 208//398 206//398
f 206//399 208//399 204//399
f 203//400 204//400 208//400
f 245//401 246//401 247//401
f 245//402 247//402 230//402
f 211//403 209//403 212//403
f 212//404 210//404 233//404
f 233//405 210//405 231//405
f 233//406 231//406 213//406
f 213//407 211//407 214//407
f 214//408 215//408 213//408
f 212//409 215//409 214//409
f 215//410 212//410 216//410
f 216//411 212//411 233//411
f 216//412 233//412 234//412
f 234//413 213//413 217//413
f 236//414 217//414 219//414
f 217//415 215//415 219//415
f 219//416 215//416 216//416
f 219//417 216//417 220//417
f 220//418 216//418 237//418
f 237//419 216//419 235//419
f 236//420 237//420 235//420
f 237//421 236//421 238//421
f 236//422 218//422 238//422
f 238//423 218//423 221//423
f 223//424 221//424 220//424
f 223//425 220//425 239//425
f 237//426 239//426 220//426
f 237//427 238//427 239//427
f 238//428 224//428 239//428
f 222//429 223//429 225//429
f 239//430 240//430 225//430
f 239//431 225//431 223//431
f 222//432 226//432 227//432
f 228//433 244//433 241//433
f 228//434 241//434 227//434
f 227//435 226//435 242//435
f 228//436 227//436 229//436
f 229//437 242//437 243//437
f 243//438 244//438 228//438
f 247//439 229//439 230//439
f 243//440 245//440 230//440
f 212//441 209//441 210//441
f 213//442 231//442 232//442
f 213//443 232//443 211//443
f 214//444 211//444 212//444
f 233//445 213//445 234//445
f 217//446 213//446 215//446
f 235//447 216//447 234//447
f 235//448 234//448 236//448
f 236//449 234//449 217//449
f 218//450 236//450 219//450
f 221//451 218//451 219//451
f 221//452 219//452 220//452
f 224//453 238//453 221//453
f 224//454 221//454 222//454
f 223//455 222//455 221//455
f 224//456 240//456 239//456
f 225//457 226//457 222//457
f 240//458 224//458 241//458
f 241//459 224//459 227//459
f 227//460 224//460 222//460
f 226//461 225//461 244//461
f 244//462 225//462 240//462
f 244//463 240//463 241//463
f 226//464 244//464 242//464
f 229//465 227//465 242//465
f 243//466 242//466 244//466
f 230//467 229//467 243//467
f 245//468 243//468 228//468
f 245//469 228//469 246//469
f 246//470 228//470 229//470
f 246//471 229//471 247//471
f 206//472 248//472 207//472
f 203//473 248//473 204//473
f 204//474 248//474 206//474
f 211//475 232//475 203//475
f 248//476 203//476 231//476
f 207//477 231//477 210//477
f 207//478 248//478 231//478
f 211//479 203//479 208//479
f 203//480 232//480 231//480
f 207//481 209//481 205//481
f 211//482 208//482 205//482
f 207//483 210//483 209//483
f 205//484 209//484 211//484
f 250//485 257//485 249//485
f 250//486 249//486 251//486
f 251//487 249//487 253//487
f 251//488 253//488 252//488
f 255//489 253//489 254//489
f 254//490 253//490 249//490
f 254//491 249//491 255//491
f 255//492 249//492 257//492
f 255//493 257//493 253//493
f 252//494 253//494 257//494
f 252//495 257//495 256//495
f 256//496 257//496 250//496
f 251//497 252//497 256//497
f 251//498 256//498 250//498
f 265//499 259//499 258//499
f 265//500 258//500 260//500
f 260//501 258//501 261//501
f 263//502 264//502 258//502
f 263//503 258//503 262//503
f 262//504 258//504 259//504
f 262//505 259//505 263//505
f 263//506 259//506 264//506
f 261//507 258//507 264//507
f 261//508 264//508 266//508
f 266//509 264//509 265//509
f 265//510 264//510 259//510
f 260//511 261//511 266//511
f 266//512 265//512 260//512
f 268//513 275//513 267//513
f 268//514 267//514 269//514
f 269//487 267//487 271//487
f 269//515 271//515 270//515
f 273//516 271//516 272//516
f 272//517 271//517 267//517
f 272//518 267//518 273//518
f 273//519 267//519 275//519
f 273//520 275//520 271//520
f 270//521 271//521 275//521
f 270//522 275//522 274//522
f 274//523 275//523 268//523
f 269//524 270//524 274//524
f 269//525 274//525 268//525
f 283//499 277//499 276//499
f 283//526 276//526 278//526
f 278//527 276//527 279//527
f 281//502 282//502 276//502
f 281//503 276//503 280//503
f 280//504 276//504 277//504
f 280//505 277//505 281//505
f 281//506 277//506 282//506
f 279//507 276//507 282//507
f 279//528 282//528 284//528
f 284//529 282//529 283//529
f 283//510 282//510 277//510
f 278//530 279//530 284//530
f 284//531 283//531 278//531
f 287//532 286//532 285//532
f 287//533 285//533 288//533
f 288//534 285//534 289//534
f 292//535 289//535 290//535
f 290//536 289//536 286//536
f 290//537 286//537 291//537
f 290//538 291//538 292//538
f 292//539 291//539 289//539
f 288//540 289//540 291//540
f 288//541 291//541 293//541
f 293//542 291//542 286//542
f 293//543 286//543 287//543
f 294//544 288//544 293//544
f 287//545 288//545 294//545
f 289//546 285//546 286//546
f 287//547 294//547 293//547
f 298//548 297//548 296//548
f 298//549 296//549 299//549
f 299//550 296//550 295//550
f 300//551 296//551 301//551
f 301//552 296//552 297//552
f 301//553 297//553 302//553
f 301//554 302//554 300//554
f 300//555 302//555 296//555
f 299//556 295//556 302//556
f 299//557 302//557 303//557
f 303//558 302//558 297//558
f 303//559 297//559 298//559
f 305//560 299//560 304//560
f 304//561 299//561 303//561
f 303//562 298//562 305//562
f 305//563 298//563 299//563
f 302//564 295//564 296//564
f 305//565 304//565 303//565
f 308//566 307//566 306//566
f 308//567 306//567 309//567
f 309//568 306//568 314//568
f 314//569 306//569 312//569
f 313//570 306//570 311//570
f 311//571 306//571 307//571
f 311//572 307//572 312//572
f 311//573 312//573 313//573
f 313//574 312//574 306//574
f 314//575 312//575 308//575
f 308//576 312//576 307//576
f 310//577 314//577 308//577
f 310//578 308//578 309//578
f 310//579 309//579 314//579
f 323//580 319//580 315//580
f 323//581 315//581 316//581
f 316//582 315//582 317//582
f 317//583 315//583 321//583
f 317//584 321//584 322//584
f 320//585 321//585 315//585
f 320//586 315//586 318//586
f 318//587 315//587 319//587
f 318//588 319//588 320//588
f 320//589 319//589 321//589
f 322//590 321//590 323//590
f 323//591 321//591 319//591
f 317//592 322//592 323//592
f 316//593 317//593 323//593
f 326//594 325//594 324//594
f 326//595 324//595 327//595
f 328//596 330//596 324//596
f 328//597 324//597 325//597
f 328//598 325//598 329//598
f 329//599 325//599 330//599
f 329//600 330//600 328//600
f 327//601 324//601 330//601
f 327//602 330//602 331//602
f 331//603 330//603 325//603
f 331//604 325//604 326//604
f 326//605 327//605 331//605
f 334//606 341//606 333//606
f 334//607 333//607 335//607
f 335//608 333//608 332//608
f 335//609 332//609 336//609
f 338//610 332//610 333//610
f 338//611 333//611 341//611
f 338//612 341//612 339//612
f 339//613 341//613 340//613
f 339//614 340//614 338//614
f 338//615 340//615 332//615
f 336//616 332//616 340//616
f 336//617 340//617 334//617
f 334//618 340//618 341//618
f 336//619 334//619 337//619
f 337//620 334//620 335//620
f 335//621 336//621 337//621
f 344//622 343//622 342//622
f 344//623 342//623 345//623
f 345//624 342//624 347//624
f 348//625 347//625 342//625
f 348//626 342//626 346//626
f 346//627 342//627 343//627
f 346//628 343//628 347//628
f 346//629 347//629 348//629
f 345//630 347//630 349//630
f 345//631 349//631 350//631
f 350//632 349//632 344//632
f 344//633 349//633 343//633
f 351//634 345//634 350//634
f 344//635 345//635 351//635
f 343//636 349//636 347//636
f 344//637 351//637 350//637
f 359//638 358//638 354//638
f 354//639 358//639 353//639
f 354//640 353//640 352//640
f 354//641 352//641 355//641
f 357//642 352//642 353//642
f 357//643 353//643 356//643
f 356//644 353//644 358//644
f 356//645 358//645 357//645
f 357//646 358//646 352//646
f 355//647 352//647 358//647
f 355//648 358//648 359//648
f 360//649 354//649 355//649
f 359//650 354//650 360//650
f 360//651 355//651 359//651
f 366//652 365//652 362//652
f 370//653 369//653 366//653
f 366//654 369//654 365//654
f 364//653 366//653 368//653
f 368//655 366//655 362//655
f 368//653 362//653 361//653
f 367//656 369//656 370//656
f 373//657 372//657 370//657
f 370//658 372//658 367//658
f 369//659 367//659 371//659
f 369//660 371//660 372//660
f 369//661 372//661 373//661
f 363//653 361//653 362//653
f 374//662 377//662 376//662
f 380//663 379//663 376//663
f 376//664 379//664 374//664
f 378//665 376//665 377//665
f 379//666 380//666 381//666
f 374//667 382//667 377//667
f 381//668 383//668 374//668
f 374//669 383//669 382//669
f 381//670 380//670 383//670
f 384//671 385//671 362//671
f 362//672 385//672 376//672
f 385//673 380//673 376//673
f 386//674 370//674 366//674
f 377//675 387//675 366//675
f 387//676 386//676 366//676
f 398//677 390//677 394//677
f 384//678 388//678 389//678
f 390//679 385//679 384//679
f 393//680 398//680 391//680
f 389//681 390//681 384//681
f 385//682 390//682 393//682
f 395//683 394//683 397//683
f 389//684 394//684 390//684
f 387//685 399//685 386//685
f 386//686 399//686 392//686
f 392//687 395//687 386//687
f 399//688 396//688 392//688
f 386//689 397//689 384//689
f 384//690 397//690 388//690
f 395//691 397//691 386//691
f 385//692 391//692 387//692
f 387//693 391//693 399//693
f 398//694 394//694 392//694
f 391//695 385//695 393//695
f 398//696 392//696 396//696
f 398//697 396//697 391//697
f 400//698 361//698 401//698
f 401//699 361//699 378//699
f 401//700 378//700 402//700
f 422//701 404//701 361//701
f 414//702 404//702 422//702
f 411//703 406//703 368//703
f 368//704 406//704 419//704
f 405//705 408//705 378//705
f 361//706 411//706 368//706
f 377//707 415//707 378//707
f 378//708 415//708 407//708
f 378//709 408//709 402//709
f 402//710 408//710 413//710
f 419//711 406//711 420//711
f 412//712 405//712 407//712
f 407//713 405//713 378//713
f 361//714 404//714 410//714
f 406//715 409//715 420//715
f 411//716 410//716 409//716
f 420//717 415//717 377//717
f 410//718 411//718 361//718
f 420//719 409//719 414//719
f 410//720 414//720 409//720
f 414//721 415//721 420//721
f 413//722 422//722 402//722
f 422//723 413//723 414//723
f 414//724 412//724 415//724
f 412//725 413//725 405//725
f 413//726 412//726 414//726
f 420//727 377//727 416//727
f 418//728 417//728 419//728
f 418//729 419//729 420//729
f 421//730 368//730 419//730
f 402//731 422//731 423//731
f 402//732 423//732 403//732
f 368//733 421//733 416//733
f 368//734 416//734 377//734
f 422//735 361//735 400//735
f 361//736 363//736 378//736
f 378//737 363//737 376//737
f 362//738 376//738 363//738
f 377//739 375//739 368//739
f 368//740 375//740 364//740
f 364//741 375//741 377//741
f 364//742 377//742 366//742
f 420//743 421//743 417//743
f 417//744 418//744 420//744
f 423//745 400//745 424//745
f 423//746 424//746 403//746
f 424//747 400//747 401//747
f 424//748 401//748 402//748
f 420//749 416//749 421//749
f 424//750 402//750 403//750
f 400//751 423//751 422//751
f 421//752 419//752 417//752
f 425//753 385//753 387//753
f 425//754 387//754 382//754
f 382//755 387//755 377//755
f 365//756 386//756 384//756
f 365//757 384//757 362//757
f 425//758 430//758 385//758
f 385//759 430//759 426//759
f 385//760 426//760 427//760
f 427//653 426//653 428//653
f 427//653 428//653 429//653
f 429//653 428//653 425//653
f 425//653 428//653 430//653
f 380//761 385//761 427//761
f 380//762 427//762 429//762
f 380//763 429//763 383//763
f 383//764 429//764 425//764
f 426//765 379//765 428//765
f 428//766 379//766 381//766
f 428//767 381//767 430//767
f 430//768 381//768 374//768
f 430//769 374//769 426//769
f 426//770 374//770 379//770
f 365//771 431//771 386//771
f 432//772 431//772 365//772
f 431//665 432//665 433//665
f 433//665 432//665 434//665
f 433//665 434//665 435//665
f 435//773 434//773 386//773
f 435//774 386//774 431//774
f 370//775 386//775 434//775
f 370//776 434//776 373//776
f 373//777 434//777 432//777
f 373//778 432//778 369//778
f 435//779 372//779 433//779
f 433//780 372//780 371//780
f 433//781 371//781 431//781
f 431//782 371//782 367//782
f 431//783 367//783 435//783
f 435//784 367//784 372//784
f 432//785 365//785 369//785
f 425//786 382//786 383//786
f 405//787 439//787 408//787
f 408//788 439//788 436//788
f 408//789 436//789 413//789
f 413//790 436//790 437//790
f 413//791 437//791 405//791
f 405//792 437//792 439//792
f 438//793 436//793 439//793
f 436//794 398//794 437//794
f 437//795 398//795 439//795
f 439//796 398//796 393//796
f 439//797 393//797 438//797
f 438//798 393//798 390//798
f 438//799 390//799 436//799
f 436//800 390//800 398//800
f 414//801 440//801 404//801
f 404//802 440//802 441//802
f 404//803 441//803 410//803
f 410//804 441//804 443//804
f 410//805 443//805 414//805
f 414//806 443//806 440//806
f 442//807 441//807 440//807
f 442//808 388//808 397//808
f 442//809 397//809 441//809
f 441//810 397//810 443//810
f 443//811 397//811 394//811
f 443//812 394//812 389//812
f 443//813 389//813 440//813
f 440//814 389//814 442//814
f 442//815 389//815 388//815
f 415//816 447//816 407//816
f 407//817 447//817 446//817
f 407//818 446//818 412//818
f 412//819 446//819 445//819
f 412//820 445//820 415//820
f 415//821 445//821 444//821
f 415//822 444//822 447//822
f 445//823 396//823 399//823
f 445//824 399//824 444//824
f 444//825 399//825 447//825
f 447//826 399//826 446//826
f 446//827 399//827 391//827
f 446//828 391//828 445//828
f 445//829 391//829 396//829
f 406//830 451//830 409//830
f 409//831 451//831 450//831
f 409//832 450//832 411//832
f 411//833 450//833 448//833
f 411//834 448//834 406//834
f 406//835 448//835 449//835
f 406//836 449//836 451//836
f 448//837 395//837 392//837
f 448//838 392//838 449//838
f 449//839 392//839 451//839
f 451//840 392//840 394//840
f 451//841 394//841 450//841
f 450//842 394//842 395//842
f 450//843 395//843 448//843
f 458//844 457//844 455//844
f 455//845 457//845 456//845
f 456//846 459//846 455//846
f 454//665 455//665 460//665
f 460//665 455//665 459//665
f 460//665 459//665 452//665
f 457//666 458//666 461//666
f 461//847 463//847 456//847
f 453//665 452//665 459//665
f 456//848 463//848 462//848
f 461//849 458//849 463//849
f 456//850 462//850 459//850
f 471//653 470//653 466//653
f 466//851 470//851 468//851
f 466//852 468//852 469//852
f 466//653 469//653 467//653
f 465//853 470//853 471//853
f 474//657 473//657 471//657
f 471//658 473//658 465//658
f 470//659 465//659 472//659
f 470//660 472//660 473//660
f 470//661 473//661 474//661
f 475//854 476//854 459//854
f 459//855 476//855 466//855
f 476//856 471//856 466//856
f 477//857 458//857 455//857
f 469//858 478//858 455//858
f 478//859 477//859 455//859
f 486//860 484//860 479//860
f 475//861 483//861 481//861
f 475//862 481//862 476//862
f 476//863 481//863 480//863
f 482//864 475//864 488//864
f 485//865 486//865 483//865
f 483//866 486//866 481//866
f 478//867 487//867 477//867
f 477//868 489//868 488//868
f 480//869 479//869 476//869
f 477//870 488//870 475//870
f 477//871 487//871 489//871
f 489//872 487//872 484//872
f 476//873 479//873 478//873
f 478//874 479//874 487//874
f 475//875 482//875 483//875
f 482//876 486//876 485//876
f 486//877 482//877 489//877
f 486//878 489//878 484//878
f 490//879 452//879 491//879
f 491//880 452//880 466//880
f 496//881 494//881 499//881
f 509//882 500//882 501//882
f 509//883 501//883 467//883
f 511//884 494//884 452//884
f 452//885 496//885 460//885
f 460//886 496//886 495//886
f 460//887 495//887 508//887
f 498//888 501//888 497//888
f 508//889 502//889 509//889
f 467//890 498//890 466//890
f 466//891 498//891 492//891
f 495//892 502//892 508//892
f 509//893 502//893 496//893
f 492//894 498//894 503//894
f 501//895 498//895 467//895
f 496//896 499//896 509//896
f 511//897 504//897 494//897
f 494//898 496//898 452//898
f 497//899 501//899 505//899
f 504//900 511//900 492//900
f 504//901 492//901 505//901
f 500//902 509//902 499//902
f 500//903 499//903 505//903
f 499//904 504//904 505//904
f 492//905 503//905 497//905
f 497//906 505//906 492//906
f 507//907 506//907 508//907
f 507//908 508//908 509//908
f 510//909 460//909 508//909
f 491//910 466//910 492//910
f 492//911 511//911 512//911
f 492//912 512//912 493//912
f 513//913 509//913 467//913
f 460//914 510//914 513//914
f 460//915 513//915 467//915
f 511//916 452//916 490//916
f 452//917 453//917 466//917
f 466//918 453//918 464//918
f 459//919 466//919 464//919
f 459//920 464//920 453//920
f 467//921 469//921 460//921
f 460//922 469//922 454//922
f 454//923 469//923 455//923
f 515//924 510//924 506//924
f 506//925 507//925 515//925
f 512//926 490//926 514//926
f 512//927 514//927 493//927
f 514//928 490//928 491//928
f 514//929 491//929 492//929
f 515//930 509//930 513//930
f 515//931 513//931 510//931
f 514//932 492//932 493//932
f 490//933 512//933 511//933
f 515//934 507//934 509//934
f 510//935 508//935 506//935
f 468//936 476//936 478//936
f 468//937 478//937 469//937
f 516//938 477//938 475//938
f 516//939 475//939 462//939
f 462//940 475//940 459//940
f 468//941 517//941 476//941
f 518//772 517//772 468//772
f 517//665 518//665 519//665
f 519//665 518//665 520//665
f 519//665 520//665 521//665
f 521//942 520//942 476//942
f 521//943 476//943 517//943
f 471//944 476//944 520//944
f 471//776 520//776 474//776
f 474//777 520//777 518//777
f 474//778 518//778 470//778
f 521//779 473//779 519//779
f 519//780 473//780 472//780
f 519//781 472//781 517//781
f 517//945 472//945 465//945
f 517//783 465//783 521//783
f 521//784 465//784 473//784
f 516//946 526//946 477//946
f 477//947 526//947 522//947
f 477//948 522//948 523//948
f 523//653 522//653 524//653
f 523//653 524//653 525//653
f 525//653 524//653 516//653
f 516//653 524//653 526//653
f 458//949 477//949 523//949
f 458//762 523//762 525//762
f 458//763 525//763 463//763
f 463//764 525//764 516//764
f 522//765 457//765 524//765
f 524//766 457//766 461//766
f 524//767 461//767 526//767
f 526//768 461//768 456//768
f 526//769 456//769 522//769
f 522//770 456//770 457//770
f 516//786 462//786 463//786
f 518//785 468//785 470//785
f 498//950 527//950 529//950
f 498//951 529//951 503//951
f 503//952 529//952 528//952
f 503//953 528//953 497//953
f 497//954 528//954 530//954
f 497//955 530//955 498//955
f 498//956 530//956 527//956
f 528//957 486//957 530//957
f 530//958 486//958 479//958
f 530//959 479//959 527//959
f 527//960 479//960 480//960
f 527//961 480//961 529//961
f 529//962 480//962 481//962
f 529//963 481//963 528//963
f 528//964 481//964 486//964
f 504//965 532//965 534//965
f 504//966 534//966 494//966
f 494//967 534//967 531//967
f 494//968 531//968 533//968
f 494//969 533//969 499//969
f 499//970 533//970 532//970
f 499//971 532//971 504//971
f 531//972 483//972 533//972
f 533//973 483//973 482//973
f 533//974 482//974 532//974
f 532//975 482//975 485//975
f 532//976 485//976 534//976
f 534//977 485//977 483//977
f 534//978 483//978 531//978
f 501//979 537//979 536//979
f 501//980 536//980 505//980
f 505//981 536//981 535//981
f 505//982 535//982 500//982
f 500//983 535//983 538//983
f 500//984 538//984 501//984
f 501//985 538//985 537//985
f 535//986 484//986 538//986
f 538//987 484//987 487//987
f 538//988 487//988 537//988
f 537//989 487//989 536//989
f 536//990 487//990 479//990
f 536//991 479//991 484//991
f 536//992 484//992 535//992
f 496//993 539//993 541//993
f 496//994 541//994 540//994
f 496//995 540//995 495//995
f 495//996 540//996 539//996
f 495//997 539//997 502//997
f 502//998 539//998 496//998
f 542//999 541//999 539//999
f 540//1000 488//1000 539//1000
f 539//1001 488//1001 489//1001
f 539//1002 489//1002 542//1002
f 542//1003 489//1003 482//1003
f 542//1004 482//1004 541//1004
f 541//1005 482//1005 488//1005
f 541//1006 488//1006 540//1006
f 544//1007 543//1007 549//1007
f 546//1008 543//1008 544//1008
f 549//1009 547//1009 550//1009
f 543//1010 546//1010 548//1010
f 549//1011 543//1011 547//1011
f 557//1012 552//1012 553//1012
f 557//1013 553//1013 554//1013
f 554//1014 553//1014 555//1014
f 554//1015 555//1015 556//1015
f 556//1016 555//1016 552//1016
f 556//1017 552//1017 557//1017
f 547//1018 559//1018 550//1018
f 550//1019 559//1019 551//1019
f 546//1020 545//1020 548//1020
f 560//1021 551//1021 559//1021
f 548//1022 545//1022 558//1022
f 559//1023 558//1023 560//1023
f 558//1024 545//1024 560//1024
f 561//1025 548//1025 558//1025
f 561//1026 558//1026 559//1026
f 543//1027 548//1027 561//1027
f 555//1028 545//1028 552//1028
f 555//1029 551//1029 560//1029
f 555//1030 560//1030 545//1030
f 553//1031 544//1031 549//1031
f 553//1032 549//1032 551//1032
f 553//1033 551//1033 555//1033
f 552//1034 546//1034 553//1034
f 553//1035 546//1035 544//1035
f 552//1036 545//1036 546//1036
f 550//1037 551//1037 549//1037
f 559//1038 547//1038 561//1038
f 561//1039 547//1039 543//1039
f 556//1040 557//1040 554//1040
f 565//1041 570//1041 568//1041
f 565//1042 566//1042 570//1042
f 571//1043 566//1043 565//1043
f 570//1044 569//1044 568//1044
f 567//1045 569//1045 570//1045
f 577//1046 576//1046 572//1046
f 572//1047 576//1047 565//1047
f 572//1048 565//1048 573//1048
f 573//1049 565//1049 574//1049
f 573//1050 574//1050 575//1050
f 575//1051 574//1051 576//1051
f 575//1052 576//1052 577//1052
f 578//1053 564//1053 579//1053
f 580//1054 567//1054 579//1054
f 578//1055 566//1055 571//1055
f 567//1056 580//1056 569//1056
f 579//1057 563//1057 580//1057
f 571//1058 564//1058 578//1058
f 564//1059 563//1059 579//1059
f 567//1060 570//1060 562//1060
f 562//1061 570//1061 566//1061
f 574//1062 569//1062 580//1062
f 574//1063 563//1063 576//1063
f 574//1064 580//1064 563//1064
f 563//1065 564//1065 576//1065
f 565//1066 568//1066 574//1066
f 574//1067 568//1067 569//1067
f 576//1068 571//1068 565//1068
f 576//1069 564//1069 571//1069
f 579//1070 567//1070 578//1070
f 578//1071 567//1071 562//1071
f 578//1072 562//1072 566//1072
f 573//1073 575//1073 577//1073
f 577//1074 572//1074 573//1074
f 588//1075 586//1075 589//1075
f 587//1076 581//1076 583//1076
f 581//1077 584//1077 583//1077
f 584//1078 581//1078 588//1078
f 588//1079 581//1079 586//1079
f 591//1080 590//1080 592//1080
f 591//1081 592//1081 593//1081
f 593//1082 592//1082 594//1082
f 593//1083 594//1083 595//1083
f 595//1084 594//1084 590//1084
f 595//1085 590//1085 591//1085
f 596//1086 582//1086 597//1086
f 586//1087 585//1087 589//1087
f 585//1088 597//1088 589//1088
f 585//1089 596//1089 597//1089
f 583//1090 582//1090 587//1090
f 587//1091 582//1091 596//1091
f 581//1092 587//1092 598//1092
f 598//1093 587//1093 596//1093
f 598//1094 596//1094 585//1094
f 599//1095 585//1095 586//1095
f 599//1096 586//1096 581//1096
f 590//1097 583//1097 584//1097
f 590//1098 584//1098 592//1098
f 592//1099 584//1099 588//1099
f 594//1100 582//1100 590//1100
f 592//1101 589//1101 594//1101
f 590//1102 582//1102 583//1102
f 594//1103 589//1103 597//1103
f 594//1104 597//1104 582//1104
f 592//1105 588//1105 589//1105
f 581//1106 598//1106 599//1106
f 599//1107 598//1107 585//1107
f 593//1108 595//1108 591//1108
f 604//1109 601//1109 605//1109
f 605//1110 601//1110 603//1110
f 605//1111 603//1111 606//1111
f 609//1112 603//1112 601//1112
f 609//1113 601//1113 607//1113
f 607//1114 601//1114 600//1114
f 607//1115 600//1115 608//1115
f 608//1116 600//1116 602//1116
f 608//1117 602//1117 609//1117
f 609//1118 602//1118 603//1118
f 606//1119 603//1119 602//1119
f 606//1120 602//1120 600//1120
f 606//1121 600//1121 610//1121
f 610//1122 600//1122 604//1122
f 604//1123 600//1123 601//1123
f 612//1124 606//1124 611//1124
f 612//1125 605//1125 606//1125
f 606//1126 610//1126 611//1126
f 611//1127 610//1127 604//1127
f 604//1128 605//1128 612//1128
f 612//1129 611//1129 604//1129
f 608//1130 609//1130 607//1130
f 614//1131 613//1131 616//1131
f 624//1132 615//1132 616//1132
f 624//1133 616//1133 617//1133
f 617//1134 616//1134 613//1134
f 617//1135 613//1135 618//1135
f 622//1136 616//1136 620//1136
f 620//1137 616//1137 615//1137
f 620//1138 615//1138 621//1138
f 621//1139 615//1139 614//1139
f 621//1140 614//1140 622//1140
f 622//1141 614//1141 616//1141
f 618//1142 613//1142 623//1142
f 623//1143 613//1143 614//1143
f 623//1144 614//1144 615//1144
f 623//1145 615//1145 624//1145
f 623//1146 624//1146 619//1146
f 619//1147 624//1147 617//1147
f 619//1148 617//1148 618//1148
f 618//1149 623//1149 619//1149
f 620//1150 621//1150 622//1150
f 625//1151 627//1151 628//1151
f 629//1152 627//1152 625//1152
f 629//1153 625//1153 626//1153
f 629//1154 626//1154 630//1154
f 634//1155 626//1155 632//1155
f 632//1156 626//1156 625//1156
f 632//1157 625//1157 633//1157
f 633//1158 625//1158 628//1158
f 633//1159 628//1159 634//1159
f 634//1160 628//1160 626//1160
f 630//1161 626//1161 636//1161
f 636//1162 626//1162 628//1162
f 636//1163 628//1163 635//1163
f 635//1164 628//1164 627//1164
f 635//1165 627//1165 629//1165
f 631//1166 630//1166 636//1166
f 631//1167 629//1167 630//1167
f 635//1168 629//1168 631//1168
f 636//1169 635//1169 631//1169
f 633//1170 634//1170 632//1170
f 645//1171 638//1171 639//1171
f 645//1172 639//1172 640//1172
f 640//1173 639//1173 637//1173
f 643//1174 637//1174 642//1174
f 642//1175 637//1175 639//1175
f 642//1176 639//1176 638//1176
f 642//1177 638//1177 643//1177
f 643//1178 638//1178 637//1178
f 640//1179 637//1179 644//1179
f 644//1180 637//1180 638//1180
f 644//1181 638//1181 645//1181
f 646//1182 644//1182 645//1182
f 646//1183 645//1183 641//1183
f 647//1184 640//1184 644//1184
f 647//1185 644//1185 646//1185
f 641//1186 645//1186 640//1186
f 641//1187 640//1187 647//1187
f 647//1188 646//1188 641//1188
f 648//1189 649//1189 650//1189
f 648//1190 650//1190 651//1190
f 651//1191 650//1191 652//1191
f 651//1192 652//1192 653//1192
f 653//1193 652//1193 654//1193
f 654//1194 652//1194 649//1194
f 654//1195 649//1195 648//1195
f 657//1196 648//1196 655//1196
f 655//1197 648//1197 651//1197
f 655//1198 651//1198 656//1198
f 656//1199 651//1199 653//1199
f 656//1200 653//1200 657//1200
f 657//1201 653//1201 654//1201
f 657//1202 654//1202 648//1202
f 657//1203 658//1203 656//1203
f 657//1204 660//1204 659//1204
f 657//1205 659//1205 658//1205
f 656//1206 663//1206 655//1206
f 656//1207 658//1207 663//1207
f 655//1208 663//1208 662//1208
f 655//1209 662//1209 661//1209
f 657//1210 661//1210 660//1210
f 655//1211 661//1211 657//1211
f 649//1212 662//1212 650//1212
f 649//1213 661//1213 662//1213
f 652//1214 659//1214 660//1214
f 650//1215 658//1215 652//1215
f 650//1216 663//1216 658//1216
f 650//1217 662//1217 663//1217
f 652//1218 660//1218 649//1218
f 652//1219 658//1219 659//1219
f 649//1220 660//1220 661//1220
f 671//1221 664//1221 665//1221
f 665//1222 664//1222 666//1222
f 665//1223 666//1223 667//1223
f 667//1224 666//1224 668//1224
f 667//1225 668//1225 669//1225
f 669//1226 668//1226 670//1226
f 669//1227 670//1227 671//1227
f 671//1228 670//1228 664//1228
f 674//1229 665//1229 672//1229
f 672//1230 665//1230 667//1230
f 672//1231 667//1231 673//1231
f 673//1232 667//1232 669//1232
f 673//1233 669//1233 674//1233
f 674//1234 669//1234 671//1234
f 674//1235 671//1235 665//1235
f 674//1236 676//1236 675//1236
f 674//1237 675//1237 673//1237
f 673//1238 675//1238 679//1238
f 673//1239 679//1239 672//1239
f 672//1240 679//1240 678//1240
f 674//1241 677//1241 676//1241
f 672//1242 678//1242 677//1242
f 672//1243 677//1243 674//1243
f 664//1244 677//1244 666//1244
f 666//1245 677//1245 678//1245
f 670//1246 675//1246 676//1246
f 668//1247 679//1247 675//1247
f 666//1248 679//1248 668//1248
f 666//1249 678//1249 679//1249
f 670//1250 676//1250 677//1250
f 670//1251 677//1251 664//1251
f 668//1252 675//1252 670//1252
f 700//1253 689//1253 688//1253
f 688//1254 689//1254 690//1254
f 683//1255 684//1255 692//1255
f 692//1256 684//1256 693//1256
f 692//1257 693//1257 694//1257
f 694//1258 693//1258 688//1258
f 694//1259 688//1259 691//1259
f 691//1260 688//1260 690//1260
f 691//1261 690//1261 695//1261
f 695//1262 690//1262 696//1262
f 695//1263 696//1263 697//1263
f 696//1264 699//1264 698//1264
f 698//1265 699//1265 700//1265
f 696//1266 698//1266 697//1266
f 697//1267 698//1267 701//1267
f 697//1268 701//1268 702//1268
f 705//1269 704//1269 707//1269
f 705//1270 707//1270 708//1270
f 708//1271 707//1271 709//1271
f 708//1272 709//1272 710//1272
f 710//1273 709//1273 711//1273
f 710//1274 711//1274 712//1274
f 712//1275 711//1275 713//1275
f 712//1276 713//1276 714//1276
f 714//1277 713//1277 715//1277
f 714//1278 715//1278 716//1278
f 716//1279 715//1279 717//1279
f 716//1280 717//1280 682//1280
f 682//1281 717//1281 686//1281
f 703//1282 706//1282 718//1282
f 718//1283 706//1283 681//1283
f 718//1284 681//1284 721//1284
f 718//1285 721//1285 720//1285
f 719//1286 720//1286 721//1286
f 719//1287 722//1287 720//1287
f 687//1288 685//1288 724//1288
f 724//1289 685//1289 725//1289
f 724//1290 725//1290 726//1290
f 724//1291 726//1291 727//1291
f 727//1292 726//1292 722//1292
f 727//1293 722//1293 723//1293
f 723//1294 722//1294 719//1294
f 728//1295 729//1295 730//1295
f 730//1296 729//1296 680//1296
f 730//1297 680//1297 743//1297
f 731//1298 732//1298 733//1298
f 733//1299 732//1299 728//1299
f 733//1300 728//1300 827//1300
f 731//1301 801//1301 732//1301
f 706//1302 703//1302 734//1302
f 706//1303 734//1303 731//1303
f 731//1304 734//1304 801//1304
f 704//1305 705//1305 735//1305
f 704//1306 735//1306 736//1306
f 736//1307 735//1307 737//1307
f 736//1308 737//1308 738//1308
f 738//1309 737//1309 739//1309
f 738//1310 739//1310 740//1310
f 740//1311 739//1311 741//1311
f 740//1312 741//1312 742//1312
f 742//1313 741//1313 682//1313
f 742//1314 682//1314 686//1314
f 685//1315 687//1315 743//1315
f 743//1316 687//1316 828//1316
f 743//1317 828//1317 730//1317
f 744//1318 745//1318 884//1318
f 884//1319 745//1319 746//1319
f 884//1320 746//1320 747//1320
f 752//1321 970//1321 746//1321
f 746//1322 970//1322 748//1322
f 746//1323 748//1323 747//1323
f 750//1324 969//1324 754//1324
f 754//1325 969//1325 752//1325
f 750//1326 751//1326 749//1326
f 749//1327 751//1327 748//1327
f 684//1328 683//1328 753//1328
f 684//1329 753//1329 754//1329
f 754//1330 753//1330 751//1330
f 754//1331 751//1331 750//1331
f 702//1332 701//1332 755//1332
f 755//1333 701//1333 745//1333
f 755//1334 745//1334 744//1334
f 689//1335 700//1335 699//1335
f 756//1336 757//1336 767//1336
f 757//1337 756//1337 759//1337
f 757//1338 759//1338 761//1338
f 757//1339 761//1339 760//1339
f 757//1340 760//1340 758//1340
f 766//665 762//665 763//665
f 765//665 764//665 763//665
f 763//665 762//665 765//665
f 763//665 758//665 766//665
f 764//665 767//665 763//665
f 774//1341 775//1341 785//1341
f 775//1342 774//1342 776//1342
f 775//1343 776//1343 777//1343
f 777//1344 778//1344 775//1344
f 775//1345 778//1345 779//1345
f 783//653 780//653 781//653
f 784//653 782//653 781//653
f 781//653 780//653 784//653
f 782//653 785//653 781//653
f 779//653 783//653 781//653
f 794//1346 795//1346 793//1346
f 794//1347 793//1347 792//1347
f 794//1348 799//1348 795//1348
f 795//1349 799//1349 798//1349
f 796//1350 797//1350 798//1350
f 796//1351 798//1351 799//1351
f 811//1352 793//1352 806//1352
f 830//1353 793//1353 811//1353
f 800//1354 805//1354 797//1354
f 732//1355 806//1355 808//1355
f 806//1356 793//1356 808//1356
f 775//1357 805//1357 729//1357
f 789//1358 809//1358 808//1358
f 789//1359 808//1359 807//1359
f 805//1360 800//1360 680//1360
f 795//1361 810//1361 807//1361
f 798//1362 810//1362 795//1362
f 795//1363 807//1363 808//1363
f 795//665 808//665 793//665
f 811//1364 801//1364 830//1364
f 732//1365 801//1365 811//1365
f 729//1366 728//1366 775//1366
f 775//1367 728//1367 808//1367
f 728//1368 732//1368 808//1368
f 797//1369 805//1369 775//1369
f 809//665 798//665 797//665
f 809//1370 797//1370 775//1370
f 798//1371 809//1371 789//1371
f 798//1372 789//1372 810//1372
f 729//1373 787//1373 680//1373
f 680//1374 787//1374 786//1374
f 680//1375 786//1375 805//1375
f 805//1376 786//1376 788//1376
f 805//1377 788//1377 729//1377
f 729//1378 788//1378 787//1378
f 807//1379 791//1379 790//1379
f 789//1380 791//1380 810//1380
f 810//1381 791//1381 807//1381
f 811//1382 803//1382 732//1382
f 732//1383 803//1383 804//1383
f 732//1384 804//1384 806//1384
f 806//1385 804//1385 802//1385
f 806//1386 802//1386 811//1386
f 811//1387 802//1387 803//1387
f 790//1388 789//1388 807//1388
f 736//1389 792//1389 830//1389
f 830//1390 792//1390 793//1390
f 800//1391 797//1391 812//1391
f 812//1392 797//1392 796//1392
f 775//1393 808//1393 785//1393
f 785//1394 808//1394 781//1394
f 814//1395 813//1395 816//1395
f 808//1396 809//1396 779//1396
f 779//1397 809//1397 775//1397
f 781//1398 808//1398 779//1398
f 816//1399 815//1399 829//1399
f 693//1400 826//1400 817//1400
f 693//1401 817//1401 688//1401
f 818//1402 700//1402 688//1402
f 818//1403 688//1403 817//1403
f 818//1404 819//1404 698//1404
f 698//1405 819//1405 701//1405
f 819//1406 820//1406 701//1406
f 701//1407 820//1407 745//1407
f 745//1408 821//1408 822//1408
f 745//1409 822//1409 746//1409
f 746//1410 822//1410 823//1410
f 824//1411 950//1411 684//1411
f 700//1412 818//1412 698//1412
f 745//1413 825//1413 821//1413
f 754//1414 960//1414 824//1414
f 754//1415 824//1415 684//1415
f 684//1416 826//1416 693//1416
f 752//1417 823//1417 754//1417
f 754//1418 823//1418 960//1418
f 746//1419 823//1419 752//1419
f 745//1420 820//1420 825//1420
f 684//1421 950//1421 826//1421
f 733//1422 827//1422 706//1422
f 681//1423 828//1423 687//1423
f 681//1424 687//1424 723//1424
f 723//1425 687//1425 727//1425
f 706//1426 827//1426 828//1426
f 706//1427 828//1427 681//1427
f 724//1428 727//1428 687//1428
f 733//665 706//665 731//665
f 800//1429 812//1429 742//1429
f 830//1430 831//1430 736//1430
f 830//1431 734//1431 831//1431
f 831//1432 734//1432 839//1432
f 831//1433 833//1433 832//1433
f 833//1434 831//1434 839//1434
f 834//1435 833//1435 835//1435
f 833//1436 834//1436 832//1436
f 836//1437 704//1437 832//1437
f 704//1438 836//1438 838//1438
f 838//1439 837//1439 703//1439
f 834//1440 837//1440 832//1440
f 832//1441 837//1441 836//1441
f 704//1442 838//1442 703//1442
f 703//1443 837//1443 834//1443
f 834//1444 835//1444 734//1444
f 734//1445 835//1445 839//1445
f 840//1446 833//1446 839//1446
f 840//1447 839//1447 841//1447
f 841//1448 839//1448 835//1448
f 836//1449 840//1449 838//1449
f 838//1450 840//1450 841//1450
f 838//1451 841//1451 837//1451
f 837//1452 841//1452 835//1452
f 837//1453 835//1453 836//1453
f 836//1454 835//1454 840//1454
f 833//1455 840//1455 835//1455
f 782//1456 842//1456 843//1456
f 782//1457 843//1457 785//1457
f 846//1458 844//1458 780//1458
f 780//1459 844//1459 784//1459
f 813//1460 785//1460 843//1460
f 845//1461 846//1461 783//1461
f 783//1462 846//1462 780//1462
f 845//1463 783//1463 815//1463
f 815//1464 783//1464 779//1464
f 784//1465 844//1465 782//1465
f 782//1466 844//1466 842//1466
f 816//1467 843//1467 842//1467
f 816//1468 846//1468 845//1468
f 816//1469 845//1469 815//1469
f 816//1470 844//1470 846//1470
f 816//1471 813//1471 843//1471
f 842//1472 844//1472 816//1472
f 785//1473 813//1473 774//1473
f 774//1474 813//1474 847//1474
f 849//1475 848//1475 776//1475
f 776//1476 848//1476 777//1476
f 774//1477 847//1477 849//1477
f 774//1478 849//1478 776//1478
f 848//1479 850//1479 777//1479
f 777//1480 850//1480 778//1480
f 815//1481 779//1481 850//1481
f 850//1482 779//1482 778//1482
f 814//1483 849//1483 847//1483
f 847//1484 813//1484 814//1484
f 829//1485 850//1485 848//1485
f 829//1486 848//1486 814//1486
f 814//1487 848//1487 849//1487
f 815//1488 850//1488 829//1488
f 734//1489 830//1489 801//1489
f 734//1490 703//1490 834//1490
f 680//1491 800//1491 743//1491
f 685//1492 743//1492 851//1492
f 686//1493 852//1493 853//1493
f 853//1494 852//1494 854//1494
f 852//1495 686//1495 685//1495
f 685//1496 855//1496 852//1496
f 853//1497 854//1497 851//1497
f 851//1498 854//1498 855//1498
f 851//1499 855//1499 685//1499
f 858//1500 856//1500 851//1500
f 856//1501 853//1501 851//1501
f 742//1502 856//1502 857//1502
f 853//1503 856//1503 742//1503
f 857//1504 743//1504 742//1504
f 742//1505 743//1505 800//1505
f 858//1506 851//1506 743//1506
f 743//1507 857//1507 858//1507
f 860//1508 852//1508 859//1508
f 859//1509 852//1509 855//1509
f 859//1510 855//1510 858//1510
f 858//1511 855//1511 854//1511
f 858//1512 854//1512 861//1512
f 861//1513 854//1513 852//1513
f 861//1514 852//1514 860//1514
f 860//1515 857//1515 861//1515
f 857//1516 860//1516 858//1516
f 861//1517 857//1517 856//1517
f 856//1518 858//1518 861//1518
f 860//1519 859//1519 858//1519
f 738//1520 816//1520 736//1520
f 736//1521 831//1521 704//1521
f 816//1522 738//1522 814//1522
f 814//1523 738//1523 740//1523
f 740//653 812//653 796//653
f 740//1524 742//1524 812//1524
f 796//1525 814//1525 740//1525
f 686//1526 853//1526 742//1526
f 816//1527 792//1527 736//1527
f 814//1528 796//1528 829//1528
f 829//1529 796//1529 799//1529
f 829//1530 799//1530 816//1530
f 816//1531 799//1531 794//1531
f 816//1532 794//1532 792//1532
f 831//653 832//653 704//653
f 862//1533 804//1533 803//1533
f 862//1534 803//1534 863//1534
f 863//1535 803//1535 802//1535
f 863//1536 802//1536 804//1536
f 863//1537 804//1537 862//1537
f 864//1538 789//1538 790//1538
f 864//1539 790//1539 865//1539
f 865//1540 790//1540 791//1540
f 865//1541 791//1541 864//1541
f 864//1542 791//1542 789//1542
f 866//1543 786//1543 787//1543
f 866//1544 787//1544 867//1544
f 867//1545 787//1545 788//1545
f 867//1546 788//1546 786//1546
f 867//1547 786//1547 866//1547
f 870//1548 871//1548 869//1548
f 870//1549 869//1549 868//1549
f 870//1550 874//1550 871//1550
f 871//1551 874//1551 873//1551
f 872//1552 873//1552 874//1552
f 873//1553 872//1553 875//1553
f 757//1554 880//1554 883//1554
f 883//1555 882//1555 757//1555
f 876//1556 886//1556 875//1556
f 873//1557 881//1557 871//1557
f 869//1558 883//1558 880//1558
f 744//1559 886//1559 876//1559
f 869//1560 871//1560 881//1560
f 869//1561 881//1561 883//1561
f 886//1562 884//1562 875//1562
f 880//1563 888//1563 887//1563
f 875//653 885//653 873//653
f 875//1564 884//1564 885//1564
f 880//1565 887//1565 896//1565
f 880//1566 896//1566 869//1566
f 884//1567 747//1567 885//1567
f 885//1568 747//1568 880//1568
f 880//1569 747//1569 748//1569
f 887//1570 751//1570 896//1570
f 748//1571 888//1571 880//1571
f 757//1572 873//1572 885//1572
f 873//1573 757//1573 882//1573
f 873//1574 882//1574 881//1574
f 751//1575 888//1575 748//1575
f 884//1576 768//1576 744//1576
f 744//1577 768//1577 770//1577
f 744//1578 770//1578 886//1578
f 886//1579 770//1579 769//1579
f 886//1580 769//1580 884//1580
f 884//1581 769//1581 768//1581
f 883//1582 772//1582 771//1582
f 883//1583 771//1583 882//1583
f 882//1584 771//1584 773//1584
f 882//1585 773//1585 881//1585
f 881//1586 773//1586 772//1586
f 881//1587 772//1587 883//1587
f 887//1588 879//1588 751//1588
f 751//1589 879//1589 877//1589
f 751//1590 877//1590 888//1590
f 888//1591 877//1591 878//1591
f 888//1592 878//1592 887//1592
f 887//1593 878//1593 879//1593
f 741//1594 868//1594 896//1594
f 896//1595 868//1595 869//1595
f 889//1596 876//1596 875//1596
f 889//1597 875//1597 890//1597
f 890//1598 875//1598 872//1598
f 885//1599 880//1599 767//1599
f 767//1600 880//1600 763//1600
f 757//1601 885//1601 767//1601
f 892//1602 891//1602 894//1602
f 880//1603 757//1603 758//1603
f 763//1604 880//1604 758//1604
f 894//1605 893//1605 895//1605
f 889//1606 890//1606 735//1606
f 896//1607 897//1607 741//1607
f 896//1608 753//1608 897//1608
f 897//1609 753//1609 905//1609
f 897//1610 900//1610 898//1610
f 900//1611 899//1611 898//1611
f 900//1612 897//1612 905//1612
f 899//1613 901//1613 898//1613
f 902//1614 682//1614 898//1614
f 682//1615 902//1615 904//1615
f 903//1616 902//1616 898//1616
f 904//1617 683//1617 682//1617
f 901//1618 904//1618 903//1618
f 901//1619 903//1619 898//1619
f 683//1620 904//1620 901//1620
f 901//1621 899//1621 753//1621
f 753//1622 899//1622 905//1622
f 899//1623 900//1623 906//1623
f 906//1624 900//1624 905//1624
f 906//1625 905//1625 907//1625
f 907//1626 905//1626 899//1626
f 902//1627 906//1627 904//1627
f 904//1628 906//1628 907//1628
f 904//1629 907//1629 899//1629
f 904//1630 899//1630 903//1630
f 903//1631 899//1631 906//1631
f 903//1632 906//1632 902//1632
f 764//1633 908//1633 909//1633
f 764//1634 909//1634 767//1634
f 912//1635 910//1635 762//1635
f 762//1636 910//1636 765//1636
f 891//1637 767//1637 909//1637
f 911//1638 912//1638 766//1638
f 766//1639 912//1639 762//1639
f 911//1640 766//1640 758//1640
f 911//1641 758//1641 893//1641
f 765//1642 910//1642 764//1642
f 764//1643 910//1643 908//1643
f 894//1644 909//1644 908//1644
f 894//1645 908//1645 910//1645
f 894//1646 911//1646 893//1646
f 894//1647 912//1647 911//1647
f 894//1648 910//1648 912//1648
f 894//1649 891//1649 909//1649
f 767//1650 891//1650 756//1650
f 756//1651 891//1651 913//1651
f 915//1652 914//1652 759//1652
f 759//1653 914//1653 761//1653
f 756//1654 913//1654 915//1654
f 756//1655 915//1655 759//1655
f 914//1656 916//1656 761//1656
f 761//1657 916//1657 760//1657
f 893//1658 758//1658 916//1658
f 916//1659 758//1659 760//1659
f 913//1660 891//1660 892//1660
f 895//1661 916//1661 914//1661
f 895//1662 914//1662 892//1662
f 892//1663 914//1663 915//1663
f 892//1664 915//1664 913//1664
f 893//1665 916//1665 895//1665
f 751//1666 753//1666 896//1666
f 753//1667 683//1667 901//1667
f 876//1668 755//1668 744//1668
f 702//1669 755//1669 917//1669
f 705//1670 918//1670 919//1670
f 918//1671 920//1671 919//1671
f 919//1672 920//1672 917//1672
f 917//1673 920//1673 702//1673
f 702//1674 920//1674 921//1674
f 705//1675 921//1675 918//1675
f 702//1676 921//1676 705//1676
f 919//1677 924//1677 922//1677
f 924//1678 919//1678 917//1678
f 735//1679 922//1679 923//1679
f 919//1680 922//1680 735//1680
f 755//1681 923//1681 925//1681
f 876//1682 889//1682 755//1682
f 923//1683 755//1683 735//1683
f 735//1684 755//1684 889//1684
f 925//1685 924//1685 917//1685
f 925//1686 917//1686 755//1686
f 926//1687 921//1687 927//1687
f 927//1688 921//1688 920//1688
f 927//1689 920//1689 924//1689
f 924//1690 920//1690 918//1690
f 924//1691 918//1691 922//1691
f 922//1692 918//1692 921//1692
f 922//1693 921//1693 926//1693
f 926//1694 925//1694 923//1694
f 925//1695 926//1695 927//1695
f 925//1696 927//1696 924//1696
f 926//1697 923//1697 922//1697
f 894//1698 739//1698 892//1698
f 892//1699 739//1699 737//1699
f 741//1700 739//1700 894//1700
f 737//665 890//665 872//665
f 737//1701 735//1701 890//1701
f 894//1702 868//1702 741//1702
f 872//1703 892//1703 737//1703
f 741//1704 897//1704 682//1704
f 705//1705 919//1705 735//1705
f 892//1706 872//1706 895//1706
f 895//1707 872//1707 874//1707
f 895//1708 874//1708 894//1708
f 894//1709 874//1709 870//1709
f 894//1710 870//1710 868//1710
f 897//665 898//665 682//665
f 929//1711 877//1711 879//1711
f 929//1712 879//1712 928//1712
f 928//1713 879//1713 878//1713
f 928//1714 878//1714 877//1714
f 928//1715 877//1715 929//1715
f 930//1716 773//1716 931//1716
f 931//1717 773//1717 771//1717
f 931//1718 771//1718 930//1718
f 930//1719 771//1719 772//1719
f 930//1720 772//1720 773//1720
f 933//1721 770//1721 932//1721
f 932//1722 770//1722 768//1722
f 932//1723 768//1723 769//1723
f 932//1724 769//1724 933//1724
f 933//1725 769//1725 770//1725
f 820//1726 949//1726 825//1726
f 819//1727 818//1727 934//1727
f 934//1728 818//1728 963//1728
f 934//1729 963//1729 935//1729
f 935//1730 963//1730 936//1730
f 937//1731 936//1731 938//1731
f 938//1732 961//1732 939//1732
f 940//1733 939//1733 941//1733
f 938//1734 939//1734 942//1734
f 943//1735 935//1735 936//1735
f 943//1736 936//1736 937//1736
f 937//1737 938//1737 942//1737
f 942//1738 939//1738 940//1738
f 940//1739 941//1739 944//1739
f 944//1740 941//1740 823//1740
f 944//1741 823//1741 822//1741
f 819//1742 934//1742 945//1742
f 945//1743 934//1743 935//1743
f 945//1744 935//1744 943//1744
f 937//1745 942//1745 946//1745
f 946//1746 942//1746 940//1746
f 946//1747 940//1747 944//1747
f 946//1748 944//1748 822//1748
f 945//1749 943//1749 947//1749
f 947//1750 943//1750 937//1750
f 947//1751 937//1751 946//1751
f 821//1752 946//1752 822//1752
f 945//1753 947//1753 948//1753
f 949//1754 947//1754 946//1754
f 820//1755 819//1755 945//1755
f 820//1756 945//1756 948//1756
f 948//1757 947//1757 949//1757
f 949//1758 946//1758 821//1758
f 949//1759 821//1759 825//1759
f 820//1760 948//1760 949//1760
f 826//1761 950//1761 951//1761
f 958//1762 818//1762 817//1762
f 952//1763 826//1763 951//1763
f 953//1764 951//1764 950//1764
f 952//1765 951//1765 953//1765
f 953//1766 950//1766 954//1766
f 954//1767 950//1767 824//1767
f 955//1768 953//1768 954//1768
f 817//1769 826//1769 952//1769
f 956//1770 952//1770 953//1770
f 956//1771 953//1771 957//1771
f 957//1772 953//1772 955//1772
f 817//1773 952//1773 958//1773
f 958//1774 952//1774 956//1774
f 959//1775 956//1775 957//1775
f 960//1776 954//1776 824//1776
f 961//1777 957//1777 955//1777
f 961//1778 955//1778 962//1778
f 962//1779 955//1779 954//1779
f 962//1780 954//1780 960//1780
f 958//1781 956//1781 963//1781
f 963//1782 956//1782 959//1782
f 959//1783 957//1783 938//1783
f 938//1784 957//1784 961//1784
f 961//1785 962//1785 939//1785
f 823//1786 941//1786 960//1786
f 960//1787 941//1787 962//1787
f 962//1788 941//1788 939//1788
f 938//1789 936//1789 959//1789
f 959//1790 936//1790 963//1790
f 958//1791 963//1791 818//1791
f 699//1792 965//1792 967//1792
f 967//1793 965//1793 964//1793
f 964//1794 966//1794 689//1794
f 967//1795 964//1795 689//1795
f 689//1796 966//1796 690//1796
f 965//1797 699//1797 696//1797
f 696//1798 690//1798 966//1798
f 966//1799 964//1799 696//1799
f 696//1800 964//1800 965//1800
f 699//1801 967//1801 689//1801
f 750//1802 968//1802 971//1802
f 749//1803 968//1803 750//1803
f 969//1804 971//1804 752//1804
f 752//1805 971//1805 968//1805
f 752//1806 968//1806 970//1806
f 970//1807 968//1807 749//1807
f 969//1808 750//1808 971//1808
f 970//1809 749//1809 748//1809
f 721//1810 681//1810 719//1810
f 719//1811 681//1811 723//1811
f 972//1812 828//1812 827//1812
f 972//1813 728//1813 730//1813
f 730//1814 828//1814 972//1814
f 827//1815 728//1815 972//1815
f 717//1816 976//1816 973//1816
f 976//1817 974//1817 973//1817
f 973//1818 974//1818 995//1818
f 995//1819 974//1819 975//1819
f 995//1820 975//1820 725//1820
f 725//1821 975//1821 717//1821
f 975//1822 976//1822 717//1822
f 720//1823 711//1823 709//1823
f 720//1824 709//1824 978//1824
f 978//1825 709//1825 707//1825
f 978//1826 707//1826 979//1826
f 980//1827 987//1827 1003//1827
f 987//1828 988//1828 1003//1828
f 1003//1829 988//1829 989//1829
f 994//1830 981//1830 982//1830
f 988//1831 985//1831 992//1831
f 981//1832 983//1832 982//1832
f 984//1833 983//1833 981//1833
f 989//1834 984//1834 1003//1834
f 986//1835 985//1835 987//1835
f 986//1836 987//1836 980//1836
f 982//1837 988//1837 992//1837
f 988//1838 982//1838 989//1838
f 982//1839 983//1839 989//1839
f 984//1840 981//1840 1003//1840
f 1003//1841 981//1841 990//1841
f 1003//1842 990//1842 991//1842
f 991//1843 994//1843 986//1843
f 986//1844 994//1844 992//1844
f 991//1845 990//1845 993//1845
f 991//1846 993//1846 994//1846
f 993//1847 981//1847 994//1847
f 992//1848 985//1848 986//1848
f 725//1849 717//1849 715//1849
f 725//1850 715//1850 726//1850
f 726//1851 715//1851 713//1851
f 726//1852 713//1852 722//1852
f 685//1853 998//1853 995//1853
f 995//1854 998//1854 997//1854
f 973//1855 996//1855 686//1855
f 995//1856 997//1856 973//1856
f 973//1857 997//1857 996//1857
f 686//1858 996//1858 998//1858
f 686//1859 998//1859 685//1859
f 999//1860 1002//1860 704//1860
f 703//1861 1000//1861 704//1861
f 704//1862 1000//1862 999//1862
f 977//1863 1001//1863 703//1863
f 703//1864 1001//1864 1000//1864
f 1001//1865 977//1865 1002//1865
f 1002//1866 999//1866 1001//1866
f 720//1867 978//1867 718//1867
f 718//1868 978//1868 979//1868
f 718//1869 979//1869 703//1869
f 685//1870 995//1870 725//1870
f 980//1871 720//1871 722//1871
f 979//1872 977//1872 703//1872
f 722//1873 986//1873 980//1873
f 1002//1874 707//1874 704//1874
f 686//1875 717//1875 973//1875
f 711//653 1003//653 713//653
f 713//653 1003//653 991//653
f 979//1876 1006//1876 1004//1876
f 979//1877 1004//1877 1002//1877
f 1002//1878 1004//1878 1005//1878
f 1002//1879 1005//1879 707//1879
f 707//1880 1005//1880 1006//1880
f 707//1881 1006//1881 979//1881
f 1002//1882 977//1882 979//1882
f 996//1883 974//1883 976//1883
f 974//1884 996//1884 997//1884
f 974//1885 997//1885 975//1885
f 975//1886 997//1886 998//1886
f 996//1887 976//1887 975//1887
f 996//1888 975//1888 998//1888
f 1000//1889 1006//1889 999//1889
f 999//1890 1006//1890 1005//1890
f 1006//1891 1000//1891 1001//1891
f 1006//1892 1001//1892 1004//1892
f 999//1893 1004//1893 1001//1893
f 999//1894 1005//1894 1004//1894
f 980//1895 1003//1895 720//1895
f 720//1896 1003//1896 711//1896
f 722//1897 713//1897 986//1897
f 986//1898 713//1898 991//1898
f 1008//1899 992//1899 1007//1899
f 1007//1900 992//1900 994//1900
f 1007//1901 994//1901 982//1901
f 1007//1902 982//1902 1008//1902
f 1008//1903 982//1903 992//1903
f 1010//1904 993//1904 1009//1904
f 1009//1905 993//1905 990//1905
f 1009//1906 990//1906 981//1906
f 1009//1907 981//1907 1010//1907
f 1010//1908 981//1908 993//1908
f 1012//1909 987//1909 985//1909
f 1012//1910 985//1910 1011//1910
f 1011//1911 985//1911 988//1911
f 1011//1912 988//1912 1012//1912
f 1012//1913 988//1913 987//1913
f 1013//1914 983//1914 984//1914
f 1013//1915 984//1915 1014//1915
f 1014//1916 984//1916 989//1916
f 1014//1917 989//1917 1013//1917
f 1013//1918 989//1918 983//1918
f 692//1919 1019//1919 1015//1919
f 1015//1920 1019//1920 1016//1920
f 1015//1921 1016//1921 1039//1921
f 1039//1922 1016//1922 1017//1922
f 1039//1923 1017//1923 1018//1923
f 1018//1924 1017//1924 692//1924
f 692//1925 1017//1925 1019//1925
f 712//1926 695//1926 1021//1926
f 712//1927 1021//1927 710//1927
f 710//1928 1021//1928 697//1928
f 710//1929 697//1929 1022//1929
f 1047//1930 1027//1930 1026//1930
f 1026//1931 1027//1931 1025//1931
f 1047//1932 1030//1932 1024//1932
f 1024//1933 1028//1933 1047//1933
f 1047//1934 1028//1934 1027//1934
f 1026//1935 1025//1935 1029//1935
f 1032//1936 1025//1936 1028//1936
f 1031//1937 1023//1937 1036//1937
f 1034//1938 1033//1938 1037//1938
f 1034//1939 1037//1939 1031//1939
f 1023//1940 1030//1940 1047//1940
f 1032//1941 1024//1941 1034//1941
f 1032//1942 1028//1942 1024//1942
f 1023//1943 1035//1943 1030//1943
f 1030//1944 1035//1944 1033//1944
f 1034//1945 1031//1945 1032//1945
f 1025//1946 1032//1946 1029//1946
f 1029//1947 1032//1947 1036//1947
f 1029//1948 1036//1948 1023//1948
f 1034//1949 1030//1949 1033//1949
f 1031//1950 1037//1950 1023//1950
f 1023//1951 1037//1951 1035//1951
f 1018//1952 692//1952 1038//1952
f 1018//1953 1038//1953 694//1953
f 1018//1954 694//1954 714//1954
f 682//1955 1041//1955 1042//1955
f 682//1956 1042//1956 1039//1956
f 1015//1957 1040//1957 683//1957
f 683//1958 1041//1958 682//1958
f 1039//1959 1042//1959 1015//1959
f 1015//1960 1042//1960 1040//1960
f 683//1961 1040//1961 1041//1961
f 1043//1962 1046//1962 702//1962
f 705//1963 1043//1963 702//1963
f 705//1964 1044//1964 1043//1964
f 1020//1965 1045//1965 705//1965
f 705//1966 1045//1966 1044//1966
f 1046//1967 1043//1967 1045//1967
f 1045//1968 1020//1968 1046//1968
f 708//1969 710//1969 1022//1969
f 708//1970 1022//1970 705//1970
f 714//665 1029//665 712//665
f 716//1971 1018//1971 714//1971
f 682//1972 1039//1972 716//1972
f 716//1870 1039//1870 1018//1870
f 1022//1973 1020//1973 705//1973
f 712//665 1029//665 1023//665
f 691//1974 1026//1974 694//1974
f 1021//1975 695//1975 697//1975
f 697//1976 702//1976 1046//1976
f 694//1974 1038//1974 692//1974
f 683//1977 692//1977 1015//1977
f 695//1978 1047//1978 691//1978
f 691//1979 1047//1979 1026//1979
f 1022//1876 1050//1876 1048//1876
f 1022//1877 1048//1877 1046//1877
f 1046//1878 1048//1878 1049//1878
f 1046//1980 1049//1980 697//1980
f 697//1981 1049//1981 1050//1981
f 697//1982 1050//1982 1022//1982
f 1046//1882 1020//1882 1022//1882
f 1016//1983 1040//1983 1042//1983
f 1016//1984 1042//1984 1017//1984
f 1017//1985 1042//1985 1041//1985
f 1040//1986 1019//1986 1017//1986
f 1040//1987 1017//1987 1041//1987
f 1040//1988 1016//1988 1019//1988
f 1043//1989 1050//1989 1049//1989
f 1043//1990 1044//1990 1050//1990
f 1050//1991 1044//1991 1045//1991
f 1050//1992 1045//1992 1048//1992
f 1043//1993 1049//1993 1045//1993
f 1045//1994 1049//1994 1048//1994
f 1023//1995 1047//1995 712//1995
f 712//1996 1047//1996 695//1996
f 714//1997 694//1997 1029//1997
f 1029//1998 694//1998 1026//1998
f 1051//1999 1036//1999 1032//1999
f 1051//2000 1032//2000 1052//2000
f 1052//2001 1032//2001 1031//2001
f 1052//2002 1031//2002 1051//2002
f 1051//2003 1031//2003 1036//2003
f 1053//2004 1028//2004 1025//2004
f 1053//2005 1025//2005 1054//2005
f 1054//2006 1025//2006 1027//2006
f 1054//2007 1027//2007 1028//2007
f 1054//2008 1028//2008 1053//2008
f 1055//2009 1035//2009 1037//2009
f 1055//2010 1037//2010 1056//2010
f 1056//2011 1037//2011 1033//2011
f 1056//2012 1033//2012 1035//2012
f 1056//2013 1035//2013 1055//2013
f 1057//2014 1030//2014 1034//2014
f 1057//2015 1034//2015 1024//2015
f 1057//2016 1024//2016 1058//2016
f 1058//2017 1024//2017 1030//2017
f 1058//2018 1030//2018 1057//2018
f 1059//2019 1092//2019 1060//2019
f 1059//2020 1060//2020 1063//2020
f 1061//2021 1062//2021 1064//2021
f 1062//2022 1061//2022 1059//2022
f 1060//2023 1092//2023 1065//2023
f 1066//2024 1069//2024 1067//2024
f 1065//2025 1068//2025 1060//2025
f 1063//2026 1062//2026 1059//2026
f 1061//2027 1064//2027 1066//2027
f 1061//2028 1066//2028 1067//2028
f 1066//2029 1070//2029 1069//2029
f 1066//2030 1064//2030 1071//2030
f 1066//2031 1071//2031 1070//2031
f 1071//2032 1072//2032 1070//2032
f 1070//2033 1073//2033 1069//2033
f 1069//2034 1073//2034 1067//2034
f 1071//2035 1064//2035 1074//2035
f 1071//2036 1074//2036 1075//2036
f 1071//2037 1075//2037 1072//2037
f 1070//2038 1072//2038 1073//2038
f 1073//2039 1076//2039 1067//2039
f 1072//2040 1077//2040 1073//2040
f 1064//2041 1062//2041 1078//2041
f 1064//2042 1078//2042 1074//2042
f 1075//2043 1074//2043 1079//2043
f 1072//2044 1080//2044 1077//2044
f 1073//2045 1077//2045 1076//2045
f 1075//2046 1080//2046 1072//2046
f 1067//2047 1076//2047 1061//2047
f 1074//2048 1078//2048 1081//2048
f 1074//2049 1081//2049 1079//2049
f 1079//2050 1082//2050 1075//2050
f 1075//2051 1082//2051 1080//2051
f 1079//2052 1081//2052 1082//2052
f 1080//2053 1083//2053 1077//2053
f 1077//2054 1083//2054 1084//2054
f 1077//2055 1084//2055 1076//2055
f 1076//2056 1084//2056 1085//2056
f 1076//2057 1085//2057 1061//2057
f 1065//2058 1095//2058 1068//2058
f 1062//2059 1063//2059 1078//2059
f 1078//2060 1063//2060 1081//2060
f 1080//2061 1082//2061 1083//2061
f 1083//2062 1086//2062 1084//2062
f 1084//2063 1086//2063 1087//2063
f 1084//2064 1087//2064 1085//2064
f 1085//2065 1087//2065 1059//2065
f 1085//2066 1059//2066 1061//2066
f 1063//2067 1088//2067 1081//2067
f 1082//2068 1089//2068 1083//2068
f 1081//2069 1088//2069 1090//2069
f 1081//2070 1090//2070 1082//2070
f 1082//2071 1090//2071 1089//2071
f 1063//2072 1060//2072 1088//2072
f 1083//2073 1089//2073 1091//2073
f 1083//2074 1091//2074 1086//2074
f 1059//2075 1087//2075 1092//2075
f 1086//2076 1091//2076 1092//2076
f 1086//2077 1092//2077 1087//2077
f 1089//2078 1090//2078 1093//2078
f 1089//2079 1093//2079 1091//2079
f 1088//2080 1060//2080 1094//2080
f 1088//2081 1094//2081 1090//2081
f 1090//2082 1094//2082 1093//2082
f 1091//2083 1093//2083 1095//2083
f 1091//2084 1095//2084 1092//2084
f 1092//2085 1095//2085 1065//2085
f 1060//2086 1068//2086 1094//2086
f 1093//2087 1094//2087 1095//2087
f 1094//2088 1068//2088 1095//2088
f 1096//2089 1097//2089 1098//2089
f 1098//2089 1097//2089 1099//2089
f 1097//2090 1100//2090 1099//2090
f 1099//2090 1100//2090 1101//2090
f 1100//2091 1102//2091 1101//2091
f 1101//2091 1102//2091 1103//2091
f 1102//2092 1096//2092 1103//2092
f 1103//2092 1096//2092 1098//2092
f 1099//653 1101//653 1098//653
f 1098//653 1101//653 1103//653
f 1102//665 1100//665 1096//665
f 1096//665 1100//665 1097//665
f 1107//2093 1106//2093 1104//2093
f 1104//2094 1106//2094 1105//2094
f 1110//2095 1111//2095 1112//2095
f 1112//2096 1111//2096 1387//2096
f 1104//2097 1105//2097 1114//2097
f 1114//2098 1113//2098 1115//2098
f 1114//2099 1105//2099 1113//2099
f 1113//653 1105//653 1116//653
f 1118//2100 1117//2100 1119//2100
f 1117//1701 1120//1701 1106//1701
f 1117//2101 1106//2101 1107//2101
f 1118//1704 1120//1704 1117//1704
f 1122//2102 1111//2102 1115//2102
f 1121//2103 1119//2103 1387//2103
f 1122//2104 1387//2104 1111//2104
f 1119//2105 1121//2105 1118//2105
f 1118//2106 1122//2106 1113//2106
f 1113//2107 1122//2107 1115//2107
f 1118//2108 1121//2108 1122//2108
f 1122//2109 1121//2109 1387//2109
f 1118//2110 1113//2110 1120//2110
f 1120//2111 1113//2111 1116//2111
f 1120//2112 1116//2112 1106//2112
f 1106//2113 1116//2113 1105//2113
f 1104//2114 1114//2114 1109//2114
f 1117//2115 1107//2115 1108//2115
f 1104//2116 1109//2116 1110//2116
f 1104//2117 1110//2117 1107//2117
f 1107//2118 1110//2118 1112//2118
f 1107//2119 1112//2119 1108//2119
f 1127//2120 1354//2120 1129//2120
f 1127//2121 1129//2121 1128//2121
f 1128//2122 1129//2122 1307//2122
f 1307//2123 1180//2123 1128//2123
f 1130//2124 1154//2124 1131//2124
f 1131//2125 1154//2125 1231//2125
f 1136//2126 1135//2126 1132//2126
f 1132//2127 1135//2127 1133//2127
f 1132//2128 1133//2128 1134//2128
f 1139//2129 1138//2129 1110//2129
f 1109//2130 1204//2130 1110//2130
f 1110//2131 1204//2131 1139//2131
f 1114//2132 1207//2132 1203//2132
f 1114//2133 1203//2133 1109//2133
f 1111//2134 1140//2134 1115//2134
f 1115//2135 1140//2135 1141//2135
f 1142//2136 1143//2136 1146//2136
f 1145//2137 1144//2137 1146//2137
f 1145//2138 1146//2138 1143//2138
f 1147//2139 1149//2139 1150//2139
f 1149//2140 1147//2140 1148//2140
f 1145//2141 1151//2141 1150//2141
f 1145//2142 1150//2142 1149//2142
f 1151//2143 1145//2143 1143//2143
f 1147//2144 1151//2144 1148//2144
f 1148//2145 1151//2145 1143//2145
f 1144//2146 1149//2146 1142//2146
f 1142//2147 1149//2147 1148//2147
f 1145//2148 1149//2148 1144//2148
f 1142//2149 1148//2149 1143//2149
f 1175//2150 1147//2150 1150//2150
f 1175//2151 1150//2151 1152//2151
f 1152//2152 1150//2152 1151//2152
f 1158//2153 1159//2153 1160//2153
f 1172//2154 1158//2154 1162//2154
f 1163//2155 1158//2155 1160//2155
f 1266//2156 1164//2156 1165//2156
f 1165//2157 1164//2157 1166//2157
f 1169//2158 1170//2158 1141//2158
f 1141//2159 1170//2159 1168//2159
f 1161//2160 1171//2160 1192//2160
f 1192//2161 1171//2161 1167//2161
f 1173//2162 1165//2162 1167//2162
f 1168//2163 1293//2163 1141//2163
f 1165//2164 1166//2164 1159//2164
f 1165//2165 1159//2165 1167//2165
f 1167//2166 1159//2166 1158//2166
f 1167//2167 1158//2167 1192//2167
f 1165//2168 1173//2168 1168//2168
f 1168//2169 1173//2169 1293//2169
f 1293//2170 1161//2170 1141//2170
f 1141//2171 1161//2171 1192//2171
f 1141//2172 1192//2172 1175//2172
f 1175//2173 1192//2173 1176//2173
f 1141//2174 1175//2174 1152//2174
f 1141//2175 1152//2175 1206//2175
f 1206//2176 1152//2176 1176//2176
f 1156//2177 1177//2177 1174//2177
f 1177//2178 1180//2178 1174//2178
f 1178//2179 1177//2179 1156//2179
f 1180//2180 1177//2180 1179//2180
f 1192//2181 1180//2181 1176//2181
f 1176//2182 1180//2182 1206//2182
f 1206//2183 1180//2183 1179//2183
f 1179//2184 1178//2184 1206//2184
f 1156//2185 1206//2185 1178//2185
f 1136//2186 1132//2186 1154//2186
f 1154//2187 1132//2187 1192//2187
f 1192//2188 1132//2188 1181//2188
f 1192//2189 1181//2189 1180//2189
f 1180//2190 1181//2190 1136//2190
f 1180//2191 1136//2191 1154//2191
f 1184//2192 1183//2192 1182//2192
f 1172//2193 1184//2193 1158//2193
f 1158//2194 1184//2194 1192//2194
f 1185//2195 1186//2195 1155//2195
f 1155//2196 1186//2196 1154//2196
f 1187//2197 1188//2197 1183//2197
f 1183//2198 1188//2198 1182//2198
f 1182//2199 1189//2199 1190//2199
f 1182//2200 1190//2200 1184//2200
f 1184//2201 1190//2201 1192//2201
f 1192//2202 1190//2202 1191//2202
f 1154//2203 1308//2203 1155//2203
f 1154//2204 1192//2204 1308//2204
f 1155//2205 1308//2205 1182//2205
f 1182//2206 1308//2206 1189//2206
f 1174//2207 1193//2207 1156//2207
f 1156//2208 1193//2208 1296//2208
f 1303//2209 1195//2209 1196//2209
f 1196//2210 1195//2210 1297//2210
f 1196//2211 1297//2211 1296//2211
f 1296//2212 1297//2212 1194//2212
f 1156//2213 1197//2213 1277//2213
f 1199//2214 1198//2214 1138//2214
f 1199//2215 1200//2215 1198//2215
f 1156//2216 1277//2216 1206//2216
f 1139//2217 1202//2217 1205//2217
f 1138//2218 1139//2218 1205//2218
f 1139//2219 1204//2219 1202//2219
f 1207//2220 1201//2220 1203//2220
f 1131//2221 1215//2221 1354//2221
f 1138//2222 1216//2222 1214//2222
f 1214//665 1216//665 1211//665
f 1215//2223 1131//2223 1217//2223
f 1219//2224 1220//2224 1223//2224
f 1221//2225 1219//2225 1217//2225
f 1221//2226 1217//2226 1131//2226
f 1222//665 1218//665 1223//665
f 1217//665 1219//665 1218//665
f 1226//2227 1224//2227 1225//2227
f 1222//2228 1223//2228 1220//2228
f 1222//2229 1220//2229 1224//2229
f 1222//2230 1224//2230 1226//2230
f 1226//2231 1225//2231 1210//2231
f 1213//665 1227//665 1228//665
f 1228//2232 1227//2232 1229//2232
f 1229//2233 1227//2233 1230//2233
f 1231//2234 1232//2234 1131//2234
f 1232//2235 1348//2235 1131//2235
f 1131//2236 1348//2236 1221//2236
f 1233//2237 1349//2237 1348//2237
f 1233//2238 1348//2238 1232//2238
f 1221//2239 1234//2239 1220//2239
f 1221//2240 1220//2240 1219//2240
f 1349//2241 1224//2241 1220//2241
f 1235//2242 1228//2242 1295//2242
f 1295//2243 1228//2243 1236//2243
f 1295//2244 1236//2244 1237//2244
f 1238//2245 1239//2245 1236//2245
f 1236//2246 1239//2246 1237//2246
f 1242//2247 1294//2247 1237//2247
f 1237//2248 1294//2248 1295//2248
f 1243//2249 1244//2249 1242//2249
f 1242//2250 1244//2250 1140//2250
f 1242//2251 1140//2251 1214//2251
f 1214//2252 1294//2252 1242//2252
f 1225//2253 1314//2253 1210//2253
f 1210//2254 1314//2254 1245//2254
f 1224//2255 1349//2255 1233//2255
f 1224//2256 1233//2256 1246//2256
f 1224//2257 1246//2257 1318//2257
f 1232//2258 1231//2258 1247//2258
f 1232//2259 1247//2259 1328//2259
f 1215//2260 1216//2260 1354//2260
f 1354//2261 1216//2261 1138//2261
f 1248//2262 1249//2262 1250//2262
f 1250//2263 1138//2263 1248//2263
f 1248//2264 1138//2264 1198//2264
f 1208//2265 1251//2265 1249//2265
f 1208//2266 1249//2266 1248//2266
f 1138//2267 1250//2267 1251//2267
f 1138//2268 1251//2268 1354//2268
f 1208//2269 1354//2269 1251//2269
f 1214//2270 1240//2270 1241//2270
f 1214//2271 1241//2271 1294//2271
f 1213//2272 1228//2272 1235//2272
f 1230//2273 1210//2273 1229//2273
f 1229//2274 1210//2274 1280//2274
f 1252//2275 1280//2275 1210//2275
f 1214//665 1211//665 1212//665
f 1214//665 1212//665 1240//665
f 1240//665 1212//665 1254//665
f 1240//2276 1253//2276 1235//2276
f 1235//2277 1253//2277 1213//2277
f 1240//665 1254//665 1253//665
f 1161//2278 1241//2278 1240//2278
f 1161//2279 1240//2279 1171//2279
f 1171//2280 1240//2280 1235//2280
f 1171//2281 1235//2281 1167//2281
f 1293//2282 1294//2282 1161//2282
f 1161//2283 1294//2283 1241//2283
f 1173//2284 1295//2284 1293//2284
f 1293//2285 1295//2285 1294//2285
f 1256//2286 1255//2286 1257//2286
f 1255//2287 1256//2287 1163//2287
f 1252//2288 1257//2288 1255//2288
f 1210//2289 1158//2289 1258//2289
f 1258//2290 1158//2290 1256//2290
f 1163//2291 1256//2291 1158//2291
f 1210//2292 1258//2292 1252//2292
f 1252//2293 1258//2293 1257//2293
f 1229//2294 1280//2294 1281//2294
f 1159//2295 1279//2295 1160//2295
f 1159//2296 1281//2296 1279//2296
f 1229//2297 1281//2297 1159//2297
f 1166//2298 1236//2298 1159//2298
f 1159//2299 1236//2299 1229//2299
f 1259//2300 1260//2300 1164//2300
f 1259//2301 1164//2301 1238//2301
f 1262//2302 1261//2302 1236//2302
f 1236//2303 1261//2303 1238//2303
f 1238//2304 1261//2304 1259//2304
f 1164//2305 1260//2305 1166//2305
f 1260//2306 1262//2306 1166//2306
f 1166//2307 1262//2307 1236//2307
f 1239//2308 1238//2308 1266//2308
f 1266//2309 1238//2309 1164//2309
f 1267//2310 1263//2310 1237//2310
f 1263//2311 1264//2311 1237//2311
f 1237//2312 1264//2312 1165//2312
f 1266//2313 1264//2313 1265//2313
f 1239//2314 1267//2314 1237//2314
f 1266//2315 1265//2315 1239//2315
f 1265//2316 1267//2316 1239//2316
f 1165//2317 1264//2317 1266//2317
f 1168//2318 1242//2318 1165//2318
f 1165//2319 1242//2319 1237//2319
f 1242//2320 1268//2320 1243//2320
f 1242//2321 1271//2321 1268//2321
f 1268//2322 1269//2322 1243//2322
f 1243//2323 1269//2323 1170//2323
f 1269//2324 1270//2324 1170//2324
f 1270//2325 1271//2325 1168//2325
f 1168//2326 1271//2326 1242//2326
f 1170//2327 1270//2327 1168//2327
f 1170//2328 1169//2328 1243//2328
f 1243//2329 1169//2329 1244//2329
f 1273//2330 1169//2330 1274//2330
f 1272//2331 1274//2331 1140//2331
f 1140//2332 1274//2332 1141//2332
f 1244//2333 1275//2333 1140//2333
f 1140//2334 1275//2334 1272//2334
f 1169//2335 1273//2335 1244//2335
f 1273//2336 1275//2336 1244//2336
f 1141//2337 1274//2337 1169//2337
f 1167//2338 1235//2338 1173//2338
f 1173//2339 1235//2339 1295//2339
f 1255//2340 1278//2340 1276//2340
f 1163//2341 1278//2341 1255//2341
f 1163//2342 1160//2342 1278//2342
f 1255//2343 1276//2343 1252//2343
f 1252//2344 1276//2344 1280//2344
f 1201//2345 1199//2345 1205//2345
f 1203//2346 1201//2346 1202//2346
f 1201//2347 1207//2347 1277//2347
f 1207//2348 1206//2348 1277//2348
f 1205//2349 1202//2349 1201//2349
f 1280//2350 1276//2350 1278//2350
f 1280//2351 1278//2351 1282//2351
f 1282//2352 1278//2352 1279//2352
f 1281//2353 1280//2353 1282//2353
f 1279//2354 1278//2354 1160//2354
f 1283//2355 1289//2355 1284//2355
f 1284//2356 1289//2356 1285//2356
f 1284//2357 1285//2357 1286//2357
f 1286//2358 1285//2358 1287//2358
f 1286//2359 1287//2359 1288//2359
f 1288//2360 1287//2360 1283//2360
f 1283//2361 1287//2361 1289//2361
f 1287//2362 1292//2362 1289//2362
f 1289//2363 1290//2363 1285//2363
f 1285//2364 1291//2364 1287//2364
f 1287//2365 1291//2365 1292//2365
f 1202//2366 1204//2366 1290//2366
f 1291//2367 1285//2367 1109//2367
f 1285//2368 1204//2368 1109//2368
f 1290//2369 1204//2369 1285//2369
f 1289//2370 1202//2370 1290//2370
f 1289//2371 1203//2371 1202//2371
f 1203//2372 1289//2372 1292//2372
f 1203//2373 1292//2373 1291//2373
f 1203//2374 1291//2374 1109//2374
f 1281//2375 1258//2375 1256//2375
f 1256//2376 1279//2376 1281//2376
f 1257//2377 1279//2377 1256//2377
f 1257//2378 1282//2378 1279//2378
f 1258//2379 1282//2379 1257//2379
f 1282//2380 1258//2380 1281//2380
f 1228//2381 1229//2381 1236//2381
f 1206//2382 1207//2382 1141//2382
f 1207//2383 1114//2383 1115//2383
f 1207//2384 1115//2384 1141//2384
f 1214//2385 1140//2385 1111//2385
f 1214//2386 1111//2386 1110//2386
f 1214//2387 1110//2387 1138//2387
f 1270//2388 1274//2388 1271//2388
f 1271//2389 1274//2389 1272//2389
f 1271//2390 1272//2390 1275//2390
f 1271//2391 1275//2391 1268//2391
f 1268//2392 1275//2392 1273//2392
f 1268//2393 1273//2393 1269//2393
f 1269//2394 1273//2394 1274//2394
f 1269//2395 1274//2395 1270//2395
f 1260//2396 1264//2396 1262//2396
f 1262//2397 1264//2397 1263//2397
f 1262//2398 1263//2398 1267//2398
f 1262//2399 1267//2399 1261//2399
f 1261//2400 1267//2400 1265//2400
f 1261//2401 1265//2401 1259//2401
f 1259//2402 1265//2402 1264//2402
f 1259//2403 1264//2403 1260//2403
f 1198//2404 1200//2404 1197//2404
f 1198//2405 1197//2405 1157//2405
f 1157//2406 1197//2406 1156//2406
f 1199//2407 1138//2407 1205//2407
f 1277//2408 1199//2408 1201//2408
f 1200//2409 1199//2409 1197//2409
f 1197//2410 1199//2410 1277//2410
f 1248//2411 1198//2411 1156//2411
f 1156//2412 1198//2412 1157//2412
f 1156//2413 1296//2413 1248//2413
f 1296//2414 1194//2414 1248//2414
f 1248//2415 1194//2415 1208//2415
f 1208//2416 1194//2416 1302//2416
f 1193//2417 1303//2417 1296//2417
f 1296//2418 1303//2418 1196//2418
f 1297//2419 1302//2419 1194//2419
f 1297//2420 1195//2420 1302//2420
f 1299//2421 1178//2421 1179//2421
f 1299//2422 1179//2422 1298//2422
f 1298//2423 1179//2423 1177//2423
f 1298//2424 1177//2424 1178//2424
f 1298//2425 1178//2425 1299//2425
f 1175//2426 1300//2426 1147//2426
f 1152//2427 1151//2427 1176//2427
f 1176//2428 1151//2428 1153//2428
f 1176//2429 1153//2429 1175//2429
f 1300//2430 1175//2430 1153//2430
f 1151//2431 1147//2431 1153//2431
f 1153//2432 1147//2432 1300//2432
f 1135//2433 1301//2433 1137//2433
f 1193//2434 1302//2434 1195//2434
f 1195//2435 1303//2435 1193//2435
f 1305//2436 1304//2436 1306//2436
f 1304//2437 1129//2437 1306//2437
f 1306//2438 1129//2438 1354//2438
f 1306//2439 1335//2439 1305//2439
f 1305//2440 1335//2440 1336//2440
f 1336//2441 1307//2441 1305//2441
f 1129//2442 1305//2442 1307//2442
f 1190//2443 1220//2443 1234//2443
f 1190//2444 1234//2444 1191//2444
f 1191//2445 1234//2445 1221//2445
f 1191//2446 1221//2446 1192//2446
f 1192//2447 1221//2447 1308//2447
f 1308//2448 1221//2448 1348//2448
f 1308//2449 1348//2449 1189//2449
f 1189//2450 1348//2450 1349//2450
f 1312//2451 1309//2451 1210//2451
f 1210//2452 1309//2452 1158//2452
f 1158//2453 1309//2453 1310//2453
f 1158//2454 1310//2454 1162//2454
f 1311//2455 1310//2455 1312//2455
f 1245//2456 1312//2456 1210//2456
f 1162//2457 1310//2457 1311//2457
f 1311//2458 1312//2458 1245//2458
f 1172//2459 1338//2459 1184//2459
f 1184//2460 1338//2460 1313//2460
f 1313//2461 1338//2461 1341//2461
f 1342//2462 1225//2462 1340//2462
f 1340//2463 1225//2463 1313//2463
f 1342//2464 1314//2464 1225//2464
f 1184//2465 1313//2465 1225//2465
f 1184//2466 1225//2466 1183//2466
f 1183//2467 1225//2467 1224//2467
f 1315//2468 1316//2468 1183//2468
f 1183//2469 1316//2469 1187//2469
f 1224//2470 1315//2470 1183//2470
f 1187//2471 1316//2471 1317//2471
f 1187//2472 1317//2472 1318//2472
f 1318//2473 1317//2473 1319//2473
f 1224//2474 1319//2474 1320//2474
f 1318//2475 1319//2475 1224//2475
f 1224//2476 1320//2476 1315//2476
f 1188//2477 1187//2477 1246//2477
f 1246//2478 1187//2478 1318//2478
f 1233//2479 1322//2479 1246//2479
f 1246//2480 1322//2480 1323//2480
f 1233//2481 1321//2481 1322//2481
f 1182//2482 1324//2482 1321//2482
f 1188//2483 1324//2483 1182//2483
f 1182//2484 1321//2484 1233//2484
f 1246//2485 1323//2485 1324//2485
f 1246//2486 1324//2486 1188//2486
f 1182//2487 1233//2487 1155//2487
f 1155//2488 1233//2488 1232//2488
f 1325//2489 1326//2489 1155//2489
f 1155//2490 1326//2490 1185//2490
f 1232//2491 1325//2491 1155//2491
f 1185//2492 1326//2492 1327//2492
f 1185//2493 1327//2493 1328//2493
f 1328//2494 1327//2494 1329//2494
f 1232//2495 1329//2495 1330//2495
f 1328//2496 1329//2496 1232//2496
f 1232//2497 1330//2497 1325//2497
f 1328//2498 1247//2498 1185//2498
f 1185//2499 1247//2499 1186//2499
f 1332//2500 1247//2500 1231//2500
f 1247//2501 1332//2501 1333//2501
f 1231//2502 1331//2502 1332//2502
f 1154//2503 1334//2503 1331//2503
f 1186//2504 1334//2504 1154//2504
f 1154//2505 1331//2505 1231//2505
f 1247//2506 1333//2506 1334//2506
f 1247//2507 1334//2507 1186//2507
f 1189//2508 1349//2508 1190//2508
f 1190//2509 1349//2509 1220//2509
f 1162//2510 1311//2510 1172//2510
f 1311//2511 1337//2511 1172//2511
f 1339//2512 1337//2512 1311//2512
f 1314//2513 1339//2513 1311//2513
f 1311//2514 1245//2514 1314//2514
f 1354//2515 1335//2515 1306//2515
f 1180//2516 1307//2516 1336//2516
f 1337//2517 1338//2517 1172//2517
f 1339//2518 1340//2518 1337//2518
f 1337//2519 1341//2519 1338//2519
f 1340//2520 1339//2520 1342//2520
f 1339//2521 1314//2521 1342//2521
f 1309//2522 1345//2522 1343//2522
f 1309//2523 1343//2523 1310//2523
f 1310//2524 1343//2524 1344//2524
f 1310//2525 1344//2525 1312//2525
f 1312//2526 1344//2526 1345//2526
f 1312//2527 1345//2527 1309//2527
f 1344//2528 1346//2528 1345//2528
f 1345//2529 1346//2529 1347//2529
f 1347//2530 1343//2530 1345//2530
f 1346//2531 1340//2531 1347//2531
f 1346//2532 1337//2532 1340//2532
f 1337//2533 1346//2533 1344//2533
f 1341//2534 1337//2534 1343//2534
f 1343//2535 1337//2535 1344//2535
f 1341//2536 1343//2536 1313//2536
f 1313//2537 1343//2537 1347//2537
f 1347//2538 1340//2538 1313//2538
f 1354//2539 1127//2539 1131//2539
f 1154//2540 1130//2540 1180//2540
f 1180//2541 1130//2541 1128//2541
f 1325//2542 1334//2542 1326//2542
f 1326//2543 1334//2543 1327//2543
f 1327//2544 1334//2544 1333//2544
f 1327//2545 1333//2545 1329//2545
f 1329//2546 1333//2546 1332//2546
f 1329//2547 1332//2547 1330//2547
f 1330//2548 1332//2548 1325//2548
f 1325//2549 1332//2549 1331//2549
f 1325//2550 1331//2550 1334//2550
f 1315//2551 1324//2551 1316//2551
f 1316//2552 1324//2552 1317//2552
f 1317//2553 1324//2553 1323//2553
f 1317//2554 1323//2554 1319//2554
f 1319//2555 1323//2555 1322//2555
f 1319//2556 1322//2556 1320//2556
f 1320//2557 1322//2557 1315//2557
f 1315//2558 1322//2558 1321//2558
f 1315//2559 1321//2559 1324//2559
f 1288//2560 1129//2560 1286//2560
f 1305//2561 1129//2561 1283//2561
f 1283//2562 1129//2562 1288//2562
f 1305//2563 1283//2563 1284//2563
f 1284//2564 1304//2564 1305//2564
f 1286//2565 1304//2565 1284//2565
f 1304//2566 1286//2566 1129//2566
f 1208//2567 1350//2567 1351//2567
f 1352//2568 1174//2568 1180//2568
f 1352//2569 1353//2569 1174//2569
f 1208//2570 1351//2570 1354//2570
f 1350//2571 1208//2571 1209//2571
f 1350//2572 1209//2572 1353//2572
f 1353//2573 1209//2573 1174//2573
f 1335//2574 1354//2574 1351//2574
f 1335//2575 1351//2575 1336//2575
f 1180//2576 1336//2576 1352//2576
f 1351//2577 1352//2577 1336//2577
f 1353//2578 1352//2578 1350//2578
f 1350//2579 1352//2579 1351//2579
f 1208//2580 1302//2580 1193//2580
f 1208//2581 1193//2581 1174//2581
f 1208//2582 1174//2582 1209//2582
f 1356//2583 1250//2583 1249//2583
f 1356//2584 1249//2584 1355//2584
f 1355//2585 1249//2585 1251//2585
f 1355//2586 1251//2586 1356//2586
f 1356//2587 1251//2587 1250//2587
f 1181//2588 1301//2588 1136//2588
f 1136//2589 1301//2589 1135//2589
f 1132//2590 1134//2590 1301//2590
f 1132//2591 1301//2591 1181//2591
f 1134//2592 1137//2592 1301//2592
f 1357//2593 1359//2593 1361//2593
f 1358//2594 1357//2594 1360//2594
f 1360//2595 1361//2595 1359//2595
f 1133//2596 1362//2596 1134//2596
f 1358//2597 1134//2597 1362//2597
f 1363//2598 1134//2598 1358//2598
f 1363//2599 1137//2599 1134//2599
f 1137//2600 1363//2600 1135//2600
f 1359//2601 1135//2601 1363//2601
f 1359//2602 1362//2602 1135//2602
f 1135//2603 1362//2603 1133//2603
f 1360//2604 1363//2604 1358//2604
f 1357//2605 1358//2605 1362//2605
f 1357//2606 1362//2606 1359//2606
f 1360//2607 1359//2607 1363//2607
f 1360//2608 1357//2608 1361//2608
f 1144//2609 1142//2609 1146//2609
f 1253//2610 1370//2610 1213//2610
f 1213//2611 1370//2611 1371//2611
f 1213//2612 1371//2612 1212//2612
f 1212//2613 1371//2613 1372//2613
f 1212//2614 1372//2614 1254//2614
f 1254//2615 1372//2615 1253//2615
f 1253//2616 1372//2616 1370//2616
f 1378//2617 1379//2617 1380//2617
f 1381//2618 1584//2618 1382//2618
f 1383//2619 1583//2619 1584//2619
f 1383//2620 1584//2620 1381//2620
f 1404//2621 1386//2621 1405//2621
f 1405//2622 1386//2622 1583//2622
f 1378//2623 1546//2623 1387//2623
f 1388//2624 1389//2624 1390//2624
f 1390//2625 1389//2625 1377//2625
f 1395//2626 1396//2626 1377//2626
f 1377//2627 1396//2627 1391//2627
f 1397//2628 1398//2628 1395//2628
f 1395//2629 1398//2629 1394//2629
f 1393//2630 1396//2630 1394//2630
f 1394//2631 1396//2631 1395//2631
f 1392//2632 1399//2632 1400//2632
f 1390//2633 1377//2633 1391//2633
f 1399//2634 1368//2634 1391//2634
f 1391//2635 1368//2635 1390//2635
f 1401//2636 1402//2636 1393//2636
f 1393//2637 1394//2637 1401//2637
f 1401//2638 1394//2638 1485//2638
f 1401//2639 1485//2639 1403//2639
f 1385//653 1370//653 1372//653
f 1380//653 1372//653 1371//653
f 1380//653 1371//653 1404//653
f 1404//653 1370//653 1385//653
f 1385//653 1372//653 1380//653
f 1404//653 1371//653 1370//653
f 1553//2640 1405//2640 1376//2640
f 1376//2641 1405//2641 1383//2641
f 1383//2642 1405//2642 1583//2642
f 1406//2643 1407//2643 1382//2643
f 1382//2644 1407//2644 1381//2644
f 1382//2645 1584//2645 1384//2645
f 1382//2646 1384//2646 1387//2646
f 1387//2647 1384//2647 1380//2647
f 1387//2648 1380//2648 1379//2648
f 1408//2649 1546//2649 1373//2649
f 1373//2650 1546//2650 1378//2650
f 1373//2651 1378//2651 1380//2651
f 1485//2652 1408//2652 1424//2652
f 1374//2177 1411//2177 1409//2177
f 1410//2653 1411//2653 1374//2653
f 1411//2654 1485//2654 1409//2654
f 1485//2655 1411//2655 1412//2655
f 1485//2656 1412//2656 1546//2656
f 1485//2657 1546//2657 1408//2657
f 1412//2658 1410//2658 1546//2658
f 1374//2659 1546//2659 1410//2659
f 1413//653 1368//653 1414//653
f 1414//2660 1368//2660 1399//2660
f 1368//653 1413//653 1415//653
f 1368//2661 1415//2661 1367//2661
f 1365//2662 1416//2662 1417//2662
f 1417//2663 1369//2663 1418//2663
f 1416//2664 1517//2664 1367//2664
f 1416//2665 1367//2665 1415//2665
f 1416//2666 1365//2666 1517//2666
f 1419//2667 1365//2667 1418//2667
f 1418//2668 1365//2668 1417//2668
f 1404//653 1420//653 1422//653
f 1420//2669 1404//2669 1369//2669
f 1420//2670 1369//2670 1417//2670
f 1404//2671 1385//2671 1386//2671
f 1421//653 1380//653 1422//653
f 1422//653 1380//653 1404//653
f 1393//2672 1423//2672 1414//2672
f 1423//2673 1393//2673 1424//2673
f 1380//653 1421//653 1373//653
f 1384//2674 1385//2674 1380//2674
f 1393//2675 1425//2675 1427//2675
f 1392//653 1427//653 1426//653
f 1392//2676 1426//2676 1399//2676
f 1426//653 1425//653 1414//653
f 1485//2677 1424//2677 1403//2677
f 1403//2678 1424//2678 1402//2678
f 1402//2679 1424//2679 1393//2679
f 1392//2680 1393//2680 1427//2680
f 1399//2681 1426//2681 1414//2681
f 1414//2682 1425//2682 1393//2682
f 1452//2683 1428//2683 1429//2683
f 1430//2684 1431//2684 1428//2684
f 1428//2685 1431//2685 1429//2685
f 1434//2686 1435//2686 1436//2686
f 1436//2687 1435//2687 1437//2687
f 1436//2688 1437//2688 1438//2688
f 1503//2689 1442//2689 1432//2689
f 1432//2690 1442//2690 1433//2690
f 1443//2691 1439//2691 1438//2691
f 1445//2692 1446//2692 1440//2692
f 1440//2693 1446//2693 1441//2693
f 1432//2694 1433//2694 1366//2694
f 1366//2695 1448//2695 1449//2695
f 1366//2696 1449//2696 1432//2696
f 1432//2697 1449//2697 1526//2697
f 1513//2698 1450//2698 1441//2698
f 1441//2699 1450//2699 1530//2699
f 1441//2700 1530//2700 1440//2700
f 1436//2701 1585//2701 1429//2701
f 1429//2702 1585//2702 1570//2702
f 1450//2703 1447//2703 1530//2703
f 1530//2704 1447//2704 1451//2704
f 1530//2705 1451//2705 1438//2705
f 1438//2706 1451//2706 1436//2706
f 1436//2707 1451//2707 1585//2707
f 1447//2708 1450//2708 1448//2708
f 1447//2709 1448//2709 1364//2709
f 1364//2710 1448//2710 1454//2710
f 1447//2711 1571//2711 1452//2711
f 1429//2712 1570//2712 1453//2712
f 1429//2713 1453//2713 1452//2713
f 1452//2714 1453//2714 1447//2714
f 1432//2715 1526//2715 1441//2715
f 1441//2716 1526//2716 1513//2716
f 1447//2717 1364//2717 1571//2717
f 1444//2718 1456//2718 1439//2718
f 1444//2719 1530//2719 1457//2719
f 1457//2720 1456//2720 1444//2720
f 1438//2721 1455//2721 1530//2721
f 1530//2722 1455//2722 1457//2722
f 1366//2723 1454//2723 1448//2723
f 1456//2724 1455//2724 1439//2724
f 1439//2725 1455//2725 1438//2725
f 1218//2726 1425//2726 1426//2726
f 1218//2727 1426//2727 1223//2727
f 1223//2728 1426//2728 1219//2728
f 1219//2729 1426//2729 1427//2729
f 1219//2730 1427//2730 1218//2730
f 1218//2731 1427//2731 1425//2731
f 1458//2732 1438//2732 1117//2732
f 1108//2733 1544//2733 1117//2733
f 1117//2734 1544//2734 1458//2734
f 1112//2735 1546//2735 1541//2735
f 1112//2736 1541//2736 1459//2736
f 1459//2737 1108//2737 1112//2737
f 1119//2738 1437//2738 1387//2738
f 1387//2739 1437//2739 1382//2739
f 1387//2740 1462//2740 1378//2740
f 1387//2741 1460//2741 1462//2741
f 1378//2742 1462//2742 1461//2742
f 1530//2743 1486//2743 1467//2743
f 1467//2744 1486//2744 1468//2744
f 1468//2745 1486//2745 1485//2745
f 1469//2746 1394//2746 1470//2746
f 1470//2747 1394//2747 1440//2747
f 1474//2748 1473//2748 1471//2748
f 1479//2749 1475//2749 1476//2749
f 1477//2750 1476//2750 1475//2750
f 1476//2751 1477//2751 1478//2751
f 1478//2752 1477//2752 1473//2752
f 1478//2753 1474//2753 1479//2753
f 1478//2754 1473//2754 1474//2754
f 1479//2755 1474//2755 1475//2755
f 1471//2756 1475//2756 1474//2756
f 1472//2757 1477//2757 1471//2757
f 1471//2758 1477//2758 1475//2758
f 1473//2759 1477//2759 1472//2759
f 1479//2760 1476//2760 1401//2760
f 1478//2761 1479//2761 1403//2761
f 1403//2762 1479//2762 1401//2762
f 1439//2763 1532//2763 1444//2763
f 1444//2764 1532//2764 1534//2764
f 1481//2765 1482//2765 1483//2765
f 1483//2766 1482//2766 1484//2766
f 1484//2767 1482//2767 1533//2767
f 1484//2768 1533//2768 1534//2768
f 1487//2769 1486//2769 1530//2769
f 1530//2770 1514//2770 1487//2770
f 1487//2771 1514//2771 1488//2771
f 1485//2772 1486//2772 1489//2772
f 1514//2773 1489//2773 1488//2773
f 1486//2774 1488//2774 1489//2774
f 1400//2775 1449//2775 1448//2775
f 1400//2776 1448//2776 1392//2776
f 1392//2777 1448//2777 1450//2777
f 1392//2778 1450//2778 1393//2778
f 1393//2779 1450//2779 1396//2779
f 1396//2780 1450//2780 1513//2780
f 1396//2781 1513//2781 1391//2781
f 1391//2782 1513//2782 1526//2782
f 1493//2783 1490//2783 1364//2783
f 1364//2784 1490//2784 1365//2784
f 1365//2785 1490//2785 1492//2785
f 1492//2786 1490//2786 1491//2786
f 1492//2787 1491//2787 1493//2787
f 1492//2788 1493//2788 1364//2788
f 1517//2789 1516//2789 1367//2789
f 1367//2790 1516//2790 1494//2790
f 1494//2461 1516//2461 1520//2461
f 1519//2791 1366//2791 1494//2791
f 1519//2792 1454//2792 1366//2792
f 1366//2793 1367//2793 1494//2793
f 1367//2794 1366//2794 1495//2794
f 1495//2795 1366//2795 1433//2795
f 1495//2796 1496//2796 1497//2796
f 1495//2797 1497//2797 1388//2797
f 1388//2798 1497//2798 1498//2798
f 1433//2799 1496//2799 1495//2799
f 1388//2800 1498//2800 1442//2800
f 1498//2801 1499//2801 1442//2801
f 1433//2802 1499//2802 1496//2802
f 1442//2803 1499//2803 1433//2803
f 1389//2804 1388//2804 1503//2804
f 1503//2805 1388//2805 1442//2805
f 1389//2806 1504//2806 1501//2806
f 1432//2807 1502//2807 1503//2807
f 1503//2808 1502//2808 1504//2808
f 1500//2809 1502//2809 1432//2809
f 1377//2810 1501//2810 1500//2810
f 1389//2811 1501//2811 1377//2811
f 1377//2812 1500//2812 1432//2812
f 1503//2813 1504//2813 1389//2813
f 1377//2814 1432//2814 1395//2814
f 1395//2815 1432//2815 1441//2815
f 1395//2816 1505//2816 1506//2816
f 1395//2817 1506//2817 1397//2817
f 1397//2818 1506//2818 1507//2818
f 1441//2819 1505//2819 1395//2819
f 1397//2820 1507//2820 1446//2820
f 1446//2821 1507//2821 1508//2821
f 1441//2822 1508//2822 1505//2822
f 1446//2823 1508//2823 1441//2823
f 1446//2824 1445//2824 1397//2824
f 1397//2825 1445//2825 1398//2825
f 1510//2826 1445//2826 1440//2826
f 1445//2827 1510//2827 1511//2827
f 1509//2828 1510//2828 1440//2828
f 1511//2829 1512//2829 1398//2829
f 1394//2830 1512//2830 1509//2830
f 1398//2831 1512//2831 1394//2831
f 1394//2832 1509//2832 1440//2832
f 1445//2833 1511//2833 1398//2833
f 1391//2834 1526//2834 1400//2834
f 1400//2835 1526//2835 1449//2835
f 1365//2836 1492//2836 1517//2836
f 1492//2837 1515//2837 1517//2837
f 1518//2838 1515//2838 1492//2838
f 1454//2839 1518//2839 1492//2839
f 1492//2840 1364//2840 1454//2840
f 1489//2841 1514//2841 1531//2841
f 1515//2842 1516//2842 1517//2842
f 1518//2843 1519//2843 1515//2843
f 1515//2519 1520//2519 1516//2519
f 1519//2844 1518//2844 1454//2844
f 1490//2845 1521//2845 1523//2845
f 1490//2846 1523//2846 1491//2846
f 1491//2847 1523//2847 1524//2847
f 1491//2848 1524//2848 1522//2848
f 1491//2849 1522//2849 1493//2849
f 1493//2850 1522//2850 1521//2850
f 1493//2851 1521//2851 1490//2851
f 1521//2852 1525//2852 1523//2852
f 1522//2853 1525//2853 1521//2853
f 1522//2854 1519//2854 1525//2854
f 1522//2855 1515//2855 1519//2855
f 1515//2856 1522//2856 1524//2856
f 1520//2857 1515//2857 1523//2857
f 1523//2858 1515//2858 1524//2858
f 1520//2859 1523//2859 1494//2859
f 1494//2860 1523//2860 1525//2860
f 1525//2861 1519//2861 1494//2861
f 1440//2862 1530//2862 1470//2862
f 1470//2863 1530//2863 1467//2863
f 1485//2864 1469//2864 1468//2864
f 1485//2865 1394//2865 1469//2865
f 1390//2866 1368//2866 1495//2866
f 1495//2867 1368//2867 1367//2867
f 1390//2868 1495//2868 1388//2868
f 1506//2869 1512//2869 1507//2869
f 1507//2870 1512//2870 1511//2870
f 1507//2871 1511//2871 1508//2871
f 1508//2872 1511//2872 1510//2872
f 1508//2873 1510//2873 1505//2873
f 1505//2874 1510//2874 1509//2874
f 1505//2875 1509//2875 1506//2875
f 1506//2876 1509//2876 1512//2876
f 1497//2877 1501//2877 1498//2877
f 1498//2878 1501//2878 1504//2878
f 1498//2879 1504//2879 1499//2879
f 1499//2880 1504//2880 1502//2880
f 1499//2881 1502//2881 1496//2881
f 1496//2882 1502//2882 1500//2882
f 1496//2883 1500//2883 1497//2883
f 1497//2884 1500//2884 1501//2884
f 1464//2885 1486//2885 1463//2885
f 1488//2886 1486//2886 1466//2886
f 1466//2887 1486//2887 1464//2887
f 1488//2888 1466//2888 1465//2888
f 1465//2889 1487//2889 1488//2889
f 1463//2890 1487//2890 1465//2890
f 1487//2891 1463//2891 1486//2891
f 1399//2892 1391//2892 1400//2892
f 1444//2893 1527//2893 1529//2893
f 1531//2894 1409//2894 1485//2894
f 1531//2895 1528//2895 1409//2895
f 1444//2896 1529//2896 1530//2896
f 1527//2897 1444//2897 1528//2897
f 1528//2898 1444//2898 1409//2898
f 1529//2899 1514//2899 1530//2899
f 1531//2900 1514//2900 1529//2900
f 1485//2901 1489//2901 1531//2901
f 1528//2902 1531//2902 1527//2902
f 1527//2903 1531//2903 1529//2903
f 1444//2904 1534//2904 1533//2904
f 1444//2905 1533//2905 1409//2905
f 1409//2906 1533//2906 1374//2906
f 1374//2907 1533//2907 1586//2907
f 1532//2908 1483//2908 1534//2908
f 1534//2909 1483//2909 1484//2909
f 1481//2910 1586//2910 1482//2910
f 1586//2911 1533//2911 1482//2911
f 1536//2912 1455//2912 1456//2912
f 1536//2913 1456//2913 1535//2913
f 1535//2914 1456//2914 1457//2914
f 1535//2915 1457//2915 1536//2915
f 1536//2916 1457//2916 1455//2916
f 1403//2917 1480//2917 1478//2917
f 1401//2918 1476//2918 1402//2918
f 1402//2919 1476//2919 1480//2919
f 1402//2920 1480//2920 1403//2920
f 1476//2921 1478//2921 1480//2921
f 1481//2922 1483//2922 1586//2922
f 1586//2923 1483//2923 1532//2923
f 1374//2924 1538//2924 1572//2924
f 1540//2925 1443//2925 1438//2925
f 1540//2926 1539//2926 1443//2926
f 1374//2927 1572//2927 1546//2927
f 1543//2928 1459//2928 1542//2928
f 1438//2929 1458//2929 1545//2929
f 1458//2930 1544//2930 1543//2930
f 1458//2931 1543//2931 1545//2931
f 1542//2932 1459//2932 1541//2932
f 1384//2933 1451//2933 1447//2933
f 1384//2934 1447//2934 1385//2934
f 1385//2935 1447//2935 1453//2935
f 1385//2936 1453//2936 1386//2936
f 1584//2937 1585//2937 1384//2937
f 1384//2938 1585//2938 1451//2938
f 1583//2939 1570//2939 1584//2939
f 1584//2940 1570//2940 1585//2940
f 1548//2941 1547//2941 1550//2941
f 1547//2942 1548//2942 1419//2942
f 1364//2943 1550//2943 1547//2943
f 1364//2944 1365//2944 1549//2944
f 1419//2945 1548//2945 1365//2945
f 1365//2946 1548//2946 1549//2946
f 1364//2947 1549//2947 1550//2947
f 1452//2948 1418//2948 1369//2948
f 1452//2949 1571//2949 1551//2949
f 1452//2950 1551//2950 1577//2950
f 1452//2951 1577//2951 1418//2951
f 1552//2952 1428//2952 1369//2952
f 1369//2953 1428//2953 1452//2953
f 1554//2954 1555//2954 1553//2954
f 1557//2955 1556//2955 1428//2955
f 1554//2956 1553//2956 1430//2956
f 1555//2957 1557//2957 1552//2957
f 1552//2958 1557//2958 1428//2958
f 1428//2959 1556//2959 1430//2959
f 1430//2960 1556//2960 1554//2960
f 1553//2961 1555//2961 1552//2961
f 1431//2962 1430//2962 1376//2962
f 1376//2963 1430//2963 1553//2963
f 1429//2964 1560//2964 1558//2964
f 1558//2965 1559//2965 1383//2965
f 1429//2966 1558//2966 1383//2966
f 1431//2967 1561//2967 1560//2967
f 1431//2968 1560//2968 1429//2968
f 1559//2969 1561//2969 1376//2969
f 1376//2970 1561//2970 1431//2970
f 1383//2971 1559//2971 1376//2971
f 1381//2972 1436//2972 1383//2972
f 1383//2973 1436//2973 1429//2973
f 1436//2974 1562//2974 1434//2974
f 1436//2975 1565//2975 1562//2975
f 1562//2976 1563//2976 1434//2976
f 1434//2977 1563//2977 1407//2977
f 1563//2978 1564//2978 1407//2978
f 1564//2979 1565//2979 1381//2979
f 1381//2980 1565//2980 1436//2980
f 1407//2981 1564//2981 1381//2981
f 1407//2982 1406//2982 1434//2982
f 1434//2983 1406//2983 1435//2983
f 1382//2984 1566//2984 1567//2984
f 1437//2985 1566//2985 1382//2985
f 1435//2986 1568//2986 1437//2986
f 1435//2987 1569//2987 1568//2987
f 1437//2988 1568//2988 1566//2988
f 1567//2989 1569//2989 1406//2989
f 1406//2990 1569//2990 1435//2990
f 1382//2991 1567//2991 1406//2991
f 1386//2992 1453//2992 1583//2992
f 1583//2993 1453//2993 1570//2993
f 1547//2994 1573//2994 1574//2994
f 1419//2995 1573//2995 1547//2995
f 1419//2996 1418//2996 1573//2996
f 1547//2997 1574//2997 1571//2997
f 1547//2998 1571//2998 1364//2998
f 1546//2999 1572//2999 1542//2999
f 1541//3000 1546//3000 1542//3000
f 1542//3001 1540//3001 1543//3001
f 1545//3002 1543//3002 1540//3002
f 1577//3003 1576//3003 1418//3003
f 1571//3004 1574//3004 1551//3004
f 1551//3005 1574//3005 1576//3005
f 1576//3006 1574//3006 1573//3006
f 1576//3007 1573//3007 1418//3007
f 1575//3008 1577//3008 1551//3008
f 1575//3009 1551//3009 1576//3009
f 1465//3010 1578//3010 1581//3010
f 1465//3011 1581//3011 1463//3011
f 1463//3012 1581//3012 1464//3012
f 1464//3013 1581//3013 1579//3013
f 1464//3014 1579//3014 1466//3014
f 1466//3015 1579//3015 1465//3015
f 1465//3016 1579//3016 1578//3016
f 1579//3017 1582//3017 1580//3017
f 1579//3018 1580//3018 1578//3018
f 1581//3019 1582//3019 1579//3019
f 1543//3020 1544//3020 1578//3020
f 1581//3021 1544//3021 1108//3021
f 1578//3022 1544//3022 1581//3022
f 1580//3023 1543//3023 1578//3023
f 1582//3024 1459//3024 1580//3024
f 1580//3025 1459//3025 1543//3025
f 1459//3026 1582//3026 1108//3026
f 1108//3027 1582//3027 1581//3027
f 1549//3028 1548//3028 1577//3028
f 1548//3029 1576//3029 1577//3029
f 1550//3030 1576//3030 1548//3030
f 1550//3031 1575//3031 1576//3031
f 1575//3032 1550//3032 1549//3032
f 1575//3033 1549//3033 1577//3033
f 1405//3034 1552//3034 1404//3034
f 1404//3035 1552//3035 1369//3035
f 1405//3036 1553//3036 1552//3036
f 1387//3037 1546//3037 1112//3037
f 1117//3038 1438//3038 1119//3038
f 1119//3039 1438//3039 1437//3039
f 1564//3040 1567//3040 1566//3040
f 1564//3041 1566//3041 1565//3041
f 1565//3042 1566//3042 1568//3042
f 1565//3043 1568//3043 1562//3043
f 1562//3044 1568//3044 1563//3044
f 1563//3045 1568//3045 1569//3045
f 1563//3046 1569//3046 1564//3046
f 1564//3047 1569//3047 1567//3047
f 1555//3048 1559//3048 1558//3048
f 1555//3049 1558//3049 1557//3049
f 1557//3050 1558//3050 1560//3050
f 1557//3051 1560//3051 1556//3051
f 1556//3052 1560//3052 1554//3052
f 1554//3053 1560//3053 1561//3053
f 1554//3054 1561//3054 1555//3054
f 1555//3055 1561//3055 1559//3055
f 1443//2404 1539//2404 1538//2404
f 1443//2405 1538//2405 1375//2405
f 1375//2406 1538//2406 1374//2406
f 1540//3056 1542//3056 1572//3056
f 1540//3057 1438//3057 1545//3057
f 1539//3058 1540//3058 1538//3058
f 1538//3059 1540//3059 1572//3059
f 1439//2411 1443//2411 1374//2411
f 1374//2412 1443//2412 1375//2412
f 1374//3060 1586//3060 1439//3060
f 1586//3061 1532//3061 1439//3061
f 1588//2421 1410//2421 1412//2421
f 1588//2422 1412//2422 1587//2422
f 1587//2423 1412//2423 1411//2423
f 1587//2424 1411//2424 1410//2424
f 1587//2425 1410//2425 1588//2425
f 1379//3062 1589//3062 1387//3062
f 1387//3063 1589//3063 1460//3063
f 1378//3064 1461//3064 1537//3064
f 1378//3065 1537//3065 1379//3065
f 1589//3066 1379//3066 1537//3066
f 1461//3067 1460//3067 1537//3067
f 1537//2432 1460//2432 1589//2432
f 1590//3068 1594//3068 1591//3068
f 1594//3069 1590//3069 1595//3069
f 1595//3070 1590//3070 1592//3070
f 1460//3071 1594//3071 1462//3071
f 1594//3072 1460//3072 1593//3072
f 1595//3073 1462//3073 1594//3073
f 1596//3074 1461//3074 1462//3074
f 1596//3075 1462//3075 1595//3075
f 1460//3076 1461//3076 1593//3076
f 1593//3077 1461//3077 1596//3077
f 1594//3078 1593//3078 1591//3078
f 1592//3079 1596//3079 1595//3079
f 1591//3080 1596//3080 1592//3080
f 1591//3081 1593//3081 1596//3081
f 1472//3082 1471//3082 1473//3082
f 1590//3083 1591//3083 1592//3083
f 1422//3084 1212//3084 1421//3084
f 1421//3085 1212//3085 1211//3085
f 1421//3086 1211//3086 1373//3086
f 1373//3087 1211//3087 1216//3087
f 1373//3088 1216//3088 1408//3088
f 1408//3089 1216//3089 1215//3089
f 1408//3090 1215//3090 1424//3090
f 1424//3091 1215//3091 1217//3091
f 1424//3092 1217//3092 1423//3092
f 1423//3093 1217//3093 1218//3093
f 1423//3094 1218//3094 1414//3094
f 1414//3095 1218//3095 1222//3095
f 1414//3096 1222//3096 1413//3096
f 1413//3097 1222//3097 1226//3097
f 1413//3098 1226//3098 1415//3098
f 1415//3099 1226//3099 1416//3099
f 1416//3100 1226//3100 1210//3100
f 1416//3101 1210//3101 1417//3101
f 1417//3102 1210//3102 1230//3102
f 1417//3103 1230//3103 1227//3103
f 1417//3104 1227//3104 1420//3104
f 1420//3105 1227//3105 1213//3105
f 1420//3106 1213//3106 1422//3106
f 1422//3107 1213//3107 1212//3107
f 1599//3108 1597//3108 1128//3108
f 1125//3109 1128//3109 1597//3109
f 1130//3110 1598//3110 1128//3110
f 1128//3111 1598//3111 1599//3111
f 1602//3112 1600//3112 1467//3112
f 1467//3113 1600//3113 1470//3113
f 1126//3114 1601//3114 1467//3114
f 1467//3115 1601//3115 1602//3115
f 1126//3116 1467//3116 1468//3116
f 1126//3117 1468//3117 1125//3117
f 1125//3118 1468//3118 1127//3118
f 1125//3119 1127//3119 1128//3119
f 1125//3120 1597//3120 1126//3120
f 1126//3121 1597//3121 1601//3121
f 1597//3122 1599//3122 1601//3122
f 1601//3123 1599//3123 1602//3123
f 1599//3124 1598//3124 1602//3124
f 1602//3125 1598//3125 1600//3125
f 1469//3126 1470//3126 1124//3126
f 1123//3127 1130//3127 1131//3127
f 1130//3128 1123//3128 1598//3128
f 1469//3129 1124//3129 1131//3129
f 1131//3130 1124//3130 1123//3130
f 1598//3131 1123//3131 1124//3131
f 1598//3132 1124//3132 1600//3132
f 1600//3133 1124//3133 1470//3133
f 1468//3134 1469//3134 1127//3134
f 1127//3135 1469//3135 1131//3135
f 1606//3136 1603//3136 1604//3136
f 1606//3137 1604//3137 1605//3137
f 1605//3138 1604//3138 1603//3138
f 1605//3139 1603//3139 1606//3139
f 1607//3140 1608//3140 1609//3140
f 1607//3141 1609//3141 1610//3141
f 1607//3142 1610//3142 1611//3142
f 1611//3143 1610//3143 1612//3143
f 1612//3144 1610//3144 1613//3144
f 1612//3145 1613//3145 1614//3145
f 1612//3146 1614//3146 1615//3146
f 1615//3147 1614//3147 1616//3147
f 1615//3148 1616//3148 1608//3148
f 1615//3149 1608//3149 1607//3149
f 1619//3150 1614//3150 1617//3150
f 1617//3151 1614//3151 1613//3151
f 1617//3152 1613//3152 1610//3152
f 1617//3153 1610//3153 1618//3153
f 1618//3154 1610//3154 1609//3154
f 1618//3155 1609//3155 1619//3155
f 1619//3156 1609//3156 1608//3156
f 1619//3157 1608//3157 1616//3157
f 1619//3158 1616//3158 1614//3158
f 1619//3159 1615//3159 1607//3159
f 1619//3160 1607//3160 1618//3160
f 1618//3161 1607//3161 1611//3161
f 1618//3162 1611//3162 1612//3162
f 1618//3163 1612//3163 1617//3163
f 1617//3164 1612//3164 1619//3164
f 1619//3165 1612//3165 1615//3165
f 1621//3166 1620//3166 1622//3166
f 1621//3167 1622//3167 1623//3167
f 1621//3168 1623//3168 1624//3168
f 1624//3169 1623//3169 1625//3169
f 1625//3170 1623//3170 1626//3170
f 1625//3171 1626//3171 1627//3171
f 1625//3172 1627//3172 1620//3172
f 1625//3173 1620//3173 1621//3173
f 1625//3174 1628//3174 1624//3174
f 1624//3175 1628//3175 1629//3175
f 1624//3176 1629//3176 1630//3176
f 1624//3177 1630//3177 1621//3177
f 1621//3178 1630//3178 1631//3178
f 1621//3179 1631//3179 1632//3179
f 1621//3180 1632//3180 1625//3180
f 1625//3181 1632//3181 1633//3181
f 1625//3182 1633//3182 1634//3182
f 1625//3183 1634//3183 1628//3183
f 1626//3184 1628//3184 1634//3184
f 1626//3185 1634//3185 1633//3185
f 1626//3186 1633//3186 1627//3186
f 1627//3187 1633//3187 1632//3187
f 1627//3188 1632//3188 1620//3188
f 1620//3189 1632//3189 1622//3189
f 1622//3190 1632//3190 1631//3190
f 1622//3191 1631//3191 1630//3191
f 1622//3192 1630//3192 1623//3192
f 1623//3193 1630//3193 1629//3193
f 1623//3194 1629//3194 1628//3194
f 1623//3195 1628//3195 1626//3195
f 1642//3196 1635//3196 1636//3196
f 1642//3197 1636//3197 1637//3197
f 1637//3198 1636//3198 1638//3198
f 1637//3199 1638//3199 1639//3199
f 1637//3200 1639//3200 1640//3200
f 1640//3201 1639//3201 1641//3201
f 1640//3202 1641//3202 1642//3202
f 1642//3203 1641//3203 1635//3203
f 1642//3204 1647//3204 1643//3204
f 1642//3205 1643//3205 1640//3205
f 1640//3206 1643//3206 1644//3206
f 1640//3207 1644//3207 1637//3207
f 1637//3208 1644//3208 1645//3208
f 1637//3209 1645//3209 1646//3209
f 1637//3210 1646//3210 1642//3210
f 1642//3211 1646//3211 1647//3211
f 1643//3212 1647//3212 1635//3212
f 1635//3213 1647//3213 1636//3213
f 1636//3214 1647//3214 1646//3214
f 1636//3215 1646//3215 1638//3215
f 1638//3216 1646//3216 1645//3216
f 1638//3217 1645//3217 1644//3217
f 1638//3218 1644//3218 1639//3218
f 1639//3219 1644//3219 1641//3219
f 1641//3220 1644//3220 1643//3220
f 1641//3221 1643//3221 1635//3221
f 1654//3222 1648//3222 1649//3222
f 1654//3223 1649//3223 1650//3223
f 1650//3224 1649//3224 1651//3224
f 1650//3225 1651//3225 1652//3225
f 1652//3226 1651//3226 1653//3226
f 1652//3227 1653//3227 1654//3227
f 1654//3228 1653//3228 1655//3228
f 1654//3229 1655//3229 1648//3229
f 1652//3230 1661//3230 1656//3230
f 1652//3231 1656//3231 1650//3231
f 1650//3232 1656//3232 1657//3232
f 1650//3233 1657//3233 1658//3233
f 1650//3234 1658//3234 1654//3234
f 1654//3235 1658//3235 1659//3235
f 1654//3236 1659//3236 1660//3236
f 1654//3237 1660//3237 1652//3237
f 1652//3238 1660//3238 1661//3238
f 1651//3239 1661//3239 1660//3239
f 1651//3240 1660//3240 1653//3240
f 1653//3241 1660//3241 1655//3241
f 1655//3242 1660//3242 1659//3242
f 1655//3243 1659//3243 1648//3243
f 1648//3244 1659//3244 1658//3244
f 1648//3245 1658//3245 1649//3245
f 1649//3246 1658//3246 1657//3246
f 1649//3247 1657//3247 1656//3247
f 1649//3248 1656//3248 1651//3248
f 1651//3249 1656//3249 1661//3249
f 1664//3250 1666//3250 1663//3250
f 1662//3251 1666//3251 1664//3251
f 1665//3252 1669//3252 1666//3252
f 1665//3253 1666//3253 1662//3253
f 1667//3254 1669//3254 1665//3254
f 1668//3255 1669//3255 1667//3255
f 1670//3256 1669//3256 1668//3256
f 1670//3257 1672//3257 1669//3257
f 1671//3258 1672//3258 1670//3258
f 1664//3259 1663//3259 1671//3259
f 1671//3260 1663//3260 1672//3260
f 1673//3261 1672//3261 1679//3261
f 1679//3262 1672//3262 1663//3262
f 1673//3263 1674//3263 1672//3263
f 1674//3264 1669//3264 1672//3264
f 1669//3265 1674//3265 1675//3265
f 1669//3266 1675//3266 1676//3266
f 1677//3267 1669//3267 1676//3267
f 1669//3268 1677//3268 1678//3268
f 1669//3269 1678//3269 1666//3269
f 1679//3270 1666//3270 1678//3270
f 1679//3271 1663//3271 1666//3271
f 1671//3272 1670//3272 1674//3272
f 1671//3273 1673//3273 1664//3273
f 1664//3274 1673//3274 1679//3274
f 1674//3275 1673//3275 1671//3275
f 1668//3276 1667//3276 1676//3276
f 1677//3277 1665//3277 1678//3277
f 1678//3278 1665//3278 1662//3278
f 1678//3279 1662//3279 1679//3279
f 1679//3280 1662//3280 1664//3280
f 1676//3281 1667//3281 1665//3281
f 1676//3282 1665//3282 1677//3282
f 1668//3283 1676//3283 1675//3283
f 1668//3284 1675//3284 1670//3284
f 1670//3285 1675//3285 1674//3285
f 1681//3286 1685//3286 1682//3286
f 1683//3287 1685//3287 1681//3287
f 1685//3288 1683//3288 1684//3288
f 1685//3289 1684//3289 1680//3289
f 1685//3290 1680//3290 1688//3290
f 1686//3291 1688//3291 1680//3291
f 1686//3292 1687//3292 1688//3292
f 1681//3293 1682//3293 1687//3293
f 1687//3294 1682//3294 1688//3294
f 1690//3295 1682//3295 1689//3295
f 1682//3296 1690//3296 1688//3296
f 1691//3297 1688//3297 1690//3297
f 1688//3298 1691//3298 1692//3298
f 1692//3299 1685//3299 1688//3299
f 1685//3300 1692//3300 1693//3300
f 1694//3301 1685//3301 1693//3301
f 1682//3302 1685//3302 1689//3302
f 1689//3303 1685//3303 1694//3303
f 1684//3304 1693//3304 1680//3304
f 1690//3305 1689//3305 1681//3305
f 1686//3306 1691//3306 1690//3306
f 1686//3307 1690//3307 1687//3307
f 1693//3308 1684//3308 1694//3308
f 1687//3309 1690//3309 1681//3309
f 1684//3310 1683//3310 1694//3310
f 1694//3311 1683//3311 1681//3311
f 1694//3312 1681//3312 1689//3312
f 1693//3313 1692//3313 1680//3313
f 1680//3314 1692//3314 1686//3314
f 1686//3315 1692//3315 1691//3315
f 1697//3316 1696//3316 1699//3316
f 1699//3317 1696//3317 1695//3317
f 1696//3318 1697//3318 1698//3318
f 1696//3319 1698//3319 1695//3319
f 1695//3320 1698//3320 1699//3320
f 1699//3321 1698//3321 1697//3321
f 1703//3322 1701//3322 1700//3322
f 1703//3323 1700//3323 1702//3323
f 1702//3324 1700//3324 1701//3324
f 1702//3325 1701//3325 1703//3325
f 1705//3326 1704//3326 1706//3326
f 1705//3327 1706//3327 1707//3327
f 1707//3328 1706//3328 1708//3328
f 1707//3329 1708//3329 1709//3329
f 1709//3330 1708//3330 1710//3330
f 1709//3331 1710//3331 1704//3331
f 1709//3332 1704//3332 1705//3332
f 1705//3333 1711//3333 1709//3333
f 1709//3334 1711//3334 1712//3334
f 1709//3335 1712//3335 1713//3335
f 1709//3336 1713//3336 1714//3336
f 1709//3337 1714//3337 1707//3337
f 1707//3338 1714//3338 1715//3338
f 1707//3339 1715//3339 1705//3339
f 1705//3340 1715//3340 1711//3340
f 1708//3341 1714//3341 1713//3341
f 1708//3342 1713//3342 1710//3342
f 1710//3343 1713//3343 1712//3343
f 1710//3344 1712//3344 1704//3344
f 1704//3345 1712//3345 1711//3345
f 1704//3346 1711//3346 1715//3346
f 1704//3347 1715//3347 1706//3347
f 1706//3348 1715//3348 1708//3348
f 1708//3349 1715//3349 1714//3349
f 1717//3350 1716//3350 1718//3350
f 1717//3351 1718//3351 1719//3351
f 1719//3352 1718//3352 1720//3352
f 1719//3353 1720//3353 1721//3353
f 1719//3354 1721//3354 1722//3354
f 1722//3355 1721//3355 1723//3355
f 1722//3356 1723//3356 1724//3356
f 1722//3357 1724//3357 1716//3357
f 1722//3358 1716//3358 1717//3358
f 1719//3359 1730//3359 1725//3359
f 1719//3360 1725//3360 1717//3360
f 1717//3361 1725//3361 1726//3361
f 1717//3362 1726//3362 1727//3362
f 1717//3363 1727//3363 1722//3363
f 1722//3364 1727//3364 1728//3364
f 1722//3365 1728//3365 1729//3365
f 1722//3366 1729//3366 1730//3366
f 1722//3367 1730//3367 1719//3367
f 1720//3368 1730//3368 1721//3368
f 1721//3369 1730//3369 1729//3369
f 1721//3370 1729//3370 1728//3370
f 1721//3371 1728//3371 1723//3371
f 1723//3372 1728//3372 1724//3372
f 1724//3373 1728//3373 1727//3373
f 1724//3374 1727//3374 1716//3374
f 1716//3375 1727//3375 1726//3375
f 1716//3376 1726//3376 1718//3376
f 1718//3377 1726//3377 1725//3377
f 1718//3378 1725//3378 1730//3378
f 1718//3379 1730//3379 1720//3379
f 1732//3380 1731//3380 1736//3380
f 1731//3381 1732//3381 1733//3381
f 1731//3382 1733//3382 1734//3382
f 1734//3383 1733//3383 1735//3383
f 1734//3384 1735//3384 1736//3384
f 1736//3385 1735//3385 1737//3385
f 1736//3386 1737//3386 1732//3386
f 1732//3387 1738//3387 1739//3387
f 1732//3388 1739//3388 1733//3388
f 1733//3389 1739//3389 1740//3389
f 1733//3390 1740//3390 1741//3390
f 1733//3391 1741//3391 1735//3391
f 1735//3392 1741//3392 1742//3392
f 1735//3393 1742//3393 1737//3393
f 1737//3394 1742//3394 1743//3394
f 1737//3395 1743//3395 1732//3395
f 1732//3396 1743//3396 1738//3396
f 1736//3397 1738//3397 1743//3397
f 1736//3398 1743//3398 1742//3398
f 1736//3399 1742//3399 1741//3399
f 1736//3400 1741//3400 1734//3400
f 1734//3401 1741//3401 1740//3401
f 1734//3402 1740//3402 1731//3402
f 1731//3403 1740//3403 1739//3403
f 1731//3404 1739//3404 1738//3404
f 1731//3405 1738//3405 1736//3405
f 1744//3406 1752//3406 1745//3406
f 1744//3407 1745//3407 1746//3407
f 1744//3408 1746//3408 1747//3408
f 1747//3409 1746//3409 1748//3409
f 1747//3410 1748//3410 1749//3410
f 1747//3411 1749//3411 1750//3411
f 1750//3412 1749//3412 1751//3412
f 1750//3413 1751//3413 1752//3413
f 1750//3414 1752//3414 1744//3414
f 1747//3415 1753//3415 1744//3415
f 1744//3416 1753//3416 1754//3416
f 1744//3417 1754//3417 1755//3417
f 1744//3418 1755//3418 1750//3418
f 1750//3419 1755//3419 1756//3419
f 1750//3420 1756//3420 1757//3420
f 1750//3421 1757//3421 1758//3421
f 1750//3422 1758//3422 1747//3422
f 1747//3423 1758//3423 1753//3423
f 1746//3424 1753//3424 1748//3424
f 1748//3425 1753//3425 1758//3425
f 1748//3426 1758//3426 1749//3426
f 1749//3427 1758//3427 1757//3427
f 1749//3428 1757//3428 1751//3428
f 1751//3429 1757//3429 1756//3429
f 1751//3430 1756//3430 1755//3430
f 1751//3431 1755//3431 1752//3431
f 1752//3432 1755//3432 1745//3432
f 1745//3433 1755//3433 1754//3433
f 1745//3434 1754//3434 1753//3434
f 1745//3435 1753//3435 1746//3435
f 1760//3286 1764//3286 1761//3286
f 1762//3436 1764//3436 1760//3436
f 1764//3437 1762//3437 1763//3437
f 1764//3438 1763//3438 1759//3438
f 1764//3290 1759//3290 1767//3290
f 1765//3291 1767//3291 1759//3291
f 1765//3439 1766//3439 1767//3439
f 1760//3440 1761//3440 1766//3440
f 1766//3441 1761//3441 1767//3441
f 1769//3295 1761//3295 1768//3295
f 1761//3442 1769//3442 1767//3442
f 1770//3443 1767//3443 1769//3443
f 1767//3444 1770//3444 1771//3444
f 1771//3299 1764//3299 1767//3299
f 1764//3445 1771//3445 1772//3445
f 1773//3446 1764//3446 1772//3446
f 1761//3447 1764//3447 1768//3447
f 1768//3303 1764//3303 1773//3303
f 1763//3448 1772//3448 1759//3448
f 1769//3449 1768//3449 1760//3449
f 1765//3450 1770//3450 1769//3450
f 1765//3451 1769//3451 1766//3451
f 1772//3452 1763//3452 1773//3452
f 1766//3453 1769//3453 1760//3453
f 1763//3454 1762//3454 1773//3454
f 1773//3455 1762//3455 1760//3455
f 1773//3456 1760//3456 1768//3456
f 1772//3457 1771//3457 1759//3457
f 1759//3458 1771//3458 1765//3458
f 1765//3459 1771//3459 1770//3459
f 1775//3460 1777//3460 1776//3460
f 1775//3461 1776//3461 1774//3461
f 1774//3462 1776//3462 1777//3462
f 1774//3463 1777//3463 1775//3463
f 1780//3464 1782//3464 1779//3464
f 1778//3465 1782//3465 1780//3465
f 1781//3252 1785//3252 1782//3252
f 1781//3466 1782//3466 1778//3466
f 1783//3254 1785//3254 1781//3254
f 1784//3255 1785//3255 1783//3255
f 1786//3256 1785//3256 1784//3256
f 1786//3467 1788//3467 1785//3467
f 1787//3468 1788//3468 1786//3468
f 1780//3259 1779//3259 1787//3259
f 1787//3469 1779//3469 1788//3469
f 1789//3470 1788//3470 1795//3470
f 1795//3471 1788//3471 1779//3471
f 1789//3263 1790//3263 1788//3263
f 1790//3264 1785//3264 1788//3264
f 1785//3265 1790//3265 1791//3265
f 1785//3266 1791//3266 1792//3266
f 1793//3472 1785//3472 1792//3472
f 1785//3268 1793//3268 1794//3268
f 1785//3473 1794//3473 1782//3473
f 1795//3270 1782//3270 1794//3270
f 1795//3474 1779//3474 1782//3474
f 1787//3475 1786//3475 1790//3475
f 1787//3476 1789//3476 1780//3476
f 1780//3477 1789//3477 1795//3477
f 1790//3478 1789//3478 1787//3478
f 1784//3276 1783//3276 1792//3276
f 1793//3479 1781//3479 1794//3479
f 1794//3480 1781//3480 1778//3480
f 1794//3481 1778//3481 1795//3481
f 1795//3482 1778//3482 1780//3482
f 1792//3281 1783//3281 1781//3281
f 1792//3483 1781//3483 1793//3483
f 1784//3484 1792//3484 1791//3484
f 1784//3485 1791//3485 1786//3485
f 1786//3285 1791//3285 1790//3285
f 1798//3486 1796//3486 1797//3486
f 1798//3487 1797//3487 1799//3487
f 1799//3488 1797//3488 1796//3488
f 1799//3489 1796//3489 1798//3489
f 1802//3490 1800//3490 1801//3490
f 1802//3491 1801//3491 1803//3491
f 1803//3492 1801//3492 1800//3492
f 1803//3493 1800//3493 1802//3493
f 1809//3494 1808//3494 1901//3494
f 1807//3495 1810//3495 1811//3495
f 1811//3496 1810//3496 1808//3496
f 1807//3497 1812//3497 1810//3497
f 1813//3498 1814//3498 1807//3498
f 1807//3499 1814//3499 1812//3499
f 1813//3500 1818//3500 1814//3500
f 1815//3501 1816//3501 1817//3501
f 1816//3502 1818//3502 1813//3502
f 1815//3503 1888//3503 1816//3503
f 1815//3504 1886//3504 1888//3504
f 1809//3505 1885//3505 1815//3505
f 1885//3506 1886//3506 1815//3506
f 1809//3507 1901//3507 1885//3507
f 1831//3508 1820//3508 1819//3508
f 1816//3509 1813//3509 1817//3509
f 1817//3510 1813//3510 1819//3510
f 1817//3511 1819//3511 1820//3511
f 1808//3512 1809//3512 1811//3512
f 1811//3513 1809//3513 1821//3513
f 1811//3514 1821//3514 1823//3514
f 1811//3515 1823//3515 1822//3515
f 1822//3516 1823//3516 1824//3516
f 1824//3517 1823//3517 1825//3517
f 1824//3518 1825//3518 1826//3518
f 1824//3519 1826//3519 1827//3519
f 1826//3520 1828//3520 1827//3520
f 1827//3521 1828//3521 1829//3521
f 1829//3522 1828//3522 1830//3522
f 1829//3523 1830//3523 1831//3523
f 1831//3524 1830//3524 1820//3524
f 1835//3525 1822//3525 1834//3525
f 1835//3526 1811//3526 1822//3526
f 1831//2092 1819//2092 1833//2092
f 1832//3527 1813//3527 1835//3527
f 1835//3528 1813//3528 1807//3528
f 1831//3529 1833//3529 1836//3529
f 1836//3530 1827//3530 1829//3530
f 1813//3531 1832//3531 1819//3531
f 1819//3532 1832//3532 1833//3532
f 1837//3533 1824//3533 1827//3533
f 1837//3534 1827//3534 1836//3534
f 1835//3535 1807//3535 1811//3535
f 1831//3536 1836//3536 1829//3536
f 1822//2092 1824//2092 1834//2092
f 1834//3537 1824//3537 1837//3537
f 1809//2090 1838//2090 1821//2090
f 1820//3538 1840//3538 1817//3538
f 1817//3539 1842//3539 1815//3539
f 1815//3540 1842//3540 1809//3540
f 1823//3541 1843//3541 1825//3541
f 1826//3542 1844//3542 1828//3542
f 1830//3543 1839//3543 1845//3543
f 1820//3544 1830//3544 1846//3544
f 1817//3545 1847//3545 1842//3545
f 1828//3546 1844//3546 1830//3546
f 1820//3547 1846//3547 1840//3547
f 1809//3548 1842//3548 1838//3548
f 1823//3549 1848//3549 1843//3549
f 1817//3550 1840//3550 1847//3550
f 1825//3551 1843//3551 1841//3551
f 1830//3552 1844//3552 1839//3552
f 1830//3553 1845//3553 1846//3553
f 1821//3554 1838//3554 1848//3554
f 1821//3555 1848//3555 1823//3555
f 1826//3556 1849//3556 1844//3556
f 1840//3557 1846//3557 1850//3557
f 1838//3558 1842//3558 1851//3558
f 1825//3559 1841//3559 1826//3559
f 1826//3560 1841//3560 1849//3560
f 1841//3561 1843//3561 1852//3561
f 1846//3562 1845//3562 1858//3562
f 1858//3563 1850//3563 1846//3563
f 1849//3564 1853//3564 1844//3564
f 1844//3565 1853//3565 1856//3565
f 1839//3566 1844//3566 1856//3566
f 1843//3567 1848//3567 1863//3567
f 1852//3568 1843//3568 1860//3568
f 1863//3569 1860//3569 1843//3569
f 1842//3570 1847//3570 1862//3570
f 1862//3571 1851//3571 1842//3571
f 1845//3572 1857//3572 1858//3572
f 1857//3573 1839//3573 1856//3573
f 1839//3574 1857//3574 1845//3574
f 1847//3575 1859//3575 1862//3575
f 1859//3576 1850//3576 1858//3576
f 1850//3577 1859//3577 1840//3577
f 1840//3578 1859//3578 1847//3578
f 1849//3579 1855//3579 1853//3579
f 1841//3580 1855//3580 1849//3580
f 1852//3581 1860//3581 1841//3581
f 1841//3582 1860//3582 1854//3582
f 1841//3583 1854//3583 1855//3583
f 1848//3584 1861//3584 1863//3584
f 1851//3585 1862//3585 1838//3585
f 1838//3586 1862//3586 1861//3586
f 1838//3587 1861//3587 1848//3587
f 1864//3588 1887//3588 1810//3588
f 1887//3589 1885//3589 1901//3589
f 1810//3590 1887//3590 1808//3590
f 1887//3591 1901//3591 1808//3591
f 1816//3592 1884//3592 1818//3592
f 1892//3593 1893//3593 1876//3593
f 1890//3594 1891//3594 1888//3594
f 1890//3595 1804//3595 1930//3595
f 1886//3596 1890//3596 1888//3596
f 1930//3597 1915//3597 1890//3597
f 1891//3598 1816//3598 1888//3598
f 1816//3599 1891//3599 1878//3599
f 1878//3600 1891//3600 1879//3600
f 1884//3601 1917//3601 1818//3601
f 1818//3602 1917//3602 1877//3602
f 1873//3603 1812//3603 1874//3603
f 1873//3604 1894//3604 1812//3604
f 1812//3605 1894//3605 1810//3605
f 1810//3606 1894//3606 1896//3606
f 1810//3607 1896//3607 1865//3607
f 1899//3608 1866//3608 1895//3608
f 1895//3609 1866//3609 1865//3609
f 1895//3610 1865//3610 1896//3610
f 1882//3611 1883//3611 1864//3611
f 1864//3612 1883//3612 1887//3612
f 1887//3613 1883//3613 1889//3613
f 1887//3614 1898//3614 1885//3614
f 1898//3615 1887//3615 1889//3615
f 1885//3616 1898//3616 1806//3616
f 1806//3617 1898//3617 1911//3617
f 1806//3618 1911//3618 1916//3618
f 1806//3619 1916//3619 1930//3619
f 1885//3620 1805//3620 1886//3620
f 1805//3621 1804//3621 1886//3621
f 1804//3622 1890//3622 1886//3622
f 1915//3623 1871//3623 1919//3623
f 1912//3624 1919//3624 1870//3624
f 1912//3625 1870//3625 1913//3625
f 1914//3626 1903//3626 1876//3626
f 1914//3627 1876//3627 1881//3627
f 1903//3628 1914//3628 1870//3628
f 1870//3629 1914//3629 1913//3629
f 1878//3630 1880//3630 1881//3630
f 1878//3631 1881//3631 1876//3631
f 1880//3632 1878//3632 1879//3632
f 1912//3633 1915//3633 1919//3633
f 1818//3634 1900//3634 1814//3634
f 1814//3635 1900//3635 1902//3635
f 1892//3636 1900//3636 1818//3636
f 1818//3637 1877//3637 1892//3637
f 1877//3638 1876//3638 1893//3638
f 1877//3639 1893//3639 1892//3639
f 1872//3640 1902//3640 1903//3640
f 1902//3641 1872//3641 1875//3641
f 1872//3642 1904//3642 1918//3642
f 1918//3643 1904//3643 1905//3643
f 1918//3644 1905//3644 1873//3644
f 1873//3645 1905//3645 1894//3645
f 1866//3646 1899//3646 1906//3646
f 1866//3647 1906//3647 1903//3647
f 1903//3648 1906//3648 1872//3648
f 1872//3649 1906//3649 1904//3649
f 1810//3650 1865//3650 1864//3650
f 1866//3651 1897//3651 1867//3651
f 1867//3652 1897//3652 1882//3652
f 1882//3653 1864//3653 1867//3653
f 1870//3654 1909//3654 1910//3654
f 1870//3655 1910//3655 1903//3655
f 1903//3656 1910//3656 1866//3656
f 1866//3657 1910//3657 1897//3657
f 1871//3658 1915//3658 1916//3658
f 1871//3659 1916//3659 1868//3659
f 1915//3660 1930//3660 1916//3660
f 1868//3661 1916//3661 1908//3661
f 1868//3662 1908//3662 1869//3662
f 1869//3663 1908//3663 1907//3663
f 1869//3664 1907//3664 1870//3664
f 1870//3665 1907//3665 1909//3665
f 1902//3666 1875//3666 1814//3666
f 1814//3667 1875//3667 1874//3667
f 1814//3668 1874//3668 1812//3668
f 1878//3669 1917//3669 1884//3669
f 1878//3670 1884//3670 1816//3670
f 1876//3671 1877//3671 1878//3671
f 1880//3672 1879//3672 1890//3672
f 1891//3594 1890//3594 1879//3594
f 1915//3673 1912//3673 1890//3673
f 1890//3674 1912//3674 1880//3674
f 1880//3675 1912//3675 1881//3675
f 1881//3676 1912//3676 1913//3676
f 1913//3677 1914//3677 1881//3677
f 1892//3678 1902//3678 1900//3678
f 1902//3679 1876//3679 1903//3679
f 1892//3680 1876//3680 1902//3680
f 1904//3681 1899//3681 1905//3681
f 1905//3682 1899//3682 1895//3682
f 1904//3683 1906//3683 1899//3683
f 1895//3684 1894//3684 1905//3684
f 1895//3685 1896//3685 1894//3685
f 1909//3686 1897//3686 1910//3686
f 1897//3687 1909//3687 1882//3687
f 1882//3688 1909//3688 1907//3688
f 1882//3689 1907//3689 1898//3689
f 1898//3690 1907//3690 1908//3690
f 1916//3691 1911//3691 1908//3691
f 1908//3692 1911//3692 1898//3692
f 1889//3693 1883//3693 1882//3693
f 1882//3694 1898//3694 1889//3694
f 1922//3695 1867//3695 1864//3695
f 1922//3696 1864//3696 1920//3696
f 1920//3697 1864//3697 1865//3697
f 1920//3698 1865//3698 1866//3698
f 1920//3699 1866//3699 1924//3699
f 1924//3700 1866//3700 1921//3700
f 1921//3701 1866//3701 1867//3701
f 1921//3702 1867//3702 1922//3702
f 1924//3703 1923//3703 1920//3703
f 1920//3704 1923//3704 1922//3704
f 1923//3705 1924//3705 1921//3705
f 1921//3706 1922//3706 1923//3706
f 1918//3707 1873//3707 1874//3707
f 1874//3708 1875//3708 1872//3708
f 1874//3709 1872//3709 1918//3709
f 1925//3710 1878//3710 1927//3710
f 1927//3711 1878//3711 1877//3711
f 1927//3712 1877//3712 1929//3712
f 1929//3713 1877//3713 1917//3713
f 1929//3714 1917//3714 1878//3714
f 1929//3715 1878//3715 1926//3715
f 1926//3716 1878//3716 1925//3716
f 1929//3717 1928//3717 1927//3717
f 1927//3718 1928//3718 1925//3718
f 1929//3719 1925//3719 1928//3719
f 1929//3720 1926//3720 1925//3720
f 1868//3721 1869//3721 1870//3721
f 1919//3722 1871//3722 1868//3722
f 1868//3723 1870//3723 1919//3723
f 1805//3724 1885//3724 1806//3724
f 1806//3725 1804//3725 1805//3725
f 1804//3726 1806//3726 1930//3726
f 1931//3727 1934//3727 1933//3727
f 1931//2092 1935//2092 1934//2092
f 1931//3728 1936//3728 1935//3728
f 1932//3526 1936//3526 1931//3526
f 1835//3729 1934//3729 1935//3729
f 1835//3730 1935//3730 1936//3730
f 1835//3731 1936//3731 1832//3731
f 1837//3732 1933//3732 1834//3732
f 1834//3733 1933//3733 1934//3733
f 1834//3734 1934//3734 1835//3734
f 1836//3735 1931//3735 1933//3735
f 1836//3736 1933//3736 1837//3736
f 1832//3737 1936//3737 1833//3737
f 1833//3738 1936//3738 1932//3738
f 1833//3739 1932//3739 1931//3739
f 1833//3740 1931//3740 1836//3740
f 1937//3741 1853//3741 1855//3741
f 1937//3742 1854//3742 1938//3742
f 1938//3743 1854//3743 1860//3743
f 1938//3744 1860//3744 1863//3744
f 1938//3745 1863//3745 1939//3745
f 1939//3746 1863//3746 1861//3746
f 1939//3747 1861//3747 1940//3747
f 1940//3748 1861//3748 1862//3748
f 1940//3749 1862//3749 1859//3749
f 1940//3750 1859//3750 1941//3750
f 1941//3751 1859//3751 1858//3751
f 1941//3752 1858//3752 1942//3752
f 1942//3753 1858//3753 1857//3753
f 1942//3754 1857//3754 1856//3754
f 1942//3755 1856//3755 1937//3755
f 1937//3756 1856//3756 1853//3756
f 1937//3757 1855//3757 1854//3757
f 1940//2090 1941//2090 1942//2090
f 1942//2090 1939//2090 1940//2090
f 1938//2090 1939//2090 1942//2090
f 1942//3758 1937//3758 1938//3758
f 1947//3759 2020//3759 1946//3759
f 1946//3760 2020//3760 1954//3760
f 1947//3761 1946//3761 1948//3761
f 1945//3762 2036//3762 1948//3762
f 1949//3763 2036//3763 1945//3763
f 1949//3764 1950//3764 2036//3764
f 1949//3765 1953//3765 1950//3765
f 1951//3766 1952//3766 1953//3766
f 1954//3767 2019//3767 1952//3767
f 1954//3768 1952//3768 1951//3768
f 1956//3769 1957//3769 1959//3769
f 1959//3770 1957//3770 1960//3770
f 1959//3771 1960//3771 1958//3771
f 1958//3772 1960//3772 1961//3772
f 1958//3773 1961//3773 1963//3773
f 1958//3774 1963//3774 1964//3774
f 1964//3775 1963//3775 1965//3775
f 1964//3776 1965//3776 1966//3776
f 1966//3777 1965//3777 1962//3777
f 1953//3778 1949//3778 1951//3778
f 1951//3779 1949//3779 1967//3779
f 1967//3780 1949//3780 1968//3780
f 1967//3781 1968//3781 1962//3781
f 1962//3782 1968//3782 1966//3782
f 1948//3783 1946//3783 1945//3783
f 1945//3784 1946//3784 1969//3784
f 1969//3785 1946//3785 1970//3785
f 1969//3786 1970//3786 1955//3786
f 1957//3787 1956//3787 1969//3787
f 1957//3788 1969//3788 1955//3788
f 1973//2092 1968//2092 1971//2092
f 1971//2092 1968//2092 1949//2092
f 1972//2092 1958//2092 1964//2092
f 1973//2092 1966//2092 1968//2092
f 1972//2092 1964//2092 1973//2092
f 1974//2092 1958//2092 1972//2092
f 1973//2092 1964//2092 1966//2092
f 1975//2092 1969//2092 1974//2092
f 1974//2092 1969//2092 1956//2092
f 1971//2092 1949//2092 1976//2092
f 1974//2092 1956//2092 1959//2092
f 1974//2092 1959//2092 1958//2092
f 1976//2092 1969//2092 1975//2092
f 1949//3789 1945//3789 1976//3789
f 1976//3790 1945//3790 1969//3790
f 1977//3791 1957//3791 1978//3791
f 1977//3540 1960//3540 1957//3540
f 1955//3792 1986//3792 1957//3792
f 1979//2090 1965//2090 1963//2090
f 1970//3793 1980//3793 1981//3793
f 1970//3794 1986//3794 1955//3794
f 1980//2090 1970//2090 1946//2090
f 1980//3795 1946//3795 1982//3795
f 1960//3796 1989//3796 1961//3796
f 1954//3797 1990//3797 1946//3797
f 1961//3540 1989//3540 1963//3540
f 1965//3798 1992//3798 1962//3798
f 1951//3799 1990//3799 1954//3799
f 1970//3800 1981//3800 1986//3800
f 1963//3801 1989//3801 1983//3801
f 1967//3802 1984//3802 1985//3802
f 1957//3803 1986//3803 1978//3803
f 1962//3804 1992//3804 1967//3804
f 1960//3805 1988//3805 1989//3805
f 1963//3806 1983//3806 1979//3806
f 1951//3807 1987//3807 1990//3807
f 1967//2090 1985//2090 1951//2090
f 1951//3808 1985//3808 1987//3808
f 1988//3809 1960//3809 1977//3809
f 1965//3810 1991//3810 1992//3810
f 1965//3811 1979//3811 1991//3811
f 1946//3812 1990//3812 1982//3812
f 1967//3813 1992//3813 1984//3813
f 1993//3814 1992//3814 1991//3814
f 1984//3815 1992//3815 1993//3815
f 1995//3816 1989//3816 1988//3816
f 1995//3817 1983//3817 1989//3817
f 1994//3818 1986//3818 1981//3818
f 1978//3819 1986//3819 1994//3819
f 1996//3820 1990//3820 1987//3820
f 1982//3821 1990//3821 1996//3821
f 1998//3822 2021//3822 1948//3822
f 1950//3823 1953//3823 2035//3823
f 1948//3824 2021//3824 1947//3824
f 1952//3825 2019//3825 2018//3825
f 1947//3826 2021//3826 2020//3826
f 2018//3827 2035//3827 1952//3827
f 1952//3828 2035//3828 1953//3828
f 2028//3829 2029//3829 2040//3829
f 2040//3830 2029//3830 2033//3830
f 2017//3831 2023//3831 2030//3831
f 2024//3832 1943//3832 2069//3832
f 2019//3833 2024//3833 2018//3833
f 2069//3834 2055//3834 2024//3834
f 2018//3835 2024//3835 2025//3835
f 2018//3836 2025//3836 2012//3836
f 2012//3837 2025//3837 2014//3837
f 2006//3838 2036//3838 2007//3838
f 2036//3839 2006//3839 2005//3839
f 2036//3840 2033//3840 1948//3840
f 1948//3841 2033//3841 2029//3841
f 1999//3842 1998//3842 1948//3842
f 2029//3843 1999//3843 1948//3843
f 1999//3844 2029//3844 2056//3844
f 2056//3845 2029//3845 2028//3845
f 1998//3846 2030//3846 2021//3846
f 2021//3847 2030//3847 2023//3847
f 2020//3848 2022//3848 1954//3848
f 2022//3849 2020//3849 2021//3849
f 2022//3850 2021//3850 2023//3850
f 1944//3851 2022//3851 2070//3851
f 2070//3852 2022//3852 2047//3852
f 2070//3853 2047//3853 2054//3853
f 2022//3854 1944//3854 1954//3854
f 1954//3855 1944//3855 2019//3855
f 1944//3856 1943//3856 2019//3856
f 1943//3857 2024//3857 2019//3857
f 2003//3858 2002//3858 2051//3858
f 2055//3859 2000//3859 2003//3859
f 2051//3860 2002//3860 2050//3860
f 2049//3861 2009//3861 2016//3861
f 2002//3862 2049//3862 2050//3862
f 2013//3863 2015//3863 2016//3863
f 2013//3864 2016//3864 2009//3864
f 2015//3865 2013//3865 2012//3865
f 2015//3866 2012//3866 2014//3866
f 2051//3867 2055//3867 2003//3867
f 2055//3868 2051//3868 2052//3868
f 2031//3869 1950//3869 2035//3869
f 1950//3870 2034//3870 2037//3870
f 1950//3871 2031//3871 2034//3871
f 2035//3872 2011//3872 2031//3872
f 2031//3873 2011//3873 2010//3873
f 2009//3874 2027//3874 2026//3874
f 2009//3875 2026//3875 2010//3875
f 2010//3876 2026//3876 2031//3876
f 2049//3877 2039//3877 2009//3877
f 2009//3878 2039//3878 2027//3878
f 2004//3879 2038//3879 2039//3879
f 2004//3880 2039//3880 2049//3880
f 1950//3881 2037//3881 2007//3881
f 2007//3882 2037//3882 2008//3882
f 2008//3883 2037//3883 2038//3883
f 2008//3884 2038//3884 2004//3884
f 2036//3885 2005//3885 2033//3885
f 2004//3886 2042//3886 2041//3886
f 2004//3887 2041//3887 2005//3887
f 2005//3888 2041//3888 2033//3888
f 2056//3889 2028//3889 2043//3889
f 2056//3890 2043//3890 2049//3890
f 2049//3891 2043//3891 2004//3891
f 2004//3892 2043//3892 2042//3892
f 2056//3893 2032//3893 1997//3893
f 1997//3894 2030//3894 1998//3894
f 2030//3895 1997//3895 2017//3895
f 2017//3896 1997//3896 2032//3896
f 2002//3897 2046//3897 2048//3897
f 2002//3898 2048//3898 2049//3898
f 2049//3899 2048//3899 2056//3899
f 2056//3900 2048//3900 2032//3900
f 2000//3901 2055//3901 2054//3901
f 2055//3902 2069//3902 2070//3902
f 2055//3903 2070//3903 2054//3903
f 2000//3904 2054//3904 2001//3904
f 2001//3905 2054//3905 2044//3905
f 2001//3906 2044//3906 2045//3906
f 2001//3907 2045//3907 2046//3907
f 2001//3908 2046//3908 2002//3908
f 1950//3909 2007//3909 2036//3909
f 2035//3910 2012//3910 2011//3910
f 2012//3911 2035//3911 2018//3911
f 2025//3912 2053//3912 2014//3912
f 2025//3913 2024//3913 2053//3913
f 2015//3914 2014//3914 2053//3914
f 2015//3915 2053//3915 2024//3915
f 2024//3916 2055//3916 2052//3916
f 2024//3917 2052//3917 2015//3917
f 2015//3918 2052//3918 2051//3918
f 2015//3919 2051//3919 2016//3919
f 2016//3920 2051//3920 2050//3920
f 2050//3921 2049//3921 2016//3921
f 2026//3922 2034//3922 2031//3922
f 2026//3923 2037//3923 2034//3923
f 2037//3924 2027//3924 2038//3924
f 2038//3925 2027//3925 2039//3925
f 2037//3926 2026//3926 2027//3926
f 2042//3927 2028//3927 2041//3927
f 2042//3928 2043//3928 2028//3928
f 2028//3929 2033//3929 2041//3929
f 2028//3930 2040//3930 2033//3930
f 2045//3931 2032//3931 2046//3931
f 2046//3932 2032//3932 2048//3932
f 2032//3933 2045//3933 2017//3933
f 2017//3934 2045//3934 2022//3934
f 2022//3935 2045//3935 2044//3935
f 2054//3936 2047//3936 2044//3936
f 2044//3937 2047//3937 2022//3937
f 2023//3938 2017//3938 2022//3938
f 2057//3939 1999//3939 2060//3939
f 2060//3940 1999//3940 2056//3940
f 2060//3941 2056//3941 2058//3941
f 2058//3942 2056//3942 1997//3942
f 2058//3943 1997//3943 2059//3943
f 2059//3944 1997//3944 2057//3944
f 2057//3945 1997//3945 1998//3945
f 2057//3946 1998//3946 1999//3946
f 2059//3947 2062//3947 2058//3947
f 2057//3948 2062//3948 2059//3948
f 2057//3949 2061//3949 2062//3949
f 2060//3950 2061//3950 2057//3950
f 2061//3951 2060//3951 2058//3951
f 2058//3952 2062//3952 2061//3952
f 2004//3953 2007//3953 2008//3953
f 2063//3954 2004//3954 2005//3954
f 2063//3955 2005//3955 2006//3955
f 2063//3956 2006//3956 2007//3956
f 2007//3957 2004//3957 2063//3957
f 2009//3958 2010//3958 2066//3958
f 2066//3959 2010//3959 2011//3959
f 2011//3960 2012//3960 2013//3960
f 2011//3961 2013//3961 2065//3961
f 2065//3962 2013//3962 2009//3962
f 2011//3963 2067//3963 2066//3963
f 2011//3964 2065//3964 2067//3964
f 2065//3965 2064//3965 2066//3965
f 2009//3966 2064//3966 2065//3966
f 2066//3967 2064//3967 2009//3967
f 2067//3968 2065//3968 2066//3968
f 2068//3969 2002//3969 2003//3969
f 2000//3970 2001//3970 2068//3970
f 2068//3971 2001//3971 2002//3971
f 2068//3859 2003//3859 2000//3859
f 2070//3972 1943//3972 1944//3972
f 1943//3973 2070//3973 2069//3973
f 2072//3974 2073//3974 2071//3974
f 2072//3975 2074//3975 2073//3975
f 2072//3976 2076//3976 2075//3976
f 2072//3796 2071//3796 2076//3796
f 1984//3977 1993//3977 2075//3977
f 1996//3978 1987//3978 2076//3978
f 2076//3979 1982//3979 1996//3979
f 2071//3980 1994//3980 1981//3980
f 1978//3981 1994//3981 2073//3981
f 2073//3982 1994//3982 2071//3982
f 1983//3983 1995//3983 2074//3983
f 2074//3984 1995//3984 1988//3984
f 1993//3985 1991//3985 2075//3985
f 2075//3986 1991//3986 2072//3986
f 2074//3987 1988//3987 1977//3987
f 2074//3988 1977//3988 2073//3988
f 2073//3989 1977//3989 1978//3989
f 2072//3990 1991//3990 1979//3990
f 2072//3991 1979//3991 1983//3991
f 2072//3992 1983//3992 2074//3992
f 2076//3993 1987//3993 1985//3993
f 2076//3994 1985//3994 2075//3994
f 2075//3995 1985//3995 1984//3995
f 2071//3996 1981//3996 1980//3996
f 2071//3997 1980//3997 1982//3997
f 2071//3998 1982//3998 2076//3998
f 1975//3999 2077//3999 2078//3999
f 1975//4000 2078//4000 1976//4000
f 1976//4001 2078//4001 1971//4001
f 1971//4002 2078//4002 2079//4002
f 1971//4003 2079//4003 1973//4003
f 1973//4004 2079//4004 2080//4004
f 1973//4005 2080//4005 1972//4005
f 1972//4006 2080//4006 2081//4006
f 1972//4007 2081//4007 1974//4007
f 1974//4008 2081//4008 2077//4008
f 1974//4009 2077//4009 1975//4009
f 2079//2092 2078//2092 2077//2092
f 2081//2092 2080//2092 2079//2092
f 2077//2092 2081//2092 2079//2092
f 2082//4010 2083//4010 2086//4010
f 2086//4011 2084//4011 2082//4011
f 2086//4012 2083//4012 2085//4012
f 2084//4013 2086//4013 2085//4013
f 2106//4014 2094//4014 2091//4014
f 2091//4015 2094//4015 2116//4015
f 2115//4016 2093//4016 2096//4016
f 2094//4017 2095//4017 2116//4017
f 2115//4018 2096//4018 2097//4018
f 2097//4019 2114//4019 2115//4019
f 2115//4020 2114//4020 2117//4020
f 2117//4021 2114//4021 2118//4021
f 2104//4022 2105//4022 2107//4022
f 2106//4023 2090//4023 2109//4023
f 2143//4024 2140//4024 2141//4024
f 2093//4025 2100//4025 2096//4025
f 2084//4026 2150//4026 2100//4026
f 2096//4027 2100//4027 2101//4027
f 2097//4028 2096//4028 2101//4028
f 2097//4029 2101//4029 2145//4029
f 2145//4030 2101//4030 2087//4030
f 2145//4031 2118//4031 2114//4031
f 2140//4032 2112//4032 2118//4032
f 2140//4033 2118//4033 2141//4033
f 2112//4034 2140//4034 2113//4034
f 2091//4035 2107//4035 2105//4035
f 2140//4036 2110//4036 2113//4036
f 2113//4037 2107//4037 2091//4037
f 2113//4038 2110//4038 2107//4038
f 2131//4039 2130//4039 2091//4039
f 2105//4040 2131//4040 2091//4040
f 2131//4041 2105//4041 2132//4041
f 2132//4042 2105//4042 2104//4042
f 2094//4043 2106//4043 2099//4043
f 2095//4044 2098//4044 2092//4044
f 2098//4045 2095//4045 2094//4045
f 2098//4046 2094//4046 2099//4046
f 2083//4047 2098//4047 2125//4047
f 2083//4048 2125//4048 2085//4048
f 2098//4049 2083//4049 2092//4049
f 2092//4050 2083//4050 2082//4050
f 2092//4051 2082//4051 2084//4051
f 2092//4052 2084//4052 2093//4052
f 2084//4053 2100//4053 2093//4053
f 2150//4054 2084//4054 2085//4054
f 2138//4055 2137//4055 2148//4055
f 2148//4056 2137//4056 2136//4056
f 2148//4057 2136//4057 2149//4057
f 2147//4058 2121//4058 2146//4058
f 2147//4059 2146//4059 2088//4059
f 2121//4060 2147//4060 2136//4060
f 2136//4061 2147//4061 2149//4061
f 2146//4062 2087//4062 2089//4062
f 2146//4063 2089//4063 2088//4063
f 2087//4064 2146//4064 2145//4064
f 2148//4065 2151//4065 2138//4065
f 2118//4066 2111//4066 2141//4066
f 2108//4067 2118//4067 2145//4067
f 2141//4068 2111//4068 2119//4068
f 2108//4069 2111//4069 2118//4069
f 2103//4070 2144//4070 2146//4070
f 2108//4071 2145//4071 2144//4071
f 2144//4072 2103//4072 2102//4072
f 2144//4073 2102//4073 2108//4073
f 2146//4074 2121//4074 2103//4074
f 2139//4075 2120//4075 2121//4075
f 2119//4076 2142//4076 2141//4076
f 2142//4077 2119//4077 2139//4077
f 2139//4078 2119//4078 2120//4078
f 2139//4079 2122//4079 2123//4079
f 2139//4080 2123//4080 2140//4080
f 2140//4081 2123//4081 2110//4081
f 2132//4082 2104//4082 2124//4082
f 2132//4083 2124//4083 2121//4083
f 2121//4084 2124//4084 2139//4084
f 2139//4085 2124//4085 2122//4085
f 2091//4086 2130//4086 2106//4086
f 2106//4087 2130//4087 2133//4087
f 2132//4088 2109//4088 2090//4088
f 2132//4089 2090//4089 2133//4089
f 2133//4090 2090//4090 2106//4090
f 2136//4091 2128//4091 2129//4091
f 2136//4092 2129//4092 2121//4092
f 2121//4093 2129//4093 2132//4093
f 2132//4094 2129//4094 2109//4094
f 2138//4095 2151//4095 2134//4095
f 2134//4096 2151//4096 2150//4096
f 2134//4097 2150//4097 2085//4097
f 2134//4098 2085//4098 2125//4098
f 2134//4099 2125//4099 2126//4099
f 2134//4100 2126//4100 2135//4100
f 2135//4101 2126//4101 2127//4101
f 2128//4102 2136//4102 2135//4102
f 2135//4103 2127//4103 2128//4103
f 2145//4104 2114//4104 2097//4104
f 2089//4105 2147//4105 2088//4105
f 2156//4106 2155//4106 2152//4106
f 2156//4107 2152//4107 2154//4107
f 2153//4108 2154//4108 2152//4108
f 2154//4109 2153//4109 2156//4109
f 2155//4110 2156//4110 2153//4110
f 2153//4111 2152//4111 2144//4111
f 2152//4112 2146//4112 2144//4112
f 2144//4113 2145//4113 2153//4113
f 2153//4114 2145//4114 2155//4114
f 2155//4115 2145//4115 2146//4115
f 2155//4116 2146//4116 2152//4116
f 2143//4117 2142//4117 2157//4117
f 2143//4118 2141//4118 2142//4118
f 2142//4119 2139//4119 2140//4119
f 2142//4120 2140//4120 2157//4120
f 2157//4121 2140//4121 2143//4121
f 2160//4122 2159//4122 2158//4122
f 2158//4123 2159//4123 2161//4123
f 2162//4124 2160//4124 2161//4124
f 2160//4125 2158//4125 2161//4125
f 2160//4126 2131//4126 2159//4126
f 2159//4127 2131//4127 2132//4127
f 2159//4128 2132//4128 2133//4128
f 2159//4129 2133//4129 2161//4129
f 2161//4130 2133//4130 2162//4130
f 2162//4131 2133//4131 2130//4131
f 2162//4132 2130//4132 2160//4132
f 2160//4133 2130//4133 2131//4133
f 2163//4134 2164//4134 2165//4134
f 2166//4135 2167//4135 2168//4135
f 2166//2092 2173//2092 2167//2092
f 2171//2092 2170//2092 2177//2092
f 2177//4136 2170//4136 2178//4136
f 2168//4137 2174//4137 2169//4137
f 2166//4138 2172//4138 2173//4138
f 2163//2092 2165//2092 2173//2092
f 2163//4139 2173//4139 2172//4139
f 2165//4140 2164//4140 2176//4140
f 2177//4141 2178//4141 2179//4141
f 2167//4142 2174//4142 2168//4142
f 2169//3789 2179//3789 2175//3789
f 2175//4143 2179//4143 2178//4143
f 2169//4144 2175//4144 2168//4144
f 2170//2092 2171//2092 2176//2092
f 2170//4145 2176//4145 2164//4145
f 2184//2090 2196//2090 2193//2090
f 2185//4146 2182//4146 2186//4146
f 2182//4147 2183//4147 2187//4147
f 2188//4148 2189//4148 2219//4148
f 2192//4149 2191//4149 2193//4149
f 2194//4150 2197//4150 2189//4150
f 2185//4151 2186//4151 2220//4151
f 2195//4152 2181//4152 2180//4152
f 2181//4153 2191//4153 2192//4153
f 2196//4154 2197//4154 2194//4154
f 2190//4155 2198//4155 2092//4155
f 2092//4156 2198//4156 2186//4156
f 2199//4157 2196//4157 2184//4157
f 2182//4158 2185//4158 2221//4158
f 2182//4159 2221//4159 2183//4159
f 2183//4160 2200//4160 2187//4160
f 2193//4161 2191//4161 2201//4161
f 2189//4162 2197//4162 2219//4162
f 2191//4163 2181//4163 2195//4163
f 2193//4164 2201//4164 2184//4164
f 2198//4165 2190//4165 2202//4165
f 2202//4166 2190//4166 2188//4166
f 2188//4167 2190//4167 2189//4167
f 2186//4168 2198//4168 2220//4168
f 2197//4169 2196//4169 2199//4169
f 2180//3540 2181//3540 2187//3540
f 2180//4170 2187//4170 2200//4170
f 2116//4171 2095//4171 2186//4171
f 2186//4172 2095//4172 2092//4172
f 2116//4173 2186//4173 2091//4173
f 2179//4174 2113//4174 2091//4174
f 2112//4175 2113//4175 2169//4175
f 2169//4176 2113//4176 2179//4176
f 2118//4177 2112//4177 2169//4177
f 2117//4178 2118//4178 2169//4178
f 2190//4179 2115//4179 2117//4179
f 2093//4180 2115//4180 2190//4180
f 2092//4181 2093//4181 2190//4181
f 2171//4182 2187//4182 2176//4182
f 2176//4183 2187//4183 2181//4183
f 2176//4184 2181//4184 2165//4184
f 2165//4185 2181//4185 2192//4185
f 2165//4186 2192//4186 2193//4186
f 2165//4187 2193//4187 2173//4187
f 2173//4188 2193//4188 2196//4188
f 2173//4189 2196//4189 2167//4189
f 2167//4190 2196//4190 2194//4190
f 2167//4191 2194//4191 2189//4191
f 2117//4192 2169//4192 2190//4192
f 2190//4193 2169//4193 2174//4193
f 2190//4194 2174//4194 2189//4194
f 2189//4195 2174//4195 2167//4195
f 2091//4196 2186//4196 2179//4196
f 2179//4197 2186//4197 2177//4197
f 2177//4198 2186//4198 2182//4198
f 2177//4199 2182//4199 2171//4199
f 2187//4200 2171//4200 2182//4200
f 2203//3728 2205//3728 2204//3728
f 2203//3790 2206//3790 2205//3790
f 2203//2092 2207//2092 2206//2092
f 2172//4201 2207//4201 2163//4201
f 2163//4202 2207//4202 2164//4202
f 2164//4203 2207//4203 2203//4203
f 2172//4204 2166//4204 2207//4204
f 2207//4205 2166//4205 2206//4205
f 2206//4206 2166//4206 2168//4206
f 2206//4207 2168//4207 2205//4207
f 2178//4208 2204//4208 2175//4208
f 2175//4209 2204//4209 2205//4209
f 2175//4210 2205//4210 2168//4210
f 2164//4211 2203//4211 2170//4211
f 2170//4212 2203//4212 2204//4212
f 2170//4213 2204//4213 2178//4213
f 2089//4214 2087//4214 2100//4214
f 2101//4215 2100//4215 2087//4215
f 2100//4216 2150//4216 2151//4216
f 2100//4217 2151//4217 2089//4217
f 2089//4218 2151//4218 2148//4218
f 2149//4219 2147//4219 2148//4219
f 2148//4220 2147//4220 2089//4220
f 2102//4221 2111//4221 2108//4221
f 2119//4222 2103//4222 2120//4222
f 2120//4223 2103//4223 2121//4223
f 2119//4224 2102//4224 2103//4224
f 2111//4225 2102//4225 2119//4225
f 2122//3927 2104//3927 2123//3927
f 2122//3928 2124//3928 2104//3928
f 2104//3929 2110//3929 2123//3929
f 2104//4226 2107//4226 2110//4226
f 2128//4227 2109//4227 2129//4227
f 2109//4228 2128//4228 2127//4228
f 2109//4229 2127//4229 2106//4229
f 2106//4230 2127//4230 2098//4230
f 2098//4231 2127//4231 2126//4231
f 2098//4232 2126//4232 2125//4232
f 2099//4233 2106//4233 2098//4233
f 2136//4234 2137//4234 2208//4234
f 2137//4235 2138//4235 2208//4235
f 2208//4236 2138//4236 2134//4236
f 2208//4237 2134//4237 2136//4237
f 2136//4238 2134//4238 2135//4238
f 2211//4239 2209//4239 2210//4239
f 2210//4240 2213//4240 2212//4240
f 2210//3974 2214//3974 2213//3974
f 2210//4241 2209//4241 2214//4241
f 2218//4242 2191//4242 2195//4242
f 2201//4243 2191//4243 2218//4243
f 2219//4244 2197//4244 2215//4244
f 2215//4245 2197//4245 2199//4245
f 2216//4246 2198//4246 2202//4246
f 2220//4247 2198//4247 2216//4247
f 2217//4248 2183//4248 2221//4248
f 2200//4249 2183//4249 2217//4249
f 2209//4250 2217//4250 2221//4250
f 2209//4251 2200//4251 2217//4251
f 2211//4252 2218//4252 2195//4252
f 2211//4253 2201//4253 2218//4253
f 2215//4254 2199//4254 2210//4254
f 2212//4255 2219//4255 2215//4255
f 2212//4256 2215//4256 2210//4256
f 2213//4257 2216//4257 2202//4257
f 2220//4258 2216//4258 2214//4258
f 2214//4259 2216//4259 2213//4259
f 2211//4260 2195//4260 2180//4260
f 2211//4261 2180//4261 2209//4261
f 2209//4262 2180//4262 2200//4262
f 2210//4263 2199//4263 2184//4263
f 2210//4264 2184//4264 2211//4264
f 2211//4265 2184//4265 2201//4265
f 2213//4266 2202//4266 2188//4266
f 2213//4267 2188//4267 2212//4267
f 2212//4268 2188//4268 2219//4268
f 2209//4269 2221//4269 2185//4269
f 2209//4270 2185//4270 2214//4270
f 2214//4271 2185//4271 2220//4271
f 2222//4272 2233//4272 2223//4272
f 2222//4273 2223//4273 2225//4273
f 2225//4274 2223//4274 2224//4274
f 2267//4275 2231//4275 2257//4275
f 2257//4276 2231//4276 2232//4276
f 2234//4277 2236//4277 2251//4277
f 2243//4278 2246//4278 2269//4278
f 2250//4279 2232//4279 2231//4279
f 2235//4280 2250//4280 2231//4280
f 2251//4281 2236//4281 2252//4281
f 2252//4282 2236//4282 2256//4282
f 2257//4283 2255//4283 2254//4283
f 2255//4284 2257//4284 2232//4284
f 2252//4285 2256//4285 2253//4285
f 2269//4286 2246//4286 2262//4286
f 2238//4287 2239//4287 2236//4287
f 2234//4288 2238//4288 2236//4288
f 2225//4289 2283//4289 2238//4289
f 2236//4290 2239//4290 2244//4290
f 2256//4291 2280//4291 2279//4291
f 2279//4292 2253//4292 2256//4292
f 2254//4293 2276//4293 2257//4293
f 2276//4294 2247//4294 2257//4294
f 2257//4295 2247//4295 2242//4295
f 2257//4296 2268//4296 2267//4296
f 2257//4297 2242//4297 2268//4297
f 2243//4298 2269//4298 2268//4298
f 2243//4299 2268//4299 2242//4299
f 2267//4300 2229//4300 2231//4300
f 2231//4301 2229//4301 2237//4301
f 2235//4302 2245//4302 2233//4302
f 2245//4303 2235//4303 2237//4303
f 2237//4304 2235//4304 2231//4304
f 2223//4305 2233//4305 2245//4305
f 2223//4306 2245//4306 2224//4306
f 2224//4307 2245//4307 2263//4307
f 2233//4308 2222//4308 2234//4308
f 2225//4309 2238//4309 2234//4309
f 2225//4310 2234//4310 2222//4310
f 2283//4311 2270//4311 2274//4311
f 2284//4312 2274//4312 2273//4312
f 2285//4313 2262//4313 2282//4313
f 2285//4314 2282//4314 2227//4314
f 2262//4315 2285//4315 2273//4315
f 2273//4316 2285//4316 2284//4316
f 2281//4317 2226//4317 2282//4317
f 2282//4318 2226//4318 2227//4318
f 2226//4319 2281//4319 2244//4319
f 2284//4320 2283//4320 2274//4320
f 2284//4321 2286//4321 2283//4321
f 2253//4322 2249//4322 2277//4322
f 2240//4323 2253//4323 2279//4323
f 2249//4324 2258//4324 2277//4324
f 2240//4325 2249//4325 2253//4325
f 2282//4326 2248//4326 2241//4326
f 2282//4327 2241//4327 2279//4327
f 2279//4328 2241//4328 2240//4328
f 2262//4329 2259//4329 2282//4329
f 2282//4330 2259//4330 2248//4330
f 2278//4331 2258//4331 2259//4331
f 2278//4332 2259//4332 2262//4332
f 2258//4333 2278//4333 2277//4333
f 2276//4334 2275//4334 2247//4334
f 2278//4335 2261//4335 2275//4335
f 2275//4336 2261//4336 2260//4336
f 2275//4337 2260//4337 2247//4337
f 2278//4338 2262//4338 2261//4338
f 2269//4339 2230//4339 2228//4339
f 2229//4340 2267//4340 2269//4340
f 2229//4341 2269//4341 2228//4341
f 2273//4342 2265//4342 2266//4342
f 2273//4343 2266//4343 2262//4343
f 2262//4344 2266//4344 2269//4344
f 2269//4345 2266//4345 2230//4345
f 2270//4346 2283//4346 2263//4346
f 2283//4347 2225//4347 2224//4347
f 2283//4348 2224//4348 2263//4348
f 2270//4349 2263//4349 2271//4349
f 2271//4350 2263//4350 2264//4350
f 2271//4351 2264//4351 2272//4351
f 2272//4352 2264//4352 2273//4352
f 2273//4353 2264//4353 2265//4353
f 2253//4354 2277//4354 2254//4354
f 2254//4355 2277//4355 2276//4355
f 2244//4356 2280//4356 2256//4356
f 2244//4357 2281//4357 2280//4357
f 2244//4358 2256//4358 2236//4358
f 2289//4359 2291//4359 2290//4359
f 2288//4360 2291//4360 2289//4360
f 2287//4361 2290//4361 2291//4361
f 2292//4362 2289//4362 2290//4362
f 2288//4363 2289//4363 2292//4363
f 2293//4364 2292//4364 2287//4364
f 2287//4365 2291//4365 2288//4365
f 2287//4366 2292//4366 2290//4366
f 2292//4367 2279//4367 2288//4367
f 2288//4368 2279//4368 2280//4368
f 2288//4369 2280//4369 2287//4369
f 2287//4370 2280//4370 2281//4370
f 2287//4371 2281//4371 2293//4371
f 2293//4372 2281//4372 2282//4372
f 2293//4373 2282//4373 2292//4373
f 2292//4374 2282//4374 2279//4374
f 2278//4375 2275//4375 2294//4375
f 2275//4376 2276//4376 2294//4376
f 2294//4377 2276//4377 2277//4377
f 2294//4378 2277//4378 2278//4378
f 2300//4379 2299//4379 2296//4379
f 2296//4380 2295//4380 2300//4380
f 2298//4381 2300//4381 2297//4381
f 2299//4382 2300//4382 2298//4382
f 2297//4383 2295//4383 2296//4383
f 2300//4384 2295//4384 2297//4384
f 2297//4385 2269//4385 2267//4385
f 2297//4386 2267//4386 2298//4386
f 2298//4387 2267//4387 2268//4387
f 2298//4388 2268//4388 2299//4388
f 2299//4389 2268//4389 2269//4389
f 2299//4390 2269//4390 2296//4390
f 2296//4391 2269//4391 2297//4391
f 2301//2092 2304//2092 2302//2092
f 2301//2092 2302//2092 2303//2092
f 2301//2092 2303//2092 2310//2092
f 2306//2092 2304//2092 2301//2092
f 2305//2092 2308//2092 2306//2092
f 2306//4392 2313//4392 2304//4392
f 2308//4393 2307//4393 2306//4393
f 2310//2092 2312//2092 2309//2092
f 2309//2092 2312//2092 2311//2092
f 2310//2092 2303//2092 2312//2092
f 2306//4394 2307//4394 2313//4394
f 2309//2092 2311//2092 2314//2092
f 2309//2092 2314//2092 2305//2092
f 2305//2092 2314//2092 2308//2092
f 2316//4395 2315//4395 2319//4395
f 2322//4396 2333//4396 2334//4396
f 2319//4397 2315//4397 2323//4397
f 2318//2090 2317//2090 2325//2090
f 2322//4398 2334//4398 2326//4398
f 2319//4399 2327//4399 2324//4399
f 2320//4400 2321//4400 2330//4400
f 2320//4401 2330//4401 2328//4401
f 2323//4402 2327//4402 2319//4402
f 2333//4403 2336//4403 2330//4403
f 2315//4404 2316//4404 2331//4404
f 2321//4405 2329//4405 2233//4405
f 2233//4406 2329//4406 2316//4406
f 2330//4407 2336//4407 2328//4407
f 2335//4408 2329//4408 2321//4408
f 2325//4409 2332//4409 2334//4409
f 2324//4410 2327//4410 2348//4410
f 2337//4411 2332//4411 2325//4411
f 2317//4412 2318//4412 2324//4412
f 2317//4413 2324//4413 2348//4413
f 2322//4414 2336//4414 2333//4414
f 2334//4415 2332//4415 2326//4415
f 2321//4416 2320//4416 2335//4416
f 2316//4417 2329//4417 2331//4417
f 2325//4418 2317//4418 2337//4418
f 2316//4419 2250//4419 2235//4419
f 2232//4420 2250//4420 2316//4420
f 2313//4421 2255//4421 2232//4421
f 2313//4422 2254//4422 2255//4422
f 2307//4423 2253//4423 2313//4423
f 2313//4424 2253//4424 2254//4424
f 2307//4425 2252//4425 2253//4425
f 2321//4426 2251//4426 2252//4426
f 2321//4427 2234//4427 2251//4427
f 2233//4428 2234//4428 2321//4428
f 2316//4429 2235//4429 2233//4429
f 2319//4430 2324//4430 2302//4430
f 2232//4431 2316//4431 2313//4431
f 2313//4432 2316//4432 2304//4432
f 2304//4433 2316//4433 2319//4433
f 2304//4434 2319//4434 2302//4434
f 2252//4435 2307//4435 2321//4435
f 2321//4436 2307//4436 2308//4436
f 2321//4437 2308//4437 2330//4437
f 2330//4438 2308//4438 2314//4438
f 2333//4439 2330//4439 2314//4439
f 2333//4440 2314//4440 2311//4440
f 2333//4441 2311//4441 2334//4441
f 2334//4442 2311//4442 2312//4442
f 2334//4443 2312//4443 2325//4443
f 2325//4444 2312//4444 2303//4444
f 2325//4445 2303//4445 2318//4445
f 2318//4446 2303//4446 2324//4446
f 2324//4447 2303//4447 2302//4447
f 2338//4395 2340//4395 2339//4395
f 2341//4448 2340//4448 2338//4448
f 2338//3974 2343//3974 2342//3974
f 2339//3551 2343//3551 2338//3551
f 2347//4449 2329//4449 2335//4449
f 2331//4450 2329//4450 2347//4450
f 2345//4451 2327//4451 2323//4451
f 2348//4452 2327//4452 2345//4452
f 2346//4453 2332//4453 2337//4453
f 2326//4454 2332//4454 2346//4454
f 2341//4455 2347//4455 2340//4455
f 2331//4456 2347//4456 2341//4456
f 2338//4457 2345//4457 2323//4457
f 2338//4458 2348//4458 2345//4458
f 2342//4459 2346//4459 2337//4459
f 2343//4460 2344//4460 2322//4460
f 2339//4461 2344//4461 2343//4461
f 2328//4462 2344//4462 2339//4462
f 2331//4463 2341//4463 2315//4463
f 2315//4464 2341//4464 2338//4464
f 2315//4465 2338//4465 2323//4465
f 2340//4466 2347//4466 2335//4466
f 2340//4467 2335//4467 2320//4467
f 2340//4468 2320//4468 2339//4468
f 2339//4469 2320//4469 2328//4469
f 2346//4470 2342//4470 2343//4470
f 2346//4471 2343//4471 2326//4471
f 2326//4472 2343//4472 2322//4472
f 2348//4473 2338//4473 2317//4473
f 2317//4474 2338//4474 2342//4474
f 2317//4475 2342//4475 2337//4475
f 2344//4476 2328//4476 2336//4476
f 2336//4477 2322//4477 2344//4477
f 2238//4478 2226//4478 2239//4478
f 2239//4479 2226//4479 2244//4479
f 2286//4480 2238//4480 2283//4480
f 2238//4481 2286//4481 2226//4481
f 2284//4482 2226//4482 2286//4482
f 2284//4483 2227//4483 2226//4483
f 2285//4484 2227//4484 2284//4484
f 2241//4485 2249//4485 2240//4485
f 2241//4486 2258//4486 2249//4486
f 2259//4487 2258//4487 2248//4487
f 2258//4488 2241//4488 2248//4488
f 2242//4489 2247//4489 2243//4489
f 2260//4490 2243//4490 2247//4490
f 2243//4491 2260//4491 2246//4491
f 2262//4492 2246//4492 2261//4492
f 2261//4493 2246//4493 2260//4493
f 2229//4494 2245//4494 2237//4494
f 2245//4495 2229//4495 2228//4495
f 2266//4496 2265//4496 2264//4496
f 2266//4497 2264//4497 2230//4497
f 2230//4498 2264//4498 2228//4498
f 2228//4499 2264//4499 2245//4499
f 2245//4500 2264//4500 2263//4500
f 2274//4501 2271//4501 2272//4501
f 2272//4502 2273//4502 2274//4502
f 2274//4503 2270//4503 2271//4503
f 2350//2092 2351//2092 2349//2092
f 2350//2092 2353//2092 2352//2092
f 2354//2092 2353//2092 2350//2092
f 2349//2092 2354//2092 2350//2092
f 2349//4504 2305//4504 2354//4504
f 2354//4505 2305//4505 2306//4505
f 2354//4506 2306//4506 2353//4506
f 2353//4507 2306//4507 2301//4507
f 2353//4508 2301//4508 2352//4508
f 2352//4509 2301//4509 2310//4509
f 2352//4510 2310//4510 2350//4510
f 2350//4511 2310//4511 2309//4511
f 2350//4512 2309//4512 2351//4512
f 2351//4513 2309//4513 2349//4513
f 2349//4514 2309//4514 2305//4514
f 2357//4515 2358//4515 2355//4515
f 2355//4516 2358//4516 2356//4516
f 2358//4517 2357//4517 2356//4517
f 2356//4518 2357//4518 2355//4518
f 2359//4519 2362//4519 2363//4519
f 2363//4520 2361//4520 2359//4520
f 2361//4521 2363//4521 2360//4521
f 2360//4522 2363//4522 2362//4522
f 2407//4523 2369//4523 2367//4523
f 2393//4524 2361//4524 2392//4524
f 2378//4525 2379//4525 2405//4525
f 2367//4526 2369//4526 2391//4526
f 2390//4527 2368//4527 2370//4527
f 2392//4528 2361//4528 2368//4528
f 2391//4529 2369//4529 2393//4529
f 2370//4530 2389//4530 2390//4530
f 2390//4531 2389//4531 2388//4531
f 2361//4532 2360//4532 2362//4532
f 2405//4533 2379//4533 2399//4533
f 2368//4534 2373//4534 2370//4534
f 2370//4535 2373//4535 2374//4535
f 2370//4536 2374//4536 2364//4536
f 2389//4537 2422//4537 2388//4537
f 2417//4538 2386//4538 2388//4538
f 2386//4539 2418//4539 2387//4539
f 2387//4540 2381//4540 2367//4540
f 2387//4541 2383//4541 2381//4541
f 2381//4542 2405//4542 2367//4542
f 2367//4543 2405//4543 2408//4543
f 2378//4544 2405//4544 2381//4544
f 2367//4545 2408//4545 2407//4545
f 2366//4546 2380//4546 2407//4546
f 2407//4547 2380//4547 2369//4547
f 2369//4548 2380//4548 2372//4548
f 2393//4549 2371//4549 2361//4549
f 2371//4550 2393//4550 2369//4550
f 2371//4551 2369//4551 2372//4551
f 2371//4552 2359//4552 2361//4552
f 2359//4553 2371//4553 2402//4553
f 2359//4554 2402//4554 2400//4554
f 2368//4555 2361//4555 2362//4555
f 2362//4556 2373//4556 2368//4556
f 2373//4557 2362//4557 2427//4557
f 2413//4558 2411//4558 2426//4558
f 2425//4559 2411//4559 2423//4559
f 2410//4560 2423//4560 2411//4560
f 2424//4561 2396//4561 2420//4561
f 2424//4562 2420//4562 2385//4562
f 2396//4563 2424//4563 2410//4563
f 2410//4564 2424//4564 2423//4564
f 2419//4565 2365//4565 2420//4565
f 2420//4566 2365//4566 2385//4566
f 2365//4567 2419//4567 2364//4567
f 2411//4568 2425//4568 2426//4568
f 2388//4569 2384//4569 2417//4569
f 2417//4570 2384//4570 2394//4570
f 2376//4571 2384//4571 2388//4571
f 2388//4572 2422//4572 2421//4572
f 2388//4573 2421//4573 2376//4573
f 2420//4574 2377//4574 2375//4574
f 2420//4575 2375//4575 2421//4575
f 2421//4576 2375//4576 2376//4576
f 2420//4577 2396//4577 2377//4577
f 2414//4578 2395//4578 2396//4578
f 2417//4579 2394//4579 2414//4579
f 2414//4580 2394//4580 2395//4580
f 2418//4581 2415//4581 2387//4581
f 2387//4582 2415//4582 2383//4582
f 2414//4583 2398//4583 2415//4583
f 2415//4584 2398//4584 2397//4584
f 2415//4585 2397//4585 2383//4585
f 2405//4586 2399//4586 2396//4586
f 2396//4587 2399//4587 2414//4587
f 2414//4588 2399//4588 2398//4588
f 2405//4589 2382//4589 2406//4589
f 2407//4590 2406//4590 2366//4590
f 2366//4591 2406//4591 2382//4591
f 2410//4592 2403//4592 2404//4592
f 2410//4593 2404//4593 2396//4593
f 2396//4594 2404//4594 2405//4594
f 2405//4595 2404//4595 2382//4595
f 2413//4596 2426//4596 2427//4596
f 2413//4597 2427//4597 2412//4597
f 2412//4598 2427//4598 2400//4598
f 2427//4599 2362//4599 2359//4599
f 2427//4600 2359//4600 2400//4600
f 2403//4601 2410//4601 2409//4601
f 2403//4602 2409//4602 2401//4602
f 2401//4603 2409//4603 2402//4603
f 2402//4604 2409//4604 2400//4604
f 2400//4605 2409//4605 2412//4605
f 2417//4606 2416//4606 2386//4606
f 2386//4607 2416//4607 2418//4607
f 2419//4608 2422//4608 2364//4608
f 2364//4609 2422//4609 2389//4609
f 2364//4610 2389//4610 2370//4610
f 2431//4611 2429//4611 2428//4611
f 2431//4612 2428//4612 2430//4612
f 2430//4613 2421//4613 2431//4613
f 2430//4614 2428//4614 2421//4614
f 2431//4615 2421//4615 2422//4615
f 2431//4616 2422//4616 2429//4616
f 2429//4617 2422//4617 2419//4617
f 2429//4618 2419//4618 2420//4618
f 2429//4619 2420//4619 2428//4619
f 2428//4620 2420//4620 2421//4620
f 2416//4621 2414//4621 2415//4621
f 2415//4622 2418//4622 2416//4622
f 2414//4623 2416//4623 2417//4623
f 2435//4624 2433//4624 2432//4624
f 2432//4625 2433//4625 2436//4625
f 2434//4626 2436//4626 2433//4626
f 2434//4627 2435//4627 2436//4627
f 2435//4628 2432//4628 2436//4628
f 2433//4629 2406//4629 2434//4629
f 2434//4630 2406//4630 2407//4630
f 2434//4631 2407//4631 2435//4631
f 2435//4632 2407//4632 2408//4632
f 2435//4633 2408//4633 2405//4633
f 2435//4634 2405//4634 2433//4634
f 2433//4635 2405//4635 2406//4635
f 2437//4636 2442//4636 2438//4636
f 2439//4637 2446//4637 2440//4637
f 2443//4638 2438//4638 2444//4638
f 2449//4639 2448//4639 2455//4639
f 2451//4640 2450//4640 2459//4640
f 2459//4641 2450//4641 2467//4641
f 2454//653 2453//653 2456//653
f 2457//4642 2448//4642 2449//4642
f 2481//4643 2460//4643 2461//4643
f 2452//4644 2469//4644 2454//4644
f 2456//4645 2464//4645 2457//4645
f 2461//4646 2460//4646 2452//4646
f 2392//4647 2466//4647 2461//4647
f 2452//4648 2460//4648 2462//4648
f 2457//4649 2464//4649 2448//4649
f 2458//4650 2468//4650 2451//4650
f 2459//4651 2466//4651 2392//4651
f 2469//4652 2463//4652 2454//4652
f 2465//4653 2464//4653 2456//4653
f 2461//4654 2466//4654 2481//4654
f 2456//4655 2453//4655 2465//4655
f 2455//4656 2468//4656 2458//4656
f 2451//4657 2468//4657 2450//4657
f 2462//4658 2469//4658 2452//4658
f 2453//4659 2454//4659 2463//4659
f 2449//4660 2455//4660 2458//4660
f 2459//4661 2467//4661 2466//4661
f 2446//4662 2387//4662 2367//4662
f 2391//4663 2393//4663 2461//4663
f 2393//4664 2392//4664 2461//4664
f 2446//4665 2386//4665 2387//4665
f 2439//4666 2386//4666 2446//4666
f 2388//4667 2386//4667 2439//4667
f 2459//4668 2390//4668 2388//4668
f 2368//4669 2390//4669 2459//4669
f 2392//4670 2368//4670 2459//4670
f 2452//4671 2454//4671 2447//4671
f 2447//4672 2454//4672 2444//4672
f 2444//4673 2454//4673 2443//4673
f 2443//4674 2454//4674 2456//4674
f 2443//4675 2456//4675 2438//4675
f 2438//4676 2456//4676 2457//4676
f 2438//4677 2457//4677 2437//4677
f 2437//4678 2457//4678 2449//4678
f 2437//4679 2449//4679 2442//4679
f 2442//4680 2449//4680 2458//4680
f 2442//4681 2458//4681 2441//4681
f 2441//4682 2458//4682 2451//4682
f 2388//4683 2439//4683 2459//4683
f 2459//4684 2439//4684 2440//4684
f 2459//4685 2440//4685 2451//4685
f 2451//4686 2440//4686 2441//4686
f 2452//4687 2447//4687 2445//4687
f 2452//4688 2445//4688 2461//4688
f 2461//4689 2445//4689 2446//4689
f 2461//4690 2446//4690 2367//4690
f 2461//4691 2367//4691 2391//4691
f 2365//4692 2364//4692 2373//4692
f 2374//4693 2373//4693 2364//4693
f 2373//4694 2427//4694 2426//4694
f 2373//4695 2426//4695 2425//4695
f 2373//4696 2425//4696 2365//4696
f 2365//4697 2425//4697 2423//4697
f 2423//4698 2385//4698 2365//4698
f 2423//4699 2424//4699 2385//4699
f 2375//4700 2384//4700 2376//4700
f 2375//4701 2394//4701 2384//4701
f 2394//4702 2377//4702 2395//4702
f 2395//4703 2377//4703 2396//4703
f 2394//4704 2375//4704 2377//4704
f 2397//4705 2379//4705 2378//4705
f 2398//4706 2399//4706 2397//4706
f 2397//4707 2399//4707 2379//4707
f 2378//4708 2383//4708 2397//4708
f 2378//4709 2381//4709 2383//4709
f 2403//4710 2382//4710 2404//4710
f 2382//4711 2403//4711 2366//4711
f 2366//4712 2403//4712 2401//4712
f 2366//4713 2401//4713 2371//4713
f 2371//4714 2401//4714 2402//4714
f 2372//4715 2380//4715 2371//4715
f 2371//4716 2380//4716 2366//4716
f 2410//4717 2413//4717 2412//4717
f 2410//4718 2411//4718 2413//4718
f 2412//4719 2409//4719 2410//4719
f 2476//4720 2470//4720 2471//4720
f 2471//4721 2470//4721 2472//4721
f 2472//4722 2470//4722 2473//4722
f 2473//4723 2470//4723 2474//4723
f 2474//4724 2470//4724 2475//4724
f 2475//4725 2470//4725 2476//4725
f 2480//4726 2464//4726 2465//4726
f 2448//4727 2464//4727 2480//4727
f 2450//4728 2468//4728 2477//4728
f 2477//4729 2468//4729 2455//4729
f 2478//4730 2466//4730 2467//4730
f 2481//4731 2466//4731 2478//4731
f 2479//4732 2469//4732 2462//4732
f 2463//4733 2469//4733 2479//4733
f 2479//4734 2462//4734 2476//4734
f 2476//4735 2463//4735 2479//4735
f 2471//4736 2480//4736 2465//4736
f 2471//4737 2448//4737 2480//4737
f 2473//4738 2477//4738 2455//4738
f 2473//4739 2450//4739 2477//4739
f 2475//4740 2478//4740 2467//4740
f 2467//4741 2474//4741 2475//4741
f 2481//4742 2478//4742 2475//4742
f 2471//4743 2465//4743 2453//4743
f 2471//4744 2453//4744 2476//4744
f 2476//4745 2453//4745 2463//4745
f 2473//4746 2455//4746 2472//4746
f 2472//4747 2455//4747 2448//4747
f 2472//4748 2448//4748 2471//4748
f 2474//4749 2467//4749 2450//4749
f 2474//4750 2450//4750 2473//4750
f 2476//4751 2462//4751 2460//4751
f 2476//4752 2460//4752 2475//4752
f 2475//4753 2460//4753 2481//4753
f 2442//4754 2485//4754 2482//4754
f 2482//4755 2438//4755 2442//4755
f 2483//4756 2440//4756 2486//4756
f 2486//4757 2440//4757 2446//4757
f 2486//4758 2446//4758 2445//4758
f 2441//4759 2485//4759 2442//4759
f 2488//4760 2444//4760 2482//4760
f 2482//4761 2444//4761 2438//4761
f 2487//4762 2447//4762 2444//4762
f 2489//4763 2447//4763 2487//4763
f 2447//4764 2489//4764 2445//4764
f 2440//4765 2483//4765 2441//4765
f 2486//4766 2445//4766 2489//4766
f 2441//4767 2483//4767 2484//4767
f 2441//4768 2484//4768 2485//4768
f 2487//4769 2444//4769 2488//4769
f 2491//4770 2492//4770 2490//4770
f 2491//4771 2493//4771 2492//4771
f 2491//4772 2494//4772 2493//4772
f 2491//1428 2495//1428 2494//1428
f 2485//4773 2495//4773 2491//4773
f 2485//4774 2491//4774 2482//4774
f 2482//4775 2491//4775 2490//4775
f 2482//4776 2490//4776 2488//4776
f 2493//4777 2494//4777 2483//4777
f 2483//4778 2494//4778 2484//4778
f 2484//4779 2494//4779 2495//4779
f 2484//4780 2495//4780 2485//4780
f 2489//4781 2492//4781 2486//4781
f 2486//4782 2492//4782 2493//4782
f 2486//4783 2493//4783 2483//4783
f 2488//4784 2490//4784 2487//4784
f 2487//4785 2490//4785 2492//4785
f 2487//4786 2492//4786 2489//4786
f 2498//4787 2496//4787 2501//4787
f 2498//4788 2501//4788 2502//4788
f 2502//4789 2501//4789 2503//4789
f 2502//4790 2503//4790 2504//4790
f 2504//4791 2503//4791 2505//4791
f 2504//4792 2505//4792 2506//4792
f 2504//4793 2506//4793 2507//4793
f 2507//4794 2506//4794 2508//4794
f 2507//4795 2508//4795 2509//4795
f 2509//4796 2508//4796 2510//4796
f 2509//4797 2510//4797 2511//4797
f 2511//4798 2510//4798 2512//4798
f 2511//4799 2512//4799 2513//4799
f 2513//4800 2512//4800 2514//4800
f 2513//4801 2514//4801 2499//4801
f 2513//4802 2499//4802 2497//4802
f 2515//4803 2516//4803 2507//4803
f 2507//653 2516//653 2504//653
f 2504//4804 2516//4804 2521//4804
f 2504//655 2518//655 2502//655
f 2509//4805 2519//4805 2507//4805
f 2498//4806 2520//4806 2497//4806
f 2518//4807 2517//4807 2502//4807
f 2497//4808 2520//4808 2523//4808
f 2513//4809 2524//4809 2511//4809
f 2502//4810 2517//4810 2498//4810
f 2498//4811 2517//4811 2522//4811
f 2519//4812 2515//4812 2507//4812
f 2504//4813 2521//4813 2518//4813
f 2509//4814 2525//4814 2519//4814
f 2498//4815 2522//4815 2520//4815
f 2524//4816 2527//4816 2511//4816
f 2525//653 2509//653 2511//653
f 2525//4817 2511//4817 2527//4817
f 2513//4818 2526//4818 2524//4818
f 2526//4819 2513//4819 2497//4819
f 2526//4820 2497//4820 2523//4820
f 2499//4821 2514//4821 2500//4821
f 2500//4822 2514//4822 2496//4822
f 2501//4823 2496//4823 2503//4823
f 2508//4824 2506//4824 2510//4824
f 2529//4825 2528//4825 2530//4825
f 2530//4826 2528//4826 2531//4826
f 2531//4827 2528//4827 2532//4827
f 2532//4828 2528//4828 2533//4828
f 2533//4829 2528//4829 2534//4829
f 2534//4830 2528//4830 2529//4830
f 2536//4831 2520//4831 2522//4831
f 2536//4832 2523//4832 2520//4832
f 2535//4833 2524//4833 2537//4833
f 2537//4834 2524//4834 2526//4834
f 2538//4835 2527//4835 2524//4835
f 2538//4836 2524//4836 2535//4836
f 2540//4837 2519//4837 2539//4837
f 2539//4838 2519//4838 2525//4838
f 2540//4839 2515//4839 2519//4839
f 2536//4840 2522//4840 2530//4840
f 2536//4841 2530//4841 2523//4841
f 2538//4842 2535//4842 2531//4842
f 2535//4843 2537//4843 2531//4843
f 2532//4844 2538//4844 2531//4844
f 2540//4845 2539//4845 2533//4845
f 2533//4846 2515//4846 2540//4846
f 2534//4847 2542//4847 2541//4847
f 2534//4848 2541//4848 2521//4848
f 2529//4849 2517//4849 2542//4849
f 2529//4850 2542//4850 2534//4850
f 2530//4851 2522//4851 2517//4851
f 2530//4852 2517//4852 2529//4852
f 2537//4853 2526//4853 2531//4853
f 2531//4854 2526//4854 2530//4854
f 2530//4855 2526//4855 2523//4855
f 2539//4856 2525//4856 2533//4856
f 2533//4857 2525//4857 2532//4857
f 2532//4858 2525//4858 2527//4858
f 2532//4859 2527//4859 2538//4859
f 2534//4860 2521//4860 2516//4860
f 2534//4861 2516//4861 2533//4861
f 2533//4862 2516//4862 2515//4862
f 2542//4863 2517//4863 2518//4863
f 2542//4864 2518//4864 2541//4864
f 2541//4865 2518//4865 2521//4865
f 2498//4866 2543//4866 2496//4866
f 2496//4867 2543//4867 2544//4867
f 2499//4868 2545//4868 2497//4868
f 2497//4869 2545//4869 2546//4869
f 2545//4870 2499//4870 2500//4870
f 2545//4871 2500//4871 2544//4871
f 2544//4872 2500//4872 2496//4872
f 2543//4873 2498//4873 2497//4873
f 2543//4874 2497//4874 2546//4874
f 2547//2089 2546//2089 2545//2089
f 2546//2089 2547//2089 2543//2089
f 2543//2089 2547//2089 2548//2089
f 2543//2089 2548//2089 2544//2089
f 2544//2089 2548//2089 2549//2089
f 2544//2089 2549//2089 2545//2089
f 2545//2089 2549//2089 2550//2089
f 2545//2089 2550//2089 2547//2089
f 2550//2090 2551//2090 2547//2090
f 2547//2090 2551//2090 2552//2090
f 2551//2091 2553//2091 2552//2091
f 2552//2091 2553//2091 2554//2091
f 2553//2092 2549//2092 2554//2092
f 2554//2092 2549//2092 2548//2092
f 2547//653 2552//653 2548//653
f 2548//653 2552//653 2554//653
f 2553//665 2551//665 2549//665
f 2549//665 2551//665 2550//665
f 2557//4875 2512//4875 2558//4875
f 2506//4876 2555//4876 2510//4876
f 2510//4877 2555//4877 2558//4877
f 2505//4878 2559//4878 2562//4878
f 2558//4879 2512//4879 2510//4879
f 2556//4880 2496//4880 2560//4880
f 2560//4881 2496//4881 2514//4881
f 2496//4882 2556//4882 2561//4882
f 2496//4883 2561//4883 2503//4883
f 2505//4884 2562//4884 2506//4884
f 2512//4885 2560//4885 2514//4885
f 2555//4886 2506//4886 2562//4886
f 2557//4887 2560//4887 2512//4887
f 2505//4888 2503//4888 2559//4888
f 2559//4889 2503//4889 2561//4889
f 2563//4890 2565//4890 2564//4890
f 2566//4891 2565//4891 2563//4891
f 2567//4770 2566//4770 2563//4770
f 2560//4892 2566//4892 2567//4892
f 2560//4893 2567//4893 2556//4893
f 2556//4894 2567//4894 2561//4894
f 2558//4895 2565//4895 2566//4895
f 2558//4896 2566//4896 2557//4896
f 2557//4897 2566//4897 2560//4897
f 2562//4898 2564//4898 2555//4898
f 2555//4899 2564//4899 2565//4899
f 2555//4900 2565//4900 2558//4900
f 2561//4901 2567//4901 2563//4901
f 2561//4902 2563//4902 2559//4902
f 2559//4903 2563//4903 2564//4903
f 2559//4904 2564//4904 2562//4904
